ISO-10303-21;
HEADER;
FILE_DESCRIPTION(('Creo Elements/Direct Modeling STEP Export'),'2;1');
FILE_NAME('C:/caxtmp/040415511_01.stp','2021-11-01T16:37:16',(''),(''),
'Creo Elements/Direct Modeling STEP processor for AP214 (Solid Model)',
'Creo Elements/Direct Modeling 20.1  10-Mar-2018 (C) Parametric Technolo
gy GmbH','');
FILE_SCHEMA(('AUTOMOTIVE_DESIGN { 1 0 10303 214 1 1 1 1 }'));
ENDSEC;
DATA;
#10=CARTESIAN_POINT('',(1355.09200000076,345.569025388494,
333.155997759368));
#20=DIRECTION('',(3.46944695195362E-17,-4.09260113182289E-33,1.));
#30=DIRECTION('',(-1.,1.17961196366423E-16,3.46944695195362E-17));
#40=AXIS2_PLACEMENT_3D('',#10,#20,#30);
#50=CYLINDRICAL_SURFACE('',#40,3.);
#60=CARTESIAN_POINT('',(1355.09200000076,345.569025388494,
333.500000159368));
#70=DIRECTION('',(3.46944695195362E-17,-4.09260113182289E-33,1.));
#80=DIRECTION('',(-1.,1.17961196366423E-16,3.46944695195362E-17));
#90=AXIS2_PLACEMENT_3D('',#60,#70,#80);
#100=CIRCLE('',#90,3.);
#110=CARTESIAN_POINT('',(1354.71413739594,348.545133560567,
333.500000159368));
#120=VERTEX_POINT('',#110);
#130=CARTESIAN_POINT('',(1353.81118367423,348.281866986835,
333.500000159368));
#140=VERTEX_POINT('',#130);
#150=EDGE_CURVE('',#120,#140,#100,.T.);
#160=ORIENTED_EDGE('',*,*,#150,.F.);
#170=CARTESIAN_POINT('',(1353.81118367423,348.281866986835,
333.155997759368));
#180=DIRECTION('',(-3.46944695195362E-17,4.09260113182289E-33,-1.));
#190=VECTOR('',#180,1.);
#200=LINE('',#170,#190);
#210=CARTESIAN_POINT('',(1353.81118367423,348.281866986835,
336.000000159368));
#220=VERTEX_POINT('',#210);
#230=EDGE_CURVE('',#220,#140,#200,.T.);
#240=ORIENTED_EDGE('',*,*,#230,.T.);
#250=CARTESIAN_POINT('',(1355.09200000076,345.569025388494,
336.000000159368));
#260=DIRECTION('',(3.46944695195362E-17,-4.09260113182289E-33,1.));
#270=DIRECTION('',(-1.,1.17961196366423E-16,3.46944695195362E-17));
#280=AXIS2_PLACEMENT_3D('',#250,#260,#270);
#290=CIRCLE('',#280,3.);
#300=CARTESIAN_POINT('',(1354.71413739594,348.545133560567,
336.000000159368));
#310=VERTEX_POINT('',#300);
#320=EDGE_CURVE('',#310,#220,#290,.T.);
#330=ORIENTED_EDGE('',*,*,#320,.T.);
#340=CARTESIAN_POINT('',(1354.71413739594,348.545133560567,
333.100000159368));
#350=CARTESIAN_POINT('',(1354.71413739594,348.545133560567,
333.650000159369));
#360=CARTESIAN_POINT('',(1354.71413739594,348.545133560567,
334.20000015937));
#370=CARTESIAN_POINT('',(1354.71413739594,348.545133560567,
335.30000015937));
#380=CARTESIAN_POINT('',(1354.71413739594,348.545133560567,
335.850000159369));
#390=CARTESIAN_POINT('',(1354.71413739594,348.545133560567,
336.400000159368));
#400=B_SPLINE_CURVE_WITH_KNOTS('',3,(#340,#350,#360,#370,#380,#390),
.UNSPECIFIED.,.F.,.F.,(4,2,4),(5.13130875746456,6.78130875746724,
8.43130875746456),.UNSPECIFIED.);
#410=EDGE_CURVE('',#120,#310,#400,.T.);
#420=ORIENTED_EDGE('',*,*,#410,.T.);
#430=EDGE_LOOP('',(#420,#330,#240,#160));
#440=FACE_OUTER_BOUND('',#430,.T.);
#450=ADVANCED_FACE('',(#440),#50,.F.);
#460=CARTESIAN_POINT('',(1353.00000000076,349.999999999118,
333.199997759368));
#470=DIRECTION('',(0.,0.,1.));
#480=DIRECTION('',(1.,1.48171393615737E-48,0.));
#490=AXIS2_PLACEMENT_3D('',#460,#470,#480);
#500=CYLINDRICAL_SURFACE('',#490,2.5);
#510=CARTESIAN_POINT('',(1353.00000000076,349.999999999118,
336.000000159368));
#520=DIRECTION('',(3.46944695195362E-17,-4.09260113182289E-33,1.));
#530=DIRECTION('',(1.,-2.35922392732846E-16,-3.46944695195362E-17));
#540=AXIS2_PLACEMENT_3D('',#510,#520,#530);
#550=CIRCLE('',#540,2.5);
#560=CARTESIAN_POINT('',(1354.06734693954,352.26070133107,
336.000000159368));
#570=VERTEX_POINT('',#560);
#580=CARTESIAN_POINT('',(1351.48980515259,351.992313107184,
336.000000159368));
#590=VERTEX_POINT('',#580);
#600=EDGE_CURVE('',#570,#590,#550,.T.);
#610=ORIENTED_EDGE('',*,*,#600,.T.);
#620=CARTESIAN_POINT('',(1354.06734693954,352.26070133107,
333.199997759368));
#630=DIRECTION('',(0.,0.,1.));
#640=VECTOR('',#630,1.);
#650=LINE('',#620,#640);
#660=CARTESIAN_POINT('',(1354.06734693954,352.26070133107,
333.500000159368));
#670=VERTEX_POINT('',#660);
#680=EDGE_CURVE('',#670,#570,#650,.T.);
#690=ORIENTED_EDGE('',*,*,#680,.T.);
#700=CARTESIAN_POINT('',(1353.00000000076,349.999999999118,
333.500000159368));
#710=DIRECTION('',(3.46944695195362E-17,-4.09260113182289E-33,1.));
#720=DIRECTION('',(1.,-2.35922392732846E-16,-3.46944695195362E-17));
#730=AXIS2_PLACEMENT_3D('',#700,#710,#720);
#740=CIRCLE('',#730,2.5);
#750=CARTESIAN_POINT('',(1351.48980515259,351.992313107184,
333.500000159368));
#760=VERTEX_POINT('',#750);
#770=EDGE_CURVE('',#670,#760,#740,.T.);
#780=ORIENTED_EDGE('',*,*,#770,.F.);
#790=CARTESIAN_POINT('',(1351.48980515259,351.992313107184,
333.199997759368));
#800=DIRECTION('',(0.,0.,1.));
#810=VECTOR('',#800,1.);
#820=LINE('',#790,#810);
#830=EDGE_CURVE('',#760,#590,#820,.T.);
#840=ORIENTED_EDGE('',*,*,#830,.F.);
#850=EDGE_LOOP('',(#840,#780,#690,#610));
#860=FACE_OUTER_BOUND('',#850,.T.);
#870=ADVANCED_FACE('',(#860),#500,.F.);
#880=CARTESIAN_POINT('',(1360.3323807587,346.999999999118,
333.199997759368));
#890=DIRECTION('',(-3.49783174090039E-16,1.,-3.05719548448735E-32));
#900=DIRECTION('',(1.,3.49783174090039E-16,0.));
#910=AXIS2_PLACEMENT_3D('',#880,#890,#900);
#920=PLANE('',#910);
#930=CARTESIAN_POINT('',(1350.00000000076,346.999999999118,
336.000000159368));
#940=DIRECTION('',(1.,3.49783174090039E-16,-3.46944695195362E-17));
#950=VECTOR('',#940,1.);
#960=LINE('',#930,#950);
#970=CARTESIAN_POINT('',(1360.24722050619,346.999999999118,
336.000000159368));
#980=VERTEX_POINT('',#970);
#990=CARTESIAN_POINT('',(1361.01255274819,346.999999999118,
336.000000159368));
#1000=VERTEX_POINT('',#990);
#1010=EDGE_CURVE('',#980,#1000,#960,.T.);
#1020=ORIENTED_EDGE('',*,*,#1010,.F.);
#1030=CARTESIAN_POINT('',(1361.01255274819,346.999999999118,
336.804005559368));
#1040=DIRECTION('',(-3.46944695195362E-17,-4.2707496516787E-32,-1.));
#1050=VECTOR('',#1040,1.);
#1060=LINE('',#1030,#1050);
#1070=CARTESIAN_POINT('',(1361.01255274819,346.999999999118,
333.500000159368));
#1080=VERTEX_POINT('',#1070);
#1090=EDGE_CURVE('',#1000,#1080,#1060,.T.);
#1100=ORIENTED_EDGE('',*,*,#1090,.F.);
#1110=CARTESIAN_POINT('',(1350.00000000076,346.999999999118,
333.500000159368));
#1120=DIRECTION('',(1.,3.49783174090039E-16,-3.46944695195362E-17));
#1130=VECTOR('',#1120,1.);
#1140=LINE('',#1110,#1130);
#1150=CARTESIAN_POINT('',(1360.24722050619,346.999999999118,
333.500000159368));
#1160=VERTEX_POINT('',#1150);
#1170=EDGE_CURVE('',#1160,#1080,#1140,.T.);
#1180=ORIENTED_EDGE('',*,*,#1170,.T.);
#1190=CARTESIAN_POINT('',(1360.24722050619,346.999999999118,
333.499997159368));
#1200=DIRECTION('',(3.46944695195362E-17,4.2707496516787E-32,1.));
#1210=VECTOR('',#1200,1.);
#1220=LINE('',#1190,#1210);
#1230=EDGE_CURVE('',#1160,#980,#1220,.T.);
#1240=ORIENTED_EDGE('',*,*,#1230,.F.);
#1250=EDGE_LOOP('',(#1240,#1180,#1100,#1020));
#1260=FACE_OUTER_BOUND('',#1250,.T.);
#1270=ADVANCED_FACE('',(#1260),#920,.F.);
#1280=CARTESIAN_POINT('',(1353.00000000076,349.999999999118,
333.199997759368));
#1290=DIRECTION('',(0.,0.,-1.));
#1300=DIRECTION('',(1.,1.48171393615737E-48,0.));
#1310=AXIS2_PLACEMENT_3D('',#1280,#1290,#1300);
#1320=CYLINDRICAL_SURFACE('',#1310,2.5);
#1330=CARTESIAN_POINT('',(1353.00000000076,349.999999999118,
333.500000159368));
#1340=DIRECTION('',(-3.46944695195362E-17,4.09260113182289E-33,-1.));
#1350=DIRECTION('',(1.,2.357708134582E-79,-3.46944695195362E-17));
#1360=AXIS2_PLACEMENT_3D('',#1330,#1340,#1350);
#1370=CIRCLE('',#1360,2.5);
#1380=CARTESIAN_POINT('',(1354.06734693954,347.739298667167,
333.500000159368));
#1390=VERTEX_POINT('',#1380);
#1400=CARTESIAN_POINT('',(1351.48980515259,348.007686891052,
333.500000159368));
#1410=VERTEX_POINT('',#1400);
#1420=EDGE_CURVE('',#1390,#1410,#1370,.T.);
#1430=ORIENTED_EDGE('',*,*,#1420,.T.);
#1440=CARTESIAN_POINT('',(1354.06734693954,347.739298667167,
333.199997759368));
#1450=DIRECTION('',(0.,0.,1.));
#1460=VECTOR('',#1450,1.);
#1470=LINE('',#1440,#1460);
#1480=CARTESIAN_POINT('',(1354.06734693954,347.739298667167,
336.000000159368));
#1490=VERTEX_POINT('',#1480);
#1500=EDGE_CURVE('',#1390,#1490,#1470,.T.);
#1510=ORIENTED_EDGE('',*,*,#1500,.F.);
#1520=CARTESIAN_POINT('',(1353.00000000076,349.999999999118,
336.000000159368));
#1530=DIRECTION('',(-3.46944695195362E-17,4.09260113182289E-33,-1.));
#1540=DIRECTION('',(1.,2.357708134582E-79,-3.46944695195362E-17));
#1550=AXIS2_PLACEMENT_3D('',#1520,#1530,#1540);
#1560=CIRCLE('',#1550,2.5);
#1570=CARTESIAN_POINT('',(1351.48980515259,348.007686891052,
336.000000159368));
#1580=VERTEX_POINT('',#1570);
#1590=EDGE_CURVE('',#1490,#1580,#1560,.T.);
#1600=ORIENTED_EDGE('',*,*,#1590,.F.);
#1610=CARTESIAN_POINT('',(1351.48980515259,348.007686891052,
333.199997759368));
#1620=DIRECTION('',(0.,0.,-1.));
#1630=VECTOR('',#1620,1.);
#1640=LINE('',#1610,#1630);
#1650=EDGE_CURVE('',#1580,#1410,#1640,.T.);
#1660=ORIENTED_EDGE('',*,*,#1650,.F.);
#1670=EDGE_LOOP('',(#1660,#1600,#1510,#1430));
#1680=FACE_OUTER_BOUND('',#1670,.T.);
#1690=ADVANCED_FACE('',(#1680),#1320,.F.);
#1700=CARTESIAN_POINT('',(1360.24722050619,345.199999999118,
333.199997759368));
#1710=DIRECTION('',(0.,0.,1.));
#1720=DIRECTION('',(-1.,1.17961196366423E-16,0.));
#1730=AXIS2_PLACEMENT_3D('',#1700,#1710,#1720);
#1740=CYLINDRICAL_SURFACE('',#1730,2.4);
#1750=CARTESIAN_POINT('',(1360.24722050619,345.199999999118,
333.500000159368));
#1760=DIRECTION('',(3.46944695195362E-17,-4.09260113182289E-33,1.));
#1770=DIRECTION('',(-1.,1.17961196366423E-16,3.46944695195362E-17));
#1780=AXIS2_PLACEMENT_3D('',#1750,#1760,#1770);
#1790=CIRCLE('',#1780,2.4);
#1800=CARTESIAN_POINT('',(1360.24722050619,347.599999999118,
333.500000159368));
#1810=VERTEX_POINT('',#1800);
#1820=CARTESIAN_POINT('',(1359.22961122071,347.373584904779,
333.500000159368));
#1830=VERTEX_POINT('',#1820);
#1840=EDGE_CURVE('',#1810,#1830,#1790,.T.);
#1850=ORIENTED_EDGE('',*,*,#1840,.T.);
#1860=CARTESIAN_POINT('',(1360.24722050619,347.599999999118,
333.155994759368));
#1870=DIRECTION('',(3.46944695195362E-17,4.2707496516787E-32,1.));
#1880=VECTOR('',#1870,1.);
#1890=LINE('',#1860,#1880);
#1900=CARTESIAN_POINT('',(1360.24722050619,347.599999999118,
336.000000159368));
#1910=VERTEX_POINT('',#1900);
#1920=EDGE_CURVE('',#1810,#1910,#1890,.T.);
#1930=ORIENTED_EDGE('',*,*,#1920,.F.);
#1940=CARTESIAN_POINT('',(1360.24722050619,345.199999999118,
336.000000159368));
#1950=DIRECTION('',(3.46944695195362E-17,-4.09260113182289E-33,1.));
#1960=DIRECTION('',(-1.,1.17961196366423E-16,3.46944695195362E-17));
#1970=AXIS2_PLACEMENT_3D('',#1940,#1950,#1960);
#1980=CIRCLE('',#1970,2.4);
#1990=CARTESIAN_POINT('',(1359.22961122071,347.373584904779,
336.000000159368));
#2000=VERTEX_POINT('',#1990);
#2010=EDGE_CURVE('',#1910,#2000,#1980,.T.);
#2020=ORIENTED_EDGE('',*,*,#2010,.F.);
#2030=CARTESIAN_POINT('',(1359.22961122071,347.373584904779,
333.199997759368));
#2040=DIRECTION('',(0.,0.,1.));
#2050=VECTOR('',#2040,1.);
#2060=LINE('',#2030,#2050);
#2070=EDGE_CURVE('',#1830,#2000,#2060,.T.);
#2080=ORIENTED_EDGE('',*,*,#2070,.T.);
#2090=EDGE_LOOP('',(#2080,#2020,#1930,#1850));
#2100=FACE_OUTER_BOUND('',#2090,.T.);
#2110=ADVANCED_FACE('',(#2100),#1740,.T.);
#2120=CARTESIAN_POINT('',(1361.19486129457,347.173205079875,
333.199997759368));
#2130=DIRECTION('',(0.5,0.866025403784438,-1.73472347597682E-17));
#2140=DIRECTION('',(0.866025403784438,-0.5,0.));
#2150=AXIS2_PLACEMENT_3D('',#2120,#2130,#2140);
#2160=PLANE('',#2150);
#2170=CARTESIAN_POINT('',(1350.00000000076,353.636561261394,
333.500000159368));
#2180=DIRECTION('',(0.866025403784438,-0.5,-3.00462919747432E-17));
#2190=VECTOR('',#2180,1.);
#2200=LINE('',#2170,#2190);
#2210=CARTESIAN_POINT('',(1361.91255274819,346.75884572593,
333.500000159368));
#2220=VERTEX_POINT('',#2210);
#2230=CARTESIAN_POINT('',(1362.87117518445,346.205384804307,
333.500000159368));
#2240=VERTEX_POINT('',#2230);
#2250=EDGE_CURVE('',#2220,#2240,#2200,.T.);
#2260=ORIENTED_EDGE('',*,*,#2250,.T.);
#2270=CARTESIAN_POINT('',(1361.91255274819,346.75884572593,
333.499997159368));
#2280=DIRECTION('',(3.46944695195362E-17,4.2707496516787E-32,1.));
#2290=VECTOR('',#2280,1.);
#2300=LINE('',#2270,#2290);
#2310=CARTESIAN_POINT('',(1361.91255274819,346.75884572593,
336.000000159368));
#2320=VERTEX_POINT('',#2310);
#2330=EDGE_CURVE('',#2220,#2320,#2300,.T.);
#2340=ORIENTED_EDGE('',*,*,#2330,.F.);
#2350=CARTESIAN_POINT('',(1350.00000000076,353.636561261394,
336.000000159368));
#2360=DIRECTION('',(0.866025403784438,-0.5,-3.00462919747432E-17));
#2370=VECTOR('',#2360,1.);
#2380=LINE('',#2350,#2370);
#2390=CARTESIAN_POINT('',(1362.87117518445,346.205384804307,
336.000000159368));
#2400=VERTEX_POINT('',#2390);
#2410=EDGE_CURVE('',#2320,#2400,#2380,.T.);
#2420=ORIENTED_EDGE('',*,*,#2410,.F.);
#2430=CARTESIAN_POINT('',(1362.87117518445,346.205384804307,
336.500000159368));
#2440=DIRECTION('',(3.46944695195362E-17,3.96260086057674E-32,1.));
#2450=VECTOR('',#2440,1.);
#2460=LINE('',#2430,#2450);
#2470=EDGE_CURVE('',#2240,#2400,#2460,.T.);
#2480=ORIENTED_EDGE('',*,*,#2470,.T.);
#2490=EDGE_LOOP('',(#2480,#2420,#2340,#2260));
#2500=FACE_OUTER_BOUND('',#2490,.T.);
#2510=ADVANCED_FACE('',(#2500),#2160,.F.);
#2520=CARTESIAN_POINT('',(1353.00000000076,349.999999999118,
333.155997759368));
#2530=DIRECTION('',(-3.46944695195362E-17,4.09260113182289E-33,-1.));
#2540=DIRECTION('',(1.,2.357708134582E-79,-3.46944695195362E-17));
#2550=AXIS2_PLACEMENT_3D('',#2520,#2530,#2540);
#2560=CYLINDRICAL_SURFACE('',#2550,1.9);
#2570=ORIENTED_EDGE('',*,*,#230,.F.);
#2580=CARTESIAN_POINT('',(1353.00000000076,349.999999999118,
333.500000159368));
#2590=DIRECTION('',(-3.46944695195362E-17,4.09260113182289E-33,-1.));
#2600=DIRECTION('',(1.,2.357708134582E-79,-3.46944695195362E-17));
#2610=AXIS2_PLACEMENT_3D('',#2580,#2590,#2600);
#2620=CIRCLE('',#2610,1.9);
#2630=CARTESIAN_POINT('',(1351.85225191615,348.485842036988,
333.500000159368));
#2640=VERTEX_POINT('',#2630);
#2650=EDGE_CURVE('',#140,#2640,#2620,.T.);
#2660=ORIENTED_EDGE('',*,*,#2650,.F.);
#2670=CARTESIAN_POINT('',(1351.85225191615,348.485842036988,
333.155997759368));
#2680=DIRECTION('',(-3.46944695195362E-17,4.09260113182289E-33,-1.));
#2690=VECTOR('',#2680,1.);
#2700=LINE('',#2670,#2690);
#2710=CARTESIAN_POINT('',(1351.85225191615,348.485842036988,
336.000000159368));
#2720=VERTEX_POINT('',#2710);
#2730=EDGE_CURVE('',#2720,#2640,#2700,.T.);
#2740=ORIENTED_EDGE('',*,*,#2730,.T.);
#2750=CARTESIAN_POINT('',(1353.00000000076,349.999999999118,
336.000000159368));
#2760=DIRECTION('',(-3.46944695195362E-17,4.09260113182289E-33,-1.));
#2770=DIRECTION('',(1.,2.357708134582E-79,-3.46944695195362E-17));
#2780=AXIS2_PLACEMENT_3D('',#2750,#2760,#2770);
#2790=CIRCLE('',#2780,1.9);
#2800=EDGE_CURVE('',#220,#2720,#2790,.T.);
#2810=ORIENTED_EDGE('',*,*,#2800,.T.);
#2820=EDGE_LOOP('',(#2810,#2740,#2660,#2570));
#2830=FACE_OUTER_BOUND('',#2820,.T.);
#2840=ADVANCED_FACE('',(#2830),#2560,.T.);
#2850=CARTESIAN_POINT('',(1361.01255274819,345.199999999118,
336.500000159368));
#2860=DIRECTION('',(3.46944695195362E-17,4.2707496516787E-32,1.));
#2870=DIRECTION('',(-1.,1.17961196366423E-16,3.46944695195362E-17));
#2880=AXIS2_PLACEMENT_3D('',#2850,#2860,#2870);
#2890=CYLINDRICAL_SURFACE('',#2880,1.8);
#2900=CARTESIAN_POINT('',(1361.01255274819,345.199999999118,
333.500000159368));
#2910=DIRECTION('',(-3.46944695195362E-17,4.09260113182289E-33,-1.));
#2920=DIRECTION('',(1.,-1.17961196366423E-16,-3.46944695195362E-17));
#2930=AXIS2_PLACEMENT_3D('',#2900,#2910,#2920);
#2940=CIRCLE('',#2930,1.8);
#2950=EDGE_CURVE('',#1080,#2220,#2940,.T.);
#2960=ORIENTED_EDGE('',*,*,#2950,.T.);
#2970=ORIENTED_EDGE('',*,*,#1090,.T.);
#2980=CARTESIAN_POINT('',(1361.01255274819,345.199999999118,
336.000000159368));
#2990=DIRECTION('',(-3.46944695195362E-17,4.09260113182289E-33,-1.));
#3000=DIRECTION('',(1.,-1.17961196366423E-16,-3.46944695195362E-17));
#3010=AXIS2_PLACEMENT_3D('',#2980,#2990,#3000);
#3020=CIRCLE('',#3010,1.8);
#3030=EDGE_CURVE('',#1000,#2320,#3020,.T.);
#3040=ORIENTED_EDGE('',*,*,#3030,.F.);
#3050=ORIENTED_EDGE('',*,*,#2330,.T.);
#3060=EDGE_LOOP('',(#3050,#3040,#2970,#2960));
#3070=FACE_OUTER_BOUND('',#3060,.T.);
#3080=ADVANCED_FACE('',(#3070),#2890,.F.);
#3090=CARTESIAN_POINT('',(1351.67102853437,351.753235534216,
333.199997759368));
#3100=DIRECTION('',(0.,0.,1.));
#3110=DIRECTION('',(-1.,1.17961196366423E-16,0.));
#3120=AXIS2_PLACEMENT_3D('',#3090,#3100,#3110);
#3130=CYLINDRICAL_SURFACE('',#3120,0.3);
#3140=CARTESIAN_POINT('',(1351.67102853437,351.753235534216,
333.500000159368));
#3150=DIRECTION('',(0.,0.,1.));
#3160=DIRECTION('',(-1.,1.17961196366423E-16,0.));
#3170=AXIS2_PLACEMENT_3D('',#3140,#3150,#3160);
#3180=CIRCLE('',#3170,0.3);
#3190=CARTESIAN_POINT('',(1351.45889650002,351.54110349986,
333.500000159368));
#3200=VERTEX_POINT('',#3190);
#3210=EDGE_CURVE('',#760,#3200,#3180,.T.);
#3220=ORIENTED_EDGE('',*,*,#3210,.F.);
#3230=CARTESIAN_POINT('',(1351.45889650002,351.54110349986,
333.199997759368));
#3240=DIRECTION('',(0.,0.,1.));
#3250=VECTOR('',#3240,1.);
#3260=LINE('',#3230,#3250);
#3270=CARTESIAN_POINT('',(1351.45889650002,351.54110349986,
336.000000159368));
#3280=VERTEX_POINT('',#3270);
#3290=EDGE_CURVE('',#3200,#3280,#3260,.T.);
#3300=ORIENTED_EDGE('',*,*,#3290,.F.);
#3310=CARTESIAN_POINT('',(1351.67102853437,351.753235534216,
336.000000159368));
#3320=DIRECTION('',(0.,0.,1.));
#3330=DIRECTION('',(-1.,1.17961196366423E-16,0.));
#3340=AXIS2_PLACEMENT_3D('',#3310,#3320,#3330);
#3350=CIRCLE('',#3340,0.3);
#3360=EDGE_CURVE('',#590,#3280,#3350,.T.);
#3370=ORIENTED_EDGE('',*,*,#3360,.T.);
#3380=ORIENTED_EDGE('',*,*,#830,.T.);
#3390=EDGE_LOOP('',(#3380,#3370,#3300,#3220));
#3400=FACE_OUTER_BOUND('',#3390,.T.);
#3410=ADVANCED_FACE('',(#3400),#3130,.F.);
#3420=CARTESIAN_POINT('',(1360.0396078062,352.399999999118,
333.199997759368));
#3430=DIRECTION('',(3.49783174090039E-16,1.,-5.48430381887005E-32));
#3440=DIRECTION('',(1.,-3.49783174090039E-16,0.));
#3450=AXIS2_PLACEMENT_3D('',#3420,#3430,#3440);
#3460=PLANE('',#3450);
#3470=CARTESIAN_POINT('',(1350.00000000076,352.399999999118,
333.500000159368));
#3480=DIRECTION('',(1.,-5.85705566822885E-16,-3.46944695195362E-17));
#3490=VECTOR('',#3480,1.);
#3500=LINE('',#3470,#3490);
#3510=CARTESIAN_POINT('',(1360.24722050619,352.399999999118,
333.500000159368));
#3520=VERTEX_POINT('',#3510);
#3530=CARTESIAN_POINT('',(1361.01255274819,352.399999999118,
333.500000159368));
#3540=VERTEX_POINT('',#3530);
#3550=EDGE_CURVE('',#3520,#3540,#3500,.T.);
#3560=ORIENTED_EDGE('',*,*,#3550,.T.);
#3570=CARTESIAN_POINT('',(1360.24722050619,352.399999999118,
336.000003159368));
#3580=DIRECTION('',(-3.46944695195362E-17,-4.2707496516787E-32,-1.));
#3590=VECTOR('',#3580,1.);
#3600=LINE('',#3570,#3590);
#3610=CARTESIAN_POINT('',(1360.24722050619,352.399999999118,
336.000000159368));
#3620=VERTEX_POINT('',#3610);
#3630=EDGE_CURVE('',#3620,#3520,#3600,.T.);
#3640=ORIENTED_EDGE('',*,*,#3630,.T.);
#3650=CARTESIAN_POINT('',(1350.00000000076,352.399999999118,
336.000000159368));
#3660=DIRECTION('',(1.,-5.85705566822885E-16,-3.46944695195362E-17));
#3670=VECTOR('',#3660,1.);
#3680=LINE('',#3650,#3670);
#3690=CARTESIAN_POINT('',(1361.01255274819,352.399999999118,
336.000000159368));
#3700=VERTEX_POINT('',#3690);
#3710=EDGE_CURVE('',#3620,#3700,#3680,.T.);
#3720=ORIENTED_EDGE('',*,*,#3710,.F.);
#3730=CARTESIAN_POINT('',(1361.01255274819,352.399999999118,
333.155994759368));
#3740=DIRECTION('',(3.46944695195362E-17,4.2707496516787E-32,1.));
#3750=VECTOR('',#3740,1.);
#3760=LINE('',#3730,#3750);
#3770=EDGE_CURVE('',#3540,#3700,#3760,.T.);
#3780=ORIENTED_EDGE('',*,*,#3770,.T.);
#3790=EDGE_LOOP('',(#3780,#3720,#3640,#3560));
#3800=FACE_OUTER_BOUND('',#3790,.T.);
#3810=ADVANCED_FACE('',(#3800),#3460,.F.);
#3820=CARTESIAN_POINT('',(1353.00000000076,349.999999999118,
333.155997759368));
#3830=DIRECTION('',(-3.46944695195362E-17,4.09260113182289E-33,-1.));
#3840=DIRECTION('',(1.,2.357708134582E-79,-3.46944695195362E-17));
#3850=AXIS2_PLACEMENT_3D('',#3820,#3830,#3840);
#3860=CYLINDRICAL_SURFACE('',#3850,3.1);
#3870=CARTESIAN_POINT('',(1353.00000000076,349.999999999118,
336.000000159368));
#3880=DIRECTION('',(-3.46944695195362E-17,4.09260113182289E-33,-1.));
#3890=DIRECTION('',(1.,2.357708134582E-79,-3.46944695195362E-17));
#3900=AXIS2_PLACEMENT_3D('',#3870,#3880,#3890);
#3910=CIRCLE('',#3900,3.1);
#3920=CARTESIAN_POINT('',(1354.32351020484,347.196730347499,
336.000000159368));
#3930=VERTEX_POINT('',#3920);
#3940=CARTESIAN_POINT('',(1351.83789469525,347.126063455123,
336.000000159368));
#3950=VERTEX_POINT('',#3940);
#3960=EDGE_CURVE('',#3930,#3950,#3910,.T.);
#3970=ORIENTED_EDGE('',*,*,#3960,.T.);
#3980=CARTESIAN_POINT('',(1354.32351020484,347.196730347499,
333.155997759368));
#3990=DIRECTION('',(-3.46944695195362E-17,4.09260113182289E-33,-1.));
#4000=VECTOR('',#3990,1.);
#4010=LINE('',#3980,#4000);
#4020=CARTESIAN_POINT('',(1354.32351020484,347.196730347499,
333.500000159368));
#4030=VERTEX_POINT('',#4020);
#4040=EDGE_CURVE('',#3930,#4030,#4010,.T.);
#4050=ORIENTED_EDGE('',*,*,#4040,.F.);
#4060=CARTESIAN_POINT('',(1353.00000000076,349.999999999118,
333.500000159368));
#4070=DIRECTION('',(-3.46944695195362E-17,4.09260113182289E-33,-1.));
#4080=DIRECTION('',(1.,2.357708134582E-79,-3.46944695195362E-17));
#4090=AXIS2_PLACEMENT_3D('',#4060,#4070,#4080);
#4100=CIRCLE('',#4090,3.1);
#4110=CARTESIAN_POINT('',(1351.83789469525,347.126063455123,
333.500000159368));
#4120=VERTEX_POINT('',#4110);
#4130=EDGE_CURVE('',#4030,#4120,#4100,.T.);
#4140=ORIENTED_EDGE('',*,*,#4130,.F.);
#4150=CARTESIAN_POINT('',(1351.83789469525,347.126063455123,
333.155997759368));
#4160=DIRECTION('',(-3.46944695195362E-17,4.09260113182289E-33,-1.));
#4170=VECTOR('',#4160,1.);
#4180=LINE('',#4150,#4170);
#4190=EDGE_CURVE('',#3950,#4120,#4180,.T.);
#4200=ORIENTED_EDGE('',*,*,#4190,.T.);
#4210=EDGE_LOOP('',(#4200,#4140,#4050,#3970));
#4220=FACE_OUTER_BOUND('',#4210,.T.);
#4230=ADVANCED_FACE('',(#4220),#3860,.T.);
#4240=CARTESIAN_POINT('',(1358.00000000076,349.999999999118,
333.199997759368));
#4250=DIRECTION('',(0.,0.,-1.));
#4260=DIRECTION('',(1.,1.48171393615737E-48,0.));
#4270=AXIS2_PLACEMENT_3D('',#4240,#4250,#4260);
#4280=CYLINDRICAL_SURFACE('',#4270,2.9);
#4290=CARTESIAN_POINT('',(1358.00000000076,349.999999999118,
333.500000159368));
#4300=DIRECTION('',(-3.46944695195362E-17,4.09260113182289E-33,-1.));
#4310=DIRECTION('',(1.,-2.35922392732846E-16,-3.46944695195362E-17));
#4320=AXIS2_PLACEMENT_3D('',#4290,#4300,#4310);
#4330=CIRCLE('',#4320,2.9);
#4340=CARTESIAN_POINT('',(1356.40883018944,352.424495540781,
333.500000159368));
#4350=VERTEX_POINT('',#4340);
#4360=CARTESIAN_POINT('',(1359.22961122071,352.626415093458,
333.500000159368));
#4370=VERTEX_POINT('',#4360);
#4380=EDGE_CURVE('',#4350,#4370,#4330,.T.);
#4390=ORIENTED_EDGE('',*,*,#4380,.T.);
#4400=CARTESIAN_POINT('',(1356.40883018944,352.424495540781,
333.199997759368));
#4410=DIRECTION('',(0.,0.,1.));
#4420=VECTOR('',#4410,1.);
#4430=LINE('',#4400,#4420);
#4440=CARTESIAN_POINT('',(1356.40883018944,352.424495540781,
336.000000159368));
#4450=VERTEX_POINT('',#4440);
#4460=EDGE_CURVE('',#4350,#4450,#4430,.T.);
#4470=ORIENTED_EDGE('',*,*,#4460,.F.);
#4480=CARTESIAN_POINT('',(1358.00000000076,349.999999999118,
336.000000159368));
#4490=DIRECTION('',(-3.46944695195362E-17,4.09260113182289E-33,-1.));
#4500=DIRECTION('',(1.,-2.35922392732846E-16,-3.46944695195362E-17));
#4510=AXIS2_PLACEMENT_3D('',#4480,#4490,#4500);
#4520=CIRCLE('',#4510,2.9);
#4530=CARTESIAN_POINT('',(1359.22961122071,352.626415093458,
336.000000159368));
#4540=VERTEX_POINT('',#4530);
#4550=EDGE_CURVE('',#4450,#4540,#4520,.T.);
#4560=ORIENTED_EDGE('',*,*,#4550,.F.);
#4570=CARTESIAN_POINT('',(1359.22961122071,352.626415093458,
333.199997759368));
#4580=DIRECTION('',(0.,0.,-1.));
#4590=VECTOR('',#4580,1.);
#4600=LINE('',#4570,#4590);
#4610=EDGE_CURVE('',#4540,#4370,#4600,.T.);
#4620=ORIENTED_EDGE('',*,*,#4610,.F.);
#4630=EDGE_LOOP('',(#4620,#4560,#4470,#4390));
#4640=FACE_OUTER_BOUND('',#4630,.T.);
#4650=ADVANCED_FACE('',(#4640),#4280,.F.);
#4660=CARTESIAN_POINT('',(1360.24722050619,345.199999999118,
333.199997759368));
#4670=DIRECTION('',(0.,0.,1.));
#4680=DIRECTION('',(-1.,1.17961196366423E-16,0.));
#4690=AXIS2_PLACEMENT_3D('',#4660,#4670,#4680);
#4700=CYLINDRICAL_SURFACE('',#4690,1.8);
#4710=CARTESIAN_POINT('',(1360.24722050619,345.199999999118,
333.500000159368));
#4720=DIRECTION('',(3.46944695195362E-17,-4.09260113182289E-33,1.));
#4730=DIRECTION('',(-1.,1.17961196366423E-16,3.46944695195362E-17));
#4740=AXIS2_PLACEMENT_3D('',#4710,#4720,#4730);
#4750=CIRCLE('',#4740,1.8);
#4760=CARTESIAN_POINT('',(1359.48401354208,346.830188678363,
333.500000159368));
#4770=VERTEX_POINT('',#4760);
#4780=EDGE_CURVE('',#1160,#4770,#4750,.T.);
#4790=ORIENTED_EDGE('',*,*,#4780,.F.);
#4800=CARTESIAN_POINT('',(1359.48401354208,346.830188678363,
333.199997759368));
#4810=DIRECTION('',(0.,0.,1.));
#4820=VECTOR('',#4810,1.);
#4830=LINE('',#4800,#4820);
#4840=CARTESIAN_POINT('',(1359.48401354208,346.830188678363,
336.000000159368));
#4850=VERTEX_POINT('',#4840);
#4860=EDGE_CURVE('',#4770,#4850,#4830,.T.);
#4870=ORIENTED_EDGE('',*,*,#4860,.F.);
#4880=CARTESIAN_POINT('',(1360.24722050619,345.199999999118,
336.000000159368));
#4890=DIRECTION('',(3.46944695195362E-17,-4.09260113182289E-33,1.));
#4900=DIRECTION('',(-1.,1.17961196366423E-16,3.46944695195362E-17));
#4910=AXIS2_PLACEMENT_3D('',#4880,#4890,#4900);
#4920=CIRCLE('',#4910,1.8);
#4930=EDGE_CURVE('',#980,#4850,#4920,.T.);
#4940=ORIENTED_EDGE('',*,*,#4930,.T.);
#4950=ORIENTED_EDGE('',*,*,#1230,.T.);
#4960=EDGE_LOOP('',(#4950,#4940,#4870,#4790));
#4970=FACE_OUTER_BOUND('',#4960,.T.);
#4980=ADVANCED_FACE('',(#4970),#4700,.F.);
#4990=CARTESIAN_POINT('',(1362.99617518445,353.578108842983,
336.500000159368));
#5000=DIRECTION('',(3.46944695195362E-17,-4.09260113182289E-33,1.));
#5010=DIRECTION('',(1.17961196366423E-16,1.,0.));
#5020=AXIS2_PLACEMENT_3D('',#4990,#5000,#5010);
#5030=CYLINDRICAL_SURFACE('',#5020,0.25);
#5040=CARTESIAN_POINT('',(1362.99617518445,353.578108842983,
336.000000159368));
#5050=DIRECTION('',(3.46944695195362E-17,-4.09260113182289E-33,1.));
#5060=DIRECTION('',(1.17961196366423E-16,1.,0.));
#5070=AXIS2_PLACEMENT_3D('',#5040,#5050,#5060);
#5080=CIRCLE('',#5070,0.25);
#5090=CARTESIAN_POINT('',(1363.21268153539,353.703108842983,
336.000000159368));
#5100=VERTEX_POINT('',#5090);
#5110=CARTESIAN_POINT('',(1362.87117518445,353.794615193929,
336.000000159368));
#5120=VERTEX_POINT('',#5110);
#5130=EDGE_CURVE('',#5100,#5120,#5080,.T.);
#5140=ORIENTED_EDGE('',*,*,#5130,.F.);
#5150=CARTESIAN_POINT('',(1362.87117518445,353.794615193929,
336.500000159368));
#5160=DIRECTION('',(3.46944695195362E-17,-4.09260113182289E-33,1.));
#5170=VECTOR('',#5160,1.);
#5180=LINE('',#5150,#5170);
#5190=CARTESIAN_POINT('',(1362.87117518445,353.794615193929,
333.500000159368));
#5200=VERTEX_POINT('',#5190);
#5210=EDGE_CURVE('',#5200,#5120,#5180,.T.);
#5220=ORIENTED_EDGE('',*,*,#5210,.T.);
#5230=CARTESIAN_POINT('',(1362.99617518445,353.578108842983,
333.500000159368));
#5240=DIRECTION('',(3.46944695195362E-17,-4.09260113182289E-33,1.));
#5250=DIRECTION('',(1.17961196366423E-16,1.,0.));
#5260=AXIS2_PLACEMENT_3D('',#5230,#5240,#5250);
#5270=CIRCLE('',#5260,0.25);
#5280=CARTESIAN_POINT('',(1363.21268153539,353.703108842983,
333.500000159368));
#5290=VERTEX_POINT('',#5280);
#5300=EDGE_CURVE('',#5290,#5200,#5270,.T.);
#5310=ORIENTED_EDGE('',*,*,#5300,.T.);
#5320=CARTESIAN_POINT('',(1363.21268153539,353.703108842983,
336.500000159368));
#5330=DIRECTION('',(3.46944695195362E-17,-4.09260113182289E-33,1.));
#5340=VECTOR('',#5330,1.);
#5350=LINE('',#5320,#5340);
#5360=EDGE_CURVE('',#5290,#5100,#5350,.T.);
#5370=ORIENTED_EDGE('',*,*,#5360,.F.);
#5380=EDGE_LOOP('',(#5370,#5310,#5220,#5140));
#5390=FACE_OUTER_BOUND('',#5380,.T.);
#5400=ADVANCED_FACE('',(#5390),#5030,.T.);
#5410=CARTESIAN_POINT('',(1361.30922064851,352.199999999118,
333.199997759368));
#5420=DIRECTION('',(-0.5,0.866025403784438,1.73472347597681E-17));
#5430=DIRECTION('',(0.866025403784438,0.5,0.));
#5440=AXIS2_PLACEMENT_3D('',#5410,#5420,#5430);
#5450=PLANE('',#5440);
#5460=CARTESIAN_POINT('',(1350.00000000076,345.670618413815,
333.500000159368));
#5470=DIRECTION('',(0.866025403784439,0.5,-3.00462919747433E-17));
#5480=VECTOR('',#5470,1.);
#5490=LINE('',#5460,#5480);
#5500=CARTESIAN_POINT('',(1362.21255274819,352.721539030036,
333.500000159368));
#5510=VERTEX_POINT('',#5500);
#5520=CARTESIAN_POINT('',(1363.17117518445,353.274999951659,
333.500000159368));
#5530=VERTEX_POINT('',#5520);
#5540=EDGE_CURVE('',#5510,#5530,#5490,.T.);
#5550=ORIENTED_EDGE('',*,*,#5540,.T.);
#5560=CARTESIAN_POINT('',(1362.21255274819,352.721539030036,
333.499997159368));
#5570=DIRECTION('',(3.46944695195362E-17,4.2707496516787E-32,1.));
#5580=VECTOR('',#5570,1.);
#5590=LINE('',#5560,#5580);
#5600=CARTESIAN_POINT('',(1362.21255274819,352.721539030036,
336.000000159368));
#5610=VERTEX_POINT('',#5600);
#5620=EDGE_CURVE('',#5510,#5610,#5590,.T.);
#5630=ORIENTED_EDGE('',*,*,#5620,.F.);
#5640=CARTESIAN_POINT('',(1350.00000000076,345.670618413815,
336.000000159368));
#5650=DIRECTION('',(0.866025403784439,0.5,-3.00462919747433E-17));
#5660=VECTOR('',#5650,1.);
#5670=LINE('',#5640,#5660);
#5680=CARTESIAN_POINT('',(1363.17117518445,353.274999951659,
336.000000159368));
#5690=VERTEX_POINT('',#5680);
#5700=EDGE_CURVE('',#5610,#5690,#5670,.T.);
#5710=ORIENTED_EDGE('',*,*,#5700,.F.);
#5720=CARTESIAN_POINT('',(1363.17117518445,353.274999951659,
336.500000159368));
#5730=DIRECTION('',(3.46944695195362E-17,3.10074721046345E-32,1.));
#5740=VECTOR('',#5730,1.);
#5750=LINE('',#5720,#5740);
#5760=EDGE_CURVE('',#5530,#5690,#5750,.T.);
#5770=ORIENTED_EDGE('',*,*,#5760,.T.);
#5780=EDGE_LOOP('',(#5770,#5710,#5630,#5550));
#5790=FACE_OUTER_BOUND('',#5780,.T.);
#5800=ADVANCED_FACE('',(#5790),#5450,.F.);
#5810=CARTESIAN_POINT('',(1351.67102853437,348.24676446402,
333.199997759368));
#5820=DIRECTION('',(0.,0.,-1.));
#5830=DIRECTION('',(1.,-1.17961196366423E-16,0.));
#5840=AXIS2_PLACEMENT_3D('',#5810,#5820,#5830);
#5850=CYLINDRICAL_SURFACE('',#5840,0.3);
#5860=CARTESIAN_POINT('',(1351.67102853437,348.24676446402,
336.000000159368));
#5870=DIRECTION('',(0.,0.,-1.));
#5880=DIRECTION('',(1.,-1.17961196366423E-16,0.));
#5890=AXIS2_PLACEMENT_3D('',#5860,#5870,#5880);
#5900=CIRCLE('',#5890,0.3);
#5910=CARTESIAN_POINT('',(1351.45889650002,348.458896498376,
336.000000159368));
#5920=VERTEX_POINT('',#5910);
#5930=EDGE_CURVE('',#1580,#5920,#5900,.T.);
#5940=ORIENTED_EDGE('',*,*,#5930,.F.);
#5950=CARTESIAN_POINT('',(1351.45889650002,348.458896498376,
333.155997759368));
#5960=DIRECTION('',(-3.46944695195362E-17,4.09260113182289E-33,-1.));
#5970=VECTOR('',#5960,1.);
#5980=LINE('',#5950,#5970);
#5990=CARTESIAN_POINT('',(1351.45889650002,348.458896498376,
333.500000159368));
#6000=VERTEX_POINT('',#5990);
#6010=EDGE_CURVE('',#5920,#6000,#5980,.T.);
#6020=ORIENTED_EDGE('',*,*,#6010,.F.);
#6030=CARTESIAN_POINT('',(1351.67102853437,348.24676446402,
333.500000159368));
#6040=DIRECTION('',(0.,0.,-1.));
#6050=DIRECTION('',(1.,-1.17961196366423E-16,0.));
#6060=AXIS2_PLACEMENT_3D('',#6030,#6040,#6050);
#6070=CIRCLE('',#6060,0.3);
#6080=EDGE_CURVE('',#1410,#6000,#6070,.T.);
#6090=ORIENTED_EDGE('',*,*,#6080,.T.);
#6100=ORIENTED_EDGE('',*,*,#1650,.T.);
#6110=EDGE_LOOP('',(#6100,#6090,#6020,#5940));
#6120=FACE_OUTER_BOUND('',#6110,.T.);
#6130=ADVANCED_FACE('',(#6120),#5850,.F.);
#6140=CARTESIAN_POINT('',(1350.00000000076,349.999999999118,
336.500000159368));
#6150=DIRECTION('',(-3.46944695195362E-17,-4.2707496516787E-32,-1.));
#6160=DIRECTION('',(1.,-1.17961196366423E-16,-3.46944695195362E-17));
#6170=AXIS2_PLACEMENT_3D('',#6140,#6150,#6160);
#6180=PLANE('',#6170);
#6190=CARTESIAN_POINT('',(1354.00000000076,364.999999999118,
336.500000159368));
#6200=DIRECTION('',(-3.46944695195362E-17,-4.2707496516787E-32,-1.));
#6210=DIRECTION('',(1.,-1.17961196366423E-16,-3.46944695195362E-17));
#6220=AXIS2_PLACEMENT_3D('',#6190,#6200,#6210);
#6230=CIRCLE('',#6220,1.6);
#6240=CARTESIAN_POINT('',(1355.60000000076,364.999999999118,
336.500000159368));
#6250=VERTEX_POINT('',#6240);
#6260=CARTESIAN_POINT('',(1352.40000000076,364.999999999118,
336.500000159368));
#6270=VERTEX_POINT('',#6260);
#6280=EDGE_CURVE('',#6250,#6270,#6230,.T.);
#6290=ORIENTED_EDGE('',*,*,#6280,.T.);
#6300=EDGE_CURVE('',#6270,#6250,#6230,.T.);
#6310=ORIENTED_EDGE('',*,*,#6300,.T.);
#6320=EDGE_LOOP('',(#6310,#6290));
#6330=FACE_BOUND('',#6320,.T.);
#6340=CARTESIAN_POINT('',(1339.00000000076,364.999999999118,
336.500000159368));
#6350=DIRECTION('',(-3.46944695195362E-17,-4.2707496516787E-32,-1.));
#6360=DIRECTION('',(1.,-1.17961196366423E-16,-3.46944695195362E-17));
#6370=AXIS2_PLACEMENT_3D('',#6340,#6350,#6360);
#6380=CIRCLE('',#6370,1.6);
#6390=CARTESIAN_POINT('',(1340.60000000076,364.999999999118,
336.500000159368));
#6400=VERTEX_POINT('',#6390);
#6410=CARTESIAN_POINT('',(1337.40000000076,364.999999999118,
336.500000159368));
#6420=VERTEX_POINT('',#6410);
#6430=EDGE_CURVE('',#6400,#6420,#6380,.T.);
#6440=ORIENTED_EDGE('',*,*,#6430,.T.);
#6450=EDGE_CURVE('',#6420,#6400,#6380,.T.);
#6460=ORIENTED_EDGE('',*,*,#6450,.T.);
#6470=EDGE_LOOP('',(#6460,#6440));
#6480=FACE_BOUND('',#6470,.T.);
#6490=CARTESIAN_POINT('',(1346.50000000076,364.999999999118,
336.500000159368));
#6500=DIRECTION('',(3.46944695195362E-17,4.2707496516787E-32,1.));
#6510=DIRECTION('',(-1.,1.17961196366423E-16,3.46944695195362E-17));
#6520=AXIS2_PLACEMENT_3D('',#6490,#6500,#6510);
#6530=CIRCLE('',#6520,1.25);
#6540=CARTESIAN_POINT('',(1345.25000000076,364.999999999118,
336.500000159368));
#6550=VERTEX_POINT('',#6540);
#6560=CARTESIAN_POINT('',(1347.75000000076,364.999999999118,
336.500000159368));
#6570=VERTEX_POINT('',#6560);
#6580=EDGE_CURVE('',#6550,#6570,#6530,.T.);
#6590=ORIENTED_EDGE('',*,*,#6580,.F.);
#6600=EDGE_CURVE('',#6570,#6550,#6530,.T.);
#6610=ORIENTED_EDGE('',*,*,#6600,.F.);
#6620=EDGE_LOOP('',(#6610,#6590));
#6630=FACE_BOUND('',#6620,.T.);
#6640=CARTESIAN_POINT('',(1331.50000000076,349.999999999118,
336.500000159368));
#6650=DIRECTION('',(1.17961196366423E-16,-1.,3.86148953849641E-32));
#6660=VECTOR('',#6650,1.);
#6670=LINE('',#6640,#6660);
#6680=CARTESIAN_POINT('',(1331.50000000076,369.999999999118,
336.500000159368));
#6690=VERTEX_POINT('',#6680);
#6700=CARTESIAN_POINT('',(1331.50000000076,359.999999999118,
336.500000159368));
#6710=VERTEX_POINT('',#6700);
#6720=EDGE_CURVE('',#6690,#6710,#6670,.T.);
#6730=ORIENTED_EDGE('',*,*,#6720,.T.);
#6740=CARTESIAN_POINT('',(1350.00000000076,369.999999999118,
336.500000159368));
#6750=DIRECTION('',(1.,-1.17961196366423E-16,-3.46944695195362E-17));
#6760=VECTOR('',#6750,1.);
#6770=LINE('',#6740,#6760);
#6780=CARTESIAN_POINT('',(1361.50000000076,369.999999999118,
336.500000159368));
#6790=VERTEX_POINT('',#6780);
#6800=EDGE_CURVE('',#6690,#6790,#6770,.T.);
#6810=ORIENTED_EDGE('',*,*,#6800,.F.);
#6820=CARTESIAN_POINT('',(1361.50000000076,349.999999999118,
336.500000159368));
#6830=DIRECTION('',(1.17961196366423E-16,1.,-4.68000976486098E-32));
#6840=VECTOR('',#6830,1.);
#6850=LINE('',#6820,#6840);
#6860=CARTESIAN_POINT('',(1361.50000000076,359.999999999118,
336.500000159368));
#6870=VERTEX_POINT('',#6860);
#6880=EDGE_CURVE('',#6870,#6790,#6850,.T.);
#6890=ORIENTED_EDGE('',*,*,#6880,.T.);
#6900=CARTESIAN_POINT('',(1350.00000000076,359.999999999118,
336.500000159368));
#6910=DIRECTION('',(1.,-1.17961196366423E-16,-3.46944695195362E-17));
#6920=VECTOR('',#6910,1.);
#6930=LINE('',#6900,#6920);
#6940=EDGE_CURVE('',#6710,#6870,#6930,.T.);
#6950=ORIENTED_EDGE('',*,*,#6940,.T.);
#6960=EDGE_LOOP('',(#6950,#6890,#6810,#6730));
#6970=FACE_OUTER_BOUND('',#6960,.T.);
#6980=ADVANCED_FACE('',(#6330,#6480,#6630,#6970),#6180,.F.);
#6990=CARTESIAN_POINT('',(1358.00000000076,349.999999999118,
333.199997759368));
#7000=DIRECTION('',(0.,0.,1.));
#7010=DIRECTION('',(1.,1.48171393615737E-48,0.));
#7020=AXIS2_PLACEMENT_3D('',#6990,#7000,#7010);
#7030=CYLINDRICAL_SURFACE('',#7020,2.9);
#7040=CARTESIAN_POINT('',(1358.00000000076,349.999999999118,
336.000000159368));
#7050=DIRECTION('',(3.46944695195362E-17,-4.09260113182289E-33,1.));
#7060=DIRECTION('',(1.,2.357708134582E-79,-3.46944695195362E-17));
#7070=AXIS2_PLACEMENT_3D('',#7040,#7050,#7060);
#7080=CIRCLE('',#7070,2.9);
#7090=CARTESIAN_POINT('',(1356.40883018944,347.575504457456,
336.000000159368));
#7100=VERTEX_POINT('',#7090);
#7110=EDGE_CURVE('',#7100,#2000,#7080,.T.);
#7120=ORIENTED_EDGE('',*,*,#7110,.T.);
#7130=CARTESIAN_POINT('',(1356.40883018944,347.575504457456,
333.199997759368));
#7140=DIRECTION('',(0.,0.,1.));
#7150=VECTOR('',#7140,1.);
#7160=LINE('',#7130,#7150);
#7170=CARTESIAN_POINT('',(1356.40883018944,347.575504457456,
333.500000159368));
#7180=VERTEX_POINT('',#7170);
#7190=EDGE_CURVE('',#7180,#7100,#7160,.T.);
#7200=ORIENTED_EDGE('',*,*,#7190,.T.);
#7210=CARTESIAN_POINT('',(1358.00000000076,349.999999999118,
333.500000159368));
#7220=DIRECTION('',(3.46944695195362E-17,-4.09260113182289E-33,1.));
#7230=DIRECTION('',(1.,2.357708134582E-79,-3.46944695195362E-17));
#7240=AXIS2_PLACEMENT_3D('',#7210,#7220,#7230);
#7250=CIRCLE('',#7240,2.9);
#7260=EDGE_CURVE('',#7180,#1830,#7250,.T.);
#7270=ORIENTED_EDGE('',*,*,#7260,.F.);
#7280=ORIENTED_EDGE('',*,*,#2070,.F.);
#7290=EDGE_LOOP('',(#7280,#7270,#7200,#7120));
#7300=FACE_OUTER_BOUND('',#7290,.T.);
#7310=ADVANCED_FACE('',(#7300),#7030,.F.);
#7320=CARTESIAN_POINT('',(1362.98768153539,345.90717972355,
333.199997759368));
#7330=DIRECTION('',(-0.866025403784439,0.499999999999999,
3.00462919747433E-17));
#7340=DIRECTION('',(0.499999999999999,0.866025403784439,0.));
#7350=AXIS2_PLACEMENT_3D('',#7320,#7330,#7340);
#7360=PLANE('',#7350);
#7370=CARTESIAN_POINT('',(1363.21268153539,346.296891155253,
336.500000159368));
#7380=DIRECTION('',(3.46944695195362E-17,3.96260086057674E-32,1.));
#7390=VECTOR('',#7380,1.);
#7400=LINE('',#7370,#7390);
#7410=CARTESIAN_POINT('',(1363.21268153539,346.296891155253,
333.500000159368));
#7420=VERTEX_POINT('',#7410);
#7430=CARTESIAN_POINT('',(1363.21268153539,346.296891155253,
336.000000159368));
#7440=VERTEX_POINT('',#7430);
#7450=EDGE_CURVE('',#7420,#7440,#7400,.T.);
#7460=ORIENTED_EDGE('',*,*,#7450,.F.);
#7470=CARTESIAN_POINT('',(1365.35067242324,349.999999999118,
336.000000159368));
#7480=DIRECTION('',(0.499999999999998,0.86602540378444,
-1.73472347597681E-17));
#7490=VECTOR('',#7480,1.);
#7500=LINE('',#7470,#7490);
#7510=CARTESIAN_POINT('',(1363.26268153539,346.383493695632,
336.000000159368));
#7520=VERTEX_POINT('',#7510);
#7530=EDGE_CURVE('',#7440,#7520,#7500,.T.);
#7540=ORIENTED_EDGE('',*,*,#7530,.F.);
#7550=CARTESIAN_POINT('',(1363.26268153539,346.383493695632,
336.500000159368));
#7560=DIRECTION('',(3.46944695195362E-17,3.96260086057674E-32,1.));
#7570=VECTOR('',#7560,1.);
#7580=LINE('',#7550,#7570);
#7590=CARTESIAN_POINT('',(1363.26268153539,346.383493695632,
333.500000159368));
#7600=VERTEX_POINT('',#7590);
#7610=EDGE_CURVE('',#7600,#7520,#7580,.T.);
#7620=ORIENTED_EDGE('',*,*,#7610,.T.);
#7630=CARTESIAN_POINT('',(1365.35067242324,349.999999999118,
333.500000159368));
#7640=DIRECTION('',(0.499999999999998,0.86602540378444,
-1.73472347597681E-17));
#7650=VECTOR('',#7640,1.);
#7660=LINE('',#7630,#7650);
#7670=EDGE_CURVE('',#7420,#7600,#7660,.T.);
#7680=ORIENTED_EDGE('',*,*,#7670,.T.);
#7690=EDGE_LOOP('',(#7680,#7620,#7540,#7460));
#7700=FACE_OUTER_BOUND('',#7690,.T.);
#7710=ADVANCED_FACE('',(#7700),#7360,.F.);
#7720=CARTESIAN_POINT('',(1351.67102853437,348.24676446402,
333.155997759368));
#7730=DIRECTION('',(-3.46944695195362E-17,4.09260113182289E-33,-1.));
#7740=DIRECTION('',(-1.17961196366423E-16,-1.,0.));
#7750=AXIS2_PLACEMENT_3D('',#7720,#7730,#7740);
#7760=CYLINDRICAL_SURFACE('',#7750,0.3);
#7770=CARTESIAN_POINT('',(1351.67102853437,348.24676446402,
336.000000159368));
#7780=DIRECTION('',(-3.46944695195362E-17,4.09260113182289E-33,-1.));
#7790=DIRECTION('',(-1.17961196366423E-16,-1.,0.));
#7800=AXIS2_PLACEMENT_3D('',#7770,#7780,#7790);
#7810=CIRCLE('',#7800,0.3);
#7820=EDGE_CURVE('',#5920,#2720,#7810,.T.);
#7830=ORIENTED_EDGE('',*,*,#7820,.F.);
#7840=ORIENTED_EDGE('',*,*,#2730,.F.);
#7850=CARTESIAN_POINT('',(1351.67102853437,348.24676446402,
333.500000159368));
#7860=DIRECTION('',(-3.46944695195362E-17,4.09260113182289E-33,-1.));
#7870=DIRECTION('',(-1.17961196366423E-16,-1.,0.));
#7880=AXIS2_PLACEMENT_3D('',#7850,#7860,#7870);
#7890=CIRCLE('',#7880,0.3);
#7900=EDGE_CURVE('',#6000,#2640,#7890,.T.);
#7910=ORIENTED_EDGE('',*,*,#7900,.T.);
#7920=ORIENTED_EDGE('',*,*,#6010,.T.);
#7930=EDGE_LOOP('',(#7920,#7910,#7840,#7830));
#7940=FACE_OUTER_BOUND('',#7930,.T.);
#7950=ADVANCED_FACE('',(#7940),#7760,.F.);
#7960=CARTESIAN_POINT('',(1361.01255274819,345.199999999118,
336.500000159368));
#7970=DIRECTION('',(-3.46944695195362E-17,-4.2707496516787E-32,-1.));
#7980=DIRECTION('',(1.,-1.17961196366423E-16,-3.46944695195362E-17));
#7990=AXIS2_PLACEMENT_3D('',#7960,#7970,#7980);
#8000=CYLINDRICAL_SURFACE('',#7990,2.4);
#8010=CARTESIAN_POINT('',(1361.01255274819,345.199999999118,
333.500000159368));
#8020=DIRECTION('',(-3.46944695195362E-17,4.09260113182289E-33,-1.));
#8030=DIRECTION('',(1.,-1.17961196366423E-16,-3.46944695195362E-17));
#8040=AXIS2_PLACEMENT_3D('',#8010,#8020,#8030);
#8050=CIRCLE('',#8040,2.4);
#8060=CARTESIAN_POINT('',(1361.01255274819,347.599999999118,
333.500000159368));
#8070=VERTEX_POINT('',#8060);
#8080=CARTESIAN_POINT('',(1362.21255274819,347.278460968201,
333.500000159368));
#8090=VERTEX_POINT('',#8080);
#8100=EDGE_CURVE('',#8070,#8090,#8050,.T.);
#8110=ORIENTED_EDGE('',*,*,#8100,.F.);
#8120=CARTESIAN_POINT('',(1362.21255274819,347.278460968201,
336.804005559368));
#8130=DIRECTION('',(-3.46944695195362E-17,-4.2707496516787E-32,-1.));
#8140=VECTOR('',#8130,1.);
#8150=LINE('',#8120,#8140);
#8160=CARTESIAN_POINT('',(1362.21255274819,347.278460968201,
336.000000159368));
#8170=VERTEX_POINT('',#8160);
#8180=EDGE_CURVE('',#8170,#8090,#8150,.T.);
#8190=ORIENTED_EDGE('',*,*,#8180,.T.);
#8200=CARTESIAN_POINT('',(1361.01255274819,345.199999999118,
336.000000159368));
#8210=DIRECTION('',(-3.46944695195362E-17,4.09260113182289E-33,-1.));
#8220=DIRECTION('',(1.,-1.17961196366423E-16,-3.46944695195362E-17));
#8230=AXIS2_PLACEMENT_3D('',#8200,#8210,#8220);
#8240=CIRCLE('',#8230,2.4);
#8250=CARTESIAN_POINT('',(1361.01255274819,347.599999999118,
336.000000159368));
#8260=VERTEX_POINT('',#8250);
#8270=EDGE_CURVE('',#8260,#8170,#8240,.T.);
#8280=ORIENTED_EDGE('',*,*,#8270,.T.);
#8290=CARTESIAN_POINT('',(1361.01255274819,347.599999999118,
336.000003159368));
#8300=DIRECTION('',(-3.46944695195362E-17,-4.2707496516787E-32,-1.));
#8310=VECTOR('',#8300,1.);
#8320=LINE('',#8290,#8310);
#8330=EDGE_CURVE('',#8260,#8070,#8320,.T.);
#8340=ORIENTED_EDGE('',*,*,#8330,.F.);
#8350=EDGE_LOOP('',(#8340,#8280,#8190,#8110));
#8360=FACE_OUTER_BOUND('',#8350,.T.);
#8370=ADVANCED_FACE('',(#8360),#8000,.T.);
#8380=CARTESIAN_POINT('',(1355.09200000076,345.569025388494,
333.199997759368));
#8390=DIRECTION('',(0.,0.,1.));
#8400=DIRECTION('',(-1.,1.17961196366423E-16,0.));
#8410=AXIS2_PLACEMENT_3D('',#8380,#8390,#8400);
#8420=CYLINDRICAL_SURFACE('',#8410,2.4);
#8430=CARTESIAN_POINT('',(1355.09200000076,345.569025388494,
336.000000159368));
#8440=DIRECTION('',(3.46944695195362E-17,-4.09260113182289E-33,1.));
#8450=DIRECTION('',(-1.,1.17961196366423E-16,3.46944695195362E-17));
#8460=AXIS2_PLACEMENT_3D('',#8430,#8440,#8450);
#8470=CIRCLE('',#8460,2.4);
#8480=EDGE_CURVE('',#7100,#1490,#8470,.T.);
#8490=ORIENTED_EDGE('',*,*,#8480,.F.);
#8500=ORIENTED_EDGE('',*,*,#1500,.T.);
#8510=CARTESIAN_POINT('',(1355.09200000076,345.569025388494,
333.500000159368));
#8520=DIRECTION('',(3.46944695195362E-17,-4.09260113182289E-33,1.));
#8530=DIRECTION('',(-1.,1.17961196366423E-16,3.46944695195362E-17));
#8540=AXIS2_PLACEMENT_3D('',#8510,#8520,#8530);
#8550=CIRCLE('',#8540,2.4);
#8560=EDGE_CURVE('',#7180,#1390,#8550,.T.);
#8570=ORIENTED_EDGE('',*,*,#8560,.T.);
#8580=ORIENTED_EDGE('',*,*,#7190,.F.);
#8590=EDGE_LOOP('',(#8580,#8570,#8500,#8490));
#8600=FACE_OUTER_BOUND('',#8590,.T.);
#8610=ADVANCED_FACE('',(#8600),#8420,.T.);
#8620=CARTESIAN_POINT('',(1358.00000000076,349.999999999118,
333.199997759368));
#8630=DIRECTION('',(0.,0.,1.));
#8640=DIRECTION('',(1.,1.17961196366423E-16,0.));
#8650=AXIS2_PLACEMENT_3D('',#8620,#8630,#8640);
#8660=CYLINDRICAL_SURFACE('',#8650,3.1);
#8670=CARTESIAN_POINT('',(1358.00000000076,349.999999999118,
333.500000159368));
#8680=DIRECTION('',(0.,0.,1.));
#8690=DIRECTION('',(1.,1.17961196366423E-16,0.));
#8700=AXIS2_PLACEMENT_3D('',#8670,#8680,#8690);
#8710=CIRCLE('',#8700,3.1);
#8720=CARTESIAN_POINT('',(1355.0450407765,350.937131784371,
333.500000159368));
#8730=VERTEX_POINT('',#8720);
#8740=CARTESIAN_POINT('',(1355.0450407765,349.062868213865,
333.500000159368));
#8750=VERTEX_POINT('',#8740);
#8760=EDGE_CURVE('',#8730,#8750,#8710,.T.);
#8770=ORIENTED_EDGE('',*,*,#8760,.F.);
#8780=CARTESIAN_POINT('',(1355.0450407765,349.062868213865,
333.100000159368));
#8790=CARTESIAN_POINT('',(1355.0450407765,349.062868213865,
333.650000159369));
#8800=CARTESIAN_POINT('',(1355.0450407765,349.062868213865,
334.20000015937));
#8810=CARTESIAN_POINT('',(1355.0450407765,349.062868213865,
335.30000015937));
#8820=CARTESIAN_POINT('',(1355.0450407765,349.062868213865,
335.850000159369));
#8830=CARTESIAN_POINT('',(1355.0450407765,349.062868213865,
336.400000159368));
#8840=B_SPLINE_CURVE_WITH_KNOTS('',3,(#8780,#8790,#8800,#8810,#8820,
#8830),.UNSPECIFIED.,.F.,.F.,(4,2,4),(5.13130875746456,6.78130875746724,
8.43130875746456),.UNSPECIFIED.);
#8850=CARTESIAN_POINT('',(1355.0450407765,349.062868213865,
336.000000159368));
#8860=VERTEX_POINT('',#8850);
#8870=EDGE_CURVE('',#8750,#8860,#8840,.T.);
#8880=ORIENTED_EDGE('',*,*,#8870,.F.);
#8890=CARTESIAN_POINT('',(1358.00000000076,349.999999999118,
336.000000159368));
#8900=DIRECTION('',(0.,0.,1.));
#8910=DIRECTION('',(1.,1.17961196366423E-16,0.));
#8920=AXIS2_PLACEMENT_3D('',#8890,#8900,#8910);
#8930=CIRCLE('',#8920,3.1);
#8940=CARTESIAN_POINT('',(1355.0450407765,350.937131784371,
336.000000159368));
#8950=VERTEX_POINT('',#8940);
#8960=EDGE_CURVE('',#8950,#8860,#8930,.T.);
#8970=ORIENTED_EDGE('',*,*,#8960,.T.);
#8980=CARTESIAN_POINT('',(1355.0450407765,350.937131784371,
333.100000159368));
#8990=CARTESIAN_POINT('',(1355.0450407765,350.937131784371,
333.650000159369));
#9000=CARTESIAN_POINT('',(1355.0450407765,350.937131784371,
334.20000015937));
#9010=CARTESIAN_POINT('',(1355.0450407765,350.937131784371,
335.30000015937));
#9020=CARTESIAN_POINT('',(1355.0450407765,350.937131784371,
335.850000159369));
#9030=CARTESIAN_POINT('',(1355.0450407765,350.937131784371,
336.400000159368));
#9040=B_SPLINE_CURVE_WITH_KNOTS('',3,(#8980,#8990,#9000,#9010,#9020,
#9030),.UNSPECIFIED.,.F.,.F.,(4,2,4),(5.06363162067968,6.71363162068238,
8.36363162067969),.UNSPECIFIED.);
#9050=EDGE_CURVE('',#8730,#8950,#9040,.T.);
#9060=ORIENTED_EDGE('',*,*,#9050,.T.);
#9070=EDGE_LOOP('',(#9060,#8970,#8880,#8770));
#9080=FACE_OUTER_BOUND('',#9070,.T.);
#9090=ADVANCED_FACE('',(#9080),#8660,.F.);
#9100=CARTESIAN_POINT('',(1361.50000000076,349.999999999118,
336.500000159368));
#9110=DIRECTION('',(-1.17961196366423E-16,-1.,4.68000976486098E-32));
#9120=VECTOR('',#9110,1.);
#9130=LINE('',#9100,#9120);
#9140=CARTESIAN_POINT('',(1361.50000000076,339.999999999118,
336.500000159368));
#9150=VERTEX_POINT('',#9140);
#9160=CARTESIAN_POINT('',(1361.50000000076,329.999999999118,
336.500000159368));
#9170=VERTEX_POINT('',#9160);
#9180=EDGE_CURVE('',#9150,#9170,#9130,.T.);
#9190=ORIENTED_EDGE('',*,*,#9180,.F.);
#9200=CARTESIAN_POINT('',(1350.00000000076,329.999999999118,
336.500000159368));
#9210=DIRECTION('',(-1.,1.17961196366423E-16,3.46944695195362E-17));
#9220=VECTOR('',#9210,1.);
#9230=LINE('',#9200,#9220);
#9240=CARTESIAN_POINT('',(1331.50000000076,329.999999999118,
336.500000159368));
#9250=VERTEX_POINT('',#9240);
#9260=EDGE_CURVE('',#9170,#9250,#9230,.T.);
#9270=ORIENTED_EDGE('',*,*,#9260,.F.);
#9280=CARTESIAN_POINT('',(1331.50000000076,349.999999999118,
336.500000159368));
#9290=DIRECTION('',(1.17961196366423E-16,-1.,3.86148953849641E-32));
#9300=VECTOR('',#9290,1.);
#9310=LINE('',#9280,#9300);
#9320=CARTESIAN_POINT('',(1331.50000000076,339.999999999118,
336.500000159368));
#9330=VERTEX_POINT('',#9320);
#9340=EDGE_CURVE('',#9330,#9250,#9310,.T.);
#9350=ORIENTED_EDGE('',*,*,#9340,.T.);
#9360=CARTESIAN_POINT('',(1350.00000000076,339.999999999118,
336.500000159368));
#9370=DIRECTION('',(-1.,1.17961196366423E-16,3.46944695195362E-17));
#9380=VECTOR('',#9370,1.);
#9390=LINE('',#9360,#9380);
#9400=EDGE_CURVE('',#9150,#9330,#9390,.T.);
#9410=ORIENTED_EDGE('',*,*,#9400,.T.);
#9420=EDGE_LOOP('',(#9410,#9350,#9270,#9190));
#9430=FACE_OUTER_BOUND('',#9420,.T.);
#9440=CARTESIAN_POINT('',(1346.50000000076,334.999999999118,
336.500000159368));
#9450=DIRECTION('',(3.46944695195362E-17,4.2707496516787E-32,1.));
#9460=DIRECTION('',(-1.,1.17961196366423E-16,3.46944695195362E-17));
#9470=AXIS2_PLACEMENT_3D('',#9440,#9450,#9460);
#9480=CIRCLE('',#9470,1.25);
#9490=CARTESIAN_POINT('',(1345.25000000076,334.999999999118,
336.500000159368));
#9500=VERTEX_POINT('',#9490);
#9510=CARTESIAN_POINT('',(1347.75000000076,334.999999999118,
336.500000159368));
#9520=VERTEX_POINT('',#9510);
#9530=EDGE_CURVE('',#9500,#9520,#9480,.T.);
#9540=ORIENTED_EDGE('',*,*,#9530,.F.);
#9550=EDGE_CURVE('',#9520,#9500,#9480,.T.);
#9560=ORIENTED_EDGE('',*,*,#9550,.F.);
#9570=EDGE_LOOP('',(#9560,#9540));
#9580=FACE_BOUND('',#9570,.T.);
#9590=CARTESIAN_POINT('',(1339.00000000076,334.999999999118,
336.500000159368));
#9600=DIRECTION('',(-3.46944695195362E-17,-4.2707496516787E-32,-1.));
#9610=DIRECTION('',(1.,-1.17961196366423E-16,-3.46944695195362E-17));
#9620=AXIS2_PLACEMENT_3D('',#9590,#9600,#9610);
#9630=CIRCLE('',#9620,1.6);
#9640=CARTESIAN_POINT('',(1340.60000000076,334.999999999118,
336.500000159368));
#9650=VERTEX_POINT('',#9640);
#9660=CARTESIAN_POINT('',(1337.40000000076,334.999999999118,
336.500000159368));
#9670=VERTEX_POINT('',#9660);
#9680=EDGE_CURVE('',#9650,#9670,#9630,.T.);
#9690=ORIENTED_EDGE('',*,*,#9680,.T.);
#9700=EDGE_CURVE('',#9670,#9650,#9630,.T.);
#9710=ORIENTED_EDGE('',*,*,#9700,.T.);
#9720=EDGE_LOOP('',(#9710,#9690));
#9730=FACE_BOUND('',#9720,.T.);
#9740=CARTESIAN_POINT('',(1354.00000000076,334.999999999118,
336.500000159368));
#9750=DIRECTION('',(-3.46944695195362E-17,-4.2707496516787E-32,-1.));
#9760=DIRECTION('',(1.,-1.17961196366423E-16,-3.46944695195362E-17));
#9770=AXIS2_PLACEMENT_3D('',#9740,#9750,#9760);
#9780=CIRCLE('',#9770,1.6);
#9790=CARTESIAN_POINT('',(1355.60000000076,334.999999999118,
336.500000159368));
#9800=VERTEX_POINT('',#9790);
#9810=CARTESIAN_POINT('',(1352.40000000076,334.999999999118,
336.500000159368));
#9820=VERTEX_POINT('',#9810);
#9830=EDGE_CURVE('',#9800,#9820,#9780,.T.);
#9840=ORIENTED_EDGE('',*,*,#9830,.T.);
#9850=EDGE_CURVE('',#9820,#9800,#9780,.T.);
#9860=ORIENTED_EDGE('',*,*,#9850,.T.);
#9870=EDGE_LOOP('',(#9860,#9840));
#9880=FACE_BOUND('',#9870,.T.);
#9890=ADVANCED_FACE('',(#9430,#9580,#9730,#9880),#6180,.F.);
#9900=CARTESIAN_POINT('',(1365.00000000076,345.669127546578,
333.199997759368));
#9910=DIRECTION('',(-0.5,-0.866025403784438,1.73472347597682E-17));
#9920=DIRECTION('',(-0.866025403784438,0.5,0.));
#9930=AXIS2_PLACEMENT_3D('',#9900,#9910,#9920);
#9940=PLANE('',#9930);
#9950=CARTESIAN_POINT('',(1350.00000000076,354.329381584422,
336.000000159368));
#9960=DIRECTION('',(-0.866025403784438,0.5,3.00462919747432E-17));
#9970=VECTOR('',#9960,1.);
#9980=LINE('',#9950,#9970);
#9990=CARTESIAN_POINT('',(1363.17117518445,346.725000046578,
336.000000159368));
#10000=VERTEX_POINT('',#9990);
#10010=EDGE_CURVE('',#10000,#8170,#9980,.T.);
#10020=ORIENTED_EDGE('',*,*,#10010,.F.);
#10030=ORIENTED_EDGE('',*,*,#8180,.F.);
#10040=CARTESIAN_POINT('',(1350.00000000076,354.329381584422,
333.500000159368));
#10050=DIRECTION('',(-0.866025403784438,0.5,3.00462919747432E-17));
#10060=VECTOR('',#10050,1.);
#10070=LINE('',#10040,#10060);
#10080=CARTESIAN_POINT('',(1363.17117518445,346.725000046578,
333.500000159368));
#10090=VERTEX_POINT('',#10080);
#10100=EDGE_CURVE('',#10090,#8090,#10070,.T.);
#10110=ORIENTED_EDGE('',*,*,#10100,.T.);
#10120=CARTESIAN_POINT('',(1363.17117518445,346.725000046578,
336.500000159368));
#10130=DIRECTION('',(3.46944695195362E-17,3.96260086057674E-32,1.));
#10140=VECTOR('',#10130,1.);
#10150=LINE('',#10120,#10140);
#10160=EDGE_CURVE('',#10090,#10000,#10150,.T.);
#10170=ORIENTED_EDGE('',*,*,#10160,.F.);
#10180=EDGE_LOOP('',(#10170,#10110,#10030,#10020));
#10190=FACE_OUTER_BOUND('',#10180,.T.);
#10200=ADVANCED_FACE('',(#10190),#9940,.F.);
#10210=CARTESIAN_POINT('',(1358.00000000076,349.999999999118,
333.199997759368));
#10220=DIRECTION('',(0.,0.,1.));
#10230=DIRECTION('',(1.,1.48171393615737E-48,0.));
#10240=AXIS2_PLACEMENT_3D('',#10210,#10220,#10230);
#10250=CYLINDRICAL_SURFACE('',#10240,3.5);
#10260=ORIENTED_EDGE('',*,*,#4860,.T.);
#10270=CARTESIAN_POINT('',(1358.00000000076,349.999999999118,
333.500000159368));
#10280=DIRECTION('',(3.46944695195362E-17,-4.09260113182289E-33,1.));
#10290=DIRECTION('',(1.,2.357708134582E-79,-3.46944695195362E-17));
#10300=AXIS2_PLACEMENT_3D('',#10270,#10280,#10290);
#10310=CIRCLE('',#10300,3.5);
#10320=CARTESIAN_POINT('',(1356.07962264227,347.073884690215,
333.500000159368));
#10330=VERTEX_POINT('',#10320);
#10340=EDGE_CURVE('',#10330,#4770,#10310,.T.);
#10350=ORIENTED_EDGE('',*,*,#10340,.T.);
#10360=CARTESIAN_POINT('',(1356.07962264227,347.073884690215,
333.155997759368));
#10370=DIRECTION('',(3.46944695195362E-17,-4.09260113182289E-33,1.));
#10380=VECTOR('',#10370,1.);
#10390=LINE('',#10360,#10380);
#10400=CARTESIAN_POINT('',(1356.07962264227,347.073884690215,
336.000000159368));
#10410=VERTEX_POINT('',#10400);
#10420=EDGE_CURVE('',#10330,#10410,#10390,.T.);
#10430=ORIENTED_EDGE('',*,*,#10420,.F.);
#10440=CARTESIAN_POINT('',(1358.00000000076,349.999999999118,
336.000000159368));
#10450=DIRECTION('',(3.46944695195362E-17,-4.09260113182289E-33,1.));
#10460=DIRECTION('',(1.,2.357708134582E-79,-3.46944695195362E-17));
#10470=AXIS2_PLACEMENT_3D('',#10440,#10450,#10460);
#10480=CIRCLE('',#10470,3.5);
#10490=EDGE_CURVE('',#10410,#4850,#10480,.T.);
#10500=ORIENTED_EDGE('',*,*,#10490,.F.);
#10510=EDGE_LOOP('',(#10500,#10430,#10350,#10260));
#10520=FACE_OUTER_BOUND('',#10510,.T.);
#10530=ADVANCED_FACE('',(#10520),#10250,.T.);
#10540=CARTESIAN_POINT('',(1355.09200000076,354.430974609743,
333.199997759368));
#10550=DIRECTION('',(0.,0.,1.));
#10560=DIRECTION('',(-1.,1.17961196366423E-16,0.));
#10570=AXIS2_PLACEMENT_3D('',#10540,#10550,#10560);
#10580=CYLINDRICAL_SURFACE('',#10570,2.4);
#10590=CARTESIAN_POINT('',(1355.09200000076,354.430974609743,
336.000000159368));
#10600=DIRECTION('',(-3.46944695195362E-17,4.09260113182289E-33,-1.));
#10610=DIRECTION('',(-1.,1.17961196366423E-16,3.46944695195362E-17));
#10620=AXIS2_PLACEMENT_3D('',#10590,#10600,#10610);
#10630=CIRCLE('',#10620,2.4);
#10640=EDGE_CURVE('',#4450,#570,#10630,.T.);
#10650=ORIENTED_EDGE('',*,*,#10640,.T.);
#10660=ORIENTED_EDGE('',*,*,#4460,.T.);
#10670=CARTESIAN_POINT('',(1355.09200000076,354.430974609743,
333.500000159368));
#10680=DIRECTION('',(-3.46944695195362E-17,4.09260113182289E-33,-1.));
#10690=DIRECTION('',(-1.,1.17961196366423E-16,3.46944695195362E-17));
#10700=AXIS2_PLACEMENT_3D('',#10670,#10680,#10690);
#10710=CIRCLE('',#10700,2.4);
#10720=EDGE_CURVE('',#4350,#670,#10710,.T.);
#10730=ORIENTED_EDGE('',*,*,#10720,.F.);
#10740=ORIENTED_EDGE('',*,*,#680,.F.);
#10750=EDGE_LOOP('',(#10740,#10730,#10660,#10650));
#10760=FACE_OUTER_BOUND('',#10750,.T.);
#10770=ADVANCED_FACE('',(#10760),#10580,.T.);
#10780=CARTESIAN_POINT('',(1355.09200000076,345.569025388494,
333.155997759368));
#10790=DIRECTION('',(3.46944695195362E-17,-4.09260113182289E-33,1.));
#10800=DIRECTION('',(-1.,1.17961196366423E-16,3.46944695195362E-17));
#10810=AXIS2_PLACEMENT_3D('',#10780,#10790,#10800);
#10820=CYLINDRICAL_SURFACE('',#10810,1.8);
#10830=ORIENTED_EDGE('',*,*,#10420,.T.);
#10840=CARTESIAN_POINT('',(1355.09200000076,345.569025388494,
333.500000159368));
#10850=DIRECTION('',(3.46944695195362E-17,-4.09260113182289E-33,1.));
#10860=DIRECTION('',(-1.,1.17961196366423E-16,3.46944695195362E-17));
#10870=AXIS2_PLACEMENT_3D('',#10840,#10850,#10860);
#10880=CIRCLE('',#10870,1.8);
#10890=EDGE_CURVE('',#10330,#4030,#10880,.T.);
#10900=ORIENTED_EDGE('',*,*,#10890,.F.);
#10910=ORIENTED_EDGE('',*,*,#4040,.T.);
#10920=CARTESIAN_POINT('',(1355.09200000076,345.569025388494,
336.000000159368));
#10930=DIRECTION('',(3.46944695195362E-17,-4.09260113182289E-33,1.));
#10940=DIRECTION('',(-1.,1.17961196366423E-16,3.46944695195362E-17));
#10950=AXIS2_PLACEMENT_3D('',#10920,#10930,#10940);
#10960=CIRCLE('',#10950,1.8);
#10970=EDGE_CURVE('',#10410,#3930,#10960,.T.);
#10980=ORIENTED_EDGE('',*,*,#10970,.T.);
#10990=EDGE_LOOP('',(#10980,#10910,#10900,#10830));
#11000=FACE_OUTER_BOUND('',#10990,.T.);
#11010=ADVANCED_FACE('',(#11000),#10820,.F.);
#11020=CARTESIAN_POINT('',(1361.30922064851,347.599999999118,
333.199997759368));
#11030=DIRECTION('',(3.49783174090039E-16,-1.,3.05719548448735E-32));
#11040=DIRECTION('',(-1.,-3.49783174090039E-16,0.));
#11050=AXIS2_PLACEMENT_3D('',#11020,#11030,#11040);
#11060=PLANE('',#11050);
#11070=CARTESIAN_POINT('',(1350.00000000076,347.599999999118,
336.000000159368));
#11080=DIRECTION('',(-1.,-3.49783174090039E-16,3.46944695195362E-17));
#11090=VECTOR('',#11080,1.);
#11100=LINE('',#11070,#11090);
#11110=EDGE_CURVE('',#8260,#1910,#11100,.T.);
#11120=ORIENTED_EDGE('',*,*,#11110,.F.);
#11130=ORIENTED_EDGE('',*,*,#1920,.T.);
#11140=CARTESIAN_POINT('',(1350.00000000076,347.599999999118,
333.500000159368));
#11150=DIRECTION('',(-1.,-3.49783174090039E-16,3.46944695195362E-17));
#11160=VECTOR('',#11150,1.);
#11170=LINE('',#11140,#11160);
#11180=EDGE_CURVE('',#8070,#1810,#11170,.T.);
#11190=ORIENTED_EDGE('',*,*,#11180,.T.);
#11200=ORIENTED_EDGE('',*,*,#8330,.T.);
#11210=EDGE_LOOP('',(#11200,#11190,#11130,#11120));
#11220=FACE_OUTER_BOUND('',#11210,.T.);
#11230=ADVANCED_FACE('',(#11220),#11060,.F.);
#11240=CARTESIAN_POINT('',(1355.0450407765,350.937131784371,
333.100000159268));
#11250=CARTESIAN_POINT('',(1355.0450407765,350.937131784371,
333.650000159302));
#11260=CARTESIAN_POINT('',(1355.0450407765,350.937131784371,
334.200000159336));
#11270=CARTESIAN_POINT('',(1355.0450407765,350.937131784371,
335.300000159403));
#11280=CARTESIAN_POINT('',(1355.0450407765,350.937131784371,
335.850000159436));
#11290=CARTESIAN_POINT('',(1355.0450407765,350.937131784371,
336.400000159468));
#11300=CARTESIAN_POINT('',(1355.12648216994,351.193932375911,
333.100000159268));
#11310=CARTESIAN_POINT('',(1355.12648216994,351.193932375911,
333.650000159302));
#11320=CARTESIAN_POINT('',(1355.12648216994,351.193932375911,
334.200000159336));
#11330=CARTESIAN_POINT('',(1355.12648216994,351.193932375911,
335.300000159403));
#11340=CARTESIAN_POINT('',(1355.12648216994,351.193932375911,
335.850000159436));
#11350=CARTESIAN_POINT('',(1355.12648216994,351.193932375911,
336.400000159468));
#11360=CARTESIAN_POINT('',(1354.98139722045,351.420933701488,
333.100000159268));
#11370=CARTESIAN_POINT('',(1354.98139722045,351.420933701488,
333.650000159302));
#11380=CARTESIAN_POINT('',(1354.98139722045,351.420933701488,
334.200000159336));
#11390=CARTESIAN_POINT('',(1354.98139722045,351.420933701488,
335.300000159403));
#11400=CARTESIAN_POINT('',(1354.98139722045,351.420933701488,
335.850000159436));
#11410=CARTESIAN_POINT('',(1354.98139722045,351.420933701488,
336.400000159468));
#11420=CARTESIAN_POINT('',(1354.71413739594,351.45486643767,
333.100000159268));
#11430=CARTESIAN_POINT('',(1354.71413739594,351.45486643767,
333.650000159302));
#11440=CARTESIAN_POINT('',(1354.71413739594,351.45486643767,
334.200000159336));
#11450=CARTESIAN_POINT('',(1354.71413739594,351.45486643767,
335.300000159403));
#11460=CARTESIAN_POINT('',(1354.71413739594,351.45486643767,
335.850000159436));
#11470=CARTESIAN_POINT('',(1354.71413739594,351.45486643767,
336.400000159468));
#11480=(BOUNDED_SURFACE() B_SPLINE_SURFACE(3,3,((#11240,#11300,#11360,
#11420),(#11250,#11310,#11370,#11430),(#11260,#11320,#11380,#11440),(
#11270,#11330,#11390,#11450),(#11280,#11340,#11400,#11460),(#11290,
#11350,#11410,#11470)),.UNSPECIFIED.,.F.,.F.,.F.) 
B_SPLINE_SURFACE_WITH_KNOTS((4,2,4),(4,4),(5.06363162057968,
6.71363162068238,8.3636316207797),(0.,1.),.UNSPECIFIED.) 
GEOMETRIC_REPRESENTATION_ITEM() RATIONAL_B_SPLINE_SURFACE(((1.,
0.760252026405981,0.760252026405981,1.),(1.,0.760252026405981,
0.760252026405981,1.),(1.,0.760252026405981,0.760252026405981,1.),(1.,
0.760252026405981,0.760252026405981,1.),(1.,0.760252026405981,
0.760252026405981,1.),(1.,0.760252026405981,0.760252026405981,1.))) 
REPRESENTATION_ITEM('') SURFACE());
#11490=CARTESIAN_POINT('',(1355.0450407765,350.937131784371,
328.036368538688));
#11500=CARTESIAN_POINT('',(1355.0450407765,350.937131784371,
330.274245745582));
#11510=CARTESIAN_POINT('',(1355.0450407765,350.937131784371,
332.512122952477));
#11520=CARTESIAN_POINT('',(1355.0450407765,350.937131784371,
336.987877366265));
#11530=CARTESIAN_POINT('',(1355.0450407765,350.937131784371,
339.225754573159));
#11540=CARTESIAN_POINT('',(1355.0450407765,350.937131784371,
341.463631780053));
#11550=CARTESIAN_POINT('',(1355.12648216994,351.193932375911,
328.036368538688));
#11560=CARTESIAN_POINT('',(1355.12648216994,351.193932375911,
330.274245745582));
#11570=CARTESIAN_POINT('',(1355.12648216994,351.193932375911,
332.512122952477));
#11580=CARTESIAN_POINT('',(1355.12648216994,351.193932375911,
336.987877366265));
#11590=CARTESIAN_POINT('',(1355.12648216994,351.193932375911,
339.225754573159));
#11600=CARTESIAN_POINT('',(1355.12648216994,351.193932375911,
341.463631780053));
#11610=CARTESIAN_POINT('',(1354.98139722045,351.420933701488,
328.036368538688));
#11620=CARTESIAN_POINT('',(1354.98139722045,351.420933701488,
330.274245745582));
#11630=CARTESIAN_POINT('',(1354.98139722045,351.420933701488,
332.512122952477));
#11640=CARTESIAN_POINT('',(1354.98139722045,351.420933701488,
336.987877366265));
#11650=CARTESIAN_POINT('',(1354.98139722045,351.420933701488,
339.225754573159));
#11660=CARTESIAN_POINT('',(1354.98139722045,351.420933701488,
341.463631780053));
#11670=CARTESIAN_POINT('',(1354.71413739594,351.45486643767,
328.036368538688));
#11680=CARTESIAN_POINT('',(1354.71413739594,351.45486643767,
330.274245745582));
#11690=CARTESIAN_POINT('',(1354.71413739594,351.45486643767,
332.512122952477));
#11700=CARTESIAN_POINT('',(1354.71413739594,351.45486643767,
336.987877366265));
#11710=CARTESIAN_POINT('',(1354.71413739594,351.45486643767,
339.225754573159));
#11720=CARTESIAN_POINT('',(1354.71413739594,351.45486643767,
341.463631780053));
#11730=(BOUNDED_SURFACE() B_SPLINE_SURFACE(3,3,((#11490,#11550,#11610,
#11670),(#11500,#11560,#11620,#11680),(#11510,#11570,#11630,#11690),(
#11520,#11580,#11640,#11700),(#11530,#11590,#11650,#11710),(#11540,
#11600,#11660,#11720)),.UNSPECIFIED.,.F.,.F.,.F.) 
B_SPLINE_SURFACE_WITH_KNOTS((4,2,4),(4,4),(0.,6.71363162068238,
13.4272632413648),(0.,1.),.UNSPECIFIED.) GEOMETRIC_REPRESENTATION_ITEM()
 RATIONAL_B_SPLINE_SURFACE(((1.,0.760252026405982,0.760252026405982,1.),
(1.,0.760252026405981,0.760252026405981,1.),(1.,0.760252026405981,
0.760252026405981,1.),(1.,0.760252026405981,0.760252026405981,1.),(1.,
0.760252026405982,0.760252026405982,1.),(1.,0.760252026405982,
0.760252026405982,1.))) REPRESENTATION_ITEM('') SURFACE());
#11740=CARTESIAN_POINT('',(1324.29999760076,359.999999999118,
336.000000159368));
#11750=DIRECTION('',(-3.46944695195362E-17,4.09260113182289E-33,-1.));
#11760=DIRECTION('',(-1.17961196366423E-16,-1.,0.));
#11770=AXIS2_PLACEMENT_3D('',#11740,#11750,#11760);
#11780=PLANE('',#11770);
#11790=CARTESIAN_POINT('',(1354.71413739594,351.45486643767,
336.000000159368));
#11800=CARTESIAN_POINT('',(1354.72853129816,351.453038910889,
336.000000159368));
#11810=CARTESIAN_POINT('',(1354.74290039067,351.450416627246,
336.000000159368));
#11820=CARTESIAN_POINT('',(1354.75712069061,351.447003144548,
336.000000159368));
#11830=CARTESIAN_POINT('',(1354.7713407092,351.443589729384,
336.000000159368));
#11840=CARTESIAN_POINT('',(1354.78540748924,351.439385906516,
336.000000159368));
#11850=CARTESIAN_POINT('',(1354.79919434147,351.434424673864,
336.000000159368));
#11860=CARTESIAN_POINT('',(1354.81298125815,351.429463418023,
336.000000159368));
#11870=CARTESIAN_POINT('',(1354.82648389989,351.42374638407,
336.000000159368));
#11880=CARTESIAN_POINT('',(1354.83958763454,351.417333431133,
336.000000159368));
#11890=CARTESIAN_POINT('',(1354.84613935353,351.414127027267,
336.000000159368));
#11900=CARTESIAN_POINT('',(1354.85259121865,351.410747211149,
336.000000159368));
#11910=CARTESIAN_POINT('',(1354.85893079875,351.407203395647,
336.000000159368));
#11920=CARTESIAN_POINT('',(1354.86526552186,351.403662295199,
336.000000159368));
#11930=CARTESIAN_POINT('',(1354.87150447597,351.399948937471,
336.000000159368));
#11940=CARTESIAN_POINT('',(1354.87765929761,351.396053874889,
336.000000159368));
#11950=CARTESIAN_POINT('',(1354.88996508906,351.388266187356,
336.000000159368));
#11960=CARTESIAN_POINT('',(1354.90189630043,351.379771720891,
336.000000159368));
#11970=CARTESIAN_POINT('',(1354.91334151782,351.3706330877,
336.000000159368));
#11980=CARTESIAN_POINT('',(1354.92478661953,351.361494546877,
336.000000159368));
#11990=CARTESIAN_POINT('',(1354.93574203693,351.351714610598,
336.000000159368));
#12000=CARTESIAN_POINT('',(1354.94611068562,351.341381629726,
336.000000159368));
#12010=CARTESIAN_POINT('',(1354.95647948109,351.331048502579,
336.000000159368));
#12020=CARTESIAN_POINT('',(1354.96625840142,351.320165697548,
336.000000159368));
#12030=CARTESIAN_POINT('',(1354.97537543529,351.308837082288,
336.000000159368));
#12040=CARTESIAN_POINT('',(1354.9844779985,351.297526447951,
336.000000159368));
#12050=CARTESIAN_POINT('',(1354.99297117312,351.285715725715,
336.000000159368));
#12060=CARTESIAN_POINT('',(1355.00083916837,351.273399978887,
336.000000159368));
#12070=CARTESIAN_POINT('',(1355.00870220066,351.261092000559,
336.000000159368));
#12080=CARTESIAN_POINT('',(1355.01591359719,351.248313857506,
336.000000159368));
#12090=CARTESIAN_POINT('',(1355.02240253181,351.235174743394,
336.000000159368));
#12100=CARTESIAN_POINT('',(1355.02889146179,351.222035638667,
336.000000159368));
#12110=CARTESIAN_POINT('',(1355.03465586178,351.208539728595,
336.000000159368));
#12120=CARTESIAN_POINT('',(1355.03965114823,351.194809550172,
336.000000159368));
#12130=CARTESIAN_POINT('',(1355.04464818847,351.181074551229,
336.000000159368));
#12140=CARTESIAN_POINT('',(1355.04886927614,351.167130062584,
336.000000159368));
#12150=CARTESIAN_POINT('',(1355.0523143357,351.1530372689,
336.000000159368));
#12160=CARTESIAN_POINT('',(1355.05576548184,351.138919576713,
336.000000159368));
#12170=CARTESIAN_POINT('',(1355.058461694,351.12454545848,
336.000000159368));
#12180=CARTESIAN_POINT('',(1355.0603636199,351.110034415658,
336.000000159368));
#12190=CARTESIAN_POINT('',(1355.06226551607,351.095523599687,
336.000000159368));
#12200=CARTESIAN_POINT('',(1355.06337232309,351.080880353733,
336.000000159368));
#12210=CARTESIAN_POINT('',(1355.06367199806,351.06623533823,
336.000000159368));
#12220=CARTESIAN_POINT('',(1355.06397167563,351.0515901959,
336.000000159368));
#12230=CARTESIAN_POINT('',(1355.06346424393,351.03694790851,
336.000000159368));
#12240=CARTESIAN_POINT('',(1355.06216689571,351.022435567357,
336.000000159368));
#12250=CARTESIAN_POINT('',(1355.06151819989,351.015179153892,
336.000000159368));
#12260=CARTESIAN_POINT('',(1355.06067271047,351.00795714072,
336.000000159368));
#12270=CARTESIAN_POINT('',(1355.05963430023,351.000779455932,
336.000000159368));
#12280=CARTESIAN_POINT('',(1355.05859532951,350.993597896914,
336.000000159368));
#12290=CARTESIAN_POINT('',(1355.05735968983,350.986436972287,
336.000000159368));
#12300=CARTESIAN_POINT('',(1355.0559292754,350.979312578878,
336.000000159368));
#12310=CARTESIAN_POINT('',(1355.05306833822,350.965063252532,
336.000000159368));
#12320=CARTESIAN_POINT('',(1355.04942707671,350.950962644106,
336.000000159368));
#12330=CARTESIAN_POINT('',(1355.0450407765,350.937131784371,
336.000000159368));
#12340=B_SPLINE_CURVE_WITH_KNOTS('',3,(#11790,#11800,#11810,#11820,
#11830,#11840,#11850,#11860,#11870,#11880,#11890,#11900,#11910,#11920,
#11930,#11940,#11950,#11960,#11970,#11980,#11990,#12000,#12010,#12020,
#12030,#12040,#12050,#12060,#12070,#12080,#12090,#12100,#12110,#12120,
#12130,#12140,#12150,#12160,#12170,#12180,#12190,#12200,#12210,#12220,
#12230,#12240,#12250,#12260,#12270,#12280,#12290,#12300,#12310,#12320,
#12330),.UNSPECIFIED.,.F.,.F.,(4,3,3,3,3,3,3,3,3,3,3,3,3,3,3,3,3,3,4),(
0.,0.0437183814260617,0.0876541299423114,0.131536464243125,
0.153374368466681,0.175173131645751,0.219006443293585,0.262954233393643,
0.306743357095207,0.350402050526999,0.39431198895853,0.438230099747949,
0.481901297117451,0.525672834715305,0.569618782500619,0.613466356134418,
0.635272753365185,0.657059707220958,0.700644769119592),.UNSPECIFIED.);
#12350=SURFACE_CURVE('',#12340,(#11730,#11780),.CURVE_3D.);
#12360=CARTESIAN_POINT('',(1354.71413739594,351.45486643767,
336.000000159368));
#12370=VERTEX_POINT('',#12360);
#12380=EDGE_CURVE('',#12370,#8950,#12350,.T.);
#12390=ORIENTED_EDGE('',*,*,#12380,.T.);
#12400=CARTESIAN_POINT('',(1354.71413739594,351.45486643767,
333.100000159368));
#12410=CARTESIAN_POINT('',(1354.71413739594,351.45486643767,
333.650000159369));
#12420=CARTESIAN_POINT('',(1354.71413739594,351.45486643767,
334.20000015937));
#12430=CARTESIAN_POINT('',(1354.71413739594,351.45486643767,
335.30000015937));
#12440=CARTESIAN_POINT('',(1354.71413739594,351.45486643767,
335.850000159369));
#12450=CARTESIAN_POINT('',(1354.71413739594,351.45486643767,
336.400000159368));
#12460=B_SPLINE_CURVE_WITH_KNOTS('',3,(#12400,#12410,#12420,#12430,
#12440,#12450),.UNSPECIFIED.,.F.,.F.,(4,2,4),(5.06363162067969,
6.71363162068238,8.3636316206797),.UNSPECIFIED.);
#12470=CARTESIAN_POINT('',(1354.71413739594,351.45486643767,
333.500000159368));
#12480=VERTEX_POINT('',#12470);
#12490=EDGE_CURVE('',#12480,#12370,#12460,.T.);
#12500=ORIENTED_EDGE('',*,*,#12490,.T.);
#12510=CARTESIAN_POINT('',(1350.00000000076,349.999999999118,
333.500000159368));
#12520=DIRECTION('',(-3.46944695195362E-17,-4.2707496516787E-32,-1.));
#12530=DIRECTION('',(1.,-1.17961196366423E-16,-3.46944695195362E-17));
#12540=AXIS2_PLACEMENT_3D('',#12510,#12520,#12530);
#12550=PLANE('',#12540);
#12560=CARTESIAN_POINT('',(1354.71413739594,351.45486643767,
333.500000159368));
#12570=CARTESIAN_POINT('',(1354.72853157285,351.453038876014,
333.500000159368));
#12580=CARTESIAN_POINT('',(1354.74285767678,351.450421875895,
333.500000159368));
#12590=CARTESIAN_POINT('',(1354.75699104847,351.447034241376,
333.500000159368));
#12600=CARTESIAN_POINT('',(1354.76405746674,351.44534048825,
333.500000159368));
#12610=CARTESIAN_POINT('',(1354.77107524228,351.443454626782,
333.500000159368));
#12620=CARTESIAN_POINT('',(1354.7780291525,351.441381613832,
333.500000159368));
#12630=CARTESIAN_POINT('',(1354.78497931131,351.439309719207,
333.500000159368));
#12640=CARTESIAN_POINT('',(1354.79188868222,351.437044124317,
333.500000159368));
#12650=CARTESIAN_POINT('',(1354.79874662866,351.434585483773,
333.500000159368));
#12660=CARTESIAN_POINT('',(1354.81246206244,351.429668367272,
333.500000159368));
#12670=CARTESIAN_POINT('',(1354.82596369954,351.423979794283,
333.500000159368));
#12680=CARTESIAN_POINT('',(1354.83912897868,351.417557534148,
333.500000159368));
#12690=CARTESIAN_POINT('',(1354.85229414381,351.411135329624,
333.500000159368));
#12700=CARTESIAN_POINT('',(1354.86511874451,351.403981359331,
333.500000159368));
#12710=CARTESIAN_POINT('',(1354.87748925796,351.396161424154,
333.500000159368));
#12720=CARTESIAN_POINT('',(1354.88985996482,351.388341366717,
333.500000159368));
#12730=CARTESIAN_POINT('',(1354.90177284253,351.379857960582,
333.500000159368));
#12740=CARTESIAN_POINT('',(1354.91313596428,351.370797104889,
333.500000159368));
#12750=CARTESIAN_POINT('',(1354.9244790456,351.361752229256,
333.500000159368));
#12760=CARTESIAN_POINT('',(1354.93536163712,351.35206535429,
333.500000159368));
#12770=CARTESIAN_POINT('',(1354.94572824269,351.341762243301,
333.500000159368));
#12780=CARTESIAN_POINT('',(1354.95609120993,351.331462748361,
333.500000159368));
#12790=CARTESIAN_POINT('',(1354.96591857556,351.320563630021,
333.500000159368));
#12800=CARTESIAN_POINT('',(1354.97511785477,351.309156809792,
333.500000159368));
#12810=CARTESIAN_POINT('',(1354.98431714054,351.297749981425,
333.500000159368));
#12820=CARTESIAN_POINT('',(1354.99288542781,351.285839077466,
333.500000159368));
#12830=CARTESIAN_POINT('',(1355.00075336211,351.273534232195,
333.500000159368));
#12840=CARTESIAN_POINT('',(1355.00862626246,351.261221620402,
333.500000159368));
#12850=CARTESIAN_POINT('',(1355.01577828341,351.248553717208,
333.500000159368));
#12860=CARTESIAN_POINT('',(1355.02222053664,351.235542780298,
333.500000159368));
#12870=CARTESIAN_POINT('',(1355.02867303134,351.222511159448,
333.500000159368));
#12880=CARTESIAN_POINT('',(1355.03444297108,351.209066066526,
333.500000159368));
#12890=CARTESIAN_POINT('',(1355.03946633269,351.195316474727,
333.500000159368));
#12900=CARTESIAN_POINT('',(1355.04448962319,351.181567077583,
333.500000159368));
#12910=CARTESIAN_POINT('',(1355.04876458468,351.167517414655,
333.500000159368));
#12920=CARTESIAN_POINT('',(1355.05225180575,351.153292697759,
333.500000159368));
#12930=CARTESIAN_POINT('',(1355.05573906207,351.139067837103,
333.500000159368));
#12940=CARTESIAN_POINT('',(1355.05843761269,351.124672435412,
333.500000159368));
#12950=CARTESIAN_POINT('',(1355.06033742294,351.110233900113,
333.500000159368));
#12960=CARTESIAN_POINT('',(1355.0612876254,351.103012372762,
333.500000159368));
#12970=CARTESIAN_POINT('',(1355.06203759069,351.095790799109,
333.500000159368));
#12980=CARTESIAN_POINT('',(1355.0625910061,351.088554650919,
333.500000159368));
#12990=CARTESIAN_POINT('',(1355.06314484583,351.081312954585,
333.500000159368));
#13000=CARTESIAN_POINT('',(1355.06350269412,351.074038226745,
333.500000159368));
#13010=CARTESIAN_POINT('',(1355.06366122889,351.06674570221,
333.500000159368));
#13020=CARTESIAN_POINT('',(1355.06397830561,351.052160322909,
333.500000159368));
#13030=CARTESIAN_POINT('',(1355.06349628163,351.037505171459,
333.500000159368));
#13040=CARTESIAN_POINT('',(1355.06220897232,351.022909419818,
333.500000159368));
#13050=CARTESIAN_POINT('',(1355.06092166903,351.008313736413,
333.500000159368));
#13060=CARTESIAN_POINT('',(1355.05882942519,350.993782083266,
333.500000159368));
#13070=CARTESIAN_POINT('',(1355.05595549738,350.979443294232,
333.500000159368));
#13080=CARTESIAN_POINT('',(1355.05308151272,350.965104221513,
333.500000159368));
#13090=CARTESIAN_POINT('',(1355.049426993,350.950962380165,
333.500000159368));
#13100=CARTESIAN_POINT('',(1355.0450407765,350.937131784371,
333.500000159368));
#13110=B_SPLINE_CURVE_WITH_KNOTS('',3,(#12560,#12570,#12580,#12590,
#12600,#12610,#12620,#12630,#12640,#12650,#12660,#12670,#12680,#12690,
#12700,#12710,#12720,#12730,#12740,#12750,#12760,#12770,#12780,#12790,
#12800,#12810,#12820,#12830,#12840,#12850,#12860,#12870,#12880,#12890,
#12900,#12910,#12920,#12930,#12940,#12950,#12960,#12970,#12980,#12990,
#13000,#13010,#13020,#13030,#13040,#13050,#13060,#13070,#13080,#13090,
#13100),.UNSPECIFIED.,.F.,.F.,(4,3,3,3,3,3,3,3,3,3,3,3,3,3,3,3,3,3,4),(
0.,0.0435850618988242,0.06537201575455,0.08717841298535,
0.131025986619157,0.174971934404489,0.21874347200238,0.262414669371843,
0.306332780161419,0.35024271859286,0.393901412024241,0.437690535725991,
0.481638325826019,0.525471637474363,0.547270400652996,0.569108304876572,
0.612990639177584,0.656926387693539,0.700644769119583),.UNSPECIFIED.);
#13120=SURFACE_CURVE('',#13110,(#11730,#12550),.CURVE_3D.);
#13130=EDGE_CURVE('',#12480,#8730,#13120,.T.);
#13140=ORIENTED_EDGE('',*,*,#13130,.F.);
#13150=ORIENTED_EDGE('',*,*,#9050,.F.);
#13160=EDGE_LOOP('',(#13150,#13140,#12500,#12390));
#13170=FACE_OUTER_BOUND('',#13160,.T.);
#13180=ADVANCED_FACE('',(#13170),#11480,.F.);
#13190=CARTESIAN_POINT('',(1363.38768153539,353.399999951659,
333.155997759368));
#13200=DIRECTION('',(-0.86602540378444,-0.499999999999998,
3.00462919747433E-17));
#13210=DIRECTION('',(-0.499999999999998,0.86602540378444,
1.7347234759768E-17));
#13220=AXIS2_PLACEMENT_3D('',#13190,#13200,#13210);
#13230=PLANE('',#13220);
#13240=CARTESIAN_POINT('',(1365.35067242324,349.999999999118,
333.500000159368));
#13250=DIRECTION('',(-0.499999999999998,0.86602540378444,
1.7347234759768E-17));
#13260=VECTOR('',#13250,1.);
#13270=LINE('',#13240,#13260);
#13280=CARTESIAN_POINT('',(1363.26268153539,353.616506302605,
333.500000159368));
#13290=VERTEX_POINT('',#13280);
#13300=EDGE_CURVE('',#13290,#5290,#13270,.T.);
#13310=ORIENTED_EDGE('',*,*,#13300,.T.);
#13320=CARTESIAN_POINT('',(1363.26268153539,353.616506302605,
336.500000159368));
#13330=DIRECTION('',(3.46944695195362E-17,3.10074721046345E-32,1.));
#13340=VECTOR('',#13330,1.);
#13350=LINE('',#13320,#13340);
#13360=CARTESIAN_POINT('',(1363.26268153539,353.616506302605,
336.000000159368));
#13370=VERTEX_POINT('',#13360);
#13380=EDGE_CURVE('',#13290,#13370,#13350,.T.);
#13390=ORIENTED_EDGE('',*,*,#13380,.F.);
#13400=CARTESIAN_POINT('',(1365.35067242324,349.999999999118,
336.000000159368));
#13410=DIRECTION('',(-0.499999999999998,0.86602540378444,
1.7347234759768E-17));
#13420=VECTOR('',#13410,1.);
#13430=LINE('',#13400,#13420);
#13440=EDGE_CURVE('',#13370,#5100,#13430,.T.);
#13450=ORIENTED_EDGE('',*,*,#13440,.F.);
#13460=ORIENTED_EDGE('',*,*,#5360,.T.);
#13470=EDGE_LOOP('',(#13460,#13450,#13390,#13310));
#13480=FACE_OUTER_BOUND('',#13470,.T.);
#13490=ADVANCED_FACE('',(#13480),#13230,.F.);
#13500=CARTESIAN_POINT('',(1363.08768153539,353.919615193929,
333.155997759368));
#13510=DIRECTION('',(0.5,-0.866025403784439,-1.73472347597681E-17));
#13520=DIRECTION('',(-0.866025403784439,-0.5,3.00462919747433E-17));
#13530=AXIS2_PLACEMENT_3D('',#13500,#13510,#13520);
#13540=PLANE('',#13530);
#13550=CARTESIAN_POINT('',(1361.91255274819,353.241154272306,
333.155994759368));
#13560=DIRECTION('',(3.46944695195362E-17,4.2707496516787E-32,1.));
#13570=VECTOR('',#13560,1.);
#13580=LINE('',#13550,#13570);
#13590=CARTESIAN_POINT('',(1361.91255274819,353.241154272306,
333.500000159368));
#13600=VERTEX_POINT('',#13590);
#13610=CARTESIAN_POINT('',(1361.91255274819,353.241154272306,
336.000000159368));
#13620=VERTEX_POINT('',#13610);
#13630=EDGE_CURVE('',#13600,#13620,#13580,.T.);
#13640=ORIENTED_EDGE('',*,*,#13630,.T.);
#13650=CARTESIAN_POINT('',(1350.00000000076,346.363438736842,
333.500000159368));
#13660=DIRECTION('',(-0.866025403784439,-0.5,3.00462919747433E-17));
#13670=VECTOR('',#13660,1.);
#13680=LINE('',#13650,#13670);
#13690=EDGE_CURVE('',#5200,#13600,#13680,.T.);
#13700=ORIENTED_EDGE('',*,*,#13690,.T.);
#13710=ORIENTED_EDGE('',*,*,#5210,.F.);
#13720=CARTESIAN_POINT('',(1350.00000000076,346.363438736842,
336.000000159368));
#13730=DIRECTION('',(-0.866025403784439,-0.5,3.00462919747433E-17));
#13740=VECTOR('',#13730,1.);
#13750=LINE('',#13720,#13740);
#13760=EDGE_CURVE('',#5120,#13620,#13750,.T.);
#13770=ORIENTED_EDGE('',*,*,#13760,.F.);
#13780=EDGE_LOOP('',(#13770,#13710,#13700,#13640));
#13790=FACE_OUTER_BOUND('',#13780,.T.);
#13800=ADVANCED_FACE('',(#13790),#13540,.F.);
#13810=CARTESIAN_POINT('',(1361.01255274819,354.799999999118,
333.155997759368));
#13820=DIRECTION('',(3.46944695195362E-17,-4.09260113182289E-33,1.));
#13830=DIRECTION('',(1.,-1.17961196366423E-16,-3.46944695195362E-17));
#13840=AXIS2_PLACEMENT_3D('',#13810,#13820,#13830);
#13850=CYLINDRICAL_SURFACE('',#13840,1.8);
#13860=CARTESIAN_POINT('',(1361.01255274819,352.999999999118,
333.499997159368));
#13870=DIRECTION('',(3.46944695195362E-17,4.2707496516787E-32,1.));
#13880=VECTOR('',#13870,1.);
#13890=LINE('',#13860,#13880);
#13900=CARTESIAN_POINT('',(1361.01255274819,352.999999999118,
333.500000159368));
#13910=VERTEX_POINT('',#13900);
#13920=CARTESIAN_POINT('',(1361.01255274819,352.999999999118,
336.000000159368));
#13930=VERTEX_POINT('',#13920);
#13940=EDGE_CURVE('',#13910,#13930,#13890,.T.);
#13950=ORIENTED_EDGE('',*,*,#13940,.T.);
#13960=CARTESIAN_POINT('',(1361.01255274819,354.799999999118,
333.500000159368));
#13970=DIRECTION('',(3.46944695195362E-17,-4.09260113182289E-33,1.));
#13980=DIRECTION('',(1.,-1.17961196366423E-16,-3.46944695195362E-17));
#13990=AXIS2_PLACEMENT_3D('',#13960,#13970,#13980);
#14000=CIRCLE('',#13990,1.8);
#14010=EDGE_CURVE('',#13910,#13600,#14000,.T.);
#14020=ORIENTED_EDGE('',*,*,#14010,.F.);
#14030=ORIENTED_EDGE('',*,*,#13630,.F.);
#14040=CARTESIAN_POINT('',(1361.01255274819,354.799999999118,
336.000000159368));
#14050=DIRECTION('',(3.46944695195362E-17,-4.09260113182289E-33,1.));
#14060=DIRECTION('',(1.,-1.17961196366423E-16,-3.46944695195362E-17));
#14070=AXIS2_PLACEMENT_3D('',#14040,#14050,#14060);
#14080=CIRCLE('',#14070,1.8);
#14090=EDGE_CURVE('',#13930,#13620,#14080,.T.);
#14100=ORIENTED_EDGE('',*,*,#14090,.T.);
#14110=EDGE_LOOP('',(#14100,#14030,#14020,#13950));
#14120=FACE_OUTER_BOUND('',#14110,.T.);
#14130=ADVANCED_FACE('',(#14120),#13850,.F.);
#14140=CARTESIAN_POINT('',(1361.01255274819,352.999999999118,
333.155997759368));
#14150=DIRECTION('',(-5.85705566822885E-16,-1.,1.62281428037364E-32));
#14160=DIRECTION('',(-1.,5.85705566822885E-16,3.46944695195362E-17));
#14170=AXIS2_PLACEMENT_3D('',#14140,#14150,#14160);
#14180=PLANE('',#14170);
#14190=CARTESIAN_POINT('',(1360.24722050619,352.999999999118,
336.804005559368));
#14200=DIRECTION('',(-3.46944695195362E-17,-4.2707496516787E-32,-1.));
#14210=VECTOR('',#14200,1.);
#14220=LINE('',#14190,#14210);
#14230=CARTESIAN_POINT('',(1360.24722050619,352.999999999118,
336.000000159368));
#14240=VERTEX_POINT('',#14230);
#14250=CARTESIAN_POINT('',(1360.24722050619,352.999999999118,
333.500000159368));
#14260=VERTEX_POINT('',#14250);
#14270=EDGE_CURVE('',#14240,#14260,#14220,.T.);
#14280=ORIENTED_EDGE('',*,*,#14270,.F.);
#14290=CARTESIAN_POINT('',(1350.00000000076,352.999999999118,
333.500000159368));
#14300=DIRECTION('',(-1.,5.85705566822885E-16,3.46944695195362E-17));
#14310=VECTOR('',#14300,1.);
#14320=LINE('',#14290,#14310);
#14330=EDGE_CURVE('',#13910,#14260,#14320,.T.);
#14340=ORIENTED_EDGE('',*,*,#14330,.T.);
#14350=ORIENTED_EDGE('',*,*,#13940,.F.);
#14360=CARTESIAN_POINT('',(1350.00000000076,352.999999999118,
336.000000159368));
#14370=DIRECTION('',(-1.,5.85705566822885E-16,3.46944695195362E-17));
#14380=VECTOR('',#14370,1.);
#14390=LINE('',#14360,#14380);
#14400=EDGE_CURVE('',#13930,#14240,#14390,.T.);
#14410=ORIENTED_EDGE('',*,*,#14400,.F.);
#14420=EDGE_LOOP('',(#14410,#14350,#14340,#14280));
#14430=FACE_OUTER_BOUND('',#14420,.T.);
#14440=ADVANCED_FACE('',(#14430),#14180,.F.);
#14450=CARTESIAN_POINT('',(1360.24722050619,354.799999999118,
333.155997759368));
#14460=DIRECTION('',(-3.46944695195362E-17,4.09260113182289E-33,-1.));
#14470=DIRECTION('',(-1.,1.17961196366423E-16,3.46944695195362E-17));
#14480=AXIS2_PLACEMENT_3D('',#14450,#14460,#14470);
#14490=CYLINDRICAL_SURFACE('',#14480,1.8);
#14500=CARTESIAN_POINT('',(1359.48401354208,353.169811319873,
333.155997759368));
#14510=DIRECTION('',(-3.46944695195362E-17,4.09260113182289E-33,-1.));
#14520=VECTOR('',#14510,1.);
#14530=LINE('',#14500,#14520);
#14540=CARTESIAN_POINT('',(1359.48401354208,353.169811319873,
336.000000159368));
#14550=VERTEX_POINT('',#14540);
#14560=CARTESIAN_POINT('',(1359.48401354208,353.169811319873,
333.500000159368));
#14570=VERTEX_POINT('',#14560);
#14580=EDGE_CURVE('',#14550,#14570,#14530,.T.);
#14590=ORIENTED_EDGE('',*,*,#14580,.F.);
#14600=CARTESIAN_POINT('',(1360.24722050619,354.799999999118,
333.500000159368));
#14610=DIRECTION('',(-3.46944695195362E-17,4.09260113182289E-33,-1.));
#14620=DIRECTION('',(-1.,1.17961196366423E-16,3.46944695195362E-17));
#14630=AXIS2_PLACEMENT_3D('',#14600,#14610,#14620);
#14640=CIRCLE('',#14630,1.8);
#14650=EDGE_CURVE('',#14260,#14570,#14640,.T.);
#14660=ORIENTED_EDGE('',*,*,#14650,.T.);
#14670=ORIENTED_EDGE('',*,*,#14270,.T.);
#14680=CARTESIAN_POINT('',(1360.24722050619,354.799999999118,
336.000000159368));
#14690=DIRECTION('',(-3.46944695195362E-17,4.09260113182289E-33,-1.));
#14700=DIRECTION('',(-1.,1.17961196366423E-16,3.46944695195362E-17));
#14710=AXIS2_PLACEMENT_3D('',#14680,#14690,#14700);
#14720=CIRCLE('',#14710,1.8);
#14730=EDGE_CURVE('',#14240,#14550,#14720,.T.);
#14740=ORIENTED_EDGE('',*,*,#14730,.F.);
#14750=EDGE_LOOP('',(#14740,#14670,#14660,#14590));
#14760=FACE_OUTER_BOUND('',#14750,.T.);
#14770=ADVANCED_FACE('',(#14760),#14490,.F.);
#14780=CARTESIAN_POINT('',(1358.00000000076,349.999999999118,
333.155997759368));
#14790=DIRECTION('',(-3.46944695195362E-17,4.09260113182289E-33,-1.));
#14800=DIRECTION('',(1.,-2.35922392732846E-16,-3.46944695195362E-17));
#14810=AXIS2_PLACEMENT_3D('',#14780,#14790,#14800);
#14820=CYLINDRICAL_SURFACE('',#14810,3.5);
#14830=CARTESIAN_POINT('',(1356.07962264227,352.926115308021,
333.155997759368));
#14840=DIRECTION('',(-3.46944695195362E-17,4.09260113182289E-33,-1.));
#14850=VECTOR('',#14840,1.);
#14860=LINE('',#14830,#14850);
#14870=CARTESIAN_POINT('',(1356.07962264227,352.926115308021,
336.000000159368));
#14880=VERTEX_POINT('',#14870);
#14890=CARTESIAN_POINT('',(1356.07962264227,352.926115308021,
333.500000159368));
#14900=VERTEX_POINT('',#14890);
#14910=EDGE_CURVE('',#14880,#14900,#14860,.T.);
#14920=ORIENTED_EDGE('',*,*,#14910,.F.);
#14930=CARTESIAN_POINT('',(1358.00000000076,349.999999999118,
333.500000159368));
#14940=DIRECTION('',(-3.46944695195362E-17,4.09260113182289E-33,-1.));
#14950=DIRECTION('',(1.,-2.35922392732846E-16,-3.46944695195362E-17));
#14960=AXIS2_PLACEMENT_3D('',#14930,#14940,#14950);
#14970=CIRCLE('',#14960,3.5);
#14980=EDGE_CURVE('',#14900,#14570,#14970,.T.);
#14990=ORIENTED_EDGE('',*,*,#14980,.F.);
#15000=ORIENTED_EDGE('',*,*,#14580,.T.);
#15010=CARTESIAN_POINT('',(1358.00000000076,349.999999999118,
336.000000159368));
#15020=DIRECTION('',(-3.46944695195362E-17,4.09260113182289E-33,-1.));
#15030=DIRECTION('',(1.,-2.35922392732846E-16,-3.46944695195362E-17));
#15040=AXIS2_PLACEMENT_3D('',#15010,#15020,#15030);
#15050=CIRCLE('',#15040,3.5);
#15060=EDGE_CURVE('',#14880,#14550,#15050,.T.);
#15070=ORIENTED_EDGE('',*,*,#15060,.T.);
#15080=EDGE_LOOP('',(#15070,#15000,#14990,#14920));
#15090=FACE_OUTER_BOUND('',#15080,.T.);
#15100=ADVANCED_FACE('',(#15090),#14820,.T.);
#15110=CARTESIAN_POINT('',(1355.09200000076,354.430974609743,
333.155997759368));
#15120=DIRECTION('',(-3.46944695195362E-17,4.09260113182289E-33,-1.));
#15130=DIRECTION('',(-1.,1.17961196366423E-16,3.46944695195362E-17));
#15140=AXIS2_PLACEMENT_3D('',#15110,#15120,#15130);
#15150=CYLINDRICAL_SURFACE('',#15140,1.8);
#15160=CARTESIAN_POINT('',(1354.32351020484,352.803269650738,
333.155997759368));
#15170=DIRECTION('',(-3.46944695195362E-17,4.09260113182289E-33,-1.));
#15180=VECTOR('',#15170,1.);
#15190=LINE('',#15160,#15180);
#15200=CARTESIAN_POINT('',(1354.32351020484,352.803269650738,
336.000000159368));
#15210=VERTEX_POINT('',#15200);
#15220=CARTESIAN_POINT('',(1354.32351020484,352.803269650738,
333.500000159368));
#15230=VERTEX_POINT('',#15220);
#15240=EDGE_CURVE('',#15210,#15230,#15190,.T.);
#15250=ORIENTED_EDGE('',*,*,#15240,.F.);
#15260=CARTESIAN_POINT('',(1355.09200000076,354.430974609743,
333.500000159368));
#15270=DIRECTION('',(-3.46944695195362E-17,4.09260113182289E-33,-1.));
#15280=DIRECTION('',(-1.,1.17961196366423E-16,3.46944695195362E-17));
#15290=AXIS2_PLACEMENT_3D('',#15260,#15270,#15280);
#15300=CIRCLE('',#15290,1.8);
#15310=EDGE_CURVE('',#14900,#15230,#15300,.T.);
#15320=ORIENTED_EDGE('',*,*,#15310,.T.);
#15330=ORIENTED_EDGE('',*,*,#14910,.T.);
#15340=CARTESIAN_POINT('',(1355.09200000076,354.430974609743,
336.000000159368));
#15350=DIRECTION('',(-3.46944695195362E-17,4.09260113182289E-33,-1.));
#15360=DIRECTION('',(-1.,1.17961196366423E-16,3.46944695195362E-17));
#15370=AXIS2_PLACEMENT_3D('',#15340,#15350,#15360);
#15380=CIRCLE('',#15370,1.8);
#15390=EDGE_CURVE('',#14880,#15210,#15380,.T.);
#15400=ORIENTED_EDGE('',*,*,#15390,.F.);
#15410=EDGE_LOOP('',(#15400,#15330,#15320,#15250));
#15420=FACE_OUTER_BOUND('',#15410,.T.);
#15430=ADVANCED_FACE('',(#15420),#15150,.F.);
#15440=CARTESIAN_POINT('',(1353.00000000076,349.999999999118,
333.155997759368));
#15450=DIRECTION('',(3.46944695195362E-17,-4.09260113182289E-33,1.));
#15460=DIRECTION('',(1.,-2.35922392732846E-16,-3.46944695195362E-17));
#15470=AXIS2_PLACEMENT_3D('',#15440,#15450,#15460);
#15480=CYLINDRICAL_SURFACE('',#15470,4.1);
#15490=CARTESIAN_POINT('',(1353.00000000076,349.999999999118,
336.000000159368));
#15500=DIRECTION('',(3.46944695195362E-17,-4.09260113182289E-33,1.));
#15510=DIRECTION('',(1.,-2.35922392732846E-16,-3.46944695195362E-17));
#15520=AXIS2_PLACEMENT_3D('',#15490,#15500,#15510);
#15530=CIRCLE('',#15520,4.1);
#15540=CARTESIAN_POINT('',(1354.75044898035,353.707550183518,
336.000000159368));
#15550=VERTEX_POINT('',#15540);
#15560=CARTESIAN_POINT('',(1351.46302201606,353.801012847628,
336.000000159368));
#15570=VERTEX_POINT('',#15560);
#15580=EDGE_CURVE('',#15550,#15570,#15530,.T.);
#15590=ORIENTED_EDGE('',*,*,#15580,.T.);
#15600=CARTESIAN_POINT('',(1354.75044898035,353.707550183518,
333.155997759368));
#15610=DIRECTION('',(3.46944695195362E-17,-4.09260113182289E-33,1.));
#15620=VECTOR('',#15610,1.);
#15630=LINE('',#15600,#15620);
#15640=CARTESIAN_POINT('',(1354.75044898035,353.707550183518,
333.500000159368));
#15650=VERTEX_POINT('',#15640);
#15660=EDGE_CURVE('',#15650,#15550,#15630,.T.);
#15670=ORIENTED_EDGE('',*,*,#15660,.T.);
#15680=CARTESIAN_POINT('',(1353.00000000076,349.999999999118,
333.500000159368));
#15690=DIRECTION('',(3.46944695195362E-17,-4.09260113182289E-33,1.));
#15700=DIRECTION('',(1.,-2.35922392732846E-16,-3.46944695195362E-17));
#15710=AXIS2_PLACEMENT_3D('',#15680,#15690,#15700);
#15720=CIRCLE('',#15710,4.1);
#15730=CARTESIAN_POINT('',(1351.46302201606,353.801012847628,
333.500000159368));
#15740=VERTEX_POINT('',#15730);
#15750=EDGE_CURVE('',#15650,#15740,#15720,.T.);
#15760=ORIENTED_EDGE('',*,*,#15750,.F.);
#15770=CARTESIAN_POINT('',(1351.46302201606,353.801012847628,
333.155997759368));
#15780=DIRECTION('',(3.46944695195362E-17,-4.09260113182289E-33,1.));
#15790=VECTOR('',#15780,1.);
#15800=LINE('',#15770,#15790);
#15810=EDGE_CURVE('',#15740,#15570,#15800,.T.);
#15820=ORIENTED_EDGE('',*,*,#15810,.F.);
#15830=EDGE_LOOP('',(#15820,#15760,#15670,#15590));
#15840=FACE_OUTER_BOUND('',#15830,.T.);
#15850=ADVANCED_FACE('',(#15840),#15480,.F.);
#15860=CARTESIAN_POINT('',(1355.09200000076,354.430974609743,
333.155997759368));
#15870=DIRECTION('',(-3.46944695195362E-17,4.09260113182289E-33,-1.));
#15880=DIRECTION('',(-1.,1.17961196366423E-16,3.46944695195362E-17));
#15890=AXIS2_PLACEMENT_3D('',#15860,#15870,#15880);
#15900=CYLINDRICAL_SURFACE('',#15890,3.);
#15910=ORIENTED_EDGE('',*,*,#12490,.F.);
#15920=CARTESIAN_POINT('',(1355.09200000076,354.430974609743,
336.000000159368));
#15930=DIRECTION('',(-3.46944695195362E-17,4.09260113182289E-33,-1.));
#15940=DIRECTION('',(-1.,1.17961196366423E-16,3.46944695195362E-17));
#15950=AXIS2_PLACEMENT_3D('',#15920,#15930,#15940);
#15960=CIRCLE('',#15950,3.);
#15970=CARTESIAN_POINT('',(1353.81118367423,351.718133011401,
336.000000159368));
#15980=VERTEX_POINT('',#15970);
#15990=EDGE_CURVE('',#12370,#15980,#15960,.T.);
#16000=ORIENTED_EDGE('',*,*,#15990,.F.);
#16010=CARTESIAN_POINT('',(1353.81118367423,351.718133011401,
333.155997759368));
#16020=DIRECTION('',(-3.46944695195362E-17,4.09260113182289E-33,-1.));
#16030=VECTOR('',#16020,1.);
#16040=LINE('',#16010,#16030);
#16050=CARTESIAN_POINT('',(1353.81118367423,351.718133011401,
333.500000159368));
#16060=VERTEX_POINT('',#16050);
#16070=EDGE_CURVE('',#15980,#16060,#16040,.T.);
#16080=ORIENTED_EDGE('',*,*,#16070,.F.);
#16090=CARTESIAN_POINT('',(1355.09200000076,354.430974609743,
333.500000159368));
#16100=DIRECTION('',(-3.46944695195362E-17,4.09260113182289E-33,-1.));
#16110=DIRECTION('',(-1.,1.17961196366423E-16,3.46944695195362E-17));
#16120=AXIS2_PLACEMENT_3D('',#16090,#16100,#16110);
#16130=CIRCLE('',#16120,3.);
#16140=EDGE_CURVE('',#12480,#16060,#16130,.T.);
#16150=ORIENTED_EDGE('',*,*,#16140,.T.);
#16160=EDGE_LOOP('',(#16150,#16080,#16000,#15910));
#16170=FACE_OUTER_BOUND('',#16160,.T.);
#16180=ADVANCED_FACE('',(#16170),#15900,.F.);
#16190=CARTESIAN_POINT('',(1353.00000000076,349.999999999118,
333.155997759368));
#16200=DIRECTION('',(3.46944695195362E-17,-4.09260113182289E-33,1.));
#16210=DIRECTION('',(1.,-2.35922392732846E-16,-3.46944695195362E-17));
#16220=AXIS2_PLACEMENT_3D('',#16190,#16200,#16210);
#16230=CYLINDRICAL_SURFACE('',#16220,1.9);
#16240=CARTESIAN_POINT('',(1353.00000000076,349.999999999118,
333.500000159368));
#16250=DIRECTION('',(3.46944695195362E-17,-4.09260113182289E-33,1.));
#16260=DIRECTION('',(1.,-2.35922392732846E-16,-3.46944695195362E-17));
#16270=AXIS2_PLACEMENT_3D('',#16240,#16250,#16260);
#16280=CIRCLE('',#16270,1.9);
#16290=CARTESIAN_POINT('',(1351.85225191615,351.514157961248,
333.500000159368));
#16300=VERTEX_POINT('',#16290);
#16310=EDGE_CURVE('',#16060,#16300,#16280,.T.);
#16320=ORIENTED_EDGE('',*,*,#16310,.T.);
#16330=ORIENTED_EDGE('',*,*,#16070,.T.);
#16340=CARTESIAN_POINT('',(1353.00000000076,349.999999999118,
336.000000159368));
#16350=DIRECTION('',(3.46944695195362E-17,-4.09260113182289E-33,1.));
#16360=DIRECTION('',(1.,-2.35922392732846E-16,-3.46944695195362E-17));
#16370=AXIS2_PLACEMENT_3D('',#16340,#16350,#16360);
#16380=CIRCLE('',#16370,1.9);
#16390=CARTESIAN_POINT('',(1351.85225191615,351.514157961248,
336.000000159368));
#16400=VERTEX_POINT('',#16390);
#16410=EDGE_CURVE('',#15980,#16400,#16380,.T.);
#16420=ORIENTED_EDGE('',*,*,#16410,.F.);
#16430=CARTESIAN_POINT('',(1351.85225191615,351.514157961248,
333.155997759368));
#16440=DIRECTION('',(3.46944695195362E-17,-4.09260113182289E-33,1.));
#16450=VECTOR('',#16440,1.);
#16460=LINE('',#16430,#16450);
#16470=EDGE_CURVE('',#16300,#16400,#16460,.T.);
#16480=ORIENTED_EDGE('',*,*,#16470,.T.);
#16490=EDGE_LOOP('',(#16480,#16420,#16330,#16320));
#16500=FACE_OUTER_BOUND('',#16490,.T.);
#16510=ADVANCED_FACE('',(#16500),#16230,.T.);
#16520=CARTESIAN_POINT('',(1353.00000000076,349.999999999118,
333.155997759368));
#16530=DIRECTION('',(3.46944695195362E-17,-4.09260113182289E-33,1.));
#16540=DIRECTION('',(1.,-2.35922392732846E-16,-3.46944695195362E-17));
#16550=AXIS2_PLACEMENT_3D('',#16520,#16530,#16540);
#16560=CYLINDRICAL_SURFACE('',#16550,3.1);
#16570=CARTESIAN_POINT('',(1353.00000000076,349.999999999118,
333.500000159368));
#16580=DIRECTION('',(3.46944695195362E-17,-4.09260113182289E-33,1.));
#16590=DIRECTION('',(1.,-2.35922392732846E-16,-3.46944695195362E-17));
#16600=AXIS2_PLACEMENT_3D('',#16570,#16580,#16590);
#16610=CIRCLE('',#16600,3.1);
#16620=CARTESIAN_POINT('',(1351.83789469525,352.873936543113,
333.500000159368));
#16630=VERTEX_POINT('',#16620);
#16640=EDGE_CURVE('',#15230,#16630,#16610,.T.);
#16650=ORIENTED_EDGE('',*,*,#16640,.T.);
#16660=ORIENTED_EDGE('',*,*,#15240,.T.);
#16670=CARTESIAN_POINT('',(1353.00000000076,349.999999999118,
336.000000159368));
#16680=DIRECTION('',(3.46944695195362E-17,-4.09260113182289E-33,1.));
#16690=DIRECTION('',(1.,-2.35922392732846E-16,-3.46944695195362E-17));
#16700=AXIS2_PLACEMENT_3D('',#16670,#16680,#16690);
#16710=CIRCLE('',#16700,3.1);
#16720=CARTESIAN_POINT('',(1351.83789469525,352.873936543113,
336.000000159368));
#16730=VERTEX_POINT('',#16720);
#16740=EDGE_CURVE('',#15210,#16730,#16710,.T.);
#16750=ORIENTED_EDGE('',*,*,#16740,.F.);
#16760=CARTESIAN_POINT('',(1351.83789469525,352.873936543113,
333.155997759368));
#16770=DIRECTION('',(3.46944695195362E-17,-4.09260113182289E-33,1.));
#16780=VECTOR('',#16770,1.);
#16790=LINE('',#16760,#16780);
#16800=EDGE_CURVE('',#16630,#16730,#16790,.T.);
#16810=ORIENTED_EDGE('',*,*,#16800,.T.);
#16820=EDGE_LOOP('',(#16810,#16750,#16660,#16650));
#16830=FACE_OUTER_BOUND('',#16820,.T.);
#16840=ADVANCED_FACE('',(#16830),#16560,.T.);
#16850=CARTESIAN_POINT('',(1355.09200000076,354.430974609743,
333.155997759368));
#16860=DIRECTION('',(-3.46944695195362E-17,4.09260113182289E-33,-1.));
#16870=DIRECTION('',(-1.,1.17961196366423E-16,3.46944695195362E-17));
#16880=AXIS2_PLACEMENT_3D('',#16850,#16860,#16870);
#16890=CYLINDRICAL_SURFACE('',#16880,0.8);
#16900=CARTESIAN_POINT('',(1355.53094339699,353.762148253422,
333.155997759368));
#16910=DIRECTION('',(-3.46944695195362E-17,4.09260113182289E-33,-1.));
#16920=VECTOR('',#16910,1.);
#16930=LINE('',#16900,#16920);
#16940=CARTESIAN_POINT('',(1355.53094339699,353.762148253422,
336.000000159368));
#16950=VERTEX_POINT('',#16940);
#16960=CARTESIAN_POINT('',(1355.53094339699,353.762148253422,
333.500000159368));
#16970=VERTEX_POINT('',#16960);
#16980=EDGE_CURVE('',#16950,#16970,#16930,.T.);
#16990=ORIENTED_EDGE('',*,*,#16980,.F.);
#17000=CARTESIAN_POINT('',(1355.09200000076,354.430974609743,
333.500000159368));
#17010=DIRECTION('',(-3.46944695195362E-17,4.09260113182289E-33,-1.));
#17020=DIRECTION('',(-1.,1.17961196366423E-16,3.46944695195362E-17));
#17030=AXIS2_PLACEMENT_3D('',#17000,#17010,#17020);
#17040=CIRCLE('',#17030,0.8);
#17050=EDGE_CURVE('',#16970,#15650,#17040,.T.);
#17060=ORIENTED_EDGE('',*,*,#17050,.F.);
#17070=ORIENTED_EDGE('',*,*,#15660,.F.);
#17080=CARTESIAN_POINT('',(1355.09200000076,354.430974609743,
336.000000159368));
#17090=DIRECTION('',(-3.46944695195362E-17,4.09260113182289E-33,-1.));
#17100=DIRECTION('',(-1.,1.17961196366423E-16,3.46944695195362E-17));
#17110=AXIS2_PLACEMENT_3D('',#17080,#17090,#17100);
#17120=CIRCLE('',#17110,0.8);
#17130=EDGE_CURVE('',#16950,#15550,#17120,.T.);
#17140=ORIENTED_EDGE('',*,*,#17130,.T.);
#17150=EDGE_LOOP('',(#17140,#17070,#17060,#16990));
#17160=FACE_OUTER_BOUND('',#17150,.T.);
#17170=ADVANCED_FACE('',(#17160),#16890,.T.);
#17180=CARTESIAN_POINT('',(1358.00000000076,349.999999999118,
333.155997759368));
#17190=DIRECTION('',(-3.46944695195362E-17,4.09260113182289E-33,-1.));
#17200=DIRECTION('',(1.,-2.35922392732846E-16,-3.46944695195362E-17));
#17210=AXIS2_PLACEMENT_3D('',#17180,#17190,#17200);
#17220=CYLINDRICAL_SURFACE('',#17210,4.5);
#17230=CARTESIAN_POINT('',(1359.90801741103,354.075471697231,
333.155997759368));
#17240=DIRECTION('',(-3.46944695195362E-17,4.09260113182289E-33,-1.));
#17250=VECTOR('',#17240,1.);
#17260=LINE('',#17230,#17250);
#17270=CARTESIAN_POINT('',(1359.90801741103,354.075471697231,
336.000000159368));
#17280=VERTEX_POINT('',#17270);
#17290=CARTESIAN_POINT('',(1359.90801741103,354.075471697231,
333.500000159368));
#17300=VERTEX_POINT('',#17290);
#17310=EDGE_CURVE('',#17280,#17300,#17260,.T.);
#17320=ORIENTED_EDGE('',*,*,#17310,.F.);
#17330=CARTESIAN_POINT('',(1358.00000000076,349.999999999118,
333.500000159368));
#17340=DIRECTION('',(-3.46944695195362E-17,4.09260113182289E-33,-1.));
#17350=DIRECTION('',(1.,-2.35922392732846E-16,-3.46944695195362E-17));
#17360=AXIS2_PLACEMENT_3D('',#17330,#17340,#17350);
#17370=CIRCLE('',#17360,4.5);
#17380=EDGE_CURVE('',#16970,#17300,#17370,.T.);
#17390=ORIENTED_EDGE('',*,*,#17380,.T.);
#17400=ORIENTED_EDGE('',*,*,#16980,.T.);
#17410=CARTESIAN_POINT('',(1358.00000000076,349.999999999118,
336.000000159368));
#17420=DIRECTION('',(-3.46944695195362E-17,4.09260113182289E-33,-1.));
#17430=DIRECTION('',(1.,-2.35922392732846E-16,-3.46944695195362E-17));
#17440=AXIS2_PLACEMENT_3D('',#17410,#17420,#17430);
#17450=CIRCLE('',#17440,4.5);
#17460=EDGE_CURVE('',#16950,#17280,#17450,.T.);
#17470=ORIENTED_EDGE('',*,*,#17460,.F.);
#17480=EDGE_LOOP('',(#17470,#17400,#17390,#17320));
#17490=FACE_OUTER_BOUND('',#17480,.T.);
#17500=ADVANCED_FACE('',(#17490),#17220,.F.);
#17510=CARTESIAN_POINT('',(1360.24722050619,354.799999999118,
333.155997759368));
#17520=DIRECTION('',(-3.46944695195362E-17,4.09260113182289E-33,-1.));
#17530=DIRECTION('',(-1.,1.17961196366423E-16,3.46944695195362E-17));
#17540=AXIS2_PLACEMENT_3D('',#17510,#17520,#17530);
#17550=CYLINDRICAL_SURFACE('',#17540,0.8);
#17560=CARTESIAN_POINT('',(1360.24722050619,353.999999999118,
336.000003909368));
#17570=DIRECTION('',(-3.46944695195362E-17,-4.2707496516787E-32,-1.));
#17580=VECTOR('',#17570,1.);
#17590=LINE('',#17560,#17580);
#17600=CARTESIAN_POINT('',(1360.24722050619,353.999999999118,
336.000000159368));
#17610=VERTEX_POINT('',#17600);
#17620=CARTESIAN_POINT('',(1360.24722050619,353.999999999118,
333.500000159368));
#17630=VERTEX_POINT('',#17620);
#17640=EDGE_CURVE('',#17610,#17630,#17590,.T.);
#17650=ORIENTED_EDGE('',*,*,#17640,.F.);
#17660=CARTESIAN_POINT('',(1360.24722050619,354.799999999118,
333.500000159368));
#17670=DIRECTION('',(-3.46944695195362E-17,4.09260113182289E-33,-1.));
#17680=DIRECTION('',(-1.,1.17961196366423E-16,3.46944695195362E-17));
#17690=AXIS2_PLACEMENT_3D('',#17660,#17670,#17680);
#17700=CIRCLE('',#17690,0.8);
#17710=EDGE_CURVE('',#17630,#17300,#17700,.T.);
#17720=ORIENTED_EDGE('',*,*,#17710,.F.);
#17730=ORIENTED_EDGE('',*,*,#17310,.T.);
#17740=CARTESIAN_POINT('',(1360.24722050619,354.799999999118,
336.000000159368));
#17750=DIRECTION('',(-3.46944695195362E-17,4.09260113182289E-33,-1.));
#17760=DIRECTION('',(-1.,1.17961196366423E-16,3.46944695195362E-17));
#17770=AXIS2_PLACEMENT_3D('',#17740,#17750,#17760);
#17780=CIRCLE('',#17770,0.8);
#17790=EDGE_CURVE('',#17610,#17280,#17780,.T.);
#17800=ORIENTED_EDGE('',*,*,#17790,.T.);
#17810=EDGE_LOOP('',(#17800,#17730,#17720,#17650));
#17820=FACE_OUTER_BOUND('',#17810,.T.);
#17830=ADVANCED_FACE('',(#17820),#17550,.T.);
#17840=CARTESIAN_POINT('',(1360.24722050619,353.999999999118,
333.155997759368));
#17850=DIRECTION('',(5.85705566822885E-16,1.,-1.62281428037364E-32));
#17860=DIRECTION('',(1.,-5.85705566822885E-16,-3.46944695195362E-17));
#17870=AXIS2_PLACEMENT_3D('',#17840,#17850,#17860);
#17880=PLANE('',#17870);
#17890=ORIENTED_EDGE('',*,*,#17640,.T.);
#17900=CARTESIAN_POINT('',(1350.00000000076,353.999999999118,
336.000000159368));
#17910=DIRECTION('',(1.,-5.85705566822885E-16,-3.46944695195362E-17));
#17920=VECTOR('',#17910,1.);
#17930=LINE('',#17900,#17920);
#17940=CARTESIAN_POINT('',(1361.01255274819,353.999999999118,
336.000000159368));
#17950=VERTEX_POINT('',#17940);
#17960=EDGE_CURVE('',#17610,#17950,#17930,.T.);
#17970=ORIENTED_EDGE('',*,*,#17960,.F.);
#17980=CARTESIAN_POINT('',(1361.01255274819,353.999999999118,
336.804006309368));
#17990=DIRECTION('',(-3.46944695195362E-17,-4.2707496516787E-32,-1.));
#18000=VECTOR('',#17990,1.);
#18010=LINE('',#17980,#18000);
#18020=CARTESIAN_POINT('',(1361.01255274819,353.999999999118,
333.500000159368));
#18030=VERTEX_POINT('',#18020);
#18040=EDGE_CURVE('',#17950,#18030,#18010,.T.);
#18050=ORIENTED_EDGE('',*,*,#18040,.F.);
#18060=CARTESIAN_POINT('',(1350.00000000076,353.999999999118,
333.500000159368));
#18070=DIRECTION('',(1.,-5.85705566822885E-16,-3.46944695195362E-17));
#18080=VECTOR('',#18070,1.);
#18090=LINE('',#18060,#18080);
#18100=EDGE_CURVE('',#17630,#18030,#18090,.T.);
#18110=ORIENTED_EDGE('',*,*,#18100,.T.);
#18120=EDGE_LOOP('',(#18110,#18050,#17970,#17890));
#18130=FACE_OUTER_BOUND('',#18120,.T.);
#18140=ADVANCED_FACE('',(#18130),#17880,.F.);
#18150=CARTESIAN_POINT('',(1361.01255274819,354.799999999118,
333.155997759368));
#18160=DIRECTION('',(-3.46944695195362E-17,4.09260113182289E-33,-1.));
#18170=DIRECTION('',(-1.,1.17961196366423E-16,3.46944695195362E-17));
#18180=AXIS2_PLACEMENT_3D('',#18150,#18160,#18170);
#18190=CYLINDRICAL_SURFACE('',#18180,0.8);
#18200=CARTESIAN_POINT('',(1361.41255274819,354.107179676091,
336.000003909368));
#18210=DIRECTION('',(-3.46944695195362E-17,-4.2707496516787E-32,-1.));
#18220=VECTOR('',#18210,1.);
#18230=LINE('',#18200,#18220);
#18240=CARTESIAN_POINT('',(1361.41255274819,354.107179676091,
336.000000159368));
#18250=VERTEX_POINT('',#18240);
#18260=CARTESIAN_POINT('',(1361.41255274819,354.107179676091,
333.500000159368));
#18270=VERTEX_POINT('',#18260);
#18280=EDGE_CURVE('',#18250,#18270,#18230,.T.);
#18290=ORIENTED_EDGE('',*,*,#18280,.F.);
#18300=CARTESIAN_POINT('',(1361.01255274819,354.799999999118,
333.500000159368));
#18310=DIRECTION('',(-3.46944695195362E-17,4.09260113182289E-33,-1.));
#18320=DIRECTION('',(-1.,1.17961196366423E-16,3.46944695195362E-17));
#18330=AXIS2_PLACEMENT_3D('',#18300,#18310,#18320);
#18340=CIRCLE('',#18330,0.8);
#18350=EDGE_CURVE('',#18270,#18030,#18340,.T.);
#18360=ORIENTED_EDGE('',*,*,#18350,.F.);
#18370=ORIENTED_EDGE('',*,*,#18040,.T.);
#18380=CARTESIAN_POINT('',(1361.01255274819,354.799999999118,
336.000000159368));
#18390=DIRECTION('',(-3.46944695195362E-17,4.09260113182289E-33,-1.));
#18400=DIRECTION('',(-1.,1.17961196366423E-16,3.46944695195362E-17));
#18410=AXIS2_PLACEMENT_3D('',#18380,#18390,#18400);
#18420=CIRCLE('',#18410,0.8);
#18430=EDGE_CURVE('',#18250,#17950,#18420,.T.);
#18440=ORIENTED_EDGE('',*,*,#18430,.T.);
#18450=EDGE_LOOP('',(#18440,#18370,#18360,#18290));
#18460=FACE_OUTER_BOUND('',#18450,.T.);
#18470=ADVANCED_FACE('',(#18460),#18190,.T.);
#18480=CARTESIAN_POINT('',(1361.41255274819,354.107179676091,
333.155997759368));
#18490=DIRECTION('',(-0.5,0.866025403784439,1.73472347597681E-17));
#18500=DIRECTION('',(0.866025403784439,0.5,-3.00462919747433E-17));
#18510=AXIS2_PLACEMENT_3D('',#18480,#18490,#18500);
#18520=PLANE('',#18510);
#18530=CARTESIAN_POINT('',(1361.50000000076,354.157667370902,
336.500000159368));
#18540=DIRECTION('',(3.46944695195362E-17,-4.09260113182289E-33,1.));
#18550=VECTOR('',#18540,1.);
#18560=LINE('',#18530,#18550);
#18570=CARTESIAN_POINT('',(1361.50000000076,354.157667370902,
333.500000159368));
#18580=VERTEX_POINT('',#18570);
#18590=CARTESIAN_POINT('',(1361.50000000076,354.157667370902,
336.000000159368));
#18600=VERTEX_POINT('',#18590);
#18610=EDGE_CURVE('',#18580,#18600,#18560,.T.);
#18620=ORIENTED_EDGE('',*,*,#18610,.T.);
#18630=CARTESIAN_POINT('',(1350.00000000076,347.518139275222,
333.500000159368));
#18640=DIRECTION('',(0.866025403784439,0.5,-3.00462919747433E-17));
#18650=VECTOR('',#18640,1.);
#18660=LINE('',#18630,#18650);
#18670=EDGE_CURVE('',#18270,#18580,#18660,.T.);
#18680=ORIENTED_EDGE('',*,*,#18670,.T.);
#18690=ORIENTED_EDGE('',*,*,#18280,.T.);
#18700=CARTESIAN_POINT('',(1350.00000000076,347.518139275222,
336.000000159368));
#18710=DIRECTION('',(0.866025403784439,0.5,-3.00462919747433E-17));
#18720=VECTOR('',#18710,1.);
#18730=LINE('',#18700,#18720);
#18740=EDGE_CURVE('',#18250,#18600,#18730,.T.);
#18750=ORIENTED_EDGE('',*,*,#18740,.F.);
#18760=EDGE_LOOP('',(#18750,#18690,#18680,#18620));
#18770=FACE_OUTER_BOUND('',#18760,.T.);
#18780=ADVANCED_FACE('',(#18770),#18520,.F.);
#18790=CARTESIAN_POINT('',(1361.01255274819,354.799999999118,
333.155997759368));
#18800=DIRECTION('',(3.46944695195362E-17,-4.09260113182289E-33,1.));
#18810=DIRECTION('',(1.,-1.17961196366423E-16,-3.46944695195362E-17));
#18820=AXIS2_PLACEMENT_3D('',#18790,#18800,#18810);
#18830=CYLINDRICAL_SURFACE('',#18820,2.4);
#18840=ORIENTED_EDGE('',*,*,#5620,.T.);
#18850=CARTESIAN_POINT('',(1361.01255274819,354.799999999118,
333.500000159368));
#18860=DIRECTION('',(3.46944695195362E-17,-4.09260113182289E-33,1.));
#18870=DIRECTION('',(1.,-1.17961196366423E-16,-3.46944695195362E-17));
#18880=AXIS2_PLACEMENT_3D('',#18850,#18860,#18870);
#18890=CIRCLE('',#18880,2.4);
#18900=EDGE_CURVE('',#3540,#5510,#18890,.T.);
#18910=ORIENTED_EDGE('',*,*,#18900,.T.);
#18920=ORIENTED_EDGE('',*,*,#3770,.F.);
#18930=CARTESIAN_POINT('',(1361.01255274819,354.799999999118,
336.000000159368));
#18940=DIRECTION('',(3.46944695195362E-17,-4.09260113182289E-33,1.));
#18950=DIRECTION('',(1.,-1.17961196366423E-16,-3.46944695195362E-17));
#18960=AXIS2_PLACEMENT_3D('',#18930,#18940,#18950);
#18970=CIRCLE('',#18960,2.4);
#18980=EDGE_CURVE('',#3700,#5610,#18970,.T.);
#18990=ORIENTED_EDGE('',*,*,#18980,.F.);
#19000=EDGE_LOOP('',(#18990,#18920,#18910,#18840));
#19010=FACE_OUTER_BOUND('',#19000,.T.);
#19020=ADVANCED_FACE('',(#19010),#18830,.T.);
#19030=CARTESIAN_POINT('',(1360.24722050619,354.799999999118,
333.155997759368));
#19040=DIRECTION('',(-3.46944695195362E-17,4.09260113182289E-33,-1.));
#19050=DIRECTION('',(-1.,1.17961196366423E-16,3.46944695195362E-17));
#19060=AXIS2_PLACEMENT_3D('',#19030,#19040,#19050);
#19070=CYLINDRICAL_SURFACE('',#19060,2.4);
#19080=ORIENTED_EDGE('',*,*,#4610,.T.);
#19090=CARTESIAN_POINT('',(1360.24722050619,354.799999999118,
336.000000159368));
#19100=DIRECTION('',(-3.46944695195362E-17,4.09260113182289E-33,-1.));
#19110=DIRECTION('',(-1.,1.17961196366423E-16,3.46944695195362E-17));
#19120=AXIS2_PLACEMENT_3D('',#19090,#19100,#19110);
#19130=CIRCLE('',#19120,2.4);
#19140=EDGE_CURVE('',#3620,#4540,#19130,.T.);
#19150=ORIENTED_EDGE('',*,*,#19140,.T.);
#19160=ORIENTED_EDGE('',*,*,#3630,.F.);
#19170=CARTESIAN_POINT('',(1360.24722050619,354.799999999118,
333.500000159368));
#19180=DIRECTION('',(-3.46944695195362E-17,4.09260113182289E-33,-1.));
#19190=DIRECTION('',(-1.,1.17961196366423E-16,3.46944695195362E-17));
#19200=AXIS2_PLACEMENT_3D('',#19170,#19180,#19190);
#19210=CIRCLE('',#19200,2.4);
#19220=EDGE_CURVE('',#3520,#4370,#19210,.T.);
#19230=ORIENTED_EDGE('',*,*,#19220,.F.);
#19240=EDGE_LOOP('',(#19230,#19160,#19150,#19080));
#19250=FACE_OUTER_BOUND('',#19240,.T.);
#19260=ADVANCED_FACE('',(#19250),#19070,.T.);
#19270=CARTESIAN_POINT('',(1354.71413739594,348.545133560567,
333.100000159268));
#19280=CARTESIAN_POINT('',(1354.71413739594,348.545133560567,
333.650000159302));
#19290=CARTESIAN_POINT('',(1354.71413739594,348.545133560567,
334.200000159336));
#19300=CARTESIAN_POINT('',(1354.71413739594,348.545133560567,
335.300000159403));
#19310=CARTESIAN_POINT('',(1354.71413739594,348.545133560567,
335.850000159436));
#19320=CARTESIAN_POINT('',(1354.71413739594,348.545133560567,
336.400000159468));
#19330=CARTESIAN_POINT('',(1354.98139722045,348.579066296749,
333.100000159268));
#19340=CARTESIAN_POINT('',(1354.98139722045,348.579066296749,
333.650000159302));
#19350=CARTESIAN_POINT('',(1354.98139722045,348.579066296749,
334.200000159336));
#19360=CARTESIAN_POINT('',(1354.98139722045,348.579066296749,
335.300000159403));
#19370=CARTESIAN_POINT('',(1354.98139722045,348.579066296749,
335.850000159436));
#19380=CARTESIAN_POINT('',(1354.98139722045,348.579066296749,
336.400000159468));
#19390=CARTESIAN_POINT('',(1355.12648216994,348.806067622325,
333.100000159268));
#19400=CARTESIAN_POINT('',(1355.12648216994,348.806067622325,
333.650000159302));
#19410=CARTESIAN_POINT('',(1355.12648216994,348.806067622325,
334.200000159336));
#19420=CARTESIAN_POINT('',(1355.12648216994,348.806067622325,
335.300000159403));
#19430=CARTESIAN_POINT('',(1355.12648216994,348.806067622325,
335.850000159436));
#19440=CARTESIAN_POINT('',(1355.12648216994,348.806067622325,
336.400000159468));
#19450=CARTESIAN_POINT('',(1355.0450407765,349.062868213865,
333.100000159268));
#19460=CARTESIAN_POINT('',(1355.0450407765,349.062868213865,
333.650000159302));
#19470=CARTESIAN_POINT('',(1355.0450407765,349.062868213865,
334.200000159336));
#19480=CARTESIAN_POINT('',(1355.0450407765,349.062868213865,
335.300000159403));
#19490=CARTESIAN_POINT('',(1355.0450407765,349.062868213865,
335.850000159436));
#19500=CARTESIAN_POINT('',(1355.0450407765,349.062868213865,
336.400000159468));
#19510=(BOUNDED_SURFACE() B_SPLINE_SURFACE(3,3,((#19270,#19330,#19390,
#19450),(#19280,#19340,#19400,#19460),(#19290,#19350,#19410,#19470),(
#19300,#19360,#19420,#19480),(#19310,#19370,#19430,#19490),(#19320,
#19380,#19440,#19500)),.UNSPECIFIED.,.F.,.F.,.F.) 
B_SPLINE_SURFACE_WITH_KNOTS((4,2,4),(4,4),(5.13130875736456,
6.78130875746724,8.43130875756456),(0.,1.),.UNSPECIFIED.) 
GEOMETRIC_REPRESENTATION_ITEM() RATIONAL_B_SPLINE_SURFACE(((1.,
0.760252026405983,0.760252026405983,1.),(1.,0.760252026405983,
0.760252026405983,1.),(1.,0.760252026405983,0.760252026405983,1.),(1.,
0.760252026405983,0.760252026405983,1.),(1.,0.760252026405983,
0.760252026405983,1.),(1.,0.760252026405983,0.760252026405983,1.))) 
REPRESENTATION_ITEM('') SURFACE());
#19520=CARTESIAN_POINT('',(1354.71413739594,348.545133560567,
327.968691401903));
#19530=CARTESIAN_POINT('',(1354.71413739594,348.545133560567,
330.229127654393));
#19540=CARTESIAN_POINT('',(1354.71413739594,348.545133560567,
332.489563906882));
#19550=CARTESIAN_POINT('',(1354.71413739594,348.545133560567,
337.01043641186));
#19560=CARTESIAN_POINT('',(1354.71413739594,348.545133560567,
339.270872664349));
#19570=CARTESIAN_POINT('',(1354.71413739594,348.545133560567,
341.531308916838));
#19580=CARTESIAN_POINT('',(1354.98139722045,348.579066296749,
327.968691401903));
#19590=CARTESIAN_POINT('',(1354.98139722045,348.579066296749,
330.229127654393));
#19600=CARTESIAN_POINT('',(1354.98139722045,348.579066296749,
332.489563906882));
#19610=CARTESIAN_POINT('',(1354.98139722045,348.579066296749,
337.01043641186));
#19620=CARTESIAN_POINT('',(1354.98139722045,348.579066296749,
339.270872664349));
#19630=CARTESIAN_POINT('',(1354.98139722045,348.579066296749,
341.531308916838));
#19640=CARTESIAN_POINT('',(1355.12648216994,348.806067622325,
327.968691401903));
#19650=CARTESIAN_POINT('',(1355.12648216994,348.806067622325,
330.229127654393));
#19660=CARTESIAN_POINT('',(1355.12648216994,348.806067622325,
332.489563906882));
#19670=CARTESIAN_POINT('',(1355.12648216994,348.806067622325,
337.01043641186));
#19680=CARTESIAN_POINT('',(1355.12648216994,348.806067622325,
339.270872664349));
#19690=CARTESIAN_POINT('',(1355.12648216994,348.806067622325,
341.531308916838));
#19700=CARTESIAN_POINT('',(1355.0450407765,349.062868213865,
327.968691401903));
#19710=CARTESIAN_POINT('',(1355.0450407765,349.062868213865,
330.229127654393));
#19720=CARTESIAN_POINT('',(1355.0450407765,349.062868213865,
332.489563906882));
#19730=CARTESIAN_POINT('',(1355.0450407765,349.062868213865,
337.01043641186));
#19740=CARTESIAN_POINT('',(1355.0450407765,349.062868213865,
339.270872664349));
#19750=CARTESIAN_POINT('',(1355.0450407765,349.062868213865,
341.531308916838));
#19760=(BOUNDED_SURFACE() B_SPLINE_SURFACE(3,3,((#19520,#19580,#19640,
#19700),(#19530,#19590,#19650,#19710),(#19540,#19600,#19660,#19720),(
#19550,#19610,#19670,#19730),(#19560,#19620,#19680,#19740),(#19570,
#19630,#19690,#19750)),.UNSPECIFIED.,.F.,.F.,.F.) 
B_SPLINE_SURFACE_WITH_KNOTS((4,2,4),(4,4),(0.,6.78130875746724,
13.5626175149345),(0.,1.),.UNSPECIFIED.) GEOMETRIC_REPRESENTATION_ITEM()
 RATIONAL_B_SPLINE_SURFACE(((1.,0.760252026405983,0.760252026405983,1.),
(1.,0.760252026405984,0.760252026405984,1.),(1.,0.760252026405982,
0.760252026405982,1.),(1.,0.760252026405984,0.760252026405984,1.),(1.,
0.760252026405984,0.760252026405984,1.),(1.,0.760252026405983,
0.760252026405983,1.))) REPRESENTATION_ITEM('') SURFACE());
#19770=CARTESIAN_POINT('',(1355.0450407765,349.062868213865,
336.000000159368));
#19780=CARTESIAN_POINT('',(1355.049426993,349.049037618071,
336.000000159368));
#19790=CARTESIAN_POINT('',(1355.05308151272,349.034895776724,
336.000000159368));
#19800=CARTESIAN_POINT('',(1355.05595549738,349.020556704004,
336.000000159368));
#19810=CARTESIAN_POINT('',(1355.05882942519,349.006217914976,
336.000000159368));
#19820=CARTESIAN_POINT('',(1355.06092166903,348.991686261829,
336.000000159368));
#19830=CARTESIAN_POINT('',(1355.06220897232,348.977090578418,
336.000000159368));
#19840=CARTESIAN_POINT('',(1355.06349628163,348.962494826777,
336.000000159368));
#19850=CARTESIAN_POINT('',(1355.06397830561,348.947839675327,
336.000000159368));
#19860=CARTESIAN_POINT('',(1355.06366122889,348.933254296026,
336.000000159368));
#19870=CARTESIAN_POINT('',(1355.06350269412,348.925961771491,
336.000000159368));
#19880=CARTESIAN_POINT('',(1355.06314484582,348.918687043652,
336.000000159368));
#19890=CARTESIAN_POINT('',(1355.0625910061,348.911445347317,
336.000000159368));
#19900=CARTESIAN_POINT('',(1355.06203759069,348.904209199127,
336.000000159368));
#19910=CARTESIAN_POINT('',(1355.0612876254,348.896987625474,
336.000000159368));
#19920=CARTESIAN_POINT('',(1355.06033742294,348.889766098123,
336.000000159368));
#19930=CARTESIAN_POINT('',(1355.05843761269,348.875327562839,
336.000000159368));
#19940=CARTESIAN_POINT('',(1355.05573906207,348.860932161149,
336.000000159368));
#19950=CARTESIAN_POINT('',(1355.05225180575,348.846707300477,
336.000000159368));
#19960=CARTESIAN_POINT('',(1355.04876458468,348.832482583581,
336.000000159368));
#19970=CARTESIAN_POINT('',(1355.04448962319,348.818432920655,
336.000000159368));
#19980=CARTESIAN_POINT('',(1355.03946633269,348.804683523509,
336.000000159368));
#19990=CARTESIAN_POINT('',(1355.03444297108,348.790933931727,
336.000000159368));
#20000=CARTESIAN_POINT('',(1355.02867303135,348.777488838804,
336.000000159368));
#20010=CARTESIAN_POINT('',(1355.02222053664,348.764457217939,
336.000000159368));
#20020=CARTESIAN_POINT('',(1355.01577828341,348.751446281028,
336.000000159368));
#20030=CARTESIAN_POINT('',(1355.00862626246,348.738778377836,
336.000000159368));
#20040=CARTESIAN_POINT('',(1355.00075336211,348.726465766041,
336.000000159368));
#20050=CARTESIAN_POINT('',(1354.9928854278,348.714160920762,
336.000000159368));
#20060=CARTESIAN_POINT('',(1354.98431714054,348.702250016804,
336.000000159368));
#20070=CARTESIAN_POINT('',(1354.97511785477,348.690843188444,
336.000000159368));
#20080=CARTESIAN_POINT('',(1354.96591857557,348.679436368222,
336.000000159368));
#20090=CARTESIAN_POINT('',(1354.95609120993,348.668537249881,
336.000000159368));
#20100=CARTESIAN_POINT('',(1354.94572824269,348.658237754936,
336.000000159368));
#20110=CARTESIAN_POINT('',(1354.93536163712,348.647934643949,
336.000000159368));
#20120=CARTESIAN_POINT('',(1354.9244790456,348.638247768981,
336.000000159368));
#20130=CARTESIAN_POINT('',(1354.91313596428,348.629202893348,
336.000000159368));
#20140=CARTESIAN_POINT('',(1354.90177284251,348.620142037642,
336.000000159368));
#20150=CARTESIAN_POINT('',(1354.8898599648,348.61165863151,
336.000000159368));
#20160=CARTESIAN_POINT('',(1354.87748925796,348.603838574082,
336.000000159368));
#20170=CARTESIAN_POINT('',(1354.86511874451,348.596018638906,
336.000000159368));
#20180=CARTESIAN_POINT('',(1354.85229414382,348.588864668614,
336.000000159368));
#20190=CARTESIAN_POINT('',(1354.83912897868,348.582442464089,
336.000000159368));
#20200=CARTESIAN_POINT('',(1354.82596369952,348.576020203946,
336.000000159368));
#20210=CARTESIAN_POINT('',(1354.81246206243,348.57033163096,
336.000000159368));
#20220=CARTESIAN_POINT('',(1354.79874662866,348.565414514464,
336.000000159368));
#20230=CARTESIAN_POINT('',(1354.79188868222,348.56295587392,
336.000000159368));
#20240=CARTESIAN_POINT('',(1354.78497931131,348.560690279028,
336.000000159368));
#20250=CARTESIAN_POINT('',(1354.7780291525,348.558618384404,
336.000000159368));
#20260=CARTESIAN_POINT('',(1354.77107524228,348.556545371454,
336.000000159368));
#20270=CARTESIAN_POINT('',(1354.76405746674,348.554659509986,
336.000000159368));
#20280=CARTESIAN_POINT('',(1354.75699104847,348.552965756861,
336.000000159368));
#20290=CARTESIAN_POINT('',(1354.74285767678,348.549578122343,
336.000000159368));
#20300=CARTESIAN_POINT('',(1354.72853157285,348.546961122224,
336.000000159368));
#20310=CARTESIAN_POINT('',(1354.71413739594,348.545133560567,
336.000000159368));
#20320=B_SPLINE_CURVE_WITH_KNOTS('',3,(#19770,#19780,#19790,#19800,
#19810,#19820,#19830,#19840,#19850,#19860,#19870,#19880,#19890,#19900,
#19910,#19920,#19930,#19940,#19950,#19960,#19970,#19980,#19990,#20000,
#20010,#20020,#20030,#20040,#20050,#20060,#20070,#20080,#20090,#20100,
#20110,#20120,#20130,#20140,#20150,#20160,#20170,#20180,#20190,#20200,
#20210,#20220,#20230,#20240,#20250,#20260,#20270,#20280,#20290,#20300,
#20310),.UNSPECIFIED.,.F.,.F.,(4,3,3,3,3,3,3,3,3,3,3,3,3,3,3,3,3,3,4),(
0.,0.0437183814259325,0.0876541299421437,0.131536464242985,
0.153374368466596,0.175173131645295,0.219006443293373,0.2629542333934,
0.306743357094994,0.350402050526708,0.394311988958324,0.438230099748163,
0.481901297117324,0.525672834715652,0.569618782500392,0.613466356134222,
0.635272753365092,0.657059707221257,0.700644769119612),.UNSPECIFIED.);
#20330=SURFACE_CURVE('',#20320,(#19760,#11780),.CURVE_3D.);
#20340=EDGE_CURVE('',#8860,#310,#20330,.T.);
#20350=ORIENTED_EDGE('',*,*,#20340,.T.);
#20360=ORIENTED_EDGE('',*,*,#8870,.T.);
#20370=CARTESIAN_POINT('',(1355.0450407765,349.062868213865,
333.500000159368));
#20380=CARTESIAN_POINT('',(1355.04942707671,349.049037354135,
333.500000159368));
#20390=CARTESIAN_POINT('',(1355.05306833822,349.034936745708,
333.500000159368));
#20400=CARTESIAN_POINT('',(1355.0559292754,349.020687419358,
333.500000159368));
#20410=CARTESIAN_POINT('',(1355.05735968983,349.013563025949,
333.500000159368));
#20420=CARTESIAN_POINT('',(1355.05859532951,349.006402101323,
333.500000159368));
#20430=CARTESIAN_POINT('',(1355.05963430023,348.999220542304,
333.500000159368));
#20440=CARTESIAN_POINT('',(1355.06067271047,348.992042857516,
333.500000159368));
#20450=CARTESIAN_POINT('',(1355.06151819989,348.984820844345,
333.500000159368));
#20460=CARTESIAN_POINT('',(1355.06216689571,348.977564430879,
333.500000159368));
#20470=CARTESIAN_POINT('',(1355.06346424393,348.963052089727,
333.500000159368));
#20480=CARTESIAN_POINT('',(1355.06397167563,348.948409802336,
333.500000159368));
#20490=CARTESIAN_POINT('',(1355.06367199806,348.933764660007,
333.500000159368));
#20500=CARTESIAN_POINT('',(1355.06337232309,348.919119644503,
333.500000159368));
#20510=CARTESIAN_POINT('',(1355.06226551607,348.904476398549,
333.500000159368));
#20520=CARTESIAN_POINT('',(1355.0603636199,348.889965582579,
333.500000159368));
#20530=CARTESIAN_POINT('',(1355.058461694,348.875454539756,
333.500000159368));
#20540=CARTESIAN_POINT('',(1355.05576548184,348.861080421524,
333.500000159368));
#20550=CARTESIAN_POINT('',(1355.0523143357,348.846962729336,
333.500000159368));
#20560=CARTESIAN_POINT('',(1355.04886927614,348.832869935653,
333.500000159368));
#20570=CARTESIAN_POINT('',(1355.04464818847,348.818925447006,
333.500000159368));
#20580=CARTESIAN_POINT('',(1355.03965114823,348.805190448064,
333.500000159368));
#20590=CARTESIAN_POINT('',(1355.03465586179,348.79146026965,
333.500000159368));
#20600=CARTESIAN_POINT('',(1355.02889146179,348.777964359577,
333.500000159368));
#20610=CARTESIAN_POINT('',(1355.02240253181,348.764825254842,
333.500000159368));
#20620=CARTESIAN_POINT('',(1355.01591359719,348.75168614074,
333.500000159368));
#20630=CARTESIAN_POINT('',(1355.00870220066,348.738907997685,
333.500000159368));
#20640=CARTESIAN_POINT('',(1355.00083916837,348.726600019349,
333.500000159368));
#20650=CARTESIAN_POINT('',(1354.99297117312,348.714284272519,
333.500000159368));
#20660=CARTESIAN_POINT('',(1354.9844779985,348.702473550287,
333.500000159368));
#20670=CARTESIAN_POINT('',(1354.97537543529,348.691162915949,
333.500000159368));
#20680=CARTESIAN_POINT('',(1354.96625840143,348.679834300704,
333.500000159368));
#20690=CARTESIAN_POINT('',(1354.9564794811,348.668951495669,
333.500000159368));
#20700=CARTESIAN_POINT('',(1354.94611068562,348.658618368511,
333.500000159368));
#20710=CARTESIAN_POINT('',(1354.93574203693,348.648285387637,
333.500000159368));
#20720=CARTESIAN_POINT('',(1354.92478661953,348.638505451359,
333.500000159368));
#20730=CARTESIAN_POINT('',(1354.91334151782,348.629366910536,
333.500000159368));
#20740=CARTESIAN_POINT('',(1354.90189630044,348.620228277356,
333.500000159368));
#20750=CARTESIAN_POINT('',(1354.88996508907,348.611733810888,
333.500000159368));
#20760=CARTESIAN_POINT('',(1354.87765929761,348.603946123347,
333.500000159368));
#20770=CARTESIAN_POINT('',(1354.87150447597,348.600051060765,
333.500000159368));
#20780=CARTESIAN_POINT('',(1354.86526552186,348.596337703037,
333.500000159368));
#20790=CARTESIAN_POINT('',(1354.85893079875,348.592796602589,
333.500000159368));
#20800=CARTESIAN_POINT('',(1354.85259121865,348.589252787087,
333.500000159368));
#20810=CARTESIAN_POINT('',(1354.84613935353,348.58587297097,
333.500000159368));
#20820=CARTESIAN_POINT('',(1354.83958763454,348.582666567103,
333.500000159368));
#20830=CARTESIAN_POINT('',(1354.8264838999,348.576253614172,
333.500000159368));
#20840=CARTESIAN_POINT('',(1354.81298125816,348.570536580218,
333.500000159368));
#20850=CARTESIAN_POINT('',(1354.79919434147,348.565575324373,
333.500000159368));
#20860=CARTESIAN_POINT('',(1354.78540748924,348.560614091721,
333.500000159368));
#20870=CARTESIAN_POINT('',(1354.77134070919,348.556410268852,
333.500000159368));
#20880=CARTESIAN_POINT('',(1354.75712069061,348.552996853688,
333.500000159368));
#20890=CARTESIAN_POINT('',(1354.74290039069,348.549583370994,
333.500000159368));
#20900=CARTESIAN_POINT('',(1354.72853129818,348.54696108735,
333.500000159368));
#20910=CARTESIAN_POINT('',(1354.71413739594,348.545133560567,
333.500000159368));
#20920=B_SPLINE_CURVE_WITH_KNOTS('',3,(#20370,#20380,#20390,#20400,
#20410,#20420,#20430,#20440,#20450,#20460,#20470,#20480,#20490,#20500,
#20510,#20520,#20530,#20540,#20550,#20560,#20570,#20580,#20590,#20600,
#20610,#20620,#20630,#20640,#20650,#20660,#20670,#20680,#20690,#20700,
#20710,#20720,#20730,#20740,#20750,#20760,#20770,#20780,#20790,#20800,
#20810,#20820,#20830,#20840,#20850,#20860,#20870,#20880,#20890,#20900,
#20910),.UNSPECIFIED.,.F.,.F.,(4,3,3,3,3,3,3,3,3,3,3,3,3,3,3,3,3,3,4),(
0.,0.0435850618986927,0.0653720157545743,0.0871784129853939,
0.131025986619128,0.174971934404158,0.218743472002419,0.262414669371854,
0.306332780161152,0.350242718593168,0.393901412024689,0.437690535725779,
0.481638325826328,0.525471637474513,0.547270400652902,0.56910830487659,
0.612990639177733,0.656926387693112,0.700644769119642),.UNSPECIFIED.);
#20930=SURFACE_CURVE('',#20920,(#19760,#12550),.CURVE_3D.);
#20940=EDGE_CURVE('',#8750,#120,#20930,.T.);
#20950=ORIENTED_EDGE('',*,*,#20940,.F.);
#20960=ORIENTED_EDGE('',*,*,#410,.F.);
#20970=EDGE_LOOP('',(#20960,#20950,#20360,#20350));
#20980=FACE_OUTER_BOUND('',#20970,.T.);
#20990=ADVANCED_FACE('',(#20980),#19510,.F.);
#21000=CARTESIAN_POINT('',(1363.04617518445,353.491506302605,
336.500000159368));
#21010=DIRECTION('',(3.46944695195362E-17,3.10074721046345E-32,1.));
#21020=DIRECTION('',(-1.,1.17961196366423E-16,3.46944695195362E-17));
#21030=AXIS2_PLACEMENT_3D('',#21000,#21010,#21020);
#21040=CYLINDRICAL_SURFACE('',#21030,0.25);
#21050=CARTESIAN_POINT('',(1363.04617518445,353.491506302605,
336.000000159368));
#21060=DIRECTION('',(3.46944695195362E-17,3.10074721046345E-32,1.));
#21070=DIRECTION('',(-1.,1.17961196366423E-16,3.46944695195362E-17));
#21080=AXIS2_PLACEMENT_3D('',#21050,#21060,#21070);
#21090=CIRCLE('',#21080,0.25);
#21100=EDGE_CURVE('',#5690,#13370,#21090,.T.);
#21110=ORIENTED_EDGE('',*,*,#21100,.F.);
#21120=ORIENTED_EDGE('',*,*,#13380,.T.);
#21130=CARTESIAN_POINT('',(1363.04617518445,353.491506302605,
333.500000159368));
#21140=DIRECTION('',(3.46944695195362E-17,3.10074721046345E-32,1.));
#21150=DIRECTION('',(-1.,1.17961196366423E-16,3.46944695195362E-17));
#21160=AXIS2_PLACEMENT_3D('',#21130,#21140,#21150);
#21170=CIRCLE('',#21160,0.25);
#21180=EDGE_CURVE('',#5530,#13290,#21170,.T.);
#21190=ORIENTED_EDGE('',*,*,#21180,.T.);
#21200=ORIENTED_EDGE('',*,*,#5760,.F.);
#21210=EDGE_LOOP('',(#21200,#21190,#21120,#21110));
#21220=FACE_OUTER_BOUND('',#21210,.T.);
#21230=ADVANCED_FACE('',(#21220),#21040,.T.);
#21240=CARTESIAN_POINT('',(1363.04617518445,346.508493695632,
336.500000159368));
#21250=DIRECTION('',(-3.46944695195362E-17,-3.96260086057674E-32,-1.));
#21260=DIRECTION('',(1.,-1.17961196366423E-16,-3.46944695195362E-17));
#21270=AXIS2_PLACEMENT_3D('',#21240,#21250,#21260);
#21280=CYLINDRICAL_SURFACE('',#21270,0.25);
#21290=CARTESIAN_POINT('',(1363.04617518445,346.508493695632,
333.500000159368));
#21300=DIRECTION('',(-3.46944695195362E-17,-3.96260086057674E-32,-1.));
#21310=DIRECTION('',(1.,-1.17961196366423E-16,-3.46944695195362E-17));
#21320=AXIS2_PLACEMENT_3D('',#21290,#21300,#21310);
#21330=CIRCLE('',#21320,0.25);
#21340=EDGE_CURVE('',#10090,#7600,#21330,.T.);
#21350=ORIENTED_EDGE('',*,*,#21340,.F.);
#21360=ORIENTED_EDGE('',*,*,#7610,.F.);
#21370=CARTESIAN_POINT('',(1363.04617518445,346.508493695632,
336.000000159368));
#21380=DIRECTION('',(-3.46944695195362E-17,-3.96260086057674E-32,-1.));
#21390=DIRECTION('',(1.,-1.17961196366423E-16,-3.46944695195362E-17));
#21400=AXIS2_PLACEMENT_3D('',#21370,#21380,#21390);
#21410=CIRCLE('',#21400,0.25);
#21420=EDGE_CURVE('',#10000,#7520,#21410,.T.);
#21430=ORIENTED_EDGE('',*,*,#21420,.T.);
#21440=ORIENTED_EDGE('',*,*,#10160,.T.);
#21450=EDGE_LOOP('',(#21440,#21430,#21360,#21350));
#21460=FACE_OUTER_BOUND('',#21450,.T.);
#21470=ADVANCED_FACE('',(#21460),#21280,.T.);
#21480=CARTESIAN_POINT('',(1362.99617518445,346.421891155253,
336.500000159368));
#21490=DIRECTION('',(3.46944695195362E-17,3.96260086057674E-32,1.));
#21500=DIRECTION('',(-1.,1.17961196366423E-16,3.46944695195362E-17));
#21510=AXIS2_PLACEMENT_3D('',#21480,#21490,#21500);
#21520=CYLINDRICAL_SURFACE('',#21510,0.25);
#21530=CARTESIAN_POINT('',(1362.99617518445,346.421891155253,
336.000000159368));
#21540=DIRECTION('',(3.46944695195362E-17,3.96260086057674E-32,1.));
#21550=DIRECTION('',(-1.,1.17961196366423E-16,3.46944695195362E-17));
#21560=AXIS2_PLACEMENT_3D('',#21530,#21540,#21550);
#21570=CIRCLE('',#21560,0.25);
#21580=EDGE_CURVE('',#2400,#7440,#21570,.T.);
#21590=ORIENTED_EDGE('',*,*,#21580,.F.);
#21600=ORIENTED_EDGE('',*,*,#7450,.T.);
#21610=CARTESIAN_POINT('',(1362.99617518445,346.421891155253,
333.500000159368));
#21620=DIRECTION('',(3.46944695195362E-17,3.96260086057674E-32,1.));
#21630=DIRECTION('',(-1.,1.17961196366423E-16,3.46944695195362E-17));
#21640=AXIS2_PLACEMENT_3D('',#21610,#21620,#21630);
#21650=CIRCLE('',#21640,0.25);
#21660=EDGE_CURVE('',#2240,#7420,#21650,.T.);
#21670=ORIENTED_EDGE('',*,*,#21660,.T.);
#21680=ORIENTED_EDGE('',*,*,#2470,.F.);
#21690=EDGE_LOOP('',(#21680,#21670,#21600,#21590));
#21700=FACE_OUTER_BOUND('',#21690,.T.);
#21710=ADVANCED_FACE('',(#21700),#21520,.T.);
#21720=CARTESIAN_POINT('',(1351.67102853437,351.753235534216,
333.155997759368));
#21730=DIRECTION('',(3.46944695195362E-17,-4.09260113182289E-33,1.));
#21740=DIRECTION('',(1.17961196366423E-16,1.,0.));
#21750=AXIS2_PLACEMENT_3D('',#21720,#21730,#21740);
#21760=CYLINDRICAL_SURFACE('',#21750,0.3);
#21770=CARTESIAN_POINT('',(1351.67102853437,351.753235534216,
336.000000159368));
#21780=DIRECTION('',(3.46944695195362E-17,-4.09260113182289E-33,1.));
#21790=DIRECTION('',(1.17961196366423E-16,1.,0.));
#21800=AXIS2_PLACEMENT_3D('',#21770,#21780,#21790);
#21810=CIRCLE('',#21800,0.3);
#21820=EDGE_CURVE('',#3280,#16400,#21810,.T.);
#21830=ORIENTED_EDGE('',*,*,#21820,.T.);
#21840=ORIENTED_EDGE('',*,*,#3290,.T.);
#21850=CARTESIAN_POINT('',(1351.67102853437,351.753235534216,
333.500000159368));
#21860=DIRECTION('',(3.46944695195362E-17,-4.09260113182289E-33,1.));
#21870=DIRECTION('',(1.17961196366423E-16,1.,0.));
#21880=AXIS2_PLACEMENT_3D('',#21850,#21860,#21870);
#21890=CIRCLE('',#21880,0.3);
#21900=EDGE_CURVE('',#3200,#16300,#21890,.T.);
#21910=ORIENTED_EDGE('',*,*,#21900,.F.);
#21920=ORIENTED_EDGE('',*,*,#16470,.F.);
#21930=EDGE_LOOP('',(#21920,#21910,#21840,#21830));
#21940=FACE_OUTER_BOUND('',#21930,.T.);
#21950=ADVANCED_FACE('',(#21940),#21760,.F.);
#21960=CARTESIAN_POINT('',(1351.65045835566,346.662525302866,
333.155997759368));
#21970=DIRECTION('',(-3.46944695195362E-17,4.09260113182289E-33,-1.));
#21980=DIRECTION('',(-1.17961196366423E-16,-1.,0.));
#21990=AXIS2_PLACEMENT_3D('',#21960,#21970,#21980);
#22000=CYLINDRICAL_SURFACE('',#21990,0.5);
#22010=CARTESIAN_POINT('',(1351.65045835566,346.662525302866,
333.500000159368));
#22020=DIRECTION('',(-3.46944695195362E-17,4.09260113182289E-33,-1.));
#22030=DIRECTION('',(-1.17961196366423E-16,-1.,0.));
#22040=AXIS2_PLACEMENT_3D('',#22010,#22020,#22030);
#22050=CIRCLE('',#22040,0.5);
#22060=CARTESIAN_POINT('',(1351.21744565376,346.912525302866,
333.500000159368));
#22070=VERTEX_POINT('',#22060);
#22080=EDGE_CURVE('',#22070,#4120,#22050,.T.);
#22090=ORIENTED_EDGE('',*,*,#22080,.T.);
#22100=CARTESIAN_POINT('',(1351.21744565376,346.912525302866,
333.155997759368));
#22110=DIRECTION('',(-3.46944695195362E-17,4.09260113182289E-33,-1.));
#22120=VECTOR('',#22110,1.);
#22130=LINE('',#22100,#22120);
#22140=CARTESIAN_POINT('',(1351.21744565376,346.912525302866,
336.000000159368));
#22150=VERTEX_POINT('',#22140);
#22160=EDGE_CURVE('',#22150,#22070,#22130,.T.);
#22170=ORIENTED_EDGE('',*,*,#22160,.T.);
#22180=CARTESIAN_POINT('',(1351.65045835566,346.662525302866,
336.000000159368));
#22190=DIRECTION('',(-3.46944695195362E-17,4.09260113182289E-33,-1.));
#22200=DIRECTION('',(-1.17961196366423E-16,-1.,0.));
#22210=AXIS2_PLACEMENT_3D('',#22180,#22190,#22200);
#22220=CIRCLE('',#22210,0.5);
#22230=EDGE_CURVE('',#22150,#3950,#22220,.T.);
#22240=ORIENTED_EDGE('',*,*,#22230,.F.);
#22250=ORIENTED_EDGE('',*,*,#4190,.F.);
#22260=EDGE_LOOP('',(#22250,#22240,#22170,#22090));
#22270=FACE_OUTER_BOUND('',#22260,.T.);
#22280=ADVANCED_FACE('',(#22270),#22000,.F.);
#22290=CARTESIAN_POINT('',(1351.65045835566,353.337474695371,
333.155997759368));
#22300=DIRECTION('',(3.46944695195362E-17,-4.09260113182289E-33,1.));
#22310=DIRECTION('',(1.17961196366423E-16,1.,0.));
#22320=AXIS2_PLACEMENT_3D('',#22290,#22300,#22310);
#22330=CYLINDRICAL_SURFACE('',#22320,0.5);
#22340=CARTESIAN_POINT('',(1351.65045835566,353.337474695371,
333.500000159368));
#22350=DIRECTION('',(3.46944695195362E-17,-4.09260113182289E-33,1.));
#22360=DIRECTION('',(1.17961196366423E-16,1.,0.));
#22370=AXIS2_PLACEMENT_3D('',#22340,#22350,#22360);
#22380=CIRCLE('',#22370,0.5);
#22390=CARTESIAN_POINT('',(1351.21744565376,353.087474695371,
333.500000159368));
#22400=VERTEX_POINT('',#22390);
#22410=EDGE_CURVE('',#15740,#22400,#22380,.T.);
#22420=ORIENTED_EDGE('',*,*,#22410,.F.);
#22430=CARTESIAN_POINT('',(1351.21744565376,353.087474695371,
333.155997759368));
#22440=DIRECTION('',(3.46944695195362E-17,-4.09260113182289E-33,1.));
#22450=VECTOR('',#22440,1.);
#22460=LINE('',#22430,#22450);
#22470=CARTESIAN_POINT('',(1351.21744565376,353.087474695371,
336.000000159368));
#22480=VERTEX_POINT('',#22470);
#22490=EDGE_CURVE('',#22400,#22480,#22460,.T.);
#22500=ORIENTED_EDGE('',*,*,#22490,.F.);
#22510=CARTESIAN_POINT('',(1351.65045835566,353.337474695371,
336.000000159368));
#22520=DIRECTION('',(3.46944695195362E-17,-4.09260113182289E-33,1.));
#22530=DIRECTION('',(1.17961196366423E-16,1.,0.));
#22540=AXIS2_PLACEMENT_3D('',#22510,#22520,#22530);
#22550=CIRCLE('',#22540,0.5);
#22560=EDGE_CURVE('',#15570,#22480,#22550,.T.);
#22570=ORIENTED_EDGE('',*,*,#22560,.T.);
#22580=ORIENTED_EDGE('',*,*,#15810,.T.);
#22590=EDGE_LOOP('',(#22580,#22570,#22500,#22420));
#22600=FACE_OUTER_BOUND('',#22590,.T.);
#22610=ADVANCED_FACE('',(#22600),#22330,.F.);
#22620=CARTESIAN_POINT('',(1351.65045835566,353.337474695371,
333.155997759368));
#22630=DIRECTION('',(3.46944695195362E-17,-4.09260113182289E-33,1.));
#22640=DIRECTION('',(1.17961196366423E-16,1.,0.));
#22650=AXIS2_PLACEMENT_3D('',#22620,#22630,#22640);
#22660=CYLINDRICAL_SURFACE('',#22650,0.5);
#22670=CARTESIAN_POINT('',(1351.65045835566,353.337474695371,
336.000000159368));
#22680=DIRECTION('',(3.46944695195362E-17,-4.09260113182289E-33,1.));
#22690=DIRECTION('',(1.17961196366423E-16,1.,0.));
#22700=AXIS2_PLACEMENT_3D('',#22670,#22680,#22690);
#22710=CIRCLE('',#22700,0.5);
#22720=EDGE_CURVE('',#22480,#16730,#22710,.T.);
#22730=ORIENTED_EDGE('',*,*,#22720,.T.);
#22740=ORIENTED_EDGE('',*,*,#22490,.T.);
#22750=CARTESIAN_POINT('',(1351.65045835566,353.337474695371,
333.500000159368));
#22760=DIRECTION('',(3.46944695195362E-17,-4.09260113182289E-33,1.));
#22770=DIRECTION('',(1.17961196366423E-16,1.,0.));
#22780=AXIS2_PLACEMENT_3D('',#22750,#22760,#22770);
#22790=CIRCLE('',#22780,0.5);
#22800=EDGE_CURVE('',#22400,#16630,#22790,.T.);
#22810=ORIENTED_EDGE('',*,*,#22800,.F.);
#22820=ORIENTED_EDGE('',*,*,#16800,.F.);
#22830=EDGE_LOOP('',(#22820,#22810,#22740,#22730));
#22840=FACE_OUTER_BOUND('',#22830,.T.);
#22850=ADVANCED_FACE('',(#22840),#22660,.F.);
#22860=CARTESIAN_POINT('',(1365.00000000076,369.999999999118,
336.500000159368));
#22870=DIRECTION('',(1.17961196366423E-16,1.,-4.68000976486098E-32));
#22880=DIRECTION('',(-1.,1.17961196366423E-16,3.46944695195362E-17));
#22890=AXIS2_PLACEMENT_3D('',#22860,#22870,#22880);
#22900=PLANE('',#22890);
#22910=CARTESIAN_POINT('',(1331.50000000076,369.999999999118,
336.500000159368));
#22920=DIRECTION('',(-3.46944695195362E-17,-4.2707496516787E-32,-1.));
#22930=VECTOR('',#22920,1.);
#22940=LINE('',#22910,#22930);
#22950=CARTESIAN_POINT('',(1331.50000000076,369.999999999118,
333.500000159368));
#22960=VERTEX_POINT('',#22950);
#22970=EDGE_CURVE('',#6690,#22960,#22940,.T.);
#22980=ORIENTED_EDGE('',*,*,#22970,.F.);
#22990=CARTESIAN_POINT('',(1350.00000000076,369.999999999118,
333.500000159368));
#23000=DIRECTION('',(1.,-1.17961196366423E-16,-3.46944695195362E-17));
#23010=VECTOR('',#23000,1.);
#23020=LINE('',#22990,#23010);
#23030=CARTESIAN_POINT('',(1361.50000000076,369.999999999118,
333.500000159368));
#23040=VERTEX_POINT('',#23030);
#23050=EDGE_CURVE('',#22960,#23040,#23020,.T.);
#23060=ORIENTED_EDGE('',*,*,#23050,.F.);
#23070=CARTESIAN_POINT('',(1361.50000000076,369.999999999118,
336.500000159368));
#23080=DIRECTION('',(3.46944695195362E-17,4.2707496516787E-32,1.));
#23090=VECTOR('',#23080,1.);
#23100=LINE('',#23070,#23090);
#23110=EDGE_CURVE('',#23040,#6790,#23100,.T.);
#23120=ORIENTED_EDGE('',*,*,#23110,.F.);
#23130=ORIENTED_EDGE('',*,*,#6800,.T.);
#23140=EDGE_LOOP('',(#23130,#23120,#23060,#22980));
#23150=FACE_OUTER_BOUND('',#23140,.T.);
#23160=ADVANCED_FACE('',(#23150),#22900,.T.);
#23170=CARTESIAN_POINT('',(1329.95382481708,346.508493695632,
336.500000159368));
#23180=DIRECTION('',(-3.46944695195362E-17,4.09260113182289E-33,-1.));
#23190=DIRECTION('',(-1.17961196366423E-16,-1.,0.));
#23200=AXIS2_PLACEMENT_3D('',#23170,#23180,#23190);
#23210=CYLINDRICAL_SURFACE('',#23200,0.25);
#23220=CARTESIAN_POINT('',(1329.95382481708,346.508493695632,
333.500000159368));
#23230=DIRECTION('',(-3.46944695195362E-17,4.09260113182289E-33,-1.));
#23240=DIRECTION('',(-1.17961196366423E-16,-1.,0.));
#23250=AXIS2_PLACEMENT_3D('',#23220,#23230,#23240);
#23260=CIRCLE('',#23250,0.25);
#23270=CARTESIAN_POINT('',(1329.73731846613,346.383493695632,
333.500000159368));
#23280=VERTEX_POINT('',#23270);
#23290=CARTESIAN_POINT('',(1329.82882481708,346.725000046578,
333.500000159368));
#23300=VERTEX_POINT('',#23290);
#23310=EDGE_CURVE('',#23280,#23300,#23260,.T.);
#23320=ORIENTED_EDGE('',*,*,#23310,.F.);
#23330=CARTESIAN_POINT('',(1329.82882481708,346.725000046578,
336.500000159368));
#23340=DIRECTION('',(3.46944695195362E-17,-4.09260113182289E-33,1.));
#23350=VECTOR('',#23340,1.);
#23360=LINE('',#23330,#23350);
#23370=CARTESIAN_POINT('',(1329.82882481708,346.725000046578,
336.000000159368));
#23380=VERTEX_POINT('',#23370);
#23390=EDGE_CURVE('',#23300,#23380,#23360,.T.);
#23400=ORIENTED_EDGE('',*,*,#23390,.F.);
#23410=CARTESIAN_POINT('',(1329.95382481708,346.508493695632,
336.000000159368));
#23420=DIRECTION('',(-3.46944695195362E-17,4.09260113182289E-33,-1.));
#23430=DIRECTION('',(-1.17961196366423E-16,-1.,0.));
#23440=AXIS2_PLACEMENT_3D('',#23410,#23420,#23430);
#23450=CIRCLE('',#23440,0.25);
#23460=CARTESIAN_POINT('',(1329.73731846613,346.383493695632,
336.000000159368));
#23470=VERTEX_POINT('',#23460);
#23480=EDGE_CURVE('',#23470,#23380,#23450,.T.);
#23490=ORIENTED_EDGE('',*,*,#23480,.T.);
#23500=CARTESIAN_POINT('',(1329.73731846613,346.383493695632,
336.500000159368));
#23510=DIRECTION('',(3.46944695195362E-17,-4.09260113182289E-33,1.));
#23520=VECTOR('',#23510,1.);
#23530=LINE('',#23500,#23520);
#23540=EDGE_CURVE('',#23280,#23470,#23530,.T.);
#23550=ORIENTED_EDGE('',*,*,#23540,.T.);
#23560=EDGE_LOOP('',(#23550,#23490,#23400,#23320));
#23570=FACE_OUTER_BOUND('',#23560,.T.);
#23580=ADVANCED_FACE('',(#23570),#23210,.T.);
#23590=CARTESIAN_POINT('',(1324.29999760076,359.999999999118,
336.809009140266));
#23600=DIRECTION('',(1.17961196366423E-16,1.,-6.84227765783602E-49));
#23610=DIRECTION('',(-3.46944695195362E-17,4.09260113182289E-33,-1.));
#23620=AXIS2_PLACEMENT_3D('',#23590,#23600,#23610);
#23630=PLANE('',#23620);
#23640=CARTESIAN_POINT('',(1324.29999760076,359.999999999118,
336.000000159368));
#23650=DIRECTION('',(1.,-1.17961196366423E-16,-3.46944695195362E-17));
#23660=VECTOR('',#23650,1.);
#23670=LINE('',#23640,#23660);
#23680=CARTESIAN_POINT('',(1331.50000000076,359.999999999118,
336.000000159368));
#23690=VERTEX_POINT('',#23680);
#23700=CARTESIAN_POINT('',(1361.50000000076,359.999999999118,
336.000000159368));
#23710=VERTEX_POINT('',#23700);
#23720=EDGE_CURVE('',#23690,#23710,#23670,.T.);
#23730=ORIENTED_EDGE('',*,*,#23720,.T.);
#23740=CARTESIAN_POINT('',(1331.50000000076,359.999999999118,
336.500000159368));
#23750=DIRECTION('',(3.46944695195362E-17,-4.09260113182289E-33,1.));
#23760=VECTOR('',#23750,1.);
#23770=LINE('',#23740,#23760);
#23780=EDGE_CURVE('',#23690,#6710,#23770,.T.);
#23790=ORIENTED_EDGE('',*,*,#23780,.F.);
#23800=ORIENTED_EDGE('',*,*,#6940,.F.);
#23810=CARTESIAN_POINT('',(1361.50000000076,359.999999999118,
336.500000159368));
#23820=DIRECTION('',(3.46944695195362E-17,-4.09260113182289E-33,1.));
#23830=VECTOR('',#23820,1.);
#23840=LINE('',#23810,#23830);
#23850=EDGE_CURVE('',#23710,#6870,#23840,.T.);
#23860=ORIENTED_EDGE('',*,*,#23850,.T.);
#23870=EDGE_LOOP('',(#23860,#23800,#23790,#23730));
#23880=FACE_OUTER_BOUND('',#23870,.T.);
#23890=ADVANCED_FACE('',(#23880),#23630,.F.);
#23900=CARTESIAN_POINT('',(1342.00000000076,329.999999999118,
336.500000159368));
#23910=DIRECTION('',(-1.17961196366423E-16,-1.,4.68000976486098E-32));
#23920=DIRECTION('',(1.,-1.17961196366423E-16,-3.46944695195362E-17));
#23930=AXIS2_PLACEMENT_3D('',#23900,#23910,#23920);
#23940=PLANE('',#23930);
#23950=ORIENTED_EDGE('',*,*,#9260,.T.);
#23960=CARTESIAN_POINT('',(1361.50000000076,329.999999999118,
336.500000159368));
#23970=DIRECTION('',(3.46944695195362E-17,4.2707496516787E-32,1.));
#23980=VECTOR('',#23970,1.);
#23990=LINE('',#23960,#23980);
#24000=CARTESIAN_POINT('',(1361.50000000076,329.999999999118,
333.500000159368));
#24010=VERTEX_POINT('',#24000);
#24020=EDGE_CURVE('',#24010,#9170,#23990,.T.);
#24030=ORIENTED_EDGE('',*,*,#24020,.T.);
#24040=CARTESIAN_POINT('',(1350.00000000076,329.999999999118,
333.500000159368));
#24050=DIRECTION('',(-1.,1.17961196366423E-16,3.46944695195362E-17));
#24060=VECTOR('',#24050,1.);
#24070=LINE('',#24040,#24060);
#24080=CARTESIAN_POINT('',(1331.50000000076,329.999999999118,
333.500000159368));
#24090=VERTEX_POINT('',#24080);
#24100=EDGE_CURVE('',#24010,#24090,#24070,.T.);
#24110=ORIENTED_EDGE('',*,*,#24100,.F.);
#24120=CARTESIAN_POINT('',(1331.50000000076,329.999999999118,
336.500000159368));
#24130=DIRECTION('',(3.46944695195362E-17,4.2707496516787E-32,1.));
#24140=VECTOR('',#24130,1.);
#24150=LINE('',#24120,#24140);
#24160=EDGE_CURVE('',#24090,#9250,#24150,.T.);
#24170=ORIENTED_EDGE('',*,*,#24160,.F.);
#24180=EDGE_LOOP('',(#24170,#24110,#24030,#23950));
#24190=FACE_OUTER_BOUND('',#24180,.T.);
#24200=ADVANCED_FACE('',(#24190),#23940,.T.);
#24210=CARTESIAN_POINT('',(1346.50000000076,334.999999999118,
336.500000159368));
#24220=DIRECTION('',(3.46944695195362E-17,4.2707496516787E-32,1.));
#24230=DIRECTION('',(-1.,1.17961196366423E-16,3.46944695195362E-17));
#24240=AXIS2_PLACEMENT_3D('',#24210,#24220,#24230);
#24250=CYLINDRICAL_SURFACE('',#24240,1.25);
#24260=CARTESIAN_POINT('',(1347.75000000076,334.999999999118,
336.500000159368));
#24270=DIRECTION('',(3.46944695195362E-17,4.2707496516787E-32,1.));
#24280=VECTOR('',#24270,1.);
#24290=LINE('',#24260,#24280);
#24300=CARTESIAN_POINT('',(1347.75000000076,334.999999999118,
333.500000159368));
#24310=VERTEX_POINT('',#24300);
#24320=EDGE_CURVE('',#24310,#9520,#24290,.T.);
#24330=ORIENTED_EDGE('',*,*,#24320,.T.);
#24340=CARTESIAN_POINT('',(1346.50000000076,334.999999999118,
333.500000159368));
#24350=DIRECTION('',(3.46944695195362E-17,4.2707496516787E-32,1.));
#24360=DIRECTION('',(-1.,1.17961196366423E-16,3.46944695195362E-17));
#24370=AXIS2_PLACEMENT_3D('',#24340,#24350,#24360);
#24380=CIRCLE('',#24370,1.25);
#24390=CARTESIAN_POINT('',(1345.25000000076,334.999999999118,
333.500000159368));
#24400=VERTEX_POINT('',#24390);
#24410=EDGE_CURVE('',#24310,#24400,#24380,.T.);
#24420=ORIENTED_EDGE('',*,*,#24410,.F.);
#24430=CARTESIAN_POINT('',(1345.25000000076,334.999999999118,
336.500000159368));
#24440=DIRECTION('',(3.46944695195362E-17,4.2707496516787E-32,1.));
#24450=VECTOR('',#24440,1.);
#24460=LINE('',#24430,#24450);
#24470=EDGE_CURVE('',#24400,#9500,#24460,.T.);
#24480=ORIENTED_EDGE('',*,*,#24470,.F.);
#24490=ORIENTED_EDGE('',*,*,#9550,.T.);
#24500=EDGE_LOOP('',(#24490,#24480,#24420,#24330));
#24510=FACE_OUTER_BOUND('',#24500,.T.);
#24520=ADVANCED_FACE('',(#24510),#24250,.F.);
#24530=COLOUR_RGB('',0.501960813999176,0.,0.);
#24540=FILL_AREA_STYLE_COLOUR('',#24530);
#24550=FILL_AREA_STYLE('',(#24540));
#24560=SURFACE_STYLE_FILL_AREA(#24550);
#24570=SURFACE_SIDE_STYLE('',(#24560));
#24580=SURFACE_STYLE_USAGE(.BOTH.,#24570);
#24590=PRESENTATION_STYLE_ASSIGNMENT((#24580));
#24600=CARTESIAN_POINT('',(1346.50000000076,364.999999999118,
336.500000159368));
#24610=DIRECTION('',(3.46944695195362E-17,4.2707496516787E-32,1.));
#24620=DIRECTION('',(-1.,1.17961196366423E-16,3.46944695195362E-17));
#24630=AXIS2_PLACEMENT_3D('',#24600,#24610,#24620);
#24640=CYLINDRICAL_SURFACE('',#24630,1.25);
#24650=CARTESIAN_POINT('',(1347.75000000076,364.999999999118,
336.500000159368));
#24660=DIRECTION('',(3.46944695195362E-17,4.2707496516787E-32,1.));
#24670=VECTOR('',#24660,1.);
#24680=LINE('',#24650,#24670);
#24690=CARTESIAN_POINT('',(1347.75000000076,364.999999999118,
333.500000159368));
#24700=VERTEX_POINT('',#24690);
#24710=EDGE_CURVE('',#24700,#6570,#24680,.T.);
#24720=ORIENTED_EDGE('',*,*,#24710,.T.);
#24730=CARTESIAN_POINT('',(1346.50000000076,364.999999999118,
333.500000159368));
#24740=DIRECTION('',(3.46944695195362E-17,4.2707496516787E-32,1.));
#24750=DIRECTION('',(-1.,1.17961196366423E-16,3.46944695195362E-17));
#24760=AXIS2_PLACEMENT_3D('',#24730,#24740,#24750);
#24770=CIRCLE('',#24760,1.25);
#24780=CARTESIAN_POINT('',(1345.25000000076,364.999999999118,
333.500000159368));
#24790=VERTEX_POINT('',#24780);
#24800=EDGE_CURVE('',#24700,#24790,#24770,.T.);
#24810=ORIENTED_EDGE('',*,*,#24800,.F.);
#24820=CARTESIAN_POINT('',(1345.25000000076,364.999999999118,
336.500000159368));
#24830=DIRECTION('',(3.46944695195362E-17,4.2707496516787E-32,1.));
#24840=VECTOR('',#24830,1.);
#24850=LINE('',#24820,#24840);
#24860=EDGE_CURVE('',#24790,#6550,#24850,.T.);
#24870=ORIENTED_EDGE('',*,*,#24860,.F.);
#24880=ORIENTED_EDGE('',*,*,#6600,.T.);
#24890=EDGE_LOOP('',(#24880,#24870,#24810,#24720));
#24900=FACE_OUTER_BOUND('',#24890,.T.);
#24910=ADVANCED_FACE('',(#24900),#24640,.F.);
#24920=COLOUR_RGB('',0.501960813999176,0.,0.);
#24930=FILL_AREA_STYLE_COLOUR('',#24920);
#24940=FILL_AREA_STYLE('',(#24930));
#24950=SURFACE_STYLE_FILL_AREA(#24940);
#24960=SURFACE_SIDE_STYLE('',(#24950));
#24970=SURFACE_STYLE_USAGE(.BOTH.,#24960);
#24980=PRESENTATION_STYLE_ASSIGNMENT((#24970));
#24990=CARTESIAN_POINT('',(1361.50000000076,325.299999999118,
336.500000159368));
#25000=DIRECTION('',(1.,-1.17961196366423E-16,-3.46944695195362E-17));
#25010=DIRECTION('',(1.17961196366423E-16,1.,-4.68000976486098E-32));
#25020=AXIS2_PLACEMENT_3D('',#24990,#25000,#25010);
#25030=PLANE('',#25020);
#25040=ORIENTED_EDGE('',*,*,#23110,.T.);
#25050=CARTESIAN_POINT('',(1361.50000000076,349.999999999118,
333.500000159368));
#25060=DIRECTION('',(1.17961196366423E-16,1.,-4.68000976486098E-32));
#25070=VECTOR('',#25060,1.);
#25080=LINE('',#25050,#25070);
#25090=EDGE_CURVE('',#18580,#23040,#25080,.T.);
#25100=ORIENTED_EDGE('',*,*,#25090,.T.);
#25110=ORIENTED_EDGE('',*,*,#18610,.F.);
#25120=CARTESIAN_POINT('',(1361.50000000076,349.999999999118,
336.000000159368));
#25130=DIRECTION('',(1.17961196366423E-16,1.,0.));
#25140=VECTOR('',#25130,1.);
#25150=LINE('',#25120,#25140);
#25160=EDGE_CURVE('',#18600,#23710,#25150,.T.);
#25170=ORIENTED_EDGE('',*,*,#25160,.F.);
#25180=ORIENTED_EDGE('',*,*,#23850,.F.);
#25190=ORIENTED_EDGE('',*,*,#6880,.F.);
#25200=EDGE_LOOP('',(#25190,#25180,#25170,#25110,#25100,#25040));
#25210=FACE_OUTER_BOUND('',#25200,.T.);
#25220=ADVANCED_FACE('',(#25210),#25030,.T.);
#25230=CARTESIAN_POINT('',(1354.00000000076,334.999999999118,
333.500000159368));
#25240=DIRECTION('',(-3.46944695195362E-17,-4.2707496516787E-32,-1.));
#25250=DIRECTION('',(1.,-1.17961196366423E-16,-3.46944695195362E-17));
#25260=AXIS2_PLACEMENT_3D('',#25230,#25240,#25250);
#25270=CYLINDRICAL_SURFACE('',#25260,1.6);
#25280=CARTESIAN_POINT('',(1352.40000000076,334.999999999118,
333.500000159368));
#25290=DIRECTION('',(-3.46944695195362E-17,-4.2707496516787E-32,-1.));
#25300=VECTOR('',#25290,1.);
#25310=LINE('',#25280,#25300);
#25320=CARTESIAN_POINT('',(1352.40000000076,334.999999999118,
333.500000159368));
#25330=VERTEX_POINT('',#25320);
#25340=EDGE_CURVE('',#9820,#25330,#25310,.T.);
#25350=ORIENTED_EDGE('',*,*,#25340,.T.);
#25360=ORIENTED_EDGE('',*,*,#9850,.F.);
#25370=CARTESIAN_POINT('',(1355.60000000076,334.999999999118,
333.500000159368));
#25380=DIRECTION('',(-3.46944695195362E-17,-4.2707496516787E-32,-1.));
#25390=VECTOR('',#25380,1.);
#25400=LINE('',#25370,#25390);
#25410=CARTESIAN_POINT('',(1355.60000000076,334.999999999118,
333.500000159368));
#25420=VERTEX_POINT('',#25410);
#25430=EDGE_CURVE('',#9800,#25420,#25400,.T.);
#25440=ORIENTED_EDGE('',*,*,#25430,.F.);
#25450=CARTESIAN_POINT('',(1354.00000000076,334.999999999118,
333.500000159368));
#25460=DIRECTION('',(-3.46944695195362E-17,-4.2707496516787E-32,-1.));
#25470=DIRECTION('',(1.,-1.17961196366423E-16,-3.46944695195362E-17));
#25480=AXIS2_PLACEMENT_3D('',#25450,#25460,#25470);
#25490=CIRCLE('',#25480,1.6);
#25500=EDGE_CURVE('',#25330,#25420,#25490,.T.);
#25510=ORIENTED_EDGE('',*,*,#25500,.T.);
#25520=EDGE_LOOP('',(#25510,#25440,#25360,#25350));
#25530=FACE_OUTER_BOUND('',#25520,.T.);
#25540=ADVANCED_FACE('',(#25530),#25270,.F.);
#25550=CARTESIAN_POINT('',(1354.00000000076,364.999999999118,
333.500000159368));
#25560=DIRECTION('',(-3.46944695195362E-17,-4.2707496516787E-32,-1.));
#25570=DIRECTION('',(1.,-1.17961196366423E-16,-3.46944695195362E-17));
#25580=AXIS2_PLACEMENT_3D('',#25550,#25560,#25570);
#25590=CYLINDRICAL_SURFACE('',#25580,1.6);
#25600=CARTESIAN_POINT('',(1352.40000000076,364.999999999118,
333.500000159368));
#25610=DIRECTION('',(-3.46944695195362E-17,-4.2707496516787E-32,-1.));
#25620=VECTOR('',#25610,1.);
#25630=LINE('',#25600,#25620);
#25640=CARTESIAN_POINT('',(1352.40000000076,364.999999999118,
333.500000159368));
#25650=VERTEX_POINT('',#25640);
#25660=EDGE_CURVE('',#6270,#25650,#25630,.T.);
#25670=ORIENTED_EDGE('',*,*,#25660,.T.);
#25680=ORIENTED_EDGE('',*,*,#6300,.F.);
#25690=CARTESIAN_POINT('',(1355.60000000076,364.999999999118,
333.500000159368));
#25700=DIRECTION('',(-3.46944695195362E-17,-4.2707496516787E-32,-1.));
#25710=VECTOR('',#25700,1.);
#25720=LINE('',#25690,#25710);
#25730=CARTESIAN_POINT('',(1355.60000000076,364.999999999118,
333.500000159368));
#25740=VERTEX_POINT('',#25730);
#25750=EDGE_CURVE('',#6250,#25740,#25720,.T.);
#25760=ORIENTED_EDGE('',*,*,#25750,.F.);
#25770=CARTESIAN_POINT('',(1354.00000000076,364.999999999118,
333.500000159368));
#25780=DIRECTION('',(-3.46944695195362E-17,-4.2707496516787E-32,-1.));
#25790=DIRECTION('',(1.,-1.17961196366423E-16,-3.46944695195362E-17));
#25800=AXIS2_PLACEMENT_3D('',#25770,#25780,#25790);
#25810=CIRCLE('',#25800,1.6);
#25820=EDGE_CURVE('',#25650,#25740,#25810,.T.);
#25830=ORIENTED_EDGE('',*,*,#25820,.T.);
#25840=EDGE_LOOP('',(#25830,#25760,#25680,#25670));
#25850=FACE_OUTER_BOUND('',#25840,.T.);
#25860=ADVANCED_FACE('',(#25850),#25590,.F.);
#25870=ORIENTED_EDGE('',*,*,#8270,.F.);
#25880=ORIENTED_EDGE('',*,*,#10010,.T.);
#25890=ORIENTED_EDGE('',*,*,#21420,.F.);
#25900=ORIENTED_EDGE('',*,*,#7530,.T.);
#25910=ORIENTED_EDGE('',*,*,#21580,.T.);
#25920=ORIENTED_EDGE('',*,*,#2410,.T.);
#25930=ORIENTED_EDGE('',*,*,#3030,.T.);
#25940=ORIENTED_EDGE('',*,*,#1010,.T.);
#25950=ORIENTED_EDGE('',*,*,#4930,.F.);
#25960=ORIENTED_EDGE('',*,*,#10490,.T.);
#25970=ORIENTED_EDGE('',*,*,#10970,.F.);
#25980=ORIENTED_EDGE('',*,*,#3960,.F.);
#25990=ORIENTED_EDGE('',*,*,#22230,.T.);
#26000=CARTESIAN_POINT('',(1351.65045835566,346.662525302866,
336.000000159368));
#26010=DIRECTION('',(-3.46944695195362E-17,4.09260113182289E-33,-1.));
#26020=DIRECTION('',(-1.17961196366423E-16,-1.,0.));
#26030=AXIS2_PLACEMENT_3D('',#26000,#26010,#26020);
#26040=CIRCLE('',#26030,0.5);
#26050=CARTESIAN_POINT('',(1351.46302201606,346.198987150608,
336.000000159368));
#26060=VERTEX_POINT('',#26050);
#26070=EDGE_CURVE('',#26060,#22150,#26040,.T.);
#26080=ORIENTED_EDGE('',*,*,#26070,.T.);
#26090=CARTESIAN_POINT('',(1353.00000000076,349.999999999118,
336.000000159368));
#26100=DIRECTION('',(-3.46944695195362E-17,4.09260113182289E-33,-1.));
#26110=DIRECTION('',(1.,2.357708134582E-79,-3.46944695195362E-17));
#26120=AXIS2_PLACEMENT_3D('',#26090,#26100,#26110);
#26130=CIRCLE('',#26120,4.1);
#26140=CARTESIAN_POINT('',(1354.75044898035,346.292449814718,
336.000000159368));
#26150=VERTEX_POINT('',#26140);
#26160=EDGE_CURVE('',#26150,#26060,#26130,.T.);
#26170=ORIENTED_EDGE('',*,*,#26160,.T.);
#26180=CARTESIAN_POINT('',(1355.09200000076,345.569025388494,
336.000000159368));
#26190=DIRECTION('',(3.46944695195362E-17,-4.09260113182289E-33,1.));
#26200=DIRECTION('',(-1.,1.17961196366423E-16,3.46944695195362E-17));
#26210=AXIS2_PLACEMENT_3D('',#26180,#26190,#26200);
#26220=CIRCLE('',#26210,0.8);
#26230=CARTESIAN_POINT('',(1355.53094339699,346.237851744814,
336.000000159368));
#26240=VERTEX_POINT('',#26230);
#26250=EDGE_CURVE('',#26240,#26150,#26220,.T.);
#26260=ORIENTED_EDGE('',*,*,#26250,.T.);
#26270=CARTESIAN_POINT('',(1358.00000000076,349.999999999118,
336.000000159368));
#26280=DIRECTION('',(3.46944695195362E-17,-4.09260113182289E-33,1.));
#26290=DIRECTION('',(1.,2.357708134582E-79,-3.46944695195362E-17));
#26300=AXIS2_PLACEMENT_3D('',#26270,#26280,#26290);
#26310=CIRCLE('',#26300,4.5);
#26320=CARTESIAN_POINT('',(1359.90801741103,345.924528301005,
336.000000159368));
#26330=VERTEX_POINT('',#26320);
#26340=EDGE_CURVE('',#26240,#26330,#26310,.T.);
#26350=ORIENTED_EDGE('',*,*,#26340,.F.);
#26360=CARTESIAN_POINT('',(1360.24722050619,345.199999999118,
336.000000159368));
#26370=DIRECTION('',(3.46944695195362E-17,-4.09260113182289E-33,1.));
#26380=DIRECTION('',(-1.,1.17961196366423E-16,3.46944695195362E-17));
#26390=AXIS2_PLACEMENT_3D('',#26360,#26370,#26380);
#26400=CIRCLE('',#26390,0.8);
#26410=CARTESIAN_POINT('',(1360.24722050619,345.999999999118,
336.000000159368));
#26420=VERTEX_POINT('',#26410);
#26430=EDGE_CURVE('',#26420,#26330,#26400,.T.);
#26440=ORIENTED_EDGE('',*,*,#26430,.T.);
#26450=CARTESIAN_POINT('',(1350.00000000076,345.999999999118,
336.000000159368));
#26460=DIRECTION('',(-1.,-3.49783174090039E-16,3.46944695195362E-17));
#26470=VECTOR('',#26460,1.);
#26480=LINE('',#26450,#26470);
#26490=CARTESIAN_POINT('',(1361.01255274819,345.999999999118,
336.000000159368));
#26500=VERTEX_POINT('',#26490);
#26510=EDGE_CURVE('',#26500,#26420,#26480,.T.);
#26520=ORIENTED_EDGE('',*,*,#26510,.T.);
#26530=CARTESIAN_POINT('',(1361.01255274819,345.199999999118,
336.000000159368));
#26540=DIRECTION('',(3.46944695195362E-17,-4.09260113182289E-33,1.));
#26550=DIRECTION('',(-1.,1.17961196366423E-16,3.46944695195362E-17));
#26560=AXIS2_PLACEMENT_3D('',#26530,#26540,#26550);
#26570=CIRCLE('',#26560,0.8);
#26580=CARTESIAN_POINT('',(1361.41255274819,345.892820322146,
336.000000159368));
#26590=VERTEX_POINT('',#26580);
#26600=EDGE_CURVE('',#26590,#26500,#26570,.T.);
#26610=ORIENTED_EDGE('',*,*,#26600,.T.);
#26620=CARTESIAN_POINT('',(1350.00000000076,352.481860723015,
336.000000159368));
#26630=DIRECTION('',(-0.866025403784438,0.5,3.00462919747432E-17));
#26640=VECTOR('',#26630,1.);
#26650=LINE('',#26620,#26640);
#26660=CARTESIAN_POINT('',(1361.50000000076,345.842332627335,
336.000000159368));
#26670=VERTEX_POINT('',#26660);
#26680=EDGE_CURVE('',#26670,#26590,#26650,.T.);
#26690=ORIENTED_EDGE('',*,*,#26680,.T.);
#26700=CARTESIAN_POINT('',(1361.50000000076,349.999999999118,
336.000000159368));
#26710=DIRECTION('',(1.17961196366423E-16,1.,0.));
#26720=VECTOR('',#26710,1.);
#26730=LINE('',#26700,#26720);
#26740=CARTESIAN_POINT('',(1361.50000000076,339.999999999118,
336.000000159368));
#26750=VERTEX_POINT('',#26740);
#26760=EDGE_CURVE('',#26750,#26670,#26730,.T.);
#26770=ORIENTED_EDGE('',*,*,#26760,.T.);
#26780=CARTESIAN_POINT('',(1324.29999760076,339.999999999118,
336.000000159368));
#26790=DIRECTION('',(1.,-1.17961196366423E-16,-3.46944695195362E-17));
#26800=VECTOR('',#26790,1.);
#26810=LINE('',#26780,#26800);
#26820=CARTESIAN_POINT('',(1331.50000000076,339.999999999118,
336.000000159368));
#26830=VERTEX_POINT('',#26820);
#26840=EDGE_CURVE('',#26830,#26750,#26810,.T.);
#26850=ORIENTED_EDGE('',*,*,#26840,.T.);
#26860=CARTESIAN_POINT('',(1331.50000000076,349.999999999118,
336.000000159368));
#26870=DIRECTION('',(-1.17961196366423E-16,1.,1.06889111913492E-32));
#26880=VECTOR('',#26870,1.);
#26890=LINE('',#26860,#26880);
#26900=CARTESIAN_POINT('',(1331.50000000076,345.842332627335,
336.000000159368));
#26910=VERTEX_POINT('',#26900);
#26920=EDGE_CURVE('',#26830,#26910,#26890,.T.);
#26930=ORIENTED_EDGE('',*,*,#26920,.F.);
#26940=CARTESIAN_POINT('',(1350.00000000076,356.523312607343,
336.000000159368));
#26950=DIRECTION('',(-0.866025403784439,-0.5,3.00462919747433E-17));
#26960=VECTOR('',#26950,1.);
#26970=LINE('',#26940,#26960);
#26980=CARTESIAN_POINT('',(1331.58744725333,345.892820322146,
336.000000159368));
#26990=VERTEX_POINT('',#26980);
#27000=EDGE_CURVE('',#26990,#26910,#26970,.T.);
#27010=ORIENTED_EDGE('',*,*,#27000,.T.);
#27020=CARTESIAN_POINT('',(1331.98744725333,345.199999999118,
336.000000159368));
#27030=DIRECTION('',(-3.46944695195362E-17,4.09260113182289E-33,-1.));
#27040=DIRECTION('',(1.,-1.17961196366423E-16,-3.46944695195362E-17));
#27050=AXIS2_PLACEMENT_3D('',#27020,#27030,#27040);
#27060=CIRCLE('',#27050,0.8);
#27070=CARTESIAN_POINT('',(1331.98744725333,345.999999999118,
336.000000159368));
#27080=VERTEX_POINT('',#27070);
#27090=EDGE_CURVE('',#26990,#27080,#27060,.T.);
#27100=ORIENTED_EDGE('',*,*,#27090,.F.);
#27110=CARTESIAN_POINT('',(1350.00000000076,345.999999999118,
336.000000159368));
#27120=DIRECTION('',(-1.,5.85705566822885E-16,3.46944695195362E-17));
#27130=VECTOR('',#27120,1.);
#27140=LINE('',#27110,#27130);
#27150=CARTESIAN_POINT('',(1332.75277949534,345.999999999118,
336.000000159368));
#27160=VERTEX_POINT('',#27150);
#27170=EDGE_CURVE('',#27160,#27080,#27140,.T.);
#27180=ORIENTED_EDGE('',*,*,#27170,.T.);
#27190=CARTESIAN_POINT('',(1332.75277949534,345.199999999118,
336.000000159368));
#27200=DIRECTION('',(-3.46944695195362E-17,4.09260113182289E-33,-1.));
#27210=DIRECTION('',(1.,-1.17961196366423E-16,-3.46944695195362E-17));
#27220=AXIS2_PLACEMENT_3D('',#27190,#27200,#27210);
#27230=CIRCLE('',#27220,0.8);
#27240=CARTESIAN_POINT('',(1333.0919825905,345.924528301005,
336.000000159368));
#27250=VERTEX_POINT('',#27240);
#27260=EDGE_CURVE('',#27160,#27250,#27230,.T.);
#27270=ORIENTED_EDGE('',*,*,#27260,.F.);
#27280=CARTESIAN_POINT('',(1335.00000000076,349.999999999118,
336.000000159368));
#27290=DIRECTION('',(-3.46944695195362E-17,4.09260113182289E-33,-1.));
#27300=DIRECTION('',(-1.,2.35922392732846E-16,3.46944695195362E-17));
#27310=AXIS2_PLACEMENT_3D('',#27280,#27290,#27300);
#27320=CIRCLE('',#27310,4.5);
#27330=CARTESIAN_POINT('',(1337.46905660454,346.237851744814,
336.000000159368));
#27340=VERTEX_POINT('',#27330);
#27350=EDGE_CURVE('',#27340,#27250,#27320,.T.);
#27360=ORIENTED_EDGE('',*,*,#27350,.T.);
#27370=CARTESIAN_POINT('',(1337.90800000076,345.569025388494,
336.000000159368));
#27380=DIRECTION('',(-3.46944695195362E-17,4.09260113182289E-33,-1.));
#27390=DIRECTION('',(1.,-1.17961196366423E-16,-3.46944695195362E-17));
#27400=AXIS2_PLACEMENT_3D('',#27370,#27380,#27390);
#27410=CIRCLE('',#27400,0.8);
#27420=CARTESIAN_POINT('',(1338.24955102117,346.292449814718,
336.000000159368));
#27430=VERTEX_POINT('',#27420);
#27440=EDGE_CURVE('',#27340,#27430,#27410,.T.);
#27450=ORIENTED_EDGE('',*,*,#27440,.F.);
#27460=CARTESIAN_POINT('',(1340.00000000076,349.999999999118,
336.000000159368));
#27470=DIRECTION('',(3.46944695195362E-17,-4.09260113182289E-33,1.));
#27480=DIRECTION('',(-1.,2.35922392732846E-16,3.46944695195362E-17));
#27490=AXIS2_PLACEMENT_3D('',#27460,#27470,#27480);
#27500=CIRCLE('',#27490,4.1);
#27510=CARTESIAN_POINT('',(1341.53697798547,346.198987150608,
336.000000159368));
#27520=VERTEX_POINT('',#27510);
#27530=EDGE_CURVE('',#27430,#27520,#27500,.T.);
#27540=ORIENTED_EDGE('',*,*,#27530,.F.);
#27550=CARTESIAN_POINT('',(1341.34954164587,346.662525302866,
336.000000159368));
#27560=DIRECTION('',(3.46944695195362E-17,-4.09260113182289E-33,1.));
#27570=DIRECTION('',(1.17961196366423E-16,1.,0.));
#27580=AXIS2_PLACEMENT_3D('',#27550,#27560,#27570);
#27590=CIRCLE('',#27580,0.5);
#27600=CARTESIAN_POINT('',(1341.78255434776,346.912525302866,
336.000000159368));
#27610=VERTEX_POINT('',#27600);
#27620=EDGE_CURVE('',#27520,#27610,#27590,.T.);
#27630=ORIENTED_EDGE('',*,*,#27620,.F.);
#27640=CARTESIAN_POINT('',(1341.34954164587,346.662525302866,
336.000000159368));
#27650=DIRECTION('',(3.46944695195362E-17,-4.09260113182289E-33,1.));
#27660=DIRECTION('',(1.17961196366423E-16,1.,0.));
#27670=AXIS2_PLACEMENT_3D('',#27640,#27650,#27660);
#27680=CIRCLE('',#27670,0.5);
#27690=CARTESIAN_POINT('',(1341.16210530627,347.126063455123,
336.000000159368));
#27700=VERTEX_POINT('',#27690);
#27710=EDGE_CURVE('',#27610,#27700,#27680,.T.);
#27720=ORIENTED_EDGE('',*,*,#27710,.F.);
#27730=CARTESIAN_POINT('',(1340.00000000076,349.999999999118,
336.000000159368));
#27740=DIRECTION('',(3.46944695195362E-17,-4.09260113182289E-33,1.));
#27750=DIRECTION('',(-1.,2.35922392732846E-16,3.46944695195362E-17));
#27760=AXIS2_PLACEMENT_3D('',#27730,#27740,#27750);
#27770=CIRCLE('',#27760,3.1);
#27780=CARTESIAN_POINT('',(1338.67648979668,347.196730347499,
336.000000159368));
#27790=VERTEX_POINT('',#27780);
#27800=EDGE_CURVE('',#27790,#27700,#27770,.T.);
#27810=ORIENTED_EDGE('',*,*,#27800,.T.);
#27820=CARTESIAN_POINT('',(1337.90800000076,345.569025388494,
336.000000159368));
#27830=DIRECTION('',(-3.46944695195362E-17,4.09260113182289E-33,-1.));
#27840=DIRECTION('',(1.,-1.17961196366423E-16,-3.46944695195362E-17));
#27850=AXIS2_PLACEMENT_3D('',#27820,#27830,#27840);
#27860=CIRCLE('',#27850,1.8);
#27870=CARTESIAN_POINT('',(1336.92037735925,347.073884690215,
336.000000159368));
#27880=VERTEX_POINT('',#27870);
#27890=EDGE_CURVE('',#27880,#27790,#27860,.T.);
#27900=ORIENTED_EDGE('',*,*,#27890,.T.);
#27910=CARTESIAN_POINT('',(1335.00000000076,349.999999999118,
336.000000159368));
#27920=DIRECTION('',(-3.46944695195362E-17,4.09260113182289E-33,-1.));
#27930=DIRECTION('',(-1.,2.35922392732846E-16,3.46944695195362E-17));
#27940=AXIS2_PLACEMENT_3D('',#27910,#27920,#27930);
#27950=CIRCLE('',#27940,3.5);
#27960=CARTESIAN_POINT('',(1333.51598645944,346.830188678363,
336.000000159368));
#27970=VERTEX_POINT('',#27960);
#27980=EDGE_CURVE('',#27880,#27970,#27950,.T.);
#27990=ORIENTED_EDGE('',*,*,#27980,.F.);
#28000=CARTESIAN_POINT('',(1332.75277949534,345.199999999118,
336.000000159368));
#28010=DIRECTION('',(-3.46944695195362E-17,4.09260113182289E-33,-1.));
#28020=DIRECTION('',(1.,-1.17961196366423E-16,-3.46944695195362E-17));
#28030=AXIS2_PLACEMENT_3D('',#28000,#28010,#28020);
#28040=CIRCLE('',#28030,1.8);
#28050=CARTESIAN_POINT('',(1332.75277949534,346.999999999118,
336.000000159368));
#28060=VERTEX_POINT('',#28050);
#28070=EDGE_CURVE('',#28060,#27970,#28040,.T.);
#28080=ORIENTED_EDGE('',*,*,#28070,.T.);
#28090=CARTESIAN_POINT('',(1350.00000000076,346.999999999118,
336.000000159368));
#28100=DIRECTION('',(1.,-5.85705566822885E-16,-3.46944695195362E-17));
#28110=VECTOR('',#28100,1.);
#28120=LINE('',#28090,#28110);
#28130=CARTESIAN_POINT('',(1331.98744725333,346.999999999118,
336.000000159368));
#28140=VERTEX_POINT('',#28130);
#28150=EDGE_CURVE('',#28140,#28060,#28120,.T.);
#28160=ORIENTED_EDGE('',*,*,#28150,.T.);
#28170=CARTESIAN_POINT('',(1331.98744725333,345.199999999118,
336.000000159368));
#28180=DIRECTION('',(3.46944695195362E-17,-4.09260113182289E-33,1.));
#28190=DIRECTION('',(-1.,1.17961196366423E-16,3.46944695195362E-17));
#28200=AXIS2_PLACEMENT_3D('',#28170,#28180,#28190);
#28210=CIRCLE('',#28200,1.8);
#28220=CARTESIAN_POINT('',(1331.08744725333,346.75884572593,
336.000000159368));
#28230=VERTEX_POINT('',#28220);
#28240=EDGE_CURVE('',#28140,#28230,#28210,.T.);
#28250=ORIENTED_EDGE('',*,*,#28240,.F.);
#28260=CARTESIAN_POINT('',(1350.00000000076,357.678013145722,
336.000000159368));
#28270=DIRECTION('',(0.866025403784439,0.5,-3.00462919747433E-17));
#28280=VECTOR('',#28270,1.);
#28290=LINE('',#28260,#28280);
#28300=CARTESIAN_POINT('',(1330.12882481708,346.205384804307,
336.000000159368));
#28310=VERTEX_POINT('',#28300);
#28320=EDGE_CURVE('',#28310,#28230,#28290,.T.);
#28330=ORIENTED_EDGE('',*,*,#28320,.T.);
#28340=CARTESIAN_POINT('',(1330.00382481708,346.421891155253,
336.000000159368));
#28350=DIRECTION('',(-3.46944695195362E-17,4.09260113182289E-33,-1.));
#28360=DIRECTION('',(-1.17961196366423E-16,-1.,0.));
#28370=AXIS2_PLACEMENT_3D('',#28340,#28350,#28360);
#28380=CIRCLE('',#28370,0.25);
#28390=CARTESIAN_POINT('',(1329.78731846613,346.296891155253,
336.000000159368));
#28400=VERTEX_POINT('',#28390);
#28410=EDGE_CURVE('',#28310,#28400,#28380,.T.);
#28420=ORIENTED_EDGE('',*,*,#28410,.F.);
#28430=CARTESIAN_POINT('',(1327.64932757829,349.999999999118,
336.000000159368));
#28440=DIRECTION('',(0.499999999999998,-0.86602540378444,
-1.7347234759768E-17));
#28450=VECTOR('',#28440,1.);
#28460=LINE('',#28430,#28450);
#28470=EDGE_CURVE('',#23470,#28400,#28460,.T.);
#28480=ORIENTED_EDGE('',*,*,#28470,.T.);
#28490=ORIENTED_EDGE('',*,*,#23480,.F.);
#28500=CARTESIAN_POINT('',(1350.00000000076,358.37083346875,
336.000000159368));
#28510=DIRECTION('',(-0.866025403784439,-0.5,3.00462919747433E-17));
#28520=VECTOR('',#28510,1.);
#28530=LINE('',#28500,#28520);
#28540=CARTESIAN_POINT('',(1330.78744725333,347.278460968201,
336.000000159368));
#28550=VERTEX_POINT('',#28540);
#28560=EDGE_CURVE('',#28550,#23380,#28530,.T.);
#28570=ORIENTED_EDGE('',*,*,#28560,.T.);
#28580=CARTESIAN_POINT('',(1331.98744725333,345.199999999118,
336.000000159368));
#28590=DIRECTION('',(3.46944695195362E-17,-4.09260113182289E-33,1.));
#28600=DIRECTION('',(-1.,1.17961196366423E-16,3.46944695195362E-17));
#28610=AXIS2_PLACEMENT_3D('',#28580,#28590,#28600);
#28620=CIRCLE('',#28610,2.4);
#28630=CARTESIAN_POINT('',(1331.98744725333,347.599999999118,
336.000000159368));
#28640=VERTEX_POINT('',#28630);
#28650=EDGE_CURVE('',#28640,#28550,#28620,.T.);
#28660=ORIENTED_EDGE('',*,*,#28650,.T.);
#28670=CARTESIAN_POINT('',(1350.00000000076,347.599999999118,
336.000000159368));
#28680=DIRECTION('',(-1.,5.85705566822885E-16,3.46944695195362E-17));
#28690=VECTOR('',#28680,1.);
#28700=LINE('',#28670,#28690);
#28710=CARTESIAN_POINT('',(1332.75277949534,347.599999999118,
336.000000159368));
#28720=VERTEX_POINT('',#28710);
#28730=EDGE_CURVE('',#28720,#28640,#28700,.T.);
#28740=ORIENTED_EDGE('',*,*,#28730,.T.);
#28750=CARTESIAN_POINT('',(1332.75277949534,345.199999999118,
336.000000159368));
#28760=DIRECTION('',(-3.46944695195362E-17,4.09260113182289E-33,-1.));
#28770=DIRECTION('',(1.,-1.17961196366423E-16,-3.46944695195362E-17));
#28780=AXIS2_PLACEMENT_3D('',#28750,#28760,#28770);
#28790=CIRCLE('',#28780,2.4);
#28800=CARTESIAN_POINT('',(1333.77038878081,347.373584904779,
336.000000159368));
#28810=VERTEX_POINT('',#28800);
#28820=EDGE_CURVE('',#28720,#28810,#28790,.T.);
#28830=ORIENTED_EDGE('',*,*,#28820,.F.);
#28840=CARTESIAN_POINT('',(1335.00000000076,349.999999999118,
336.000000159368));
#28850=DIRECTION('',(-3.46944695195362E-17,4.09260113182289E-33,-1.));
#28860=DIRECTION('',(-1.,2.35922392732846E-16,3.46944695195362E-17));
#28870=AXIS2_PLACEMENT_3D('',#28840,#28850,#28860);
#28880=CIRCLE('',#28870,2.9);
#28890=CARTESIAN_POINT('',(1336.59116981208,347.575504457456,
336.000000159368));
#28900=VERTEX_POINT('',#28890);
#28910=EDGE_CURVE('',#28900,#28810,#28880,.T.);
#28920=ORIENTED_EDGE('',*,*,#28910,.T.);
#28930=CARTESIAN_POINT('',(1337.90800000076,345.569025388494,
336.000000159368));
#28940=DIRECTION('',(-3.46944695195362E-17,4.09260113182289E-33,-1.));
#28950=DIRECTION('',(1.,-1.17961196366423E-16,-3.46944695195362E-17));
#28960=AXIS2_PLACEMENT_3D('',#28930,#28940,#28950);
#28970=CIRCLE('',#28960,2.4);
#28980=CARTESIAN_POINT('',(1338.93265306199,347.739298667167,
336.000000159368));
#28990=VERTEX_POINT('',#28980);
#29000=EDGE_CURVE('',#28900,#28990,#28970,.T.);
#29010=ORIENTED_EDGE('',*,*,#29000,.F.);
#29020=CARTESIAN_POINT('',(1340.00000000076,349.999999999118,
336.000000159368));
#29030=DIRECTION('',(3.46944695195362E-17,-4.09260113182289E-33,1.));
#29040=DIRECTION('',(-1.,2.35922392732846E-16,3.46944695195362E-17));
#29050=AXIS2_PLACEMENT_3D('',#29020,#29030,#29040);
#29060=CIRCLE('',#29050,2.5);
#29070=CARTESIAN_POINT('',(1341.51019484893,348.007686891052,
336.000000159368));
#29080=VERTEX_POINT('',#29070);
#29090=EDGE_CURVE('',#28990,#29080,#29060,.T.);
#29100=ORIENTED_EDGE('',*,*,#29090,.F.);
#29110=CARTESIAN_POINT('',(1341.32897146715,348.24676446402,
336.000000159368));
#29120=DIRECTION('',(3.46944695195362E-17,-4.09260113182289E-33,1.));
#29130=DIRECTION('',(1.17961196366423E-16,1.,0.));
#29140=AXIS2_PLACEMENT_3D('',#29110,#29120,#29130);
#29150=CIRCLE('',#29140,0.3);
#29160=CARTESIAN_POINT('',(1341.5411035015,348.458896498376,
336.000000159368));
#29170=VERTEX_POINT('',#29160);
#29180=EDGE_CURVE('',#29080,#29170,#29150,.T.);
#29190=ORIENTED_EDGE('',*,*,#29180,.F.);
#29200=CARTESIAN_POINT('',(1341.32897146715,348.24676446402,
336.000000159368));
#29210=DIRECTION('',(3.46944695195362E-17,-4.09260113182289E-33,1.));
#29220=DIRECTION('',(1.17961196366423E-16,1.,0.));
#29230=AXIS2_PLACEMENT_3D('',#29200,#29210,#29220);
#29240=CIRCLE('',#29230,0.3);
#29250=CARTESIAN_POINT('',(1341.14774808537,348.485842036988,
336.000000159368));
#29260=VERTEX_POINT('',#29250);
#29270=EDGE_CURVE('',#29170,#29260,#29240,.T.);
#29280=ORIENTED_EDGE('',*,*,#29270,.F.);
#29290=CARTESIAN_POINT('',(1340.00000000076,349.999999999118,
336.000000159368));
#29300=DIRECTION('',(3.46944695195362E-17,-4.09260113182289E-33,1.));
#29310=DIRECTION('',(-1.,2.35922392732846E-16,3.46944695195362E-17));
#29320=AXIS2_PLACEMENT_3D('',#29290,#29300,#29310);
#29330=CIRCLE('',#29320,1.9);
#29340=CARTESIAN_POINT('',(1339.18881632729,348.281866986835,
336.000000159368));
#29350=VERTEX_POINT('',#29340);
#29360=EDGE_CURVE('',#29350,#29260,#29330,.T.);
#29370=ORIENTED_EDGE('',*,*,#29360,.T.);
#29380=CARTESIAN_POINT('',(1337.90800000076,345.569025388494,
336.000000159368));
#29390=DIRECTION('',(-3.46944695195362E-17,4.09260113182289E-33,-1.));
#29400=DIRECTION('',(1.,-1.17961196366423E-16,-3.46944695195362E-17));
#29410=AXIS2_PLACEMENT_3D('',#29380,#29390,#29400);
#29420=CIRCLE('',#29410,3.);
#29430=CARTESIAN_POINT('',(1338.28586260558,348.545133560567,
336.000000159368));
#29440=VERTEX_POINT('',#29430);
#29450=EDGE_CURVE('',#29440,#29350,#29420,.T.);
#29460=ORIENTED_EDGE('',*,*,#29450,.T.);
#29470=CARTESIAN_POINT('',(1338.28586260558,348.545133560567,
341.463631780049));
#29480=CARTESIAN_POINT('',(1338.28586260558,348.545133560567,
339.225754573155));
#29490=CARTESIAN_POINT('',(1338.28586260558,348.545133560567,
336.987877366262));
#29500=CARTESIAN_POINT('',(1338.28586260558,348.545133560567,
332.512122952474));
#29510=CARTESIAN_POINT('',(1338.28586260558,348.545133560567,
330.27424574558));
#29520=CARTESIAN_POINT('',(1338.28586260558,348.545133560567,
328.036368538686));
#29530=CARTESIAN_POINT('',(1338.01860278107,348.579066296749,
341.463631780049));
#29540=CARTESIAN_POINT('',(1338.01860278107,348.579066296749,
339.225754573155));
#29550=CARTESIAN_POINT('',(1338.01860278107,348.579066296749,
336.987877366262));
#29560=CARTESIAN_POINT('',(1338.01860278107,348.579066296749,
332.512122952474));
#29570=CARTESIAN_POINT('',(1338.01860278107,348.579066296749,
330.27424574558));
#29580=CARTESIAN_POINT('',(1338.01860278107,348.579066296749,
328.036368538686));
#29590=CARTESIAN_POINT('',(1337.87351783158,348.806067622325,
341.463631780049));
#29600=CARTESIAN_POINT('',(1337.87351783158,348.806067622325,
339.225754573155));
#29610=CARTESIAN_POINT('',(1337.87351783158,348.806067622325,
336.987877366262));
#29620=CARTESIAN_POINT('',(1337.87351783158,348.806067622325,
332.512122952474));
#29630=CARTESIAN_POINT('',(1337.87351783158,348.806067622325,
330.27424574558));
#29640=CARTESIAN_POINT('',(1337.87351783158,348.806067622325,
328.036368538686));
#29650=CARTESIAN_POINT('',(1337.95495922503,349.062868213865,
341.463631780049));
#29660=CARTESIAN_POINT('',(1337.95495922503,349.062868213865,
339.225754573155));
#29670=CARTESIAN_POINT('',(1337.95495922503,349.062868213865,
336.987877366262));
#29680=CARTESIAN_POINT('',(1337.95495922503,349.062868213865,
332.512122952474));
#29690=CARTESIAN_POINT('',(1337.95495922503,349.062868213865,
330.27424574558));
#29700=CARTESIAN_POINT('',(1337.95495922503,349.062868213865,
328.036368538686));
#29710=(BOUNDED_SURFACE() B_SPLINE_SURFACE(3,3,((#29470,#29530,#29590,
#29650),(#29480,#29540,#29600,#29660),(#29490,#29550,#29610,#29670),(
#29500,#29560,#29620,#29680),(#29510,#29570,#29630,#29690),(#29520,
#29580,#29640,#29700)),.UNSPECIFIED.,.F.,.F.,.F.) 
B_SPLINE_SURFACE_WITH_KNOTS((4,2,4),(4,4),(0.,6.71363162068137,
13.4272632413627),(0.,1.),.UNSPECIFIED.) GEOMETRIC_REPRESENTATION_ITEM()
 RATIONAL_B_SPLINE_SURFACE(((1.,0.760252026405983,0.760252026405983,1.),
(1.,0.760252026405982,0.760252026405982,1.),(1.,0.760252026405986,
0.760252026405986,1.),(1.,0.760252026405986,0.760252026405986,1.),(1.,
0.760252026405981,0.760252026405981,1.),(1.,0.760252026405983,
0.760252026405983,1.))) REPRESENTATION_ITEM('') SURFACE());
#29720=CARTESIAN_POINT('',(1338.28586260558,348.545133560567,
336.000000159368));
#29730=CARTESIAN_POINT('',(1338.27146870336,348.546961087347,
336.000000159368));
#29740=CARTESIAN_POINT('',(1338.25709961085,348.54958337099,
336.000000159368));
#29750=CARTESIAN_POINT('',(1338.24287931092,348.552996853688,
336.000000159368));
#29760=CARTESIAN_POINT('',(1338.22865929232,348.556410268854,
336.000000159368));
#29770=CARTESIAN_POINT('',(1338.21459251228,348.560614091722,
336.000000159368));
#29780=CARTESIAN_POINT('',(1338.20080566005,348.565575324373,
336.000000159368));
#29790=CARTESIAN_POINT('',(1338.18701874338,348.570536580213,
336.000000159368));
#29800=CARTESIAN_POINT('',(1338.17351610164,348.576253614166,
336.000000159368));
#29810=CARTESIAN_POINT('',(1338.16041236698,348.582666567103,
336.000000159368));
#29820=CARTESIAN_POINT('',(1338.153860648,348.58587297097,
336.000000159368));
#29830=CARTESIAN_POINT('',(1338.14740878288,348.589252787086,
336.000000159368));
#29840=CARTESIAN_POINT('',(1338.14106920277,348.592796602589,
336.000000159368));
#29850=CARTESIAN_POINT('',(1338.13473447966,348.596337703036,
336.000000159368));
#29860=CARTESIAN_POINT('',(1338.12849552555,348.600051060764,
336.000000159368));
#29870=CARTESIAN_POINT('',(1338.12234070391,348.603946123347,
336.000000159368));
#29880=CARTESIAN_POINT('',(1338.11003491245,348.611733810888,
336.000000159368));
#29890=CARTESIAN_POINT('',(1338.09810370108,348.620228277356,
336.000000159368));
#29900=CARTESIAN_POINT('',(1338.0866584837,348.629366910537,
336.000000159368));
#29910=CARTESIAN_POINT('',(1338.07521338199,348.638505451359,
336.000000159368));
#29920=CARTESIAN_POINT('',(1338.06425796459,348.648285387639,
336.000000159368));
#29930=CARTESIAN_POINT('',(1338.0538893159,348.658618368511,
336.000000159368));
#29940=CARTESIAN_POINT('',(1338.04352052044,348.668951495656,
336.000000159368));
#29950=CARTESIAN_POINT('',(1338.0337416001,348.679834300689,
336.000000159368));
#29960=CARTESIAN_POINT('',(1338.02462456623,348.691162915949,
336.000000159368));
#29970=CARTESIAN_POINT('',(1338.01552200302,348.702473550297,
336.000000159368));
#29980=CARTESIAN_POINT('',(1338.00702882839,348.714284272533,
336.000000159368));
#29990=CARTESIAN_POINT('',(1337.99916083315,348.726600019349,
336.000000159368));
#30000=CARTESIAN_POINT('',(1337.99129780086,348.738907997685,
336.000000159368));
#30010=CARTESIAN_POINT('',(1337.98408640433,348.751686140739,
336.000000159368));
#30020=CARTESIAN_POINT('',(1337.97759746972,348.764825254842,
336.000000159368));
#30030=CARTESIAN_POINT('',(1337.97110853973,348.777964359576,
336.000000159368));
#30040=CARTESIAN_POINT('',(1337.96534413974,348.791460269651,
336.000000159368));
#30050=CARTESIAN_POINT('',(1337.96034885329,348.805190448064,
336.000000159368));
#30060=CARTESIAN_POINT('',(1337.95535181305,348.818925447006,
336.000000159368));
#30070=CARTESIAN_POINT('',(1337.95113072538,348.832869935651,
336.000000159368));
#30080=CARTESIAN_POINT('',(1337.94768566582,348.846962729336,
336.000000159368));
#30090=CARTESIAN_POINT('',(1337.94423451968,348.861080421524,
336.000000159368));
#30100=CARTESIAN_POINT('',(1337.94153830752,348.875454539756,
336.000000159368));
#30110=CARTESIAN_POINT('',(1337.93963638162,348.889965582578,
336.000000159368));
#30120=CARTESIAN_POINT('',(1337.93773448545,348.904476398552,
336.000000159368));
#30130=CARTESIAN_POINT('',(1337.93662767843,348.919119644506,
336.000000159368));
#30140=CARTESIAN_POINT('',(1337.93632800346,348.933764660007,
336.000000159368));
#30150=CARTESIAN_POINT('',(1337.9360283259,348.948409802321,
336.000000159368));
#30160=CARTESIAN_POINT('',(1337.93653575759,348.963052089712,
336.000000159368));
#30170=CARTESIAN_POINT('',(1337.93783310581,348.977564430879,
336.000000159368));
#30180=CARTESIAN_POINT('',(1337.93848180163,348.984820844344,
336.000000159368));
#30190=CARTESIAN_POINT('',(1337.93932729105,348.992042857516,
336.000000159368));
#30200=CARTESIAN_POINT('',(1337.94036570129,348.999220542305,
336.000000159368));
#30210=CARTESIAN_POINT('',(1337.94140467202,349.006402101323,
336.000000159368));
#30220=CARTESIAN_POINT('',(1337.9426403117,349.013563025948,
336.000000159368));
#30230=CARTESIAN_POINT('',(1337.94407072612,349.020687419358,
336.000000159368));
#30240=CARTESIAN_POINT('',(1337.9469316633,349.034936745709,
336.000000159368));
#30250=CARTESIAN_POINT('',(1337.95057292481,349.049037354135,
336.000000159368));
#30260=CARTESIAN_POINT('',(1337.95495922503,349.062868213865,
336.000000159368));
#30270=B_SPLINE_CURVE_WITH_KNOTS('',3,(#29720,#29730,#29740,#29750,
#29760,#29770,#29780,#29790,#29800,#29810,#29820,#29830,#29840,#29850,
#29860,#29870,#29880,#29890,#29900,#29910,#29920,#29930,#29940,#29950,
#29960,#29970,#29980,#29990,#30000,#30010,#30020,#30030,#30040,#30050,
#30060,#30070,#30080,#30090,#30100,#30110,#30120,#30130,#30140,#30150,
#30160,#30170,#30180,#30190,#30200,#30210,#30220,#30230,#30240,#30250,
#30260),.UNSPECIFIED.,.F.,.F.,(4,3,3,3,3,3,3,3,3,3,3,3,3,3,3,3,3,3,4),(
0.,0.0437183814260616,0.0876541299423776,0.131536464242991,
0.153374368466653,0.175173131645606,0.219006443293824,0.262954233393713,
0.306743357095471,0.350402050526772,0.394311988958651,0.438230099747964,
0.481901297117508,0.525672834715433,0.569618782500559,0.613466356134236,
0.6352727533652,0.657059707221118,0.700644769119642),.UNSPECIFIED.);
#30280=SURFACE_CURVE('',#30270,(#29710,#11780),.CURVE_3D.);
#30290=CARTESIAN_POINT('',(1337.95495922503,349.062868213865,
336.000000159368));
#30300=VERTEX_POINT('',#30290);
#30310=EDGE_CURVE('',#29440,#30300,#30280,.T.);
#30320=ORIENTED_EDGE('',*,*,#30310,.F.);
#30330=CARTESIAN_POINT('',(1335.00000000076,349.999999999118,
336.000000159368));
#30340=DIRECTION('',(3.46944695195362E-17,-4.09260113182289E-33,1.));
#30350=DIRECTION('',(-1.,1.17961196366423E-16,3.46944695195362E-17));
#30360=AXIS2_PLACEMENT_3D('',#30330,#30340,#30350);
#30370=CIRCLE('',#30360,3.1);
#30380=CARTESIAN_POINT('',(1337.95495922503,350.937131784371,
336.000000159368));
#30390=VERTEX_POINT('',#30380);
#30400=EDGE_CURVE('',#30300,#30390,#30370,.T.);
#30410=ORIENTED_EDGE('',*,*,#30400,.F.);
#30420=CARTESIAN_POINT('',(1338.28586260558,351.45486643767,
327.93197816576));
#30430=CARTESIAN_POINT('',(1338.28586260558,351.45486643767,
330.204652163629));
#30440=CARTESIAN_POINT('',(1338.28586260558,351.45486643767,
332.477326161499));
#30450=CARTESIAN_POINT('',(1338.28586260558,351.45486643767,
337.022674157238));
#30460=CARTESIAN_POINT('',(1338.28586260558,351.45486643767,
339.295348155107));
#30470=CARTESIAN_POINT('',(1338.28586260558,351.45486643767,
341.568022152977));
#30480=CARTESIAN_POINT('',(1338.01860278107,351.420933701488,
327.93197816576));
#30490=CARTESIAN_POINT('',(1338.01860278107,351.420933701488,
330.204652163629));
#30500=CARTESIAN_POINT('',(1338.01860278107,351.420933701488,
332.477326161499));
#30510=CARTESIAN_POINT('',(1338.01860278107,351.420933701488,
337.022674157238));
#30520=CARTESIAN_POINT('',(1338.01860278107,351.420933701488,
339.295348155107));
#30530=CARTESIAN_POINT('',(1338.01860278107,351.420933701488,
341.568022152977));
#30540=CARTESIAN_POINT('',(1337.87351783158,351.193932375911,
327.93197816576));
#30550=CARTESIAN_POINT('',(1337.87351783158,351.193932375911,
330.204652163629));
#30560=CARTESIAN_POINT('',(1337.87351783158,351.193932375911,
332.477326161499));
#30570=CARTESIAN_POINT('',(1337.87351783158,351.193932375911,
337.022674157238));
#30580=CARTESIAN_POINT('',(1337.87351783158,351.193932375911,
339.295348155107));
#30590=CARTESIAN_POINT('',(1337.87351783158,351.193932375911,
341.568022152977));
#30600=CARTESIAN_POINT('',(1337.95495922503,350.937131784371,
327.93197816576));
#30610=CARTESIAN_POINT('',(1337.95495922503,350.937131784371,
330.204652163629));
#30620=CARTESIAN_POINT('',(1337.95495922503,350.937131784371,
332.477326161499));
#30630=CARTESIAN_POINT('',(1337.95495922503,350.937131784371,
337.022674157238));
#30640=CARTESIAN_POINT('',(1337.95495922503,350.937131784371,
339.295348155107));
#30650=CARTESIAN_POINT('',(1337.95495922503,350.937131784371,
341.568022152977));
#30660=(BOUNDED_SURFACE() B_SPLINE_SURFACE(3,3,((#30420,#30480,#30540,
#30600),(#30430,#30490,#30550,#30610),(#30440,#30500,#30560,#30620),(
#30450,#30510,#30570,#30630),(#30460,#30520,#30580,#30640),(#30470,
#30530,#30590,#30650)),.UNSPECIFIED.,.F.,.F.,.F.) 
B_SPLINE_SURFACE_WITH_KNOTS((4,2,4),(4,4),(0.,6.8180219936086,
13.6360439872172),(0.,1.),.UNSPECIFIED.) GEOMETRIC_REPRESENTATION_ITEM()
 RATIONAL_B_SPLINE_SURFACE(((1.,0.760252026405982,0.760252026405982,1.),
(1.,0.760252026405982,0.760252026405982,1.),(1.,0.760252026405982,
0.760252026405982,1.),(1.,0.76025202640598,0.76025202640598,1.),(1.,
0.760252026405983,0.760252026405983,1.),(1.,0.760252026405982,
0.760252026405982,1.))) REPRESENTATION_ITEM('') SURFACE());
#30670=CARTESIAN_POINT('',(1337.95495922503,350.937131784371,
336.000000159368));
#30680=CARTESIAN_POINT('',(1337.95057300852,350.950962380166,
336.000000159368));
#30690=CARTESIAN_POINT('',(1337.94691848881,350.965104221512,
336.000000159368));
#30700=CARTESIAN_POINT('',(1337.94404450414,350.979443294232,
336.000000159368));
#30710=CARTESIAN_POINT('',(1337.94117057633,350.993782083266,
336.000000159368));
#30720=CARTESIAN_POINT('',(1337.9390783325,351.008313736412,
336.000000159368));
#30730=CARTESIAN_POINT('',(1337.9377910292,351.022909419818,
336.000000159368));
#30740=CARTESIAN_POINT('',(1337.93650371989,351.037505171459,
336.000000159368));
#30750=CARTESIAN_POINT('',(1337.93602169591,351.052160322909,
336.000000159368));
#30760=CARTESIAN_POINT('',(1337.93633877263,351.06674570221,
336.000000159368));
#30770=CARTESIAN_POINT('',(1337.93649730741,351.074038226745,
336.000000159368));
#30780=CARTESIAN_POINT('',(1337.9368551557,351.081312954585,
336.000000159368));
#30790=CARTESIAN_POINT('',(1337.93740899542,351.088554650919,
336.000000159368));
#30800=CARTESIAN_POINT('',(1337.93796241083,351.09579079911,
336.000000159368));
#30810=CARTESIAN_POINT('',(1337.93871237612,351.103012372762,
336.000000159368));
#30820=CARTESIAN_POINT('',(1337.93966257858,351.110233900113,
336.000000159368));
#30830=CARTESIAN_POINT('',(1337.94156238883,351.124672435396,
336.000000159368));
#30840=CARTESIAN_POINT('',(1337.94426093945,351.139067837088,
336.000000159368));
#30850=CARTESIAN_POINT('',(1337.94774819577,351.15329269776,
336.000000159368));
#30860=CARTESIAN_POINT('',(1337.95123541684,351.167517414654,
336.000000159368));
#30870=CARTESIAN_POINT('',(1337.95551037833,351.181567077584,
336.000000159368));
#30880=CARTESIAN_POINT('',(1337.96053366883,351.195316474727,
336.000000159368));
#30890=CARTESIAN_POINT('',(1337.96555703044,351.20906606651,
336.000000159368));
#30900=CARTESIAN_POINT('',(1337.97132697017,351.222511159432,
336.000000159368));
#30910=CARTESIAN_POINT('',(1337.97777946488,351.235542780298,
336.000000159368));
#30920=CARTESIAN_POINT('',(1337.98422171811,351.248553717208,
336.000000159368));
#30930=CARTESIAN_POINT('',(1337.99137373906,351.2612216204,
336.000000159368));
#30940=CARTESIAN_POINT('',(1337.99924663941,351.273534232195,
336.000000159368));
#30950=CARTESIAN_POINT('',(1338.00711457372,351.285839077474,
336.000000159368));
#30960=CARTESIAN_POINT('',(1338.01568286099,351.297749981432,
336.000000159368));
#30970=CARTESIAN_POINT('',(1338.02488214675,351.309156809792,
336.000000159368));
#30980=CARTESIAN_POINT('',(1338.03408142596,351.320563630019,
336.000000159368));
#30990=CARTESIAN_POINT('',(1338.0439087916,351.331462748363,
336.000000159368));
#31000=CARTESIAN_POINT('',(1338.05427175883,351.341762243301,
336.000000159368));
#31010=CARTESIAN_POINT('',(1338.0646383644,351.35206535429,
336.000000159368));
#31020=CARTESIAN_POINT('',(1338.07552095592,351.361752229257,
336.000000159368));
#31030=CARTESIAN_POINT('',(1338.08686403725,351.370797104888,
336.000000159368));
#31040=CARTESIAN_POINT('',(1338.098227159,351.379857960583,
336.000000159368));
#31050=CARTESIAN_POINT('',(1338.11014003671,351.388341366717,
336.000000159368));
#31060=CARTESIAN_POINT('',(1338.12251074356,351.396161424154,
336.000000159368));
#31070=CARTESIAN_POINT('',(1338.13488125701,351.40398135933,
336.000000159368));
#31080=CARTESIAN_POINT('',(1338.14770585771,351.411135329623,
336.000000159368));
#31090=CARTESIAN_POINT('',(1338.16087102285,351.417557534148,
336.000000159368));
#31100=CARTESIAN_POINT('',(1338.174036302,351.42397979429,
336.000000159368));
#31110=CARTESIAN_POINT('',(1338.1875379391,351.429668367278,
336.000000159368));
#31120=CARTESIAN_POINT('',(1338.20125337287,351.434585483773,
336.000000159368));
#31130=CARTESIAN_POINT('',(1338.2081113193,351.437044124317,
336.000000159368));
#31140=CARTESIAN_POINT('',(1338.21502069022,351.439309719208,
336.000000159368));
#31150=CARTESIAN_POINT('',(1338.22197084902,351.441381613832,
336.000000159368));
#31160=CARTESIAN_POINT('',(1338.22892475925,351.443454626783,
336.000000159368));
#31170=CARTESIAN_POINT('',(1338.23594253478,351.44534048825,
336.000000159368));
#31180=CARTESIAN_POINT('',(1338.24300895305,351.447034241376,
336.000000159368));
#31190=CARTESIAN_POINT('',(1338.25714232474,351.450421875895,
336.000000159368));
#31200=CARTESIAN_POINT('',(1338.27146842867,351.453038876014,
336.000000159368));
#31210=CARTESIAN_POINT('',(1338.28586260558,351.45486643767,
336.000000159368));
#31220=B_SPLINE_CURVE_WITH_KNOTS('',3,(#30670,#30680,#30690,#30700,
#30710,#30720,#30730,#30740,#30750,#30760,#30770,#30780,#30790,#30800,
#30810,#30820,#30830,#30840,#30850,#30860,#30870,#30880,#30890,#30900,
#30910,#30920,#30930,#30940,#30950,#30960,#30970,#30980,#30990,#31000,
#31010,#31020,#31030,#31040,#31050,#31060,#31070,#31080,#31090,#31100,
#31110,#31120,#31130,#31140,#31150,#31160,#31170,#31180,#31190,#31200,
#31210),.UNSPECIFIED.,.F.,.F.,(4,3,3,3,3,3,3,3,3,3,3,3,3,3,3,3,3,3,4),(
0.,0.0437183814258743,0.0876541299419727,0.131536464242822,
0.153374368466478,0.175173131645132,0.219006443293574,0.26295423339368,
0.306743357095289,0.350402050526669,0.394311988958156,0.438230099747367,
0.481901297116698,0.525672834715345,0.569618782499858,0.613466356134129,
0.635272753364498,0.657059707220722,0.700644769119546),.UNSPECIFIED.);
#31230=SURFACE_CURVE('',#31220,(#30660,#11780),.CURVE_3D.);
#31240=CARTESIAN_POINT('',(1338.28586260558,351.45486643767,
336.000000159368));
#31250=VERTEX_POINT('',#31240);
#31260=EDGE_CURVE('',#30390,#31250,#31230,.T.);
#31270=ORIENTED_EDGE('',*,*,#31260,.F.);
#31280=CARTESIAN_POINT('',(1337.90800000076,354.430974609743,
336.000000159368));
#31290=DIRECTION('',(3.46944695195362E-17,-4.09260113182289E-33,1.));
#31300=DIRECTION('',(1.,-1.17961196366423E-16,-3.46944695195362E-17));
#31310=AXIS2_PLACEMENT_3D('',#31280,#31290,#31300);
#31320=CIRCLE('',#31310,3.);
#31330=CARTESIAN_POINT('',(1339.18881632729,351.718133011401,
336.000000159368));
#31340=VERTEX_POINT('',#31330);
#31350=EDGE_CURVE('',#31250,#31340,#31320,.T.);
#31360=ORIENTED_EDGE('',*,*,#31350,.F.);
#31370=CARTESIAN_POINT('',(1340.00000000076,349.999999999118,
336.000000159368));
#31380=DIRECTION('',(-3.46944695195362E-17,4.09260113182289E-33,-1.));
#31390=DIRECTION('',(-1.,-2.357708134582E-79,3.46944695195362E-17));
#31400=AXIS2_PLACEMENT_3D('',#31370,#31380,#31390);
#31410=CIRCLE('',#31400,1.9);
#31420=CARTESIAN_POINT('',(1341.14774808537,351.514157961248,
336.000000159368));
#31430=VERTEX_POINT('',#31420);
#31440=EDGE_CURVE('',#31340,#31430,#31410,.T.);
#31450=ORIENTED_EDGE('',*,*,#31440,.F.);
#31460=CARTESIAN_POINT('',(1341.32897146715,351.753235534216,
336.000000159368));
#31470=DIRECTION('',(-3.46944695195362E-17,4.09260113182289E-33,-1.));
#31480=DIRECTION('',(-1.17961196366423E-16,-1.,0.));
#31490=AXIS2_PLACEMENT_3D('',#31460,#31470,#31480);
#31500=CIRCLE('',#31490,0.3);
#31510=CARTESIAN_POINT('',(1341.5411035015,351.54110349986,
336.000000159368));
#31520=VERTEX_POINT('',#31510);
#31530=EDGE_CURVE('',#31520,#31430,#31500,.T.);
#31540=ORIENTED_EDGE('',*,*,#31530,.T.);
#31550=CARTESIAN_POINT('',(1341.32897146715,351.753235534216,
336.000000159368));
#31560=DIRECTION('',(-3.46944695195362E-17,4.09260113182289E-33,-1.));
#31570=DIRECTION('',(-1.17961196366423E-16,-1.,0.));
#31580=AXIS2_PLACEMENT_3D('',#31550,#31560,#31570);
#31590=CIRCLE('',#31580,0.3);
#31600=CARTESIAN_POINT('',(1341.51019484893,351.992313107184,
336.000000159368));
#31610=VERTEX_POINT('',#31600);
#31620=EDGE_CURVE('',#31610,#31520,#31590,.T.);
#31630=ORIENTED_EDGE('',*,*,#31620,.T.);
#31640=CARTESIAN_POINT('',(1340.00000000076,349.999999999118,
336.000000159368));
#31650=DIRECTION('',(-3.46944695195362E-17,4.09260113182289E-33,-1.));
#31660=DIRECTION('',(-1.,-2.357708134582E-79,3.46944695195362E-17));
#31670=AXIS2_PLACEMENT_3D('',#31640,#31650,#31660);
#31680=CIRCLE('',#31670,2.5);
#31690=CARTESIAN_POINT('',(1338.93265306199,352.26070133107,
336.000000159368));
#31700=VERTEX_POINT('',#31690);
#31710=EDGE_CURVE('',#31700,#31610,#31680,.T.);
#31720=ORIENTED_EDGE('',*,*,#31710,.T.);
#31730=CARTESIAN_POINT('',(1337.90800000076,354.430974609743,
336.000000159368));
#31740=DIRECTION('',(3.46944695195362E-17,-4.09260113182289E-33,1.));
#31750=DIRECTION('',(1.,-1.17961196366423E-16,-3.46944695195362E-17));
#31760=AXIS2_PLACEMENT_3D('',#31730,#31740,#31750);
#31770=CIRCLE('',#31760,2.4);
#31780=CARTESIAN_POINT('',(1336.59116981208,352.424495540781,
336.000000159368));
#31790=VERTEX_POINT('',#31780);
#31800=EDGE_CURVE('',#31790,#31700,#31770,.T.);
#31810=ORIENTED_EDGE('',*,*,#31800,.T.);
#31820=CARTESIAN_POINT('',(1335.00000000076,349.999999999118,
336.000000159368));
#31830=DIRECTION('',(3.46944695195362E-17,-4.09260113182289E-33,1.));
#31840=DIRECTION('',(-1.,-2.357708134582E-79,3.46944695195362E-17));
#31850=AXIS2_PLACEMENT_3D('',#31820,#31830,#31840);
#31860=CIRCLE('',#31850,2.9);
#31870=CARTESIAN_POINT('',(1333.77038878081,352.626415093458,
336.000000159368));
#31880=VERTEX_POINT('',#31870);
#31890=EDGE_CURVE('',#31790,#31880,#31860,.T.);
#31900=ORIENTED_EDGE('',*,*,#31890,.F.);
#31910=CARTESIAN_POINT('',(1332.75277949534,354.799999999118,
336.000000159368));
#31920=DIRECTION('',(3.46944695195362E-17,-4.09260113182289E-33,1.));
#31930=DIRECTION('',(1.,-1.17961196366423E-16,-3.46944695195362E-17));
#31940=AXIS2_PLACEMENT_3D('',#31910,#31920,#31930);
#31950=CIRCLE('',#31940,2.4);
#31960=CARTESIAN_POINT('',(1332.75277949534,352.399999999118,
336.000000159368));
#31970=VERTEX_POINT('',#31960);
#31980=EDGE_CURVE('',#31970,#31880,#31950,.T.);
#31990=ORIENTED_EDGE('',*,*,#31980,.T.);
#32000=CARTESIAN_POINT('',(1350.00000000076,352.399999999118,
336.000000159368));
#32010=DIRECTION('',(1.,3.49783174090039E-16,-3.46944695195362E-17));
#32020=VECTOR('',#32010,1.);
#32030=LINE('',#32000,#32020);
#32040=CARTESIAN_POINT('',(1331.98744725333,352.399999999118,
336.000000159368));
#32050=VERTEX_POINT('',#32040);
#32060=EDGE_CURVE('',#32050,#31970,#32030,.T.);
#32070=ORIENTED_EDGE('',*,*,#32060,.T.);
#32080=CARTESIAN_POINT('',(1331.98744725333,354.799999999118,
336.000000159368));
#32090=DIRECTION('',(-3.46944695195362E-17,4.09260113182289E-33,-1.));
#32100=DIRECTION('',(-1.,1.17961196366423E-16,3.46944695195362E-17));
#32110=AXIS2_PLACEMENT_3D('',#32080,#32090,#32100);
#32120=CIRCLE('',#32110,2.4);
#32130=CARTESIAN_POINT('',(1330.78744725333,352.721539030036,
336.000000159368));
#32140=VERTEX_POINT('',#32130);
#32150=EDGE_CURVE('',#32050,#32140,#32120,.T.);
#32160=ORIENTED_EDGE('',*,*,#32150,.F.);
#32170=CARTESIAN_POINT('',(1350.00000000076,341.629166529487,
336.000000159368));
#32180=DIRECTION('',(0.866025403784438,-0.5,-3.00462919747432E-17));
#32190=VECTOR('',#32180,1.);
#32200=LINE('',#32170,#32190);
#32210=CARTESIAN_POINT('',(1329.82882481708,353.274999951659,
336.000000159368));
#32220=VERTEX_POINT('',#32210);
#32230=EDGE_CURVE('',#32220,#32140,#32200,.T.);
#32240=ORIENTED_EDGE('',*,*,#32230,.T.);
#32250=CARTESIAN_POINT('',(1329.95382481708,353.491506302605,
336.000000159368));
#32260=DIRECTION('',(-3.46944695195362E-17,4.09260113182289E-33,-1.));
#32270=DIRECTION('',(-1.17961196366423E-16,-1.,0.));
#32280=AXIS2_PLACEMENT_3D('',#32250,#32260,#32270);
#32290=CIRCLE('',#32280,0.25);
#32300=CARTESIAN_POINT('',(1329.73731846613,353.616506302605,
336.000000159368));
#32310=VERTEX_POINT('',#32300);
#32320=EDGE_CURVE('',#32220,#32310,#32290,.T.);
#32330=ORIENTED_EDGE('',*,*,#32320,.F.);
#32340=CARTESIAN_POINT('',(1327.64932757829,349.999999999118,
336.000000159368));
#32350=DIRECTION('',(-0.499999999999998,-0.86602540378444,
1.73472347597681E-17));
#32360=VECTOR('',#32350,1.);
#32370=LINE('',#32340,#32360);
#32380=CARTESIAN_POINT('',(1329.78731846613,353.703108842983,
336.000000159368));
#32390=VERTEX_POINT('',#32380);
#32400=EDGE_CURVE('',#32390,#32310,#32370,.T.);
#32410=ORIENTED_EDGE('',*,*,#32400,.T.);
#32420=CARTESIAN_POINT('',(1330.00382481708,353.578108842983,
336.000000159368));
#32430=DIRECTION('',(-3.46944695195362E-17,4.09260113182289E-33,-1.));
#32440=DIRECTION('',(-1.17961196366423E-16,-1.,0.));
#32450=AXIS2_PLACEMENT_3D('',#32420,#32430,#32440);
#32460=CIRCLE('',#32450,0.25);
#32470=CARTESIAN_POINT('',(1330.12882481708,353.794615193929,
336.000000159368));
#32480=VERTEX_POINT('',#32470);
#32490=EDGE_CURVE('',#32390,#32480,#32460,.T.);
#32500=ORIENTED_EDGE('',*,*,#32490,.F.);
#32510=CARTESIAN_POINT('',(1350.00000000076,342.321986852514,
336.000000159368));
#32520=DIRECTION('',(-0.866025403784438,0.5,3.00462919747432E-17));
#32530=VECTOR('',#32520,1.);
#32540=LINE('',#32510,#32530);
#32550=CARTESIAN_POINT('',(1331.08744725333,353.241154272306,
336.000000159368));
#32560=VERTEX_POINT('',#32550);
#32570=EDGE_CURVE('',#32560,#32480,#32540,.T.);
#32580=ORIENTED_EDGE('',*,*,#32570,.T.);
#32590=CARTESIAN_POINT('',(1331.98744725333,354.799999999118,
336.000000159368));
#32600=DIRECTION('',(-3.46944695195362E-17,4.09260113182289E-33,-1.));
#32610=DIRECTION('',(-1.,1.17961196366423E-16,3.46944695195362E-17));
#32620=AXIS2_PLACEMENT_3D('',#32590,#32600,#32610);
#32630=CIRCLE('',#32620,1.8);
#32640=CARTESIAN_POINT('',(1331.98744725333,352.999999999118,
336.000000159368));
#32650=VERTEX_POINT('',#32640);
#32660=EDGE_CURVE('',#32650,#32560,#32630,.T.);
#32670=ORIENTED_EDGE('',*,*,#32660,.T.);
#32680=CARTESIAN_POINT('',(1350.00000000076,352.999999999118,
336.000000159368));
#32690=DIRECTION('',(-1.,-3.49783174090039E-16,3.46944695195362E-17));
#32700=VECTOR('',#32690,1.);
#32710=LINE('',#32680,#32700);
#32720=CARTESIAN_POINT('',(1332.75277949534,352.999999999118,
336.000000159368));
#32730=VERTEX_POINT('',#32720);
#32740=EDGE_CURVE('',#32730,#32650,#32710,.T.);
#32750=ORIENTED_EDGE('',*,*,#32740,.T.);
#32760=CARTESIAN_POINT('',(1332.75277949534,354.799999999118,
336.000000159368));
#32770=DIRECTION('',(3.46944695195362E-17,-4.09260113182289E-33,1.));
#32780=DIRECTION('',(1.,-1.17961196366423E-16,-3.46944695195362E-17));
#32790=AXIS2_PLACEMENT_3D('',#32760,#32770,#32780);
#32800=CIRCLE('',#32790,1.8);
#32810=CARTESIAN_POINT('',(1333.51598645944,353.169811319873,
336.000000159368));
#32820=VERTEX_POINT('',#32810);
#32830=EDGE_CURVE('',#32730,#32820,#32800,.T.);
#32840=ORIENTED_EDGE('',*,*,#32830,.F.);
#32850=CARTESIAN_POINT('',(1335.00000000076,349.999999999118,
336.000000159368));
#32860=DIRECTION('',(3.46944695195362E-17,-4.09260113182289E-33,1.));
#32870=DIRECTION('',(-1.,-2.357708134582E-79,3.46944695195362E-17));
#32880=AXIS2_PLACEMENT_3D('',#32850,#32860,#32870);
#32890=CIRCLE('',#32880,3.5);
#32900=CARTESIAN_POINT('',(1336.92037735925,352.926115308021,
336.000000159368));
#32910=VERTEX_POINT('',#32900);
#32920=EDGE_CURVE('',#32910,#32820,#32890,.T.);
#32930=ORIENTED_EDGE('',*,*,#32920,.T.);
#32940=CARTESIAN_POINT('',(1337.90800000076,354.430974609743,
336.000000159368));
#32950=DIRECTION('',(3.46944695195362E-17,-4.09260113182289E-33,1.));
#32960=DIRECTION('',(1.,-1.17961196366423E-16,-3.46944695195362E-17));
#32970=AXIS2_PLACEMENT_3D('',#32940,#32950,#32960);
#32980=CIRCLE('',#32970,1.8);
#32990=CARTESIAN_POINT('',(1338.67648979668,352.803269650738,
336.000000159368));
#33000=VERTEX_POINT('',#32990);
#33010=EDGE_CURVE('',#32910,#33000,#32980,.T.);
#33020=ORIENTED_EDGE('',*,*,#33010,.F.);
#33030=CARTESIAN_POINT('',(1340.00000000076,349.999999999118,
336.000000159368));
#33040=DIRECTION('',(-3.46944695195362E-17,4.09260113182289E-33,-1.));
#33050=DIRECTION('',(-1.,-2.357708134582E-79,3.46944695195362E-17));
#33060=AXIS2_PLACEMENT_3D('',#33030,#33040,#33050);
#33070=CIRCLE('',#33060,3.1);
#33080=CARTESIAN_POINT('',(1341.16210530627,352.873936543113,
336.000000159368));
#33090=VERTEX_POINT('',#33080);
#33100=EDGE_CURVE('',#33000,#33090,#33070,.T.);
#33110=ORIENTED_EDGE('',*,*,#33100,.F.);
#33120=CARTESIAN_POINT('',(1341.34954164587,353.337474695371,
336.000000159368));
#33130=DIRECTION('',(-3.46944695195362E-17,4.09260113182289E-33,-1.));
#33140=DIRECTION('',(-1.17961196366423E-16,-1.,0.));
#33150=AXIS2_PLACEMENT_3D('',#33120,#33130,#33140);
#33160=CIRCLE('',#33150,0.5);
#33170=CARTESIAN_POINT('',(1341.78255434776,353.087474695371,
336.000000159368));
#33180=VERTEX_POINT('',#33170);
#33190=EDGE_CURVE('',#33180,#33090,#33160,.T.);
#33200=ORIENTED_EDGE('',*,*,#33190,.T.);
#33210=CARTESIAN_POINT('',(1341.34954164587,353.337474695371,
336.000000159368));
#33220=DIRECTION('',(-3.46944695195362E-17,4.09260113182289E-33,-1.));
#33230=DIRECTION('',(-1.17961196366423E-16,-1.,0.));
#33240=AXIS2_PLACEMENT_3D('',#33210,#33220,#33230);
#33250=CIRCLE('',#33240,0.5);
#33260=CARTESIAN_POINT('',(1341.53697798546,353.801012847628,
336.000000159368));
#33270=VERTEX_POINT('',#33260);
#33280=EDGE_CURVE('',#33270,#33180,#33250,.T.);
#33290=ORIENTED_EDGE('',*,*,#33280,.T.);
#33300=CARTESIAN_POINT('',(1340.00000000076,349.999999999118,
336.000000159368));
#33310=DIRECTION('',(-3.46944695195362E-17,4.09260113182289E-33,-1.));
#33320=DIRECTION('',(-1.,-2.357708134582E-79,3.46944695195362E-17));
#33330=AXIS2_PLACEMENT_3D('',#33300,#33310,#33320);
#33340=CIRCLE('',#33330,4.1);
#33350=CARTESIAN_POINT('',(1338.24955102117,353.707550183518,
336.000000159368));
#33360=VERTEX_POINT('',#33350);
#33370=EDGE_CURVE('',#33360,#33270,#33340,.T.);
#33380=ORIENTED_EDGE('',*,*,#33370,.T.);
#33390=CARTESIAN_POINT('',(1337.90800000076,354.430974609743,
336.000000159368));
#33400=DIRECTION('',(3.46944695195362E-17,-4.09260113182289E-33,1.));
#33410=DIRECTION('',(1.,-1.17961196366423E-16,-3.46944695195362E-17));
#33420=AXIS2_PLACEMENT_3D('',#33390,#33400,#33410);
#33430=CIRCLE('',#33420,0.8);
#33440=CARTESIAN_POINT('',(1337.46905660454,353.762148253422,
336.000000159368));
#33450=VERTEX_POINT('',#33440);
#33460=EDGE_CURVE('',#33450,#33360,#33430,.T.);
#33470=ORIENTED_EDGE('',*,*,#33460,.T.);
#33480=CARTESIAN_POINT('',(1335.00000000076,349.999999999118,
336.000000159368));
#33490=DIRECTION('',(3.46944695195362E-17,-4.09260113182289E-33,1.));
#33500=DIRECTION('',(-1.,-2.357708134582E-79,3.46944695195362E-17));
#33510=AXIS2_PLACEMENT_3D('',#33480,#33490,#33500);
#33520=CIRCLE('',#33510,4.5);
#33530=CARTESIAN_POINT('',(1333.0919825905,354.075471697231,
336.000000159368));
#33540=VERTEX_POINT('',#33530);
#33550=EDGE_CURVE('',#33450,#33540,#33520,.T.);
#33560=ORIENTED_EDGE('',*,*,#33550,.F.);
#33570=CARTESIAN_POINT('',(1332.75277949534,354.799999999118,
336.000000159368));
#33580=DIRECTION('',(3.46944695195362E-17,-4.09260113182289E-33,1.));
#33590=DIRECTION('',(1.,-1.17961196366423E-16,-3.46944695195362E-17));
#33600=AXIS2_PLACEMENT_3D('',#33570,#33580,#33590);
#33610=CIRCLE('',#33600,0.8);
#33620=CARTESIAN_POINT('',(1332.75277949534,353.999999999118,
336.000000159368));
#33630=VERTEX_POINT('',#33620);
#33640=EDGE_CURVE('',#33630,#33540,#33610,.T.);
#33650=ORIENTED_EDGE('',*,*,#33640,.T.);
#33660=CARTESIAN_POINT('',(1350.00000000076,353.999999999118,
336.000000159368));
#33670=DIRECTION('',(1.,3.49783174090039E-16,-3.46944695195362E-17));
#33680=VECTOR('',#33670,1.);
#33690=LINE('',#33660,#33680);
#33700=CARTESIAN_POINT('',(1331.98744725333,353.999999999118,
336.000000159368));
#33710=VERTEX_POINT('',#33700);
#33720=EDGE_CURVE('',#33710,#33630,#33690,.T.);
#33730=ORIENTED_EDGE('',*,*,#33720,.T.);
#33740=CARTESIAN_POINT('',(1331.98744725333,354.799999999118,
336.000000159368));
#33750=DIRECTION('',(3.46944695195362E-17,-4.09260113182289E-33,1.));
#33760=DIRECTION('',(1.,-1.17961196366423E-16,-3.46944695195362E-17));
#33770=AXIS2_PLACEMENT_3D('',#33740,#33750,#33760);
#33780=CIRCLE('',#33770,0.8);
#33790=CARTESIAN_POINT('',(1331.58744725333,354.107179676091,
336.000000159368));
#33800=VERTEX_POINT('',#33790);
#33810=EDGE_CURVE('',#33800,#33710,#33780,.T.);
#33820=ORIENTED_EDGE('',*,*,#33810,.T.);
#33830=CARTESIAN_POINT('',(1350.00000000076,343.476687390893,
336.000000159368));
#33840=DIRECTION('',(0.866025403784438,-0.5,-3.00462919747432E-17));
#33850=VECTOR('',#33840,1.);
#33860=LINE('',#33830,#33850);
#33870=CARTESIAN_POINT('',(1331.50000000076,354.157667370902,
336.000000159368));
#33880=VERTEX_POINT('',#33870);
#33890=EDGE_CURVE('',#33880,#33800,#33860,.T.);
#33900=ORIENTED_EDGE('',*,*,#33890,.T.);
#33910=CARTESIAN_POINT('',(1331.50000000076,349.999999999118,
336.000000159368));
#33920=DIRECTION('',(-1.17961196366423E-16,1.,1.06889111913492E-32));
#33930=VECTOR('',#33920,1.);
#33940=LINE('',#33910,#33930);
#33950=EDGE_CURVE('',#33880,#23690,#33940,.T.);
#33960=ORIENTED_EDGE('',*,*,#33950,.F.);
#33970=ORIENTED_EDGE('',*,*,#23720,.F.);
#33980=ORIENTED_EDGE('',*,*,#25160,.T.);
#33990=ORIENTED_EDGE('',*,*,#18740,.T.);
#34000=ORIENTED_EDGE('',*,*,#18430,.F.);
#34010=ORIENTED_EDGE('',*,*,#17960,.T.);
#34020=ORIENTED_EDGE('',*,*,#17790,.F.);
#34030=ORIENTED_EDGE('',*,*,#17460,.T.);
#34040=ORIENTED_EDGE('',*,*,#17130,.F.);
#34050=ORIENTED_EDGE('',*,*,#15580,.F.);
#34060=ORIENTED_EDGE('',*,*,#22560,.F.);
#34070=ORIENTED_EDGE('',*,*,#22720,.F.);
#34080=ORIENTED_EDGE('',*,*,#16740,.T.);
#34090=ORIENTED_EDGE('',*,*,#15390,.T.);
#34100=ORIENTED_EDGE('',*,*,#15060,.F.);
#34110=ORIENTED_EDGE('',*,*,#14730,.T.);
#34120=ORIENTED_EDGE('',*,*,#14400,.T.);
#34130=ORIENTED_EDGE('',*,*,#14090,.F.);
#34140=ORIENTED_EDGE('',*,*,#13760,.T.);
#34150=ORIENTED_EDGE('',*,*,#5130,.T.);
#34160=ORIENTED_EDGE('',*,*,#13440,.T.);
#34170=ORIENTED_EDGE('',*,*,#21100,.T.);
#34180=ORIENTED_EDGE('',*,*,#5700,.T.);
#34190=ORIENTED_EDGE('',*,*,#18980,.T.);
#34200=ORIENTED_EDGE('',*,*,#3710,.T.);
#34210=ORIENTED_EDGE('',*,*,#19140,.F.);
#34220=ORIENTED_EDGE('',*,*,#4550,.T.);
#34230=ORIENTED_EDGE('',*,*,#10640,.F.);
#34240=ORIENTED_EDGE('',*,*,#600,.F.);
#34250=ORIENTED_EDGE('',*,*,#3360,.F.);
#34260=ORIENTED_EDGE('',*,*,#21820,.F.);
#34270=ORIENTED_EDGE('',*,*,#16410,.T.);
#34280=ORIENTED_EDGE('',*,*,#15990,.T.);
#34290=ORIENTED_EDGE('',*,*,#12380,.F.);
#34300=ORIENTED_EDGE('',*,*,#8960,.F.);
#34310=ORIENTED_EDGE('',*,*,#20340,.F.);
#34320=ORIENTED_EDGE('',*,*,#320,.F.);
#34330=ORIENTED_EDGE('',*,*,#2800,.F.);
#34340=ORIENTED_EDGE('',*,*,#7820,.T.);
#34350=ORIENTED_EDGE('',*,*,#5930,.T.);
#34360=ORIENTED_EDGE('',*,*,#1590,.T.);
#34370=ORIENTED_EDGE('',*,*,#8480,.T.);
#34380=ORIENTED_EDGE('',*,*,#7110,.F.);
#34390=ORIENTED_EDGE('',*,*,#2010,.T.);
#34400=ORIENTED_EDGE('',*,*,#11110,.T.);
#34410=EDGE_LOOP('',(#34400,#34390,#34380,#34370,#34360,#34350,#34340,
#34330,#34320,#34310,#34300,#34290,#34280,#34270,#34260,#34250,#34240,
#34230,#34220,#34210,#34200,#34190,#34180,#34170,#34160,#34150,#34140,
#34130,#34120,#34110,#34100,#34090,#34080,#34070,#34060,#34050,#34040,
#34030,#34020,#34010,#34000,#33990,#33980,#33970,#33960,#33900,#33820,
#33730,#33650,#33560,#33470,#33380,#33290,#33200,#33110,#33020,#32930,
#32840,#32750,#32670,#32580,#32500,#32410,#32330,#32240,#32160,#32070,
#31990,#31900,#31810,#31720,#31630,#31540,#31450,#31360,#31270,#30410,
#30320,#29460,#29370,#29280,#29190,#29100,#29010,#28920,#28830,#28740,
#28660,#28570,#28490,#28480,#28420,#28330,#28250,#28160,#28080,#27990,
#27900,#27810,#27720,#27630,#27540,#27450,#27360,#27270,#27180,#27100,
#27010,#26930,#26850,#26770,#26690,#26610,#26520,#26440,#26350,#26260,
#26170,#26080,#25990,#25980,#25970,#25960,#25950,#25940,#25930,#25920,
#25910,#25900,#25890,#25880,#25870));
#34420=FACE_OUTER_BOUND('',#34410,.T.);
#34430=ADVANCED_FACE('',(#34420),#11780,.F.);
#34440=CARTESIAN_POINT('',(1339.00000000076,334.999999999118,
333.500000159368));
#34450=DIRECTION('',(-3.46944695195362E-17,-4.2707496516787E-32,-1.));
#34460=DIRECTION('',(1.,-1.17961196366423E-16,-3.46944695195362E-17));
#34470=AXIS2_PLACEMENT_3D('',#34440,#34450,#34460);
#34480=CYLINDRICAL_SURFACE('',#34470,1.6);
#34490=CARTESIAN_POINT('',(1337.40000000076,334.999999999118,
333.500000159368));
#34500=DIRECTION('',(-3.46944695195362E-17,-4.2707496516787E-32,-1.));
#34510=VECTOR('',#34500,1.);
#34520=LINE('',#34490,#34510);
#34530=CARTESIAN_POINT('',(1337.40000000076,334.999999999118,
333.500000159368));
#34540=VERTEX_POINT('',#34530);
#34550=EDGE_CURVE('',#9670,#34540,#34520,.T.);
#34560=ORIENTED_EDGE('',*,*,#34550,.T.);
#34570=ORIENTED_EDGE('',*,*,#9700,.F.);
#34580=CARTESIAN_POINT('',(1340.60000000076,334.999999999118,
333.500000159368));
#34590=DIRECTION('',(-3.46944695195362E-17,-4.2707496516787E-32,-1.));
#34600=VECTOR('',#34590,1.);
#34610=LINE('',#34580,#34600);
#34620=CARTESIAN_POINT('',(1340.60000000076,334.999999999118,
333.500000159368));
#34630=VERTEX_POINT('',#34620);
#34640=EDGE_CURVE('',#9650,#34630,#34610,.T.);
#34650=ORIENTED_EDGE('',*,*,#34640,.F.);
#34660=CARTESIAN_POINT('',(1339.00000000076,334.999999999118,
333.500000159368));
#34670=DIRECTION('',(-3.46944695195362E-17,-4.2707496516787E-32,-1.));
#34680=DIRECTION('',(1.,-1.17961196366423E-16,-3.46944695195362E-17));
#34690=AXIS2_PLACEMENT_3D('',#34660,#34670,#34680);
#34700=CIRCLE('',#34690,1.6);
#34710=EDGE_CURVE('',#34540,#34630,#34700,.T.);
#34720=ORIENTED_EDGE('',*,*,#34710,.T.);
#34730=EDGE_LOOP('',(#34720,#34650,#34570,#34560));
#34740=FACE_OUTER_BOUND('',#34730,.T.);
#34750=ADVANCED_FACE('',(#34740),#34480,.F.);
#34760=CARTESIAN_POINT('',(1358.00000000076,349.999999999118,
333.155997759368));
#34770=DIRECTION('',(3.46944695195362E-17,-4.09260113182289E-33,1.));
#34780=DIRECTION('',(1.,2.357708134582E-79,-3.46944695195362E-17));
#34790=AXIS2_PLACEMENT_3D('',#34760,#34770,#34780);
#34800=CYLINDRICAL_SURFACE('',#34790,4.5);
#34810=CARTESIAN_POINT('',(1355.53094339699,346.237851744814,
333.155997759368));
#34820=DIRECTION('',(3.46944695195362E-17,-4.09260113182289E-33,1.));
#34830=VECTOR('',#34820,1.);
#34840=LINE('',#34810,#34830);
#34850=CARTESIAN_POINT('',(1355.53094339699,346.237851744814,
333.500000159368));
#34860=VERTEX_POINT('',#34850);
#34870=EDGE_CURVE('',#34860,#26240,#34840,.T.);
#34880=ORIENTED_EDGE('',*,*,#34870,.T.);
#34890=CARTESIAN_POINT('',(1358.00000000076,349.999999999118,
333.500000159368));
#34900=DIRECTION('',(3.46944695195362E-17,-4.09260113182289E-33,1.));
#34910=DIRECTION('',(1.,2.357708134582E-79,-3.46944695195362E-17));
#34920=AXIS2_PLACEMENT_3D('',#34890,#34900,#34910);
#34930=CIRCLE('',#34920,4.5);
#34940=CARTESIAN_POINT('',(1359.90801741103,345.924528301005,
333.500000159368));
#34950=VERTEX_POINT('',#34940);
#34960=EDGE_CURVE('',#34860,#34950,#34930,.T.);
#34970=ORIENTED_EDGE('',*,*,#34960,.F.);
#34980=CARTESIAN_POINT('',(1359.90801741103,345.924528301005,
333.155997759368));
#34990=DIRECTION('',(3.46944695195362E-17,-4.09260113182289E-33,1.));
#35000=VECTOR('',#34990,1.);
#35010=LINE('',#34980,#35000);
#35020=EDGE_CURVE('',#34950,#26330,#35010,.T.);
#35030=ORIENTED_EDGE('',*,*,#35020,.F.);
#35040=ORIENTED_EDGE('',*,*,#26340,.T.);
#35050=EDGE_LOOP('',(#35040,#35030,#34970,#34880));
#35060=FACE_OUTER_BOUND('',#35050,.T.);
#35070=ADVANCED_FACE('',(#35060),#34800,.F.);
#35080=CARTESIAN_POINT('',(1360.24722050619,345.199999999118,
333.155997759368));
#35090=DIRECTION('',(3.46944695195362E-17,-4.09260113182289E-33,1.));
#35100=DIRECTION('',(-1.,1.17961196366423E-16,3.46944695195362E-17));
#35110=AXIS2_PLACEMENT_3D('',#35080,#35090,#35100);
#35120=CYLINDRICAL_SURFACE('',#35110,0.8);
#35130=ORIENTED_EDGE('',*,*,#35020,.T.);
#35140=CARTESIAN_POINT('',(1360.24722050619,345.199999999118,
333.500000159368));
#35150=DIRECTION('',(3.46944695195362E-17,-4.09260113182289E-33,1.));
#35160=DIRECTION('',(-1.,1.17961196366423E-16,3.46944695195362E-17));
#35170=AXIS2_PLACEMENT_3D('',#35140,#35150,#35160);
#35180=CIRCLE('',#35170,0.8);
#35190=CARTESIAN_POINT('',(1360.24722050619,345.999999999118,
333.500000159368));
#35200=VERTEX_POINT('',#35190);
#35210=EDGE_CURVE('',#35200,#34950,#35180,.T.);
#35220=ORIENTED_EDGE('',*,*,#35210,.T.);
#35230=CARTESIAN_POINT('',(1360.24722050619,345.999999999118,
333.155994009368));
#35240=DIRECTION('',(3.46944695195362E-17,4.2707496516787E-32,1.));
#35250=VECTOR('',#35240,1.);
#35260=LINE('',#35230,#35250);
#35270=EDGE_CURVE('',#35200,#26420,#35260,.T.);
#35280=ORIENTED_EDGE('',*,*,#35270,.F.);
#35290=ORIENTED_EDGE('',*,*,#26430,.F.);
#35300=EDGE_LOOP('',(#35290,#35280,#35220,#35130));
#35310=FACE_OUTER_BOUND('',#35300,.T.);
#35320=ADVANCED_FACE('',(#35310),#35120,.T.);
#35330=CARTESIAN_POINT('',(1324.29999760076,339.999999999118,
336.000000159368));
#35340=DIRECTION('',(-1.17961196366423E-16,-1.,6.84227765783602E-49));
#35350=DIRECTION('',(3.46944695195362E-17,-4.09260113182289E-33,1.));
#35360=AXIS2_PLACEMENT_3D('',#35330,#35340,#35350);
#35370=PLANE('',#35360);
#35380=CARTESIAN_POINT('',(1331.50000000076,339.999999999118,
336.500000159368));
#35390=DIRECTION('',(-3.46944695195362E-17,4.09260113182289E-33,-1.));
#35400=VECTOR('',#35390,1.);
#35410=LINE('',#35380,#35400);
#35420=EDGE_CURVE('',#9330,#26830,#35410,.T.);
#35430=ORIENTED_EDGE('',*,*,#35420,.F.);
#35440=ORIENTED_EDGE('',*,*,#26840,.F.);
#35450=CARTESIAN_POINT('',(1361.50000000076,339.999999999118,
336.500000159368));
#35460=DIRECTION('',(-3.46944695195362E-17,4.09260113182289E-33,-1.));
#35470=VECTOR('',#35460,1.);
#35480=LINE('',#35450,#35470);
#35490=EDGE_CURVE('',#9150,#26750,#35480,.T.);
#35500=ORIENTED_EDGE('',*,*,#35490,.T.);
#35510=ORIENTED_EDGE('',*,*,#9400,.F.);
#35520=EDGE_LOOP('',(#35510,#35500,#35440,#35430));
#35530=FACE_OUTER_BOUND('',#35520,.T.);
#35540=ADVANCED_FACE('',(#35530),#35370,.F.);
#35550=CARTESIAN_POINT('',(1361.01255274819,345.199999999118,
333.155997759368));
#35560=DIRECTION('',(3.46944695195362E-17,-4.09260113182289E-33,1.));
#35570=DIRECTION('',(-1.,1.17961196366423E-16,3.46944695195362E-17));
#35580=AXIS2_PLACEMENT_3D('',#35550,#35560,#35570);
#35590=CYLINDRICAL_SURFACE('',#35580,0.8);
#35600=CARTESIAN_POINT('',(1361.01255274819,345.999999999118,
333.499996409368));
#35610=DIRECTION('',(3.46944695195362E-17,4.2707496516787E-32,1.));
#35620=VECTOR('',#35610,1.);
#35630=LINE('',#35600,#35620);
#35640=CARTESIAN_POINT('',(1361.01255274819,345.999999999118,
333.500000159368));
#35650=VERTEX_POINT('',#35640);
#35660=EDGE_CURVE('',#35650,#26500,#35630,.T.);
#35670=ORIENTED_EDGE('',*,*,#35660,.T.);
#35680=CARTESIAN_POINT('',(1361.01255274819,345.199999999118,
333.500000159368));
#35690=DIRECTION('',(3.46944695195362E-17,-4.09260113182289E-33,1.));
#35700=DIRECTION('',(-1.,1.17961196366423E-16,3.46944695195362E-17));
#35710=AXIS2_PLACEMENT_3D('',#35680,#35690,#35700);
#35720=CIRCLE('',#35710,0.8);
#35730=CARTESIAN_POINT('',(1361.41255274819,345.892820322146,
333.500000159368));
#35740=VERTEX_POINT('',#35730);
#35750=EDGE_CURVE('',#35740,#35650,#35720,.T.);
#35760=ORIENTED_EDGE('',*,*,#35750,.T.);
#35770=CARTESIAN_POINT('',(1361.41255274819,345.892820322146,
333.155994009368));
#35780=DIRECTION('',(3.46944695195362E-17,4.2707496516787E-32,1.));
#35790=VECTOR('',#35780,1.);
#35800=LINE('',#35770,#35790);
#35810=EDGE_CURVE('',#35740,#26590,#35800,.T.);
#35820=ORIENTED_EDGE('',*,*,#35810,.F.);
#35830=ORIENTED_EDGE('',*,*,#26600,.F.);
#35840=EDGE_LOOP('',(#35830,#35820,#35760,#35670));
#35850=FACE_OUTER_BOUND('',#35840,.T.);
#35860=ADVANCED_FACE('',(#35850),#35590,.T.);
#35870=CARTESIAN_POINT('',(1355.09200000076,345.569025388494,
333.155997759368));
#35880=DIRECTION('',(3.46944695195362E-17,-4.09260113182289E-33,1.));
#35890=DIRECTION('',(-1.,1.17961196366423E-16,3.46944695195362E-17));
#35900=AXIS2_PLACEMENT_3D('',#35870,#35880,#35890);
#35910=CYLINDRICAL_SURFACE('',#35900,0.8);
#35920=CARTESIAN_POINT('',(1354.75044898035,346.292449814718,
333.155997759368));
#35930=DIRECTION('',(3.46944695195362E-17,-4.09260113182289E-33,1.));
#35940=VECTOR('',#35930,1.);
#35950=LINE('',#35920,#35940);
#35960=CARTESIAN_POINT('',(1354.75044898035,346.292449814718,
333.500000159368));
#35970=VERTEX_POINT('',#35960);
#35980=EDGE_CURVE('',#35970,#26150,#35950,.T.);
#35990=ORIENTED_EDGE('',*,*,#35980,.T.);
#36000=CARTESIAN_POINT('',(1355.09200000076,345.569025388494,
333.500000159368));
#36010=DIRECTION('',(3.46944695195362E-17,-4.09260113182289E-33,1.));
#36020=DIRECTION('',(-1.,1.17961196366423E-16,3.46944695195362E-17));
#36030=AXIS2_PLACEMENT_3D('',#36000,#36010,#36020);
#36040=CIRCLE('',#36030,0.8);
#36050=EDGE_CURVE('',#34860,#35970,#36040,.T.);
#36060=ORIENTED_EDGE('',*,*,#36050,.T.);
#36070=ORIENTED_EDGE('',*,*,#34870,.F.);
#36080=ORIENTED_EDGE('',*,*,#26250,.F.);
#36090=EDGE_LOOP('',(#36080,#36070,#36060,#35990));
#36100=FACE_OUTER_BOUND('',#36090,.T.);
#36110=ADVANCED_FACE('',(#36100),#35910,.T.);
#36120=CARTESIAN_POINT('',(1331.50000000076,354.388607478578,
336.848002559368));
#36130=DIRECTION('',(1.,1.17961196366423E-16,-3.46944695195362E-17));
#36140=DIRECTION('',(-1.17961196366423E-16,1.,-3.86148953849641E-32));
#36150=AXIS2_PLACEMENT_3D('',#36120,#36130,#36140);
#36160=PLANE('',#36150);
#36170=CARTESIAN_POINT('',(1331.50000000076,349.999999999118,
333.500000159368));
#36180=DIRECTION('',(1.17961196366423E-16,-1.,3.86148953849641E-32));
#36190=VECTOR('',#36180,1.);
#36200=LINE('',#36170,#36190);
#36210=CARTESIAN_POINT('',(1331.50000000076,354.157667370902,
333.500000159368));
#36220=VERTEX_POINT('',#36210);
#36230=EDGE_CURVE('',#22960,#36220,#36200,.T.);
#36240=ORIENTED_EDGE('',*,*,#36230,.T.);
#36250=ORIENTED_EDGE('',*,*,#22970,.T.);
#36260=ORIENTED_EDGE('',*,*,#6720,.F.);
#36270=ORIENTED_EDGE('',*,*,#23780,.T.);
#36280=ORIENTED_EDGE('',*,*,#33950,.T.);
#36290=CARTESIAN_POINT('',(1331.50000000076,354.157667370902,
336.500000159368));
#36300=DIRECTION('',(3.46944695195362E-17,-4.0926011318229E-33,1.));
#36310=VECTOR('',#36300,1.);
#36320=LINE('',#36290,#36310);
#36330=EDGE_CURVE('',#36220,#33880,#36320,.T.);
#36340=ORIENTED_EDGE('',*,*,#36330,.T.);
#36350=EDGE_LOOP('',(#36340,#36280,#36270,#36260,#36250,#36240));
#36360=FACE_OUTER_BOUND('',#36350,.T.);
#36370=ADVANCED_FACE('',(#36360),#36160,.F.);
#36380=CARTESIAN_POINT('',(1339.00000000076,364.999999999118,
333.500000159368));
#36390=DIRECTION('',(-3.46944695195362E-17,-4.2707496516787E-32,-1.));
#36400=DIRECTION('',(1.,-1.17961196366423E-16,-3.46944695195362E-17));
#36410=AXIS2_PLACEMENT_3D('',#36380,#36390,#36400);
#36420=CYLINDRICAL_SURFACE('',#36410,1.6);
#36430=CARTESIAN_POINT('',(1337.40000000076,364.999999999118,
333.500000159368));
#36440=DIRECTION('',(-3.46944695195362E-17,-4.2707496516787E-32,-1.));
#36450=VECTOR('',#36440,1.);
#36460=LINE('',#36430,#36450);
#36470=CARTESIAN_POINT('',(1337.40000000076,364.999999999118,
333.500000159368));
#36480=VERTEX_POINT('',#36470);
#36490=EDGE_CURVE('',#6420,#36480,#36460,.T.);
#36500=ORIENTED_EDGE('',*,*,#36490,.T.);
#36510=ORIENTED_EDGE('',*,*,#6450,.F.);
#36520=CARTESIAN_POINT('',(1340.60000000076,364.999999999118,
333.500000159368));
#36530=DIRECTION('',(-3.46944695195362E-17,-4.2707496516787E-32,-1.));
#36540=VECTOR('',#36530,1.);
#36550=LINE('',#36520,#36540);
#36560=CARTESIAN_POINT('',(1340.60000000076,364.999999999118,
333.500000159368));
#36570=VERTEX_POINT('',#36560);
#36580=EDGE_CURVE('',#6400,#36570,#36550,.T.);
#36590=ORIENTED_EDGE('',*,*,#36580,.F.);
#36600=CARTESIAN_POINT('',(1339.00000000076,364.999999999118,
333.500000159368));
#36610=DIRECTION('',(-3.46944695195362E-17,-4.2707496516787E-32,-1.));
#36620=DIRECTION('',(1.,-1.17961196366423E-16,-3.46944695195362E-17));
#36630=AXIS2_PLACEMENT_3D('',#36600,#36610,#36620);
#36640=CIRCLE('',#36630,1.6);
#36650=EDGE_CURVE('',#36480,#36570,#36640,.T.);
#36660=ORIENTED_EDGE('',*,*,#36650,.T.);
#36670=EDGE_LOOP('',(#36660,#36590,#36510,#36500));
#36680=FACE_OUTER_BOUND('',#36670,.T.);
#36690=ADVANCED_FACE('',(#36680),#36420,.F.);
#36700=CARTESIAN_POINT('',(1361.01255274819,345.999999999118,
333.155997759368));
#36710=DIRECTION('',(3.49783174090039E-16,-1.,-1.62281428037364E-32));
#36720=DIRECTION('',(-1.,-3.49783174090039E-16,3.46944695195362E-17));
#36730=AXIS2_PLACEMENT_3D('',#36700,#36710,#36720);
#36740=PLANE('',#36730);
#36750=ORIENTED_EDGE('',*,*,#35660,.F.);
#36760=ORIENTED_EDGE('',*,*,#26510,.F.);
#36770=ORIENTED_EDGE('',*,*,#35270,.T.);
#36780=CARTESIAN_POINT('',(1350.00000000076,345.999999999118,
333.500000159368));
#36790=DIRECTION('',(-1.,-3.49783174090039E-16,3.46944695195362E-17));
#36800=VECTOR('',#36790,1.);
#36810=LINE('',#36780,#36800);
#36820=EDGE_CURVE('',#35650,#35200,#36810,.T.);
#36830=ORIENTED_EDGE('',*,*,#36820,.T.);
#36840=EDGE_LOOP('',(#36830,#36770,#36760,#36750));
#36850=FACE_OUTER_BOUND('',#36840,.T.);
#36860=ADVANCED_FACE('',(#36850),#36740,.F.);
#36870=CARTESIAN_POINT('',(1331.50000000076,329.999999999118,
336.848002559368));
#36880=DIRECTION('',(1.,1.17961196366423E-16,-3.46944695195362E-17));
#36890=DIRECTION('',(-1.17961196366423E-16,1.,-3.86148953849641E-32));
#36900=AXIS2_PLACEMENT_3D('',#36870,#36880,#36890);
#36910=PLANE('',#36900);
#36920=CARTESIAN_POINT('',(1331.50000000076,345.842332627335,
336.500000159368));
#36930=DIRECTION('',(-3.46944695195362E-17,4.09260113182289E-33,-1.));
#36940=VECTOR('',#36930,1.);
#36950=LINE('',#36920,#36940);
#36960=CARTESIAN_POINT('',(1331.50000000076,345.842332627335,
333.500000159368));
#36970=VERTEX_POINT('',#36960);
#36980=EDGE_CURVE('',#26910,#36970,#36950,.T.);
#36990=ORIENTED_EDGE('',*,*,#36980,.T.);
#37000=ORIENTED_EDGE('',*,*,#26920,.T.);
#37010=ORIENTED_EDGE('',*,*,#35420,.T.);
#37020=ORIENTED_EDGE('',*,*,#9340,.F.);
#37030=ORIENTED_EDGE('',*,*,#24160,.T.);
#37040=CARTESIAN_POINT('',(1331.50000000076,349.999999999118,
333.500000159368));
#37050=DIRECTION('',(1.17961196366423E-16,-1.,3.86148953849641E-32));
#37060=VECTOR('',#37050,1.);
#37070=LINE('',#37040,#37060);
#37080=EDGE_CURVE('',#36970,#24090,#37070,.T.);
#37090=ORIENTED_EDGE('',*,*,#37080,.T.);
#37100=EDGE_LOOP('',(#37090,#37030,#37020,#37010,#37000,#36990));
#37110=FACE_OUTER_BOUND('',#37100,.T.);
#37120=ADVANCED_FACE('',(#37110),#36910,.F.);
#37130=ORIENTED_EDGE('',*,*,#26760,.F.);
#37140=CARTESIAN_POINT('',(1361.50000000076,345.842332627335,
336.500000159368));
#37150=DIRECTION('',(-3.46944695195362E-17,4.09260113182289E-33,-1.));
#37160=VECTOR('',#37150,1.);
#37170=LINE('',#37140,#37160);
#37180=CARTESIAN_POINT('',(1361.50000000076,345.842332627335,
333.500000159368));
#37190=VERTEX_POINT('',#37180);
#37200=EDGE_CURVE('',#26670,#37190,#37170,.T.);
#37210=ORIENTED_EDGE('',*,*,#37200,.F.);
#37220=CARTESIAN_POINT('',(1361.50000000076,349.999999999118,
333.500000159368));
#37230=DIRECTION('',(-1.17961196366423E-16,-1.,4.68000976486098E-32));
#37240=VECTOR('',#37230,1.);
#37250=LINE('',#37220,#37240);
#37260=EDGE_CURVE('',#37190,#24010,#37250,.T.);
#37270=ORIENTED_EDGE('',*,*,#37260,.F.);
#37280=ORIENTED_EDGE('',*,*,#24020,.F.);
#37290=ORIENTED_EDGE('',*,*,#9180,.T.);
#37300=ORIENTED_EDGE('',*,*,#35490,.F.);
#37310=EDGE_LOOP('',(#37300,#37290,#37280,#37270,#37210,#37130));
#37320=FACE_OUTER_BOUND('',#37310,.T.);
#37330=ADVANCED_FACE('',(#37320),#25030,.T.);
#37340=CARTESIAN_POINT('',(1353.00000000076,349.999999999118,
333.155997759368));
#37350=DIRECTION('',(-3.46944695195362E-17,4.09260113182289E-33,-1.));
#37360=DIRECTION('',(1.,2.357708134582E-79,-3.46944695195362E-17));
#37370=AXIS2_PLACEMENT_3D('',#37340,#37350,#37360);
#37380=CYLINDRICAL_SURFACE('',#37370,4.1);
#37390=CARTESIAN_POINT('',(1353.00000000076,349.999999999118,
333.500000159368));
#37400=DIRECTION('',(-3.46944695195362E-17,4.09260113182289E-33,-1.));
#37410=DIRECTION('',(1.,2.357708134582E-79,-3.46944695195362E-17));
#37420=AXIS2_PLACEMENT_3D('',#37390,#37400,#37410);
#37430=CIRCLE('',#37420,4.1);
#37440=CARTESIAN_POINT('',(1351.46302201606,346.198987150608,
333.500000159368));
#37450=VERTEX_POINT('',#37440);
#37460=EDGE_CURVE('',#35970,#37450,#37430,.T.);
#37470=ORIENTED_EDGE('',*,*,#37460,.T.);
#37480=ORIENTED_EDGE('',*,*,#35980,.F.);
#37490=ORIENTED_EDGE('',*,*,#26160,.F.);
#37500=CARTESIAN_POINT('',(1351.46302201606,346.198987150608,
333.155997759368));
#37510=DIRECTION('',(-3.46944695195362E-17,4.09260113182289E-33,-1.));
#37520=VECTOR('',#37510,1.);
#37530=LINE('',#37500,#37520);
#37540=EDGE_CURVE('',#26060,#37450,#37530,.T.);
#37550=ORIENTED_EDGE('',*,*,#37540,.F.);
#37560=EDGE_LOOP('',(#37550,#37490,#37480,#37470));
#37570=FACE_OUTER_BOUND('',#37560,.T.);
#37580=ADVANCED_FACE('',(#37570),#37380,.F.);
#37590=CARTESIAN_POINT('',(1362.58768153539,345.214359400523,
333.155997759368));
#37600=DIRECTION('',(-0.5,-0.866025403784438,1.73472347597681E-17));
#37610=DIRECTION('',(-0.866025403784438,0.5,3.00462919747433E-17));
#37620=AXIS2_PLACEMENT_3D('',#37590,#37600,#37610);
#37630=PLANE('',#37620);
#37640=ORIENTED_EDGE('',*,*,#26680,.F.);
#37650=ORIENTED_EDGE('',*,*,#35810,.T.);
#37660=CARTESIAN_POINT('',(1350.00000000076,352.481860723015,
333.500000159368));
#37670=DIRECTION('',(-0.866025403784438,0.5,3.00462919747432E-17));
#37680=VECTOR('',#37670,1.);
#37690=LINE('',#37660,#37680);
#37700=EDGE_CURVE('',#37190,#35740,#37690,.T.);
#37710=ORIENTED_EDGE('',*,*,#37700,.T.);
#37720=ORIENTED_EDGE('',*,*,#37200,.T.);
#37730=EDGE_LOOP('',(#37720,#37710,#37650,#37640));
#37740=FACE_OUTER_BOUND('',#37730,.T.);
#37750=ADVANCED_FACE('',(#37740),#37630,.F.);
#37760=CARTESIAN_POINT('',(1331.98744725333,354.799999999118,
333.155997759368));
#37770=DIRECTION('',(3.46944695195362E-17,-4.09260113182289E-33,1.));
#37780=DIRECTION('',(1.,-1.17961196366423E-16,-3.46944695195362E-17));
#37790=AXIS2_PLACEMENT_3D('',#37760,#37770,#37780);
#37800=CYLINDRICAL_SURFACE('',#37790,0.8);
#37810=CARTESIAN_POINT('',(1331.98744725333,353.999999999118,
333.155997759368));
#37820=DIRECTION('',(3.46944695195362E-17,-4.09260113182289E-33,1.));
#37830=VECTOR('',#37820,1.);
#37840=LINE('',#37810,#37830);
#37850=CARTESIAN_POINT('',(1331.98744725333,353.999999999118,
333.500000159368));
#37860=VERTEX_POINT('',#37850);
#37870=EDGE_CURVE('',#37860,#33710,#37840,.T.);
#37880=ORIENTED_EDGE('',*,*,#37870,.T.);
#37890=CARTESIAN_POINT('',(1331.98744725333,354.799999999118,
333.500000159368));
#37900=DIRECTION('',(3.46944695195362E-17,-4.09260113182289E-33,1.));
#37910=DIRECTION('',(1.,-1.17961196366423E-16,-3.46944695195362E-17));
#37920=AXIS2_PLACEMENT_3D('',#37890,#37900,#37910);
#37930=CIRCLE('',#37920,0.8);
#37940=CARTESIAN_POINT('',(1331.58744725333,354.107179676091,
333.500000159368));
#37950=VERTEX_POINT('',#37940);
#37960=EDGE_CURVE('',#37950,#37860,#37930,.T.);
#37970=ORIENTED_EDGE('',*,*,#37960,.T.);
#37980=CARTESIAN_POINT('',(1331.58744725333,354.107179676091,
333.155997759368));
#37990=DIRECTION('',(3.46944695195362E-17,-4.09260113182289E-33,1.));
#38000=VECTOR('',#37990,1.);
#38010=LINE('',#37980,#38000);
#38020=EDGE_CURVE('',#37950,#33800,#38010,.T.);
#38030=ORIENTED_EDGE('',*,*,#38020,.F.);
#38040=ORIENTED_EDGE('',*,*,#33810,.F.);
#38050=EDGE_LOOP('',(#38040,#38030,#37970,#37880));
#38060=FACE_OUTER_BOUND('',#38050,.T.);
#38070=ADVANCED_FACE('',(#38060),#37800,.T.);
#38080=CARTESIAN_POINT('',(1331.58744725333,345.892820322146,
333.155997759368));
#38090=DIRECTION('',(0.5,-0.866025403784439,-1.73472347597681E-17));
#38100=DIRECTION('',(-0.866025403784439,-0.5,3.00462919747433E-17));
#38110=AXIS2_PLACEMENT_3D('',#38080,#38090,#38100);
#38120=PLANE('',#38110);
#38130=ORIENTED_EDGE('',*,*,#36980,.F.);
#38140=CARTESIAN_POINT('',(1350.00000000076,356.523312607343,
333.500000159368));
#38150=DIRECTION('',(-0.866025403784439,-0.5,3.00462919747433E-17));
#38160=VECTOR('',#38150,1.);
#38170=LINE('',#38140,#38160);
#38180=CARTESIAN_POINT('',(1331.58744725333,345.892820322146,
333.500000159368));
#38190=VERTEX_POINT('',#38180);
#38200=EDGE_CURVE('',#38190,#36970,#38170,.T.);
#38210=ORIENTED_EDGE('',*,*,#38200,.T.);
#38220=CARTESIAN_POINT('',(1331.58744725333,345.892820322146,
333.155997759368));
#38230=DIRECTION('',(3.46944695195362E-17,-4.09260113182289E-33,1.));
#38240=VECTOR('',#38230,1.);
#38250=LINE('',#38220,#38240);
#38260=EDGE_CURVE('',#38190,#26990,#38250,.T.);
#38270=ORIENTED_EDGE('',*,*,#38260,.F.);
#38280=ORIENTED_EDGE('',*,*,#27000,.F.);
#38290=EDGE_LOOP('',(#38280,#38270,#38210,#38130));
#38300=FACE_OUTER_BOUND('',#38290,.T.);
#38310=ADVANCED_FACE('',(#38300),#38120,.F.);
#38320=CARTESIAN_POINT('',(1331.98744725333,345.199999999118,
333.155997759368));
#38330=DIRECTION('',(-3.46944695195362E-17,4.09260113182289E-33,-1.));
#38340=DIRECTION('',(1.,-1.17961196366423E-16,-3.46944695195362E-17));
#38350=AXIS2_PLACEMENT_3D('',#38320,#38330,#38340);
#38360=CYLINDRICAL_SURFACE('',#38350,0.8);
#38370=ORIENTED_EDGE('',*,*,#38260,.T.);
#38380=CARTESIAN_POINT('',(1331.98744725333,345.199999999118,
333.500000159368));
#38390=DIRECTION('',(-3.46944695195362E-17,4.09260113182289E-33,-1.));
#38400=DIRECTION('',(1.,-1.17961196366423E-16,-3.46944695195362E-17));
#38410=AXIS2_PLACEMENT_3D('',#38380,#38390,#38400);
#38420=CIRCLE('',#38410,0.8);
#38430=CARTESIAN_POINT('',(1331.98744725333,345.999999999118,
333.500000159368));
#38440=VERTEX_POINT('',#38430);
#38450=EDGE_CURVE('',#38190,#38440,#38420,.T.);
#38460=ORIENTED_EDGE('',*,*,#38450,.F.);
#38470=CARTESIAN_POINT('',(1331.98744725333,345.999999999118,
333.155997759368));
#38480=DIRECTION('',(3.46944695195362E-17,-4.09260113182289E-33,1.));
#38490=VECTOR('',#38480,1.);
#38500=LINE('',#38470,#38490);
#38510=EDGE_CURVE('',#38440,#27080,#38500,.T.);
#38520=ORIENTED_EDGE('',*,*,#38510,.F.);
#38530=ORIENTED_EDGE('',*,*,#27090,.T.);
#38540=EDGE_LOOP('',(#38530,#38520,#38460,#38370));
#38550=FACE_OUTER_BOUND('',#38540,.T.);
#38560=ADVANCED_FACE('',(#38550),#38360,.T.);
#38570=CARTESIAN_POINT('',(1332.75277949534,345.999999999118,
333.155997759368));
#38580=DIRECTION('',(-5.85705566822885E-16,-1.,1.62281428037364E-32));
#38590=DIRECTION('',(-1.,5.85705566822885E-16,3.46944695195362E-17));
#38600=AXIS2_PLACEMENT_3D('',#38570,#38580,#38590);
#38610=PLANE('',#38600);
#38620=ORIENTED_EDGE('',*,*,#38510,.T.);
#38630=CARTESIAN_POINT('',(1350.00000000076,345.999999999118,
333.500000159368));
#38640=DIRECTION('',(-1.,5.85705566822885E-16,3.46944695195362E-17));
#38650=VECTOR('',#38640,1.);
#38660=LINE('',#38630,#38650);
#38670=CARTESIAN_POINT('',(1332.75277949534,345.999999999118,
333.500000159368));
#38680=VERTEX_POINT('',#38670);
#38690=EDGE_CURVE('',#38680,#38440,#38660,.T.);
#38700=ORIENTED_EDGE('',*,*,#38690,.T.);
#38710=CARTESIAN_POINT('',(1332.75277949534,345.999999999118,
333.155997759368));
#38720=DIRECTION('',(3.46944695195362E-17,-4.09260113182289E-33,1.));
#38730=VECTOR('',#38720,1.);
#38740=LINE('',#38710,#38730);
#38750=EDGE_CURVE('',#38680,#27160,#38740,.T.);
#38760=ORIENTED_EDGE('',*,*,#38750,.F.);
#38770=ORIENTED_EDGE('',*,*,#27170,.F.);
#38780=EDGE_LOOP('',(#38770,#38760,#38700,#38620));
#38790=FACE_OUTER_BOUND('',#38780,.T.);
#38800=ADVANCED_FACE('',(#38790),#38610,.F.);
#38810=CARTESIAN_POINT('',(1332.75277949534,345.199999999118,
333.155997759368));
#38820=DIRECTION('',(-3.46944695195362E-17,4.09260113182289E-33,-1.));
#38830=DIRECTION('',(1.,-1.17961196366423E-16,-3.46944695195362E-17));
#38840=AXIS2_PLACEMENT_3D('',#38810,#38820,#38830);
#38850=CYLINDRICAL_SURFACE('',#38840,0.8);
#38860=ORIENTED_EDGE('',*,*,#38750,.T.);
#38870=CARTESIAN_POINT('',(1332.75277949534,345.199999999118,
333.500000159368));
#38880=DIRECTION('',(-3.46944695195362E-17,4.09260113182289E-33,-1.));
#38890=DIRECTION('',(1.,-1.17961196366423E-16,-3.46944695195362E-17));
#38900=AXIS2_PLACEMENT_3D('',#38870,#38880,#38890);
#38910=CIRCLE('',#38900,0.8);
#38920=CARTESIAN_POINT('',(1333.0919825905,345.924528301005,
333.500000159368));
#38930=VERTEX_POINT('',#38920);
#38940=EDGE_CURVE('',#38680,#38930,#38910,.T.);
#38950=ORIENTED_EDGE('',*,*,#38940,.F.);
#38960=CARTESIAN_POINT('',(1333.0919825905,345.924528301005,
333.155997759368));
#38970=DIRECTION('',(3.46944695195362E-17,-4.09260113182289E-33,1.));
#38980=VECTOR('',#38970,1.);
#38990=LINE('',#38960,#38980);
#39000=EDGE_CURVE('',#38930,#27250,#38990,.T.);
#39010=ORIENTED_EDGE('',*,*,#39000,.F.);
#39020=ORIENTED_EDGE('',*,*,#27260,.T.);
#39030=EDGE_LOOP('',(#39020,#39010,#38950,#38860));
#39040=FACE_OUTER_BOUND('',#39030,.T.);
#39050=ADVANCED_FACE('',(#39040),#38850,.T.);
#39060=CARTESIAN_POINT('',(1335.00000000076,349.999999999118,
333.155997759368));
#39070=DIRECTION('',(-3.46944695195362E-17,4.09260113182289E-33,-1.));
#39080=DIRECTION('',(-1.,2.35922392732846E-16,3.46944695195362E-17));
#39090=AXIS2_PLACEMENT_3D('',#39060,#39070,#39080);
#39100=CYLINDRICAL_SURFACE('',#39090,4.5);
#39110=ORIENTED_EDGE('',*,*,#39000,.T.);
#39120=CARTESIAN_POINT('',(1335.00000000076,349.999999999118,
333.500000159368));
#39130=DIRECTION('',(-3.46944695195362E-17,4.09260113182289E-33,-1.));
#39140=DIRECTION('',(-1.,2.35922392732846E-16,3.46944695195362E-17));
#39150=AXIS2_PLACEMENT_3D('',#39120,#39130,#39140);
#39160=CIRCLE('',#39150,4.5);
#39170=CARTESIAN_POINT('',(1337.46905660454,346.237851744814,
333.500000159368));
#39180=VERTEX_POINT('',#39170);
#39190=EDGE_CURVE('',#39180,#38930,#39160,.T.);
#39200=ORIENTED_EDGE('',*,*,#39190,.T.);
#39210=CARTESIAN_POINT('',(1337.46905660454,346.237851744814,
333.155997759368));
#39220=DIRECTION('',(3.46944695195362E-17,-4.09260113182289E-33,1.));
#39230=VECTOR('',#39220,1.);
#39240=LINE('',#39210,#39230);
#39250=EDGE_CURVE('',#39180,#27340,#39240,.T.);
#39260=ORIENTED_EDGE('',*,*,#39250,.F.);
#39270=ORIENTED_EDGE('',*,*,#27350,.F.);
#39280=EDGE_LOOP('',(#39270,#39260,#39200,#39110));
#39290=FACE_OUTER_BOUND('',#39280,.T.);
#39300=ADVANCED_FACE('',(#39290),#39100,.F.);
#39310=CARTESIAN_POINT('',(1337.90800000076,345.569025388494,
333.155997759368));
#39320=DIRECTION('',(-3.46944695195362E-17,4.09260113182289E-33,-1.));
#39330=DIRECTION('',(1.,-1.17961196366423E-16,-3.46944695195362E-17));
#39340=AXIS2_PLACEMENT_3D('',#39310,#39320,#39330);
#39350=CYLINDRICAL_SURFACE('',#39340,0.8);
#39360=ORIENTED_EDGE('',*,*,#39250,.T.);
#39370=CARTESIAN_POINT('',(1337.90800000076,345.569025388494,
333.500000159368));
#39380=DIRECTION('',(-3.46944695195362E-17,4.09260113182289E-33,-1.));
#39390=DIRECTION('',(1.,-1.17961196366423E-16,-3.46944695195362E-17));
#39400=AXIS2_PLACEMENT_3D('',#39370,#39380,#39390);
#39410=CIRCLE('',#39400,0.8);
#39420=CARTESIAN_POINT('',(1338.24955102117,346.292449814718,
333.500000159368));
#39430=VERTEX_POINT('',#39420);
#39440=EDGE_CURVE('',#39180,#39430,#39410,.T.);
#39450=ORIENTED_EDGE('',*,*,#39440,.F.);
#39460=CARTESIAN_POINT('',(1338.24955102117,346.292449814718,
333.155997759368));
#39470=DIRECTION('',(3.46944695195362E-17,-4.09260113182289E-33,1.));
#39480=VECTOR('',#39470,1.);
#39490=LINE('',#39460,#39480);
#39500=EDGE_CURVE('',#39430,#27430,#39490,.T.);
#39510=ORIENTED_EDGE('',*,*,#39500,.F.);
#39520=ORIENTED_EDGE('',*,*,#27440,.T.);
#39530=EDGE_LOOP('',(#39520,#39510,#39450,#39360));
#39540=FACE_OUTER_BOUND('',#39530,.T.);
#39550=ADVANCED_FACE('',(#39540),#39350,.T.);
#39560=CARTESIAN_POINT('',(1340.00000000076,349.999999999118,
333.155997759368));
#39570=DIRECTION('',(3.46944695195362E-17,-4.09260113182289E-33,1.));
#39580=DIRECTION('',(-1.,2.35922392732846E-16,3.46944695195362E-17));
#39590=AXIS2_PLACEMENT_3D('',#39560,#39570,#39580);
#39600=CYLINDRICAL_SURFACE('',#39590,3.1);
#39610=CARTESIAN_POINT('',(1340.00000000076,349.999999999118,
333.500000159368));
#39620=DIRECTION('',(3.46944695195362E-17,-4.09260113182289E-33,1.));
#39630=DIRECTION('',(-1.,2.35922392732846E-16,3.46944695195362E-17));
#39640=AXIS2_PLACEMENT_3D('',#39610,#39620,#39630);
#39650=CIRCLE('',#39640,3.1);
#39660=CARTESIAN_POINT('',(1338.67648979668,347.196730347499,
333.500000159368));
#39670=VERTEX_POINT('',#39660);
#39680=CARTESIAN_POINT('',(1341.16210530627,347.126063455123,
333.500000159368));
#39690=VERTEX_POINT('',#39680);
#39700=EDGE_CURVE('',#39670,#39690,#39650,.T.);
#39710=ORIENTED_EDGE('',*,*,#39700,.T.);
#39720=CARTESIAN_POINT('',(1338.67648979668,347.196730347499,
333.155997759368));
#39730=DIRECTION('',(3.46944695195362E-17,-4.09260113182289E-33,1.));
#39740=VECTOR('',#39730,1.);
#39750=LINE('',#39720,#39740);
#39760=EDGE_CURVE('',#39670,#27790,#39750,.T.);
#39770=ORIENTED_EDGE('',*,*,#39760,.F.);
#39780=ORIENTED_EDGE('',*,*,#27800,.F.);
#39790=CARTESIAN_POINT('',(1341.16210530627,347.126063455123,
333.155997759368));
#39800=DIRECTION('',(3.46944695195362E-17,-4.09260113182289E-33,1.));
#39810=VECTOR('',#39800,1.);
#39820=LINE('',#39790,#39810);
#39830=EDGE_CURVE('',#39690,#27700,#39820,.T.);
#39840=ORIENTED_EDGE('',*,*,#39830,.T.);
#39850=EDGE_LOOP('',(#39840,#39780,#39770,#39710));
#39860=FACE_OUTER_BOUND('',#39850,.T.);
#39870=ADVANCED_FACE('',(#39860),#39600,.T.);
#39880=CARTESIAN_POINT('',(1341.34954164587,353.337474695371,
333.155997759368));
#39890=DIRECTION('',(-3.46944695195362E-17,4.09260113182289E-33,-1.));
#39900=DIRECTION('',(-1.17961196366423E-16,-1.,0.));
#39910=AXIS2_PLACEMENT_3D('',#39880,#39890,#39900);
#39920=CYLINDRICAL_SURFACE('',#39910,0.5);
#39930=CARTESIAN_POINT('',(1341.34954164587,353.337474695371,
333.500000159368));
#39940=DIRECTION('',(-3.46944695195362E-17,4.09260113182289E-33,-1.));
#39950=DIRECTION('',(-1.17961196366423E-16,-1.,0.));
#39960=AXIS2_PLACEMENT_3D('',#39930,#39940,#39950);
#39970=CIRCLE('',#39960,0.5);
#39980=CARTESIAN_POINT('',(1341.78255434776,353.087474695371,
333.500000159368));
#39990=VERTEX_POINT('',#39980);
#40000=CARTESIAN_POINT('',(1341.16210530627,352.873936543113,
333.500000159368));
#40010=VERTEX_POINT('',#40000);
#40020=EDGE_CURVE('',#39990,#40010,#39970,.T.);
#40030=ORIENTED_EDGE('',*,*,#40020,.T.);
#40040=CARTESIAN_POINT('',(1341.78255434776,353.087474695371,
333.155997759368));
#40050=DIRECTION('',(-3.46944695195362E-17,4.09260113182289E-33,-1.));
#40060=VECTOR('',#40050,1.);
#40070=LINE('',#40040,#40060);
#40080=EDGE_CURVE('',#33180,#39990,#40070,.T.);
#40090=ORIENTED_EDGE('',*,*,#40080,.T.);
#40100=ORIENTED_EDGE('',*,*,#33190,.F.);
#40110=CARTESIAN_POINT('',(1341.16210530627,352.873936543113,
333.155997759368));
#40120=DIRECTION('',(-3.46944695195362E-17,4.09260113182289E-33,-1.));
#40130=VECTOR('',#40120,1.);
#40140=LINE('',#40110,#40130);
#40150=EDGE_CURVE('',#33090,#40010,#40140,.T.);
#40160=ORIENTED_EDGE('',*,*,#40150,.F.);
#40170=EDGE_LOOP('',(#40160,#40100,#40090,#40030));
#40180=FACE_OUTER_BOUND('',#40170,.T.);
#40190=ADVANCED_FACE('',(#40180),#39920,.F.);
#40200=CARTESIAN_POINT('',(1340.00000000076,349.999999999118,
333.155997759368));
#40210=DIRECTION('',(3.46944695195362E-17,-4.09260113182289E-33,1.));
#40220=DIRECTION('',(-1.,2.35922392732846E-16,3.46944695195362E-17));
#40230=AXIS2_PLACEMENT_3D('',#40200,#40210,#40220);
#40240=CYLINDRICAL_SURFACE('',#40230,4.1);
#40250=ORIENTED_EDGE('',*,*,#27530,.T.);
#40260=ORIENTED_EDGE('',*,*,#39500,.T.);
#40270=CARTESIAN_POINT('',(1340.00000000076,349.999999999118,
333.500000159368));
#40280=DIRECTION('',(3.46944695195362E-17,-4.09260113182289E-33,1.));
#40290=DIRECTION('',(-1.,2.35922392732846E-16,3.46944695195362E-17));
#40300=AXIS2_PLACEMENT_3D('',#40270,#40280,#40290);
#40310=CIRCLE('',#40300,4.1);
#40320=CARTESIAN_POINT('',(1341.53697798547,346.198987150608,
333.500000159368));
#40330=VERTEX_POINT('',#40320);
#40340=EDGE_CURVE('',#39430,#40330,#40310,.T.);
#40350=ORIENTED_EDGE('',*,*,#40340,.F.);
#40360=CARTESIAN_POINT('',(1341.53697798547,346.198987150608,
333.155997759368));
#40370=DIRECTION('',(3.46944695195362E-17,-4.09260113182289E-33,1.));
#40380=VECTOR('',#40370,1.);
#40390=LINE('',#40360,#40380);
#40400=EDGE_CURVE('',#40330,#27520,#40390,.T.);
#40410=ORIENTED_EDGE('',*,*,#40400,.F.);
#40420=EDGE_LOOP('',(#40410,#40350,#40260,#40250));
#40430=FACE_OUTER_BOUND('',#40420,.T.);
#40440=ADVANCED_FACE('',(#40430),#40240,.F.);
#40450=CARTESIAN_POINT('',(1337.90800000076,345.569025388494,
333.155997759368));
#40460=DIRECTION('',(-3.46944695195362E-17,4.09260113182289E-33,-1.));
#40470=DIRECTION('',(1.,-1.17961196366423E-16,-3.46944695195362E-17));
#40480=AXIS2_PLACEMENT_3D('',#40450,#40460,#40470);
#40490=CYLINDRICAL_SURFACE('',#40480,1.8);
#40500=ORIENTED_EDGE('',*,*,#39760,.T.);
#40510=CARTESIAN_POINT('',(1337.90800000076,345.569025388494,
333.500000159368));
#40520=DIRECTION('',(-3.46944695195362E-17,4.09260113182289E-33,-1.));
#40530=DIRECTION('',(1.,-1.17961196366423E-16,-3.46944695195362E-17));
#40540=AXIS2_PLACEMENT_3D('',#40510,#40520,#40530);
#40550=CIRCLE('',#40540,1.8);
#40560=CARTESIAN_POINT('',(1336.92037735925,347.073884690215,
333.500000159368));
#40570=VERTEX_POINT('',#40560);
#40580=EDGE_CURVE('',#40570,#39670,#40550,.T.);
#40590=ORIENTED_EDGE('',*,*,#40580,.T.);
#40600=CARTESIAN_POINT('',(1336.92037735925,347.073884690215,
333.155997759368));
#40610=DIRECTION('',(3.46944695195362E-17,-4.09260113182289E-33,1.));
#40620=VECTOR('',#40610,1.);
#40630=LINE('',#40600,#40620);
#40640=EDGE_CURVE('',#40570,#27880,#40630,.T.);
#40650=ORIENTED_EDGE('',*,*,#40640,.F.);
#40660=ORIENTED_EDGE('',*,*,#27890,.F.);
#40670=EDGE_LOOP('',(#40660,#40650,#40590,#40500));
#40680=FACE_OUTER_BOUND('',#40670,.T.);
#40690=ADVANCED_FACE('',(#40680),#40490,.F.);
#40700=CARTESIAN_POINT('',(1335.00000000076,349.999999999118,
333.155997759368));
#40710=DIRECTION('',(-3.46944695195362E-17,4.09260113182289E-33,-1.));
#40720=DIRECTION('',(-1.,2.35922392732846E-16,3.46944695195362E-17));
#40730=AXIS2_PLACEMENT_3D('',#40700,#40710,#40720);
#40740=CYLINDRICAL_SURFACE('',#40730,3.5);
#40750=ORIENTED_EDGE('',*,*,#40640,.T.);
#40760=CARTESIAN_POINT('',(1335.00000000076,349.999999999118,
333.500000159368));
#40770=DIRECTION('',(-3.46944695195362E-17,4.09260113182289E-33,-1.));
#40780=DIRECTION('',(-1.,2.35922392732846E-16,3.46944695195362E-17));
#40790=AXIS2_PLACEMENT_3D('',#40760,#40770,#40780);
#40800=CIRCLE('',#40790,3.5);
#40810=CARTESIAN_POINT('',(1333.51598645944,346.830188678363,
333.500000159368));
#40820=VERTEX_POINT('',#40810);
#40830=EDGE_CURVE('',#40570,#40820,#40800,.T.);
#40840=ORIENTED_EDGE('',*,*,#40830,.F.);
#40850=CARTESIAN_POINT('',(1333.51598645944,346.830188678363,
333.155997759368));
#40860=DIRECTION('',(3.46944695195362E-17,-4.09260113182289E-33,1.));
#40870=VECTOR('',#40860,1.);
#40880=LINE('',#40850,#40870);
#40890=EDGE_CURVE('',#40820,#27970,#40880,.T.);
#40900=ORIENTED_EDGE('',*,*,#40890,.F.);
#40910=ORIENTED_EDGE('',*,*,#27980,.T.);
#40920=EDGE_LOOP('',(#40910,#40900,#40840,#40750));
#40930=FACE_OUTER_BOUND('',#40920,.T.);
#40940=ADVANCED_FACE('',(#40930),#40740,.T.);
#40950=CARTESIAN_POINT('',(1332.75277949534,345.199999999118,
333.155997759368));
#40960=DIRECTION('',(-3.46944695195362E-17,4.09260113182289E-33,-1.));
#40970=DIRECTION('',(1.,-1.17961196366423E-16,-3.46944695195362E-17));
#40980=AXIS2_PLACEMENT_3D('',#40950,#40960,#40970);
#40990=CYLINDRICAL_SURFACE('',#40980,1.8);
#41000=ORIENTED_EDGE('',*,*,#40890,.T.);
#41010=CARTESIAN_POINT('',(1332.75277949534,345.199999999118,
333.500000159368));
#41020=DIRECTION('',(-3.46944695195362E-17,4.09260113182289E-33,-1.));
#41030=DIRECTION('',(1.,-1.17961196366423E-16,-3.46944695195362E-17));
#41040=AXIS2_PLACEMENT_3D('',#41010,#41020,#41030);
#41050=CIRCLE('',#41040,1.8);
#41060=CARTESIAN_POINT('',(1332.75277949534,346.999999999118,
333.500000159368));
#41070=VERTEX_POINT('',#41060);
#41080=EDGE_CURVE('',#41070,#40820,#41050,.T.);
#41090=ORIENTED_EDGE('',*,*,#41080,.T.);
#41100=CARTESIAN_POINT('',(1332.75277949534,346.999999999118,
333.155997759368));
#41110=DIRECTION('',(3.46944695195362E-17,-4.09260113182289E-33,1.));
#41120=VECTOR('',#41110,1.);
#41130=LINE('',#41100,#41120);
#41140=EDGE_CURVE('',#41070,#28060,#41130,.T.);
#41150=ORIENTED_EDGE('',*,*,#41140,.F.);
#41160=ORIENTED_EDGE('',*,*,#28070,.F.);
#41170=EDGE_LOOP('',(#41160,#41150,#41090,#41000));
#41180=FACE_OUTER_BOUND('',#41170,.T.);
#41190=ADVANCED_FACE('',(#41180),#40990,.F.);
#41200=CARTESIAN_POINT('',(1331.98744725333,346.999999999118,
333.155997759368));
#41210=DIRECTION('',(5.85705566822885E-16,1.,-1.62281428037364E-32));
#41220=DIRECTION('',(1.,-5.85705566822885E-16,-3.46944695195362E-17));
#41230=AXIS2_PLACEMENT_3D('',#41200,#41210,#41220);
#41240=PLANE('',#41230);
#41250=ORIENTED_EDGE('',*,*,#41140,.T.);
#41260=CARTESIAN_POINT('',(1350.00000000076,346.999999999118,
333.500000159368));
#41270=DIRECTION('',(1.,-5.85705566822885E-16,-3.46944695195362E-17));
#41280=VECTOR('',#41270,1.);
#41290=LINE('',#41260,#41280);
#41300=CARTESIAN_POINT('',(1331.98744725333,346.999999999118,
333.500000159368));
#41310=VERTEX_POINT('',#41300);
#41320=EDGE_CURVE('',#41310,#41070,#41290,.T.);
#41330=ORIENTED_EDGE('',*,*,#41320,.T.);
#41340=CARTESIAN_POINT('',(1331.98744725333,346.999999999118,
333.155997759368));
#41350=DIRECTION('',(3.46944695195362E-17,-4.09260113182289E-33,1.));
#41360=VECTOR('',#41350,1.);
#41370=LINE('',#41340,#41360);
#41380=EDGE_CURVE('',#41310,#28140,#41370,.T.);
#41390=ORIENTED_EDGE('',*,*,#41380,.F.);
#41400=ORIENTED_EDGE('',*,*,#28150,.F.);
#41410=EDGE_LOOP('',(#41400,#41390,#41330,#41250));
#41420=FACE_OUTER_BOUND('',#41410,.T.);
#41430=ADVANCED_FACE('',(#41420),#41240,.F.);
#41440=CARTESIAN_POINT('',(1331.98744725333,345.199999999118,
333.155997759368));
#41450=DIRECTION('',(3.46944695195362E-17,-4.09260113182289E-33,1.));
#41460=DIRECTION('',(-1.,1.17961196366423E-16,3.46944695195362E-17));
#41470=AXIS2_PLACEMENT_3D('',#41440,#41450,#41460);
#41480=CYLINDRICAL_SURFACE('',#41470,1.8);
#41490=ORIENTED_EDGE('',*,*,#41380,.T.);
#41500=CARTESIAN_POINT('',(1331.98744725333,345.199999999118,
333.500000159368));
#41510=DIRECTION('',(3.46944695195362E-17,-4.09260113182289E-33,1.));
#41520=DIRECTION('',(-1.,1.17961196366423E-16,3.46944695195362E-17));
#41530=AXIS2_PLACEMENT_3D('',#41500,#41510,#41520);
#41540=CIRCLE('',#41530,1.8);
#41550=CARTESIAN_POINT('',(1331.08744725333,346.75884572593,
333.500000159368));
#41560=VERTEX_POINT('',#41550);
#41570=EDGE_CURVE('',#41310,#41560,#41540,.T.);
#41580=ORIENTED_EDGE('',*,*,#41570,.F.);
#41590=CARTESIAN_POINT('',(1331.08744725333,346.75884572593,
333.155997759368));
#41600=DIRECTION('',(3.46944695195362E-17,-4.09260113182289E-33,1.));
#41610=VECTOR('',#41600,1.);
#41620=LINE('',#41590,#41610);
#41630=EDGE_CURVE('',#41560,#28230,#41620,.T.);
#41640=ORIENTED_EDGE('',*,*,#41630,.F.);
#41650=ORIENTED_EDGE('',*,*,#28240,.T.);
#41660=EDGE_LOOP('',(#41650,#41640,#41580,#41490));
#41670=FACE_OUTER_BOUND('',#41660,.T.);
#41680=ADVANCED_FACE('',(#41670),#41480,.F.);
#41690=CARTESIAN_POINT('',(1329.91231846613,346.080384804307,
333.155997759368));
#41700=DIRECTION('',(-0.5,0.866025403784439,1.73472347597681E-17));
#41710=DIRECTION('',(0.866025403784439,0.5,-3.00462919747433E-17));
#41720=AXIS2_PLACEMENT_3D('',#41690,#41700,#41710);
#41730=PLANE('',#41720);
#41740=ORIENTED_EDGE('',*,*,#28320,.F.);
#41750=ORIENTED_EDGE('',*,*,#41630,.T.);
#41760=CARTESIAN_POINT('',(1350.00000000076,357.678013145722,
333.500000159368));
#41770=DIRECTION('',(0.866025403784439,0.5,-3.00462919747433E-17));
#41780=VECTOR('',#41770,1.);
#41790=LINE('',#41760,#41780);
#41800=CARTESIAN_POINT('',(1330.12882481708,346.205384804307,
333.500000159368));
#41810=VERTEX_POINT('',#41800);
#41820=EDGE_CURVE('',#41810,#41560,#41790,.T.);
#41830=ORIENTED_EDGE('',*,*,#41820,.T.);
#41840=CARTESIAN_POINT('',(1330.12882481708,346.205384804307,
336.500000159368));
#41850=DIRECTION('',(3.46944695195362E-17,-4.09260113182289E-33,1.));
#41860=VECTOR('',#41850,1.);
#41870=LINE('',#41840,#41860);
#41880=EDGE_CURVE('',#41810,#28310,#41870,.T.);
#41890=ORIENTED_EDGE('',*,*,#41880,.F.);
#41900=EDGE_LOOP('',(#41890,#41830,#41750,#41740));
#41910=FACE_OUTER_BOUND('',#41900,.T.);
#41920=ADVANCED_FACE('',(#41910),#41730,.F.);
#41930=CARTESIAN_POINT('',(1329.61231846613,346.600000046578,
333.155997759368));
#41940=DIRECTION('',(0.86602540378444,0.499999999999998,
-3.00462919747433E-17));
#41950=DIRECTION('',(0.499999999999998,-0.86602540378444,
-1.7347234759768E-17));
#41960=AXIS2_PLACEMENT_3D('',#41930,#41940,#41950);
#41970=PLANE('',#41960);
#41980=ORIENTED_EDGE('',*,*,#28470,.F.);
#41990=CARTESIAN_POINT('',(1329.78731846613,346.296891155253,
336.500000159368));
#42000=DIRECTION('',(3.46944695195362E-17,-4.09260113182289E-33,1.));
#42010=VECTOR('',#42000,1.);
#42020=LINE('',#41990,#42010);
#42030=CARTESIAN_POINT('',(1329.78731846613,346.296891155253,
333.500000159368));
#42040=VERTEX_POINT('',#42030);
#42050=EDGE_CURVE('',#42040,#28400,#42020,.T.);
#42060=ORIENTED_EDGE('',*,*,#42050,.T.);
#42070=CARTESIAN_POINT('',(1327.64932757829,349.999999999118,
333.500000159368));
#42080=DIRECTION('',(0.499999999999998,-0.86602540378444,
-1.7347234759768E-17));
#42090=VECTOR('',#42080,1.);
#42100=LINE('',#42070,#42090);
#42110=EDGE_CURVE('',#23280,#42040,#42100,.T.);
#42120=ORIENTED_EDGE('',*,*,#42110,.T.);
#42130=ORIENTED_EDGE('',*,*,#23540,.F.);
#42140=EDGE_LOOP('',(#42130,#42120,#42060,#41980));
#42150=FACE_OUTER_BOUND('',#42140,.T.);
#42160=ADVANCED_FACE('',(#42150),#41970,.F.);
#42170=CARTESIAN_POINT('',(1330.78744725333,347.278460968201,
333.155997759368));
#42180=DIRECTION('',(0.5,-0.866025403784439,-1.73472347597681E-17));
#42190=DIRECTION('',(-0.866025403784439,-0.5,3.00462919747433E-17));
#42200=AXIS2_PLACEMENT_3D('',#42170,#42180,#42190);
#42210=PLANE('',#42200);
#42220=ORIENTED_EDGE('',*,*,#23390,.T.);
#42230=CARTESIAN_POINT('',(1350.00000000076,358.37083346875,
333.500000159368));
#42240=DIRECTION('',(-0.866025403784439,-0.5,3.00462919747433E-17));
#42250=VECTOR('',#42240,1.);
#42260=LINE('',#42230,#42250);
#42270=CARTESIAN_POINT('',(1330.78744725333,347.278460968201,
333.500000159368));
#42280=VERTEX_POINT('',#42270);
#42290=EDGE_CURVE('',#42280,#23300,#42260,.T.);
#42300=ORIENTED_EDGE('',*,*,#42290,.T.);
#42310=CARTESIAN_POINT('',(1330.78744725333,347.278460968201,
333.155997759368));
#42320=DIRECTION('',(3.46944695195362E-17,-4.09260113182289E-33,1.));
#42330=VECTOR('',#42320,1.);
#42340=LINE('',#42310,#42330);
#42350=EDGE_CURVE('',#42280,#28550,#42340,.T.);
#42360=ORIENTED_EDGE('',*,*,#42350,.F.);
#42370=ORIENTED_EDGE('',*,*,#28560,.F.);
#42380=EDGE_LOOP('',(#42370,#42360,#42300,#42220));
#42390=FACE_OUTER_BOUND('',#42380,.T.);
#42400=ADVANCED_FACE('',(#42390),#42210,.F.);
#42410=CARTESIAN_POINT('',(1331.98744725333,345.199999999118,
333.155997759368));
#42420=DIRECTION('',(3.46944695195362E-17,-4.09260113182289E-33,1.));
#42430=DIRECTION('',(-1.,1.17961196366423E-16,3.46944695195362E-17));
#42440=AXIS2_PLACEMENT_3D('',#42410,#42420,#42430);
#42450=CYLINDRICAL_SURFACE('',#42440,2.4);
#42460=ORIENTED_EDGE('',*,*,#42350,.T.);
#42470=CARTESIAN_POINT('',(1331.98744725333,345.199999999118,
333.500000159368));
#42480=DIRECTION('',(3.46944695195362E-17,-4.09260113182289E-33,1.));
#42490=DIRECTION('',(-1.,1.17961196366423E-16,3.46944695195362E-17));
#42500=AXIS2_PLACEMENT_3D('',#42470,#42480,#42490);
#42510=CIRCLE('',#42500,2.4);
#42520=CARTESIAN_POINT('',(1331.98744725333,347.599999999118,
333.500000159368));
#42530=VERTEX_POINT('',#42520);
#42540=EDGE_CURVE('',#42530,#42280,#42510,.T.);
#42550=ORIENTED_EDGE('',*,*,#42540,.T.);
#42560=CARTESIAN_POINT('',(1331.98744725333,347.599999999118,
333.155997759368));
#42570=DIRECTION('',(3.46944695195362E-17,-4.09260113182289E-33,1.));
#42580=VECTOR('',#42570,1.);
#42590=LINE('',#42560,#42580);
#42600=EDGE_CURVE('',#42530,#28640,#42590,.T.);
#42610=ORIENTED_EDGE('',*,*,#42600,.F.);
#42620=ORIENTED_EDGE('',*,*,#28650,.F.);
#42630=EDGE_LOOP('',(#42620,#42610,#42550,#42460));
#42640=FACE_OUTER_BOUND('',#42630,.T.);
#42650=ADVANCED_FACE('',(#42640),#42450,.T.);
#42660=CARTESIAN_POINT('',(1332.75277949534,347.599999999118,
333.155997759368));
#42670=DIRECTION('',(-5.85705566822885E-16,-1.,1.62281428037364E-32));
#42680=DIRECTION('',(-1.,5.85705566822885E-16,3.46944695195362E-17));
#42690=AXIS2_PLACEMENT_3D('',#42660,#42670,#42680);
#42700=PLANE('',#42690);
#42710=ORIENTED_EDGE('',*,*,#42600,.T.);
#42720=CARTESIAN_POINT('',(1350.00000000076,347.599999999118,
333.500000159368));
#42730=DIRECTION('',(-1.,5.85705566822885E-16,3.46944695195362E-17));
#42740=VECTOR('',#42730,1.);
#42750=LINE('',#42720,#42740);
#42760=CARTESIAN_POINT('',(1332.75277949534,347.599999999118,
333.500000159368));
#42770=VERTEX_POINT('',#42760);
#42780=EDGE_CURVE('',#42770,#42530,#42750,.T.);
#42790=ORIENTED_EDGE('',*,*,#42780,.T.);
#42800=CARTESIAN_POINT('',(1332.75277949534,347.599999999118,
333.155997759368));
#42810=DIRECTION('',(3.46944695195362E-17,-4.09260113182289E-33,1.));
#42820=VECTOR('',#42810,1.);
#42830=LINE('',#42800,#42820);
#42840=EDGE_CURVE('',#42770,#28720,#42830,.T.);
#42850=ORIENTED_EDGE('',*,*,#42840,.F.);
#42860=ORIENTED_EDGE('',*,*,#28730,.F.);
#42870=EDGE_LOOP('',(#42860,#42850,#42790,#42710));
#42880=FACE_OUTER_BOUND('',#42870,.T.);
#42890=ADVANCED_FACE('',(#42880),#42700,.F.);
#42900=CARTESIAN_POINT('',(1332.75277949534,345.199999999118,
333.155997759368));
#42910=DIRECTION('',(-3.46944695195362E-17,4.09260113182289E-33,-1.));
#42920=DIRECTION('',(1.,-1.17961196366423E-16,-3.46944695195362E-17));
#42930=AXIS2_PLACEMENT_3D('',#42900,#42910,#42920);
#42940=CYLINDRICAL_SURFACE('',#42930,2.4);
#42950=ORIENTED_EDGE('',*,*,#42840,.T.);
#42960=CARTESIAN_POINT('',(1332.75277949534,345.199999999118,
333.500000159368));
#42970=DIRECTION('',(-3.46944695195362E-17,4.09260113182289E-33,-1.));
#42980=DIRECTION('',(1.,-1.17961196366423E-16,-3.46944695195362E-17));
#42990=AXIS2_PLACEMENT_3D('',#42960,#42970,#42980);
#43000=CIRCLE('',#42990,2.4);
#43010=CARTESIAN_POINT('',(1333.77038878081,347.373584904779,
333.500000159368));
#43020=VERTEX_POINT('',#43010);
#43030=EDGE_CURVE('',#42770,#43020,#43000,.T.);
#43040=ORIENTED_EDGE('',*,*,#43030,.F.);
#43050=CARTESIAN_POINT('',(1333.77038878081,347.373584904779,
333.155997759368));
#43060=DIRECTION('',(3.46944695195362E-17,-4.09260113182289E-33,1.));
#43070=VECTOR('',#43060,1.);
#43080=LINE('',#43050,#43070);
#43090=EDGE_CURVE('',#43020,#28810,#43080,.T.);
#43100=ORIENTED_EDGE('',*,*,#43090,.F.);
#43110=ORIENTED_EDGE('',*,*,#28820,.T.);
#43120=EDGE_LOOP('',(#43110,#43100,#43040,#42950));
#43130=FACE_OUTER_BOUND('',#43120,.T.);
#43140=ADVANCED_FACE('',(#43130),#42940,.T.);
#43150=CARTESIAN_POINT('',(1335.00000000076,349.999999999118,
333.155997759368));
#43160=DIRECTION('',(-3.46944695195362E-17,4.09260113182289E-33,-1.));
#43170=DIRECTION('',(-1.,2.35922392732846E-16,3.46944695195362E-17));
#43180=AXIS2_PLACEMENT_3D('',#43150,#43160,#43170);
#43190=CYLINDRICAL_SURFACE('',#43180,2.9);
#43200=ORIENTED_EDGE('',*,*,#43090,.T.);
#43210=CARTESIAN_POINT('',(1335.00000000076,349.999999999118,
333.500000159368));
#43220=DIRECTION('',(-3.46944695195362E-17,4.09260113182289E-33,-1.));
#43230=DIRECTION('',(-1.,2.35922392732846E-16,3.46944695195362E-17));
#43240=AXIS2_PLACEMENT_3D('',#43210,#43220,#43230);
#43250=CIRCLE('',#43240,2.9);
#43260=CARTESIAN_POINT('',(1336.59116981208,347.575504457456,
333.500000159368));
#43270=VERTEX_POINT('',#43260);
#43280=EDGE_CURVE('',#43270,#43020,#43250,.T.);
#43290=ORIENTED_EDGE('',*,*,#43280,.T.);
#43300=CARTESIAN_POINT('',(1336.59116981208,347.575504457456,
333.155997759368));
#43310=DIRECTION('',(3.46944695195362E-17,-4.09260113182289E-33,1.));
#43320=VECTOR('',#43310,1.);
#43330=LINE('',#43300,#43320);
#43340=EDGE_CURVE('',#43270,#28900,#43330,.T.);
#43350=ORIENTED_EDGE('',*,*,#43340,.F.);
#43360=ORIENTED_EDGE('',*,*,#28910,.F.);
#43370=EDGE_LOOP('',(#43360,#43350,#43290,#43200));
#43380=FACE_OUTER_BOUND('',#43370,.T.);
#43390=ADVANCED_FACE('',(#43380),#43190,.F.);
#43400=CARTESIAN_POINT('',(1337.90800000076,345.569025388494,
333.155997759368));
#43410=DIRECTION('',(-3.46944695195362E-17,4.09260113182289E-33,-1.));
#43420=DIRECTION('',(1.,-1.17961196366423E-16,-3.46944695195362E-17));
#43430=AXIS2_PLACEMENT_3D('',#43400,#43410,#43420);
#43440=CYLINDRICAL_SURFACE('',#43430,2.4);
#43450=ORIENTED_EDGE('',*,*,#43340,.T.);
#43460=CARTESIAN_POINT('',(1337.90800000076,345.569025388494,
333.500000159368));
#43470=DIRECTION('',(-3.46944695195362E-17,4.09260113182289E-33,-1.));
#43480=DIRECTION('',(1.,-1.17961196366423E-16,-3.46944695195362E-17));
#43490=AXIS2_PLACEMENT_3D('',#43460,#43470,#43480);
#43500=CIRCLE('',#43490,2.4);
#43510=CARTESIAN_POINT('',(1338.93265306199,347.739298667167,
333.500000159368));
#43520=VERTEX_POINT('',#43510);
#43530=EDGE_CURVE('',#43270,#43520,#43500,.T.);
#43540=ORIENTED_EDGE('',*,*,#43530,.F.);
#43550=CARTESIAN_POINT('',(1338.93265306199,347.739298667167,
333.155997759368));
#43560=DIRECTION('',(3.46944695195362E-17,-4.09260113182289E-33,1.));
#43570=VECTOR('',#43560,1.);
#43580=LINE('',#43550,#43570);
#43590=EDGE_CURVE('',#43520,#28990,#43580,.T.);
#43600=ORIENTED_EDGE('',*,*,#43590,.F.);
#43610=ORIENTED_EDGE('',*,*,#29000,.T.);
#43620=EDGE_LOOP('',(#43610,#43600,#43540,#43450));
#43630=FACE_OUTER_BOUND('',#43620,.T.);
#43640=ADVANCED_FACE('',(#43630),#43440,.T.);
#43650=CARTESIAN_POINT('',(1340.00000000076,349.999999999118,
333.155997759368));
#43660=DIRECTION('',(3.46944695195362E-17,-4.09260113182289E-33,1.));
#43670=DIRECTION('',(-1.,2.35922392732846E-16,3.46944695195362E-17));
#43680=AXIS2_PLACEMENT_3D('',#43650,#43660,#43670);
#43690=CYLINDRICAL_SURFACE('',#43680,2.5);
#43700=ORIENTED_EDGE('',*,*,#43590,.T.);
#43710=CARTESIAN_POINT('',(1340.00000000076,349.999999999118,
333.500000159368));
#43720=DIRECTION('',(3.46944695195362E-17,-4.09260113182289E-33,1.));
#43730=DIRECTION('',(-1.,2.35922392732846E-16,3.46944695195362E-17));
#43740=AXIS2_PLACEMENT_3D('',#43710,#43720,#43730);
#43750=CIRCLE('',#43740,2.5);
#43760=CARTESIAN_POINT('',(1341.51019484893,348.007686891052,
333.500000159368));
#43770=VERTEX_POINT('',#43760);
#43780=EDGE_CURVE('',#43520,#43770,#43750,.T.);
#43790=ORIENTED_EDGE('',*,*,#43780,.F.);
#43800=CARTESIAN_POINT('',(1341.51019484893,348.007686891052,
333.155997759368));
#43810=DIRECTION('',(3.46944695195362E-17,-4.09260113182289E-33,1.));
#43820=VECTOR('',#43810,1.);
#43830=LINE('',#43800,#43820);
#43840=EDGE_CURVE('',#43770,#29080,#43830,.T.);
#43850=ORIENTED_EDGE('',*,*,#43840,.F.);
#43860=ORIENTED_EDGE('',*,*,#29090,.T.);
#43870=EDGE_LOOP('',(#43860,#43850,#43790,#43700));
#43880=FACE_OUTER_BOUND('',#43870,.T.);
#43890=ADVANCED_FACE('',(#43880),#43690,.F.);
#43900=CARTESIAN_POINT('',(1341.32897146715,348.24676446402,
333.155997759368));
#43910=DIRECTION('',(3.46944695195362E-17,-4.09260113182289E-33,1.));
#43920=DIRECTION('',(1.17961196366423E-16,1.,0.));
#43930=AXIS2_PLACEMENT_3D('',#43900,#43910,#43920);
#43940=CYLINDRICAL_SURFACE('',#43930,0.3);
#43950=ORIENTED_EDGE('',*,*,#29180,.T.);
#43960=ORIENTED_EDGE('',*,*,#43840,.T.);
#43970=CARTESIAN_POINT('',(1341.32897146715,348.24676446402,
333.500000159368));
#43980=DIRECTION('',(3.46944695195362E-17,-4.09260113182289E-33,1.));
#43990=DIRECTION('',(1.17961196366423E-16,1.,0.));
#44000=AXIS2_PLACEMENT_3D('',#43970,#43980,#43990);
#44010=CIRCLE('',#44000,0.3);
#44020=CARTESIAN_POINT('',(1341.5411035015,348.458896498376,
333.500000159368));
#44030=VERTEX_POINT('',#44020);
#44040=EDGE_CURVE('',#43770,#44030,#44010,.T.);
#44050=ORIENTED_EDGE('',*,*,#44040,.F.);
#44060=CARTESIAN_POINT('',(1341.5411035015,348.458896498376,
333.155997759368));
#44070=DIRECTION('',(3.46944695195362E-17,-4.09260113182289E-33,1.));
#44080=VECTOR('',#44070,1.);
#44090=LINE('',#44060,#44080);
#44100=EDGE_CURVE('',#44030,#29170,#44090,.T.);
#44110=ORIENTED_EDGE('',*,*,#44100,.F.);
#44120=EDGE_LOOP('',(#44110,#44050,#43960,#43950));
#44130=FACE_OUTER_BOUND('',#44120,.T.);
#44140=ADVANCED_FACE('',(#44130),#43940,.F.);
#44150=CARTESIAN_POINT('',(1340.00000000076,349.999999999118,
333.155997759368));
#44160=DIRECTION('',(3.46944695195362E-17,-4.09260113182289E-33,1.));
#44170=DIRECTION('',(-1.,2.35922392732846E-16,3.46944695195362E-17));
#44180=AXIS2_PLACEMENT_3D('',#44150,#44160,#44170);
#44190=CYLINDRICAL_SURFACE('',#44180,1.9);
#44200=CARTESIAN_POINT('',(1339.18881632729,348.281866986835,
333.155997759368));
#44210=DIRECTION('',(3.46944695195362E-17,-4.09260113182289E-33,1.));
#44220=VECTOR('',#44210,1.);
#44230=LINE('',#44200,#44220);
#44240=CARTESIAN_POINT('',(1339.18881632729,348.281866986835,
333.500000159368));
#44250=VERTEX_POINT('',#44240);
#44260=EDGE_CURVE('',#44250,#29350,#44230,.T.);
#44270=ORIENTED_EDGE('',*,*,#44260,.F.);
#44280=ORIENTED_EDGE('',*,*,#29360,.F.);
#44290=CARTESIAN_POINT('',(1341.14774808537,348.485842036988,
333.155997759368));
#44300=DIRECTION('',(3.46944695195362E-17,-4.09260113182289E-33,1.));
#44310=VECTOR('',#44300,1.);
#44320=LINE('',#44290,#44310);
#44330=CARTESIAN_POINT('',(1341.14774808537,348.485842036988,
333.500000159368));
#44340=VERTEX_POINT('',#44330);
#44350=EDGE_CURVE('',#44340,#29260,#44320,.T.);
#44360=ORIENTED_EDGE('',*,*,#44350,.T.);
#44370=CARTESIAN_POINT('',(1340.00000000076,349.999999999118,
333.500000159368));
#44380=DIRECTION('',(3.46944695195362E-17,-4.09260113182289E-33,1.));
#44390=DIRECTION('',(-1.,2.35922392732846E-16,3.46944695195362E-17));
#44400=AXIS2_PLACEMENT_3D('',#44370,#44380,#44390);
#44410=CIRCLE('',#44400,1.9);
#44420=EDGE_CURVE('',#44250,#44340,#44410,.T.);
#44430=ORIENTED_EDGE('',*,*,#44420,.T.);
#44440=EDGE_LOOP('',(#44430,#44360,#44280,#44270));
#44450=FACE_OUTER_BOUND('',#44440,.T.);
#44460=ADVANCED_FACE('',(#44450),#44190,.T.);
#44470=CARTESIAN_POINT('',(1337.90800000076,345.569025388494,
333.155997759368));
#44480=DIRECTION('',(-3.46944695195362E-17,4.09260113182289E-33,-1.));
#44490=DIRECTION('',(1.,-1.17961196366423E-16,-3.46944695195362E-17));
#44500=AXIS2_PLACEMENT_3D('',#44470,#44480,#44490);
#44510=CYLINDRICAL_SURFACE('',#44500,3.);
#44520=ORIENTED_EDGE('',*,*,#29450,.F.);
#44530=ORIENTED_EDGE('',*,*,#44260,.T.);
#44540=CARTESIAN_POINT('',(1337.90800000076,345.569025388494,
333.500000159368));
#44550=DIRECTION('',(-3.46944695195362E-17,4.09260113182289E-33,-1.));
#44560=DIRECTION('',(1.,-1.17961196366423E-16,-3.46944695195362E-17));
#44570=AXIS2_PLACEMENT_3D('',#44540,#44550,#44560);
#44580=CIRCLE('',#44570,3.);
#44590=CARTESIAN_POINT('',(1338.28586260558,348.545133560567,
333.500000159368));
#44600=VERTEX_POINT('',#44590);
#44610=EDGE_CURVE('',#44600,#44250,#44580,.T.);
#44620=ORIENTED_EDGE('',*,*,#44610,.T.);
#44630=CARTESIAN_POINT('',(1338.28586260558,348.545133560567,
336.400000159368));
#44640=CARTESIAN_POINT('',(1338.28586260558,348.545133560567,
335.850000159368));
#44650=CARTESIAN_POINT('',(1338.28586260558,348.545133560567,
335.300000159368));
#44660=CARTESIAN_POINT('',(1338.28586260558,348.545133560567,
334.200000159368));
#44670=CARTESIAN_POINT('',(1338.28586260558,348.545133560567,
333.650000159368));
#44680=CARTESIAN_POINT('',(1338.28586260558,348.545133560567,
333.100000159368));
#44690=B_SPLINE_CURVE_WITH_KNOTS('',3,(#44630,#44640,#44650,#44660,
#44670,#44680),.UNSPECIFIED.,.F.,.F.,(4,2,4),(5.06363162068116,
6.71363162068137,8.36363162068117),.UNSPECIFIED.);
#44700=EDGE_CURVE('',#29440,#44600,#44690,.T.);
#44710=ORIENTED_EDGE('',*,*,#44700,.T.);
#44720=EDGE_LOOP('',(#44710,#44620,#44530,#44520));
#44730=FACE_OUTER_BOUND('',#44720,.T.);
#44740=ADVANCED_FACE('',(#44730),#44510,.F.);
#44750=CARTESIAN_POINT('',(1331.98744725333,353.999999999118,
333.155997759368));
#44760=DIRECTION('',(-3.49783174090039E-16,1.,1.62281428037364E-32));
#44770=DIRECTION('',(1.,3.49783174090039E-16,-3.46944695195362E-17));
#44780=AXIS2_PLACEMENT_3D('',#44750,#44760,#44770);
#44790=PLANE('',#44780);
#44800=CARTESIAN_POINT('',(1332.75277949534,353.999999999118,
333.155997759368));
#44810=DIRECTION('',(3.46944695195362E-17,-4.09260113182289E-33,1.));
#44820=VECTOR('',#44810,1.);
#44830=LINE('',#44800,#44820);
#44840=CARTESIAN_POINT('',(1332.75277949534,353.999999999118,
333.500000159368));
#44850=VERTEX_POINT('',#44840);
#44860=EDGE_CURVE('',#44850,#33630,#44830,.T.);
#44870=ORIENTED_EDGE('',*,*,#44860,.T.);
#44880=CARTESIAN_POINT('',(1350.00000000076,353.999999999118,
333.500000159368));
#44890=DIRECTION('',(1.,3.49783174090039E-16,-3.46944695195362E-17));
#44900=VECTOR('',#44890,1.);
#44910=LINE('',#44880,#44900);
#44920=EDGE_CURVE('',#37860,#44850,#44910,.T.);
#44930=ORIENTED_EDGE('',*,*,#44920,.T.);
#44940=ORIENTED_EDGE('',*,*,#37870,.F.);
#44950=ORIENTED_EDGE('',*,*,#33720,.F.);
#44960=EDGE_LOOP('',(#44950,#44940,#44930,#44870));
#44970=FACE_OUTER_BOUND('',#44960,.T.);
#44980=ADVANCED_FACE('',(#44970),#44790,.F.);
#44990=CARTESIAN_POINT('',(1330.41231846613,354.785640597714,
333.155997759368));
#45000=DIRECTION('',(0.5,0.866025403784438,-1.73472347597681E-17));
#45010=DIRECTION('',(0.866025403784438,-0.5,-3.00462919747433E-17));
#45020=AXIS2_PLACEMENT_3D('',#44990,#45000,#45010);
#45030=PLANE('',#45020);
#45040=ORIENTED_EDGE('',*,*,#38020,.T.);
#45050=CARTESIAN_POINT('',(1350.00000000076,343.476687390893,
333.500000159368));
#45060=DIRECTION('',(0.866025403784438,-0.5,-3.00462919747432E-17));
#45070=VECTOR('',#45060,1.);
#45080=LINE('',#45050,#45070);
#45090=EDGE_CURVE('',#36220,#37950,#45080,.T.);
#45100=ORIENTED_EDGE('',*,*,#45090,.T.);
#45110=ORIENTED_EDGE('',*,*,#36330,.F.);
#45120=ORIENTED_EDGE('',*,*,#33890,.F.);
#45130=EDGE_LOOP('',(#45120,#45110,#45100,#45040));
#45140=FACE_OUTER_BOUND('',#45130,.T.);
#45150=ADVANCED_FACE('',(#45140),#45030,.F.);
#45160=CARTESIAN_POINT('',(1337.90800000076,354.430974609743,
333.155997759368));
#45170=DIRECTION('',(3.46944695195362E-17,-4.09260113182289E-33,1.));
#45180=DIRECTION('',(1.,-1.17961196366423E-16,-3.46944695195362E-17));
#45190=AXIS2_PLACEMENT_3D('',#45160,#45170,#45180);
#45200=CYLINDRICAL_SURFACE('',#45190,3.);
#45210=CARTESIAN_POINT('',(1337.90800000076,354.430974609743,
333.500000159368));
#45220=DIRECTION('',(3.46944695195362E-17,-4.09260113182289E-33,1.));
#45230=DIRECTION('',(1.,-1.17961196366423E-16,-3.46944695195362E-17));
#45240=AXIS2_PLACEMENT_3D('',#45210,#45220,#45230);
#45250=CIRCLE('',#45240,3.);
#45260=CARTESIAN_POINT('',(1338.28586260558,351.45486643767,
333.500000159368));
#45270=VERTEX_POINT('',#45260);
#45280=CARTESIAN_POINT('',(1339.18881632729,351.718133011401,
333.500000159368));
#45290=VERTEX_POINT('',#45280);
#45300=EDGE_CURVE('',#45270,#45290,#45250,.T.);
#45310=ORIENTED_EDGE('',*,*,#45300,.F.);
#45320=CARTESIAN_POINT('',(1339.18881632729,351.718133011401,
333.155997759368));
#45330=DIRECTION('',(3.46944695195362E-17,-4.09260113182289E-33,1.));
#45340=VECTOR('',#45330,1.);
#45350=LINE('',#45320,#45340);
#45360=EDGE_CURVE('',#45290,#31340,#45350,.T.);
#45370=ORIENTED_EDGE('',*,*,#45360,.F.);
#45380=ORIENTED_EDGE('',*,*,#31350,.T.);
#45390=CARTESIAN_POINT('',(1338.28586260558,351.45486643767,
333.100000159368));
#45400=CARTESIAN_POINT('',(1338.28586260558,351.45486643767,
333.650000159368));
#45410=CARTESIAN_POINT('',(1338.28586260558,351.45486643767,
334.200000159368));
#45420=CARTESIAN_POINT('',(1338.28586260558,351.45486643767,
335.300000159368));
#45430=CARTESIAN_POINT('',(1338.28586260558,351.45486643767,
335.850000159368));
#45440=CARTESIAN_POINT('',(1338.28586260558,351.45486643767,
336.400000159368));
#45450=B_SPLINE_CURVE_WITH_KNOTS('',3,(#45390,#45400,#45410,#45420,
#45430,#45440),.UNSPECIFIED.,.F.,.F.,(4,2,4),(5.16802199360838,
6.8180219936086,8.4680219936084),.UNSPECIFIED.);
#45460=EDGE_CURVE('',#45270,#31250,#45450,.T.);
#45470=ORIENTED_EDGE('',*,*,#45460,.T.);
#45480=EDGE_LOOP('',(#45470,#45380,#45370,#45310));
#45490=FACE_OUTER_BOUND('',#45480,.T.);
#45500=ADVANCED_FACE('',(#45490),#45200,.F.);
#45510=CARTESIAN_POINT('',(1340.00000000076,349.999999999118,
333.155997759368));
#45520=DIRECTION('',(-3.46944695195362E-17,4.09260113182289E-33,-1.));
#45530=DIRECTION('',(-1.,-2.357708134582E-79,3.46944695195362E-17));
#45540=AXIS2_PLACEMENT_3D('',#45510,#45520,#45530);
#45550=CYLINDRICAL_SURFACE('',#45540,1.9);
#45560=ORIENTED_EDGE('',*,*,#31440,.T.);
#45570=ORIENTED_EDGE('',*,*,#45360,.T.);
#45580=CARTESIAN_POINT('',(1340.00000000076,349.999999999118,
333.500000159368));
#45590=DIRECTION('',(-3.46944695195362E-17,4.09260113182289E-33,-1.));
#45600=DIRECTION('',(-1.,-2.357708134582E-79,3.46944695195362E-17));
#45610=AXIS2_PLACEMENT_3D('',#45580,#45590,#45600);
#45620=CIRCLE('',#45610,1.9);
#45630=CARTESIAN_POINT('',(1341.14774808537,351.514157961248,
333.500000159368));
#45640=VERTEX_POINT('',#45630);
#45650=EDGE_CURVE('',#45290,#45640,#45620,.T.);
#45660=ORIENTED_EDGE('',*,*,#45650,.F.);
#45670=CARTESIAN_POINT('',(1341.14774808537,351.514157961248,
333.155997759368));
#45680=DIRECTION('',(-3.46944695195362E-17,4.09260113182289E-33,-1.));
#45690=VECTOR('',#45680,1.);
#45700=LINE('',#45670,#45690);
#45710=EDGE_CURVE('',#31430,#45640,#45700,.T.);
#45720=ORIENTED_EDGE('',*,*,#45710,.T.);
#45730=EDGE_LOOP('',(#45720,#45660,#45570,#45560));
#45740=FACE_OUTER_BOUND('',#45730,.T.);
#45750=ADVANCED_FACE('',(#45740),#45550,.T.);
#45760=CARTESIAN_POINT('',(1341.32897146715,351.753235534216,
333.155997759368));
#45770=DIRECTION('',(-3.46944695195362E-17,4.09260113182289E-33,-1.));
#45780=DIRECTION('',(-1.17961196366423E-16,-1.,0.));
#45790=AXIS2_PLACEMENT_3D('',#45760,#45770,#45780);
#45800=CYLINDRICAL_SURFACE('',#45790,0.3);
#45810=CARTESIAN_POINT('',(1341.32897146715,351.753235534216,
333.500000159368));
#45820=DIRECTION('',(-3.46944695195362E-17,4.09260113182289E-33,-1.));
#45830=DIRECTION('',(-1.17961196366423E-16,-1.,0.));
#45840=AXIS2_PLACEMENT_3D('',#45810,#45820,#45830);
#45850=CIRCLE('',#45840,0.3);
#45860=CARTESIAN_POINT('',(1341.5411035015,351.54110349986,
333.500000159368));
#45870=VERTEX_POINT('',#45860);
#45880=EDGE_CURVE('',#45870,#45640,#45850,.T.);
#45890=ORIENTED_EDGE('',*,*,#45880,.T.);
#45900=CARTESIAN_POINT('',(1341.5411035015,351.54110349986,
333.155997759368));
#45910=DIRECTION('',(-3.46944695195362E-17,4.09260113182289E-33,-1.));
#45920=VECTOR('',#45910,1.);
#45930=LINE('',#45900,#45920);
#45940=EDGE_CURVE('',#31520,#45870,#45930,.T.);
#45950=ORIENTED_EDGE('',*,*,#45940,.T.);
#45960=ORIENTED_EDGE('',*,*,#31530,.F.);
#45970=ORIENTED_EDGE('',*,*,#45710,.F.);
#45980=EDGE_LOOP('',(#45970,#45960,#45950,#45890));
#45990=FACE_OUTER_BOUND('',#45980,.T.);
#46000=ADVANCED_FACE('',(#45990),#45800,.F.);
#46010=CARTESIAN_POINT('',(1340.00000000076,349.999999999118,
333.155997759368));
#46020=DIRECTION('',(-3.46944695195362E-17,4.09260113182289E-33,-1.));
#46030=DIRECTION('',(-1.,-2.357708134582E-79,3.46944695195362E-17));
#46040=AXIS2_PLACEMENT_3D('',#46010,#46020,#46030);
#46050=CYLINDRICAL_SURFACE('',#46040,2.5);
#46060=CARTESIAN_POINT('',(1341.51019484893,351.992313107184,
333.155997759368));
#46070=DIRECTION('',(-3.46944695195362E-17,4.09260113182289E-33,-1.));
#46080=VECTOR('',#46070,1.);
#46090=LINE('',#46060,#46080);
#46100=CARTESIAN_POINT('',(1341.51019484893,351.992313107184,
333.500000159368));
#46110=VERTEX_POINT('',#46100);
#46120=EDGE_CURVE('',#31610,#46110,#46090,.T.);
#46130=ORIENTED_EDGE('',*,*,#46120,.F.);
#46140=CARTESIAN_POINT('',(1340.00000000076,349.999999999118,
333.500000159368));
#46150=DIRECTION('',(-3.46944695195362E-17,4.09260113182289E-33,-1.));
#46160=DIRECTION('',(-1.,-2.357708134582E-79,3.46944695195362E-17));
#46170=AXIS2_PLACEMENT_3D('',#46140,#46150,#46160);
#46180=CIRCLE('',#46170,2.5);
#46190=CARTESIAN_POINT('',(1338.93265306199,352.26070133107,
333.500000159368));
#46200=VERTEX_POINT('',#46190);
#46210=EDGE_CURVE('',#46200,#46110,#46180,.T.);
#46220=ORIENTED_EDGE('',*,*,#46210,.T.);
#46230=CARTESIAN_POINT('',(1338.93265306199,352.26070133107,
333.155997759368));
#46240=DIRECTION('',(3.46944695195362E-17,-4.09260113182289E-33,1.));
#46250=VECTOR('',#46240,1.);
#46260=LINE('',#46230,#46250);
#46270=EDGE_CURVE('',#46200,#31700,#46260,.T.);
#46280=ORIENTED_EDGE('',*,*,#46270,.F.);
#46290=ORIENTED_EDGE('',*,*,#31710,.F.);
#46300=EDGE_LOOP('',(#46290,#46280,#46220,#46130));
#46310=FACE_OUTER_BOUND('',#46300,.T.);
#46320=ADVANCED_FACE('',(#46310),#46050,.F.);
#46330=CARTESIAN_POINT('',(1337.90800000076,354.430974609743,
333.155997759368));
#46340=DIRECTION('',(3.46944695195362E-17,-4.09260113182289E-33,1.));
#46350=DIRECTION('',(1.,-1.17961196366423E-16,-3.46944695195362E-17));
#46360=AXIS2_PLACEMENT_3D('',#46330,#46340,#46350);
#46370=CYLINDRICAL_SURFACE('',#46360,2.4);
#46380=ORIENTED_EDGE('',*,*,#46270,.T.);
#46390=CARTESIAN_POINT('',(1337.90800000076,354.430974609743,
333.500000159368));
#46400=DIRECTION('',(3.46944695195362E-17,-4.09260113182289E-33,1.));
#46410=DIRECTION('',(1.,-1.17961196366423E-16,-3.46944695195362E-17));
#46420=AXIS2_PLACEMENT_3D('',#46390,#46400,#46410);
#46430=CIRCLE('',#46420,2.4);
#46440=CARTESIAN_POINT('',(1336.59116981208,352.424495540781,
333.500000159368));
#46450=VERTEX_POINT('',#46440);
#46460=EDGE_CURVE('',#46450,#46200,#46430,.T.);
#46470=ORIENTED_EDGE('',*,*,#46460,.T.);
#46480=CARTESIAN_POINT('',(1336.59116981208,352.424495540781,
333.155997759368));
#46490=DIRECTION('',(3.46944695195362E-17,-4.09260113182289E-33,1.));
#46500=VECTOR('',#46490,1.);
#46510=LINE('',#46480,#46500);
#46520=EDGE_CURVE('',#46450,#31790,#46510,.T.);
#46530=ORIENTED_EDGE('',*,*,#46520,.F.);
#46540=ORIENTED_EDGE('',*,*,#31800,.F.);
#46550=EDGE_LOOP('',(#46540,#46530,#46470,#46380));
#46560=FACE_OUTER_BOUND('',#46550,.T.);
#46570=ADVANCED_FACE('',(#46560),#46370,.T.);
#46580=CARTESIAN_POINT('',(1335.00000000076,349.999999999118,
333.155997759368));
#46590=DIRECTION('',(3.46944695195362E-17,-4.09260113182289E-33,1.));
#46600=DIRECTION('',(-1.,-2.357708134582E-79,3.46944695195362E-17));
#46610=AXIS2_PLACEMENT_3D('',#46580,#46590,#46600);
#46620=CYLINDRICAL_SURFACE('',#46610,2.9);
#46630=ORIENTED_EDGE('',*,*,#46520,.T.);
#46640=CARTESIAN_POINT('',(1335.00000000076,349.999999999118,
333.500000159368));
#46650=DIRECTION('',(3.46944695195362E-17,-4.09260113182289E-33,1.));
#46660=DIRECTION('',(-1.,-2.357708134582E-79,3.46944695195362E-17));
#46670=AXIS2_PLACEMENT_3D('',#46640,#46650,#46660);
#46680=CIRCLE('',#46670,2.9);
#46690=CARTESIAN_POINT('',(1333.77038878081,352.626415093458,
333.500000159368));
#46700=VERTEX_POINT('',#46690);
#46710=EDGE_CURVE('',#46450,#46700,#46680,.T.);
#46720=ORIENTED_EDGE('',*,*,#46710,.F.);
#46730=CARTESIAN_POINT('',(1333.77038878081,352.626415093458,
333.155997759368));
#46740=DIRECTION('',(3.46944695195362E-17,-4.09260113182289E-33,1.));
#46750=VECTOR('',#46740,1.);
#46760=LINE('',#46730,#46750);
#46770=EDGE_CURVE('',#46700,#31880,#46760,.T.);
#46780=ORIENTED_EDGE('',*,*,#46770,.F.);
#46790=ORIENTED_EDGE('',*,*,#31890,.T.);
#46800=EDGE_LOOP('',(#46790,#46780,#46720,#46630));
#46810=FACE_OUTER_BOUND('',#46800,.T.);
#46820=ADVANCED_FACE('',(#46810),#46620,.F.);
#46830=CARTESIAN_POINT('',(1332.75277949534,354.799999999118,
333.155997759368));
#46840=DIRECTION('',(3.46944695195362E-17,-4.09260113182289E-33,1.));
#46850=DIRECTION('',(1.,-1.17961196366423E-16,-3.46944695195362E-17));
#46860=AXIS2_PLACEMENT_3D('',#46830,#46840,#46850);
#46870=CYLINDRICAL_SURFACE('',#46860,2.4);
#46880=ORIENTED_EDGE('',*,*,#46770,.T.);
#46890=CARTESIAN_POINT('',(1332.75277949534,354.799999999118,
333.500000159368));
#46900=DIRECTION('',(3.46944695195362E-17,-4.09260113182289E-33,1.));
#46910=DIRECTION('',(1.,-1.17961196366423E-16,-3.46944695195362E-17));
#46920=AXIS2_PLACEMENT_3D('',#46890,#46900,#46910);
#46930=CIRCLE('',#46920,2.4);
#46940=CARTESIAN_POINT('',(1332.75277949534,352.399999999118,
333.500000159368));
#46950=VERTEX_POINT('',#46940);
#46960=EDGE_CURVE('',#46950,#46700,#46930,.T.);
#46970=ORIENTED_EDGE('',*,*,#46960,.T.);
#46980=CARTESIAN_POINT('',(1332.75277949534,352.399999999118,
333.155997759368));
#46990=DIRECTION('',(3.46944695195362E-17,-4.09260113182289E-33,1.));
#47000=VECTOR('',#46990,1.);
#47010=LINE('',#46980,#47000);
#47020=EDGE_CURVE('',#46950,#31970,#47010,.T.);
#47030=ORIENTED_EDGE('',*,*,#47020,.F.);
#47040=ORIENTED_EDGE('',*,*,#31980,.F.);
#47050=EDGE_LOOP('',(#47040,#47030,#46970,#46880));
#47060=FACE_OUTER_BOUND('',#47050,.T.);
#47070=ADVANCED_FACE('',(#47060),#46870,.T.);
#47080=CARTESIAN_POINT('',(1331.98744725333,352.399999999118,
333.155997759368));
#47090=DIRECTION('',(-3.49783174090039E-16,1.,1.62281428037364E-32));
#47100=DIRECTION('',(1.,3.49783174090039E-16,-3.46944695195362E-17));
#47110=AXIS2_PLACEMENT_3D('',#47080,#47090,#47100);
#47120=PLANE('',#47110);
#47130=ORIENTED_EDGE('',*,*,#47020,.T.);
#47140=CARTESIAN_POINT('',(1350.00000000076,352.399999999118,
333.500000159368));
#47150=DIRECTION('',(1.,3.49783174090039E-16,-3.46944695195362E-17));
#47160=VECTOR('',#47150,1.);
#47170=LINE('',#47140,#47160);
#47180=CARTESIAN_POINT('',(1331.98744725333,352.399999999118,
333.500000159368));
#47190=VERTEX_POINT('',#47180);
#47200=EDGE_CURVE('',#47190,#46950,#47170,.T.);
#47210=ORIENTED_EDGE('',*,*,#47200,.T.);
#47220=CARTESIAN_POINT('',(1331.98744725333,352.399999999118,
333.155997759368));
#47230=DIRECTION('',(3.46944695195362E-17,-4.09260113182289E-33,1.));
#47240=VECTOR('',#47230,1.);
#47250=LINE('',#47220,#47240);
#47260=EDGE_CURVE('',#47190,#32050,#47250,.T.);
#47270=ORIENTED_EDGE('',*,*,#47260,.F.);
#47280=ORIENTED_EDGE('',*,*,#32060,.F.);
#47290=EDGE_LOOP('',(#47280,#47270,#47210,#47130));
#47300=FACE_OUTER_BOUND('',#47290,.T.);
#47310=ADVANCED_FACE('',(#47300),#47120,.F.);
#47320=CARTESIAN_POINT('',(1331.98744725333,354.799999999118,
333.155997759368));
#47330=DIRECTION('',(-3.46944695195362E-17,4.09260113182289E-33,-1.));
#47340=DIRECTION('',(-1.,1.17961196366423E-16,3.46944695195362E-17));
#47350=AXIS2_PLACEMENT_3D('',#47320,#47330,#47340);
#47360=CYLINDRICAL_SURFACE('',#47350,2.4);
#47370=ORIENTED_EDGE('',*,*,#47260,.T.);
#47380=CARTESIAN_POINT('',(1331.98744725333,354.799999999118,
333.500000159368));
#47390=DIRECTION('',(-3.46944695195362E-17,4.09260113182289E-33,-1.));
#47400=DIRECTION('',(-1.,1.17961196366423E-16,3.46944695195362E-17));
#47410=AXIS2_PLACEMENT_3D('',#47380,#47390,#47400);
#47420=CIRCLE('',#47410,2.4);
#47430=CARTESIAN_POINT('',(1330.78744725333,352.721539030036,
333.500000159368));
#47440=VERTEX_POINT('',#47430);
#47450=EDGE_CURVE('',#47190,#47440,#47420,.T.);
#47460=ORIENTED_EDGE('',*,*,#47450,.F.);
#47470=CARTESIAN_POINT('',(1330.78744725333,352.721539030036,
333.155997759368));
#47480=DIRECTION('',(3.46944695195362E-17,-4.09260113182289E-33,1.));
#47490=VECTOR('',#47480,1.);
#47500=LINE('',#47470,#47490);
#47510=EDGE_CURVE('',#47440,#32140,#47500,.T.);
#47520=ORIENTED_EDGE('',*,*,#47510,.F.);
#47530=ORIENTED_EDGE('',*,*,#32150,.T.);
#47540=EDGE_LOOP('',(#47530,#47520,#47460,#47370));
#47550=FACE_OUTER_BOUND('',#47540,.T.);
#47560=ADVANCED_FACE('',(#47550),#47360,.T.);
#47570=CARTESIAN_POINT('',(1329.61231846613,353.399999951659,
333.155997759368));
#47580=DIRECTION('',(0.5,0.866025403784438,-1.73472347597681E-17));
#47590=DIRECTION('',(0.866025403784438,-0.5,-3.00462919747433E-17));
#47600=AXIS2_PLACEMENT_3D('',#47570,#47580,#47590);
#47610=PLANE('',#47600);
#47620=ORIENTED_EDGE('',*,*,#32230,.F.);
#47630=ORIENTED_EDGE('',*,*,#47510,.T.);
#47640=CARTESIAN_POINT('',(1350.00000000076,341.629166529487,
333.500000159368));
#47650=DIRECTION('',(0.866025403784438,-0.5,-3.00462919747432E-17));
#47660=VECTOR('',#47650,1.);
#47670=LINE('',#47640,#47660);
#47680=CARTESIAN_POINT('',(1329.82882481708,353.274999951659,
333.500000159368));
#47690=VERTEX_POINT('',#47680);
#47700=EDGE_CURVE('',#47690,#47440,#47670,.T.);
#47710=ORIENTED_EDGE('',*,*,#47700,.T.);
#47720=CARTESIAN_POINT('',(1329.82882481708,353.274999951659,
336.500000159368));
#47730=DIRECTION('',(3.46944695195362E-17,-4.09260113182289E-33,1.));
#47740=VECTOR('',#47730,1.);
#47750=LINE('',#47720,#47740);
#47760=EDGE_CURVE('',#47690,#32220,#47750,.T.);
#47770=ORIENTED_EDGE('',*,*,#47760,.F.);
#47780=EDGE_LOOP('',(#47770,#47710,#47630,#47620));
#47790=FACE_OUTER_BOUND('',#47780,.T.);
#47800=ADVANCED_FACE('',(#47790),#47610,.F.);
#47810=CARTESIAN_POINT('',(1329.91231846613,353.919615193929,
333.155997759368));
#47820=DIRECTION('',(0.86602540378444,-0.499999999999998,
-3.00462919747433E-17));
#47830=DIRECTION('',(-0.499999999999998,-0.86602540378444,
1.7347234759768E-17));
#47840=AXIS2_PLACEMENT_3D('',#47810,#47820,#47830);
#47850=PLANE('',#47840);
#47860=ORIENTED_EDGE('',*,*,#32400,.F.);
#47870=CARTESIAN_POINT('',(1329.73731846613,353.616506302605,
336.500000159368));
#47880=DIRECTION('',(3.46944695195362E-17,-4.09260113182289E-33,1.));
#47890=VECTOR('',#47880,1.);
#47900=LINE('',#47870,#47890);
#47910=CARTESIAN_POINT('',(1329.73731846613,353.616506302605,
333.500000159368));
#47920=VERTEX_POINT('',#47910);
#47930=EDGE_CURVE('',#47920,#32310,#47900,.T.);
#47940=ORIENTED_EDGE('',*,*,#47930,.T.);
#47950=CARTESIAN_POINT('',(1327.64932757829,349.999999999118,
333.500000159368));
#47960=DIRECTION('',(-0.499999999999998,-0.86602540378444,
1.73472347597681E-17));
#47970=VECTOR('',#47960,1.);
#47980=LINE('',#47950,#47970);
#47990=CARTESIAN_POINT('',(1329.78731846613,353.703108842983,
333.500000159368));
#48000=VERTEX_POINT('',#47990);
#48010=EDGE_CURVE('',#48000,#47920,#47980,.T.);
#48020=ORIENTED_EDGE('',*,*,#48010,.T.);
#48030=CARTESIAN_POINT('',(1329.78731846613,353.703108842983,
336.500000159368));
#48040=DIRECTION('',(3.46944695195362E-17,-4.09260113182289E-33,1.));
#48050=VECTOR('',#48040,1.);
#48060=LINE('',#48030,#48050);
#48070=EDGE_CURVE('',#48000,#32390,#48060,.T.);
#48080=ORIENTED_EDGE('',*,*,#48070,.F.);
#48090=EDGE_LOOP('',(#48080,#48020,#47940,#47860));
#48100=FACE_OUTER_BOUND('',#48090,.T.);
#48110=ADVANCED_FACE('',(#48100),#47850,.F.);
#48120=CARTESIAN_POINT('',(1331.08744725333,353.241154272306,
333.155997759368));
#48130=DIRECTION('',(-0.5,-0.866025403784438,1.73472347597681E-17));
#48140=DIRECTION('',(-0.866025403784438,0.5,3.00462919747433E-17));
#48150=AXIS2_PLACEMENT_3D('',#48120,#48130,#48140);
#48160=PLANE('',#48150);
#48170=CARTESIAN_POINT('',(1330.12882481708,353.794615193929,
336.500000159368));
#48180=DIRECTION('',(3.46944695195362E-17,-4.09260113182289E-33,1.));
#48190=VECTOR('',#48180,1.);
#48200=LINE('',#48170,#48190);
#48210=CARTESIAN_POINT('',(1330.12882481708,353.794615193929,
333.500000159368));
#48220=VERTEX_POINT('',#48210);
#48230=EDGE_CURVE('',#48220,#32480,#48200,.T.);
#48240=ORIENTED_EDGE('',*,*,#48230,.T.);
#48250=CARTESIAN_POINT('',(1350.00000000076,342.321986852514,
333.500000159368));
#48260=DIRECTION('',(-0.866025403784438,0.5,3.00462919747432E-17));
#48270=VECTOR('',#48260,1.);
#48280=LINE('',#48250,#48270);
#48290=CARTESIAN_POINT('',(1331.08744725333,353.241154272306,
333.500000159368));
#48300=VERTEX_POINT('',#48290);
#48310=EDGE_CURVE('',#48300,#48220,#48280,.T.);
#48320=ORIENTED_EDGE('',*,*,#48310,.T.);
#48330=CARTESIAN_POINT('',(1331.08744725333,353.241154272306,
333.155997759368));
#48340=DIRECTION('',(3.46944695195362E-17,-4.09260113182289E-33,1.));
#48350=VECTOR('',#48340,1.);
#48360=LINE('',#48330,#48350);
#48370=EDGE_CURVE('',#48300,#32560,#48360,.T.);
#48380=ORIENTED_EDGE('',*,*,#48370,.F.);
#48390=ORIENTED_EDGE('',*,*,#32570,.F.);
#48400=EDGE_LOOP('',(#48390,#48380,#48320,#48240));
#48410=FACE_OUTER_BOUND('',#48400,.T.);
#48420=ADVANCED_FACE('',(#48410),#48160,.F.);
#48430=CARTESIAN_POINT('',(1331.98744725333,354.799999999118,
333.155997759368));
#48440=DIRECTION('',(-3.46944695195362E-17,4.09260113182289E-33,-1.));
#48450=DIRECTION('',(-1.,1.17961196366423E-16,3.46944695195362E-17));
#48460=AXIS2_PLACEMENT_3D('',#48430,#48440,#48450);
#48470=CYLINDRICAL_SURFACE('',#48460,1.8);
#48480=ORIENTED_EDGE('',*,*,#48370,.T.);
#48490=CARTESIAN_POINT('',(1331.98744725333,354.799999999118,
333.500000159368));
#48500=DIRECTION('',(-3.46944695195362E-17,4.09260113182289E-33,-1.));
#48510=DIRECTION('',(-1.,1.17961196366423E-16,3.46944695195362E-17));
#48520=AXIS2_PLACEMENT_3D('',#48490,#48500,#48510);
#48530=CIRCLE('',#48520,1.8);
#48540=CARTESIAN_POINT('',(1331.98744725333,352.999999999118,
333.500000159368));
#48550=VERTEX_POINT('',#48540);
#48560=EDGE_CURVE('',#48550,#48300,#48530,.T.);
#48570=ORIENTED_EDGE('',*,*,#48560,.T.);
#48580=CARTESIAN_POINT('',(1331.98744725333,352.999999999118,
333.155997759368));
#48590=DIRECTION('',(3.46944695195362E-17,-4.09260113182289E-33,1.));
#48600=VECTOR('',#48590,1.);
#48610=LINE('',#48580,#48600);
#48620=EDGE_CURVE('',#48550,#32650,#48610,.T.);
#48630=ORIENTED_EDGE('',*,*,#48620,.F.);
#48640=ORIENTED_EDGE('',*,*,#32660,.F.);
#48650=EDGE_LOOP('',(#48640,#48630,#48570,#48480));
#48660=FACE_OUTER_BOUND('',#48650,.T.);
#48670=ADVANCED_FACE('',(#48660),#48470,.F.);
#48680=CARTESIAN_POINT('',(1332.75277949534,352.999999999118,
333.155997759368));
#48690=DIRECTION('',(3.49783174090039E-16,-1.,-1.62281428037364E-32));
#48700=DIRECTION('',(-1.,-3.49783174090039E-16,3.46944695195362E-17));
#48710=AXIS2_PLACEMENT_3D('',#48680,#48690,#48700);
#48720=PLANE('',#48710);
#48730=ORIENTED_EDGE('',*,*,#48620,.T.);
#48740=CARTESIAN_POINT('',(1350.00000000076,352.999999999118,
333.500000159368));
#48750=DIRECTION('',(-1.,-3.49783174090039E-16,3.46944695195362E-17));
#48760=VECTOR('',#48750,1.);
#48770=LINE('',#48740,#48760);
#48780=CARTESIAN_POINT('',(1332.75277949534,352.999999999118,
333.500000159368));
#48790=VERTEX_POINT('',#48780);
#48800=EDGE_CURVE('',#48790,#48550,#48770,.T.);
#48810=ORIENTED_EDGE('',*,*,#48800,.T.);
#48820=CARTESIAN_POINT('',(1332.75277949534,352.999999999118,
333.155997759368));
#48830=DIRECTION('',(3.46944695195362E-17,-4.09260113182289E-33,1.));
#48840=VECTOR('',#48830,1.);
#48850=LINE('',#48820,#48840);
#48860=EDGE_CURVE('',#48790,#32730,#48850,.T.);
#48870=ORIENTED_EDGE('',*,*,#48860,.F.);
#48880=ORIENTED_EDGE('',*,*,#32740,.F.);
#48890=EDGE_LOOP('',(#48880,#48870,#48810,#48730));
#48900=FACE_OUTER_BOUND('',#48890,.T.);
#48910=ADVANCED_FACE('',(#48900),#48720,.F.);
#48920=CARTESIAN_POINT('',(1332.75277949534,354.799999999118,
333.155997759368));
#48930=DIRECTION('',(3.46944695195362E-17,-4.09260113182289E-33,1.));
#48940=DIRECTION('',(1.,-1.17961196366423E-16,-3.46944695195362E-17));
#48950=AXIS2_PLACEMENT_3D('',#48920,#48930,#48940);
#48960=CYLINDRICAL_SURFACE('',#48950,1.8);
#48970=ORIENTED_EDGE('',*,*,#48860,.T.);
#48980=CARTESIAN_POINT('',(1332.75277949534,354.799999999118,
333.500000159368));
#48990=DIRECTION('',(3.46944695195362E-17,-4.09260113182289E-33,1.));
#49000=DIRECTION('',(1.,-1.17961196366423E-16,-3.46944695195362E-17));
#49010=AXIS2_PLACEMENT_3D('',#48980,#48990,#49000);
#49020=CIRCLE('',#49010,1.8);
#49030=CARTESIAN_POINT('',(1333.51598645944,353.169811319873,
333.500000159368));
#49040=VERTEX_POINT('',#49030);
#49050=EDGE_CURVE('',#48790,#49040,#49020,.T.);
#49060=ORIENTED_EDGE('',*,*,#49050,.F.);
#49070=CARTESIAN_POINT('',(1333.51598645944,353.169811319873,
333.155997759368));
#49080=DIRECTION('',(3.46944695195362E-17,-4.09260113182289E-33,1.));
#49090=VECTOR('',#49080,1.);
#49100=LINE('',#49070,#49090);
#49110=EDGE_CURVE('',#49040,#32820,#49100,.T.);
#49120=ORIENTED_EDGE('',*,*,#49110,.F.);
#49130=ORIENTED_EDGE('',*,*,#32830,.T.);
#49140=EDGE_LOOP('',(#49130,#49120,#49060,#48970));
#49150=FACE_OUTER_BOUND('',#49140,.T.);
#49160=ADVANCED_FACE('',(#49150),#48960,.F.);
#49170=CARTESIAN_POINT('',(1335.00000000076,349.999999999118,
333.155997759368));
#49180=DIRECTION('',(3.46944695195362E-17,-4.09260113182289E-33,1.));
#49190=DIRECTION('',(-1.,-2.357708134582E-79,3.46944695195362E-17));
#49200=AXIS2_PLACEMENT_3D('',#49170,#49180,#49190);
#49210=CYLINDRICAL_SURFACE('',#49200,3.5);
#49220=ORIENTED_EDGE('',*,*,#49110,.T.);
#49230=CARTESIAN_POINT('',(1335.00000000076,349.999999999118,
333.500000159368));
#49240=DIRECTION('',(3.46944695195362E-17,-4.09260113182289E-33,1.));
#49250=DIRECTION('',(-1.,-2.357708134582E-79,3.46944695195362E-17));
#49260=AXIS2_PLACEMENT_3D('',#49230,#49240,#49250);
#49270=CIRCLE('',#49260,3.5);
#49280=CARTESIAN_POINT('',(1336.92037735925,352.926115308021,
333.500000159368));
#49290=VERTEX_POINT('',#49280);
#49300=EDGE_CURVE('',#49290,#49040,#49270,.T.);
#49310=ORIENTED_EDGE('',*,*,#49300,.T.);
#49320=CARTESIAN_POINT('',(1336.92037735925,352.926115308021,
333.155997759368));
#49330=DIRECTION('',(3.46944695195362E-17,-4.09260113182289E-33,1.));
#49340=VECTOR('',#49330,1.);
#49350=LINE('',#49320,#49340);
#49360=EDGE_CURVE('',#49290,#32910,#49350,.T.);
#49370=ORIENTED_EDGE('',*,*,#49360,.F.);
#49380=ORIENTED_EDGE('',*,*,#32920,.F.);
#49390=EDGE_LOOP('',(#49380,#49370,#49310,#49220));
#49400=FACE_OUTER_BOUND('',#49390,.T.);
#49410=ADVANCED_FACE('',(#49400),#49210,.T.);
#49420=CARTESIAN_POINT('',(1337.90800000076,354.430974609743,
333.155997759368));
#49430=DIRECTION('',(3.46944695195362E-17,-4.09260113182289E-33,1.));
#49440=DIRECTION('',(1.,-1.17961196366423E-16,-3.46944695195362E-17));
#49450=AXIS2_PLACEMENT_3D('',#49420,#49430,#49440);
#49460=CYLINDRICAL_SURFACE('',#49450,1.8);
#49470=ORIENTED_EDGE('',*,*,#49360,.T.);
#49480=CARTESIAN_POINT('',(1337.90800000076,354.430974609743,
333.500000159368));
#49490=DIRECTION('',(3.46944695195362E-17,-4.09260113182289E-33,1.));
#49500=DIRECTION('',(1.,-1.17961196366423E-16,-3.46944695195362E-17));
#49510=AXIS2_PLACEMENT_3D('',#49480,#49490,#49500);
#49520=CIRCLE('',#49510,1.8);
#49530=CARTESIAN_POINT('',(1338.67648979668,352.803269650738,
333.500000159368));
#49540=VERTEX_POINT('',#49530);
#49550=EDGE_CURVE('',#49290,#49540,#49520,.T.);
#49560=ORIENTED_EDGE('',*,*,#49550,.F.);
#49570=CARTESIAN_POINT('',(1338.67648979668,352.803269650738,
333.155997759368));
#49580=DIRECTION('',(3.46944695195362E-17,-4.09260113182289E-33,1.));
#49590=VECTOR('',#49580,1.);
#49600=LINE('',#49570,#49590);
#49610=EDGE_CURVE('',#49540,#33000,#49600,.T.);
#49620=ORIENTED_EDGE('',*,*,#49610,.F.);
#49630=ORIENTED_EDGE('',*,*,#33010,.T.);
#49640=EDGE_LOOP('',(#49630,#49620,#49560,#49470));
#49650=FACE_OUTER_BOUND('',#49640,.T.);
#49660=ADVANCED_FACE('',(#49650),#49460,.F.);
#49670=CARTESIAN_POINT('',(1340.00000000076,349.999999999118,
333.155997759368));
#49680=DIRECTION('',(-3.46944695195362E-17,4.09260113182289E-33,-1.));
#49690=DIRECTION('',(-1.,-2.357708134582E-79,3.46944695195362E-17));
#49700=AXIS2_PLACEMENT_3D('',#49670,#49680,#49690);
#49710=CYLINDRICAL_SURFACE('',#49700,4.1);
#49720=CARTESIAN_POINT('',(1340.00000000076,349.999999999118,
333.500000159368));
#49730=DIRECTION('',(-3.46944695195362E-17,4.09260113182289E-33,-1.));
#49740=DIRECTION('',(-1.,-2.357708134582E-79,3.46944695195362E-17));
#49750=AXIS2_PLACEMENT_3D('',#49720,#49730,#49740);
#49760=CIRCLE('',#49750,4.1);
#49770=CARTESIAN_POINT('',(1338.24955102117,353.707550183518,
333.500000159368));
#49780=VERTEX_POINT('',#49770);
#49790=CARTESIAN_POINT('',(1341.53697798546,353.801012847628,
333.500000159368));
#49800=VERTEX_POINT('',#49790);
#49810=EDGE_CURVE('',#49780,#49800,#49760,.T.);
#49820=ORIENTED_EDGE('',*,*,#49810,.T.);
#49830=CARTESIAN_POINT('',(1338.24955102117,353.707550183518,
333.155997759368));
#49840=DIRECTION('',(3.46944695195362E-17,-4.09260113182289E-33,1.));
#49850=VECTOR('',#49840,1.);
#49860=LINE('',#49830,#49850);
#49870=EDGE_CURVE('',#49780,#33360,#49860,.T.);
#49880=ORIENTED_EDGE('',*,*,#49870,.F.);
#49890=ORIENTED_EDGE('',*,*,#33370,.F.);
#49900=CARTESIAN_POINT('',(1341.53697798546,353.801012847628,
333.155997759368));
#49910=DIRECTION('',(-3.46944695195362E-17,4.09260113182289E-33,-1.));
#49920=VECTOR('',#49910,1.);
#49930=LINE('',#49900,#49920);
#49940=EDGE_CURVE('',#33270,#49800,#49930,.T.);
#49950=ORIENTED_EDGE('',*,*,#49940,.F.);
#49960=EDGE_LOOP('',(#49950,#49890,#49880,#49820));
#49970=FACE_OUTER_BOUND('',#49960,.T.);
#49980=ADVANCED_FACE('',(#49970),#49710,.F.);
#49990=CARTESIAN_POINT('',(1329.95382481708,353.491506302605,
336.500000159368));
#50000=DIRECTION('',(-3.46944695195362E-17,4.09260113182289E-33,-1.));
#50010=DIRECTION('',(-1.17961196366423E-16,-1.,0.));
#50020=AXIS2_PLACEMENT_3D('',#49990,#50000,#50010);
#50030=CYLINDRICAL_SURFACE('',#50020,0.25);
#50040=CARTESIAN_POINT('',(1329.95382481708,353.491506302605,
333.500000159368));
#50050=DIRECTION('',(-3.46944695195362E-17,4.09260113182289E-33,-1.));
#50060=DIRECTION('',(-1.17961196366423E-16,-1.,0.));
#50070=AXIS2_PLACEMENT_3D('',#50040,#50050,#50060);
#50080=CIRCLE('',#50070,0.25);
#50090=EDGE_CURVE('',#47690,#47920,#50080,.T.);
#50100=ORIENTED_EDGE('',*,*,#50090,.F.);
#50110=ORIENTED_EDGE('',*,*,#47930,.F.);
#50120=ORIENTED_EDGE('',*,*,#32320,.T.);
#50130=ORIENTED_EDGE('',*,*,#47760,.T.);
#50140=EDGE_LOOP('',(#50130,#50120,#50110,#50100));
#50150=FACE_OUTER_BOUND('',#50140,.T.);
#50160=ADVANCED_FACE('',(#50150),#50030,.T.);
#50170=CARTESIAN_POINT('',(1340.00000000076,349.999999999118,
333.155997759368));
#50180=DIRECTION('',(-3.46944695195362E-17,4.09260113182289E-33,-1.));
#50190=DIRECTION('',(-1.,-2.357708134582E-79,3.46944695195362E-17));
#50200=AXIS2_PLACEMENT_3D('',#50170,#50180,#50190);
#50210=CYLINDRICAL_SURFACE('',#50200,3.1);
#50220=ORIENTED_EDGE('',*,*,#33100,.T.);
#50230=ORIENTED_EDGE('',*,*,#49610,.T.);
#50240=CARTESIAN_POINT('',(1340.00000000076,349.999999999118,
333.500000159368));
#50250=DIRECTION('',(-3.46944695195362E-17,4.09260113182289E-33,-1.));
#50260=DIRECTION('',(-1.,-2.357708134582E-79,3.46944695195362E-17));
#50270=AXIS2_PLACEMENT_3D('',#50240,#50250,#50260);
#50280=CIRCLE('',#50270,3.1);
#50290=EDGE_CURVE('',#49540,#40010,#50280,.T.);
#50300=ORIENTED_EDGE('',*,*,#50290,.F.);
#50310=ORIENTED_EDGE('',*,*,#40150,.T.);
#50320=EDGE_LOOP('',(#50310,#50300,#50230,#50220));
#50330=FACE_OUTER_BOUND('',#50320,.T.);
#50340=ADVANCED_FACE('',(#50330),#50210,.T.);
#50350=CARTESIAN_POINT('',(1337.90800000076,354.430974609743,
333.155997759368));
#50360=DIRECTION('',(3.46944695195362E-17,-4.09260113182289E-33,1.));
#50370=DIRECTION('',(1.,-1.17961196366423E-16,-3.46944695195362E-17));
#50380=AXIS2_PLACEMENT_3D('',#50350,#50360,#50370);
#50390=CYLINDRICAL_SURFACE('',#50380,0.8);
#50400=ORIENTED_EDGE('',*,*,#49870,.T.);
#50410=CARTESIAN_POINT('',(1337.90800000076,354.430974609743,
333.500000159368));
#50420=DIRECTION('',(3.46944695195362E-17,-4.09260113182289E-33,1.));
#50430=DIRECTION('',(1.,-1.17961196366423E-16,-3.46944695195362E-17));
#50440=AXIS2_PLACEMENT_3D('',#50410,#50420,#50430);
#50450=CIRCLE('',#50440,0.8);
#50460=CARTESIAN_POINT('',(1337.46905660454,353.762148253422,
333.500000159368));
#50470=VERTEX_POINT('',#50460);
#50480=EDGE_CURVE('',#50470,#49780,#50450,.T.);
#50490=ORIENTED_EDGE('',*,*,#50480,.T.);
#50500=CARTESIAN_POINT('',(1337.46905660454,353.762148253422,
333.155997759368));
#50510=DIRECTION('',(3.46944695195362E-17,-4.09260113182289E-33,1.));
#50520=VECTOR('',#50510,1.);
#50530=LINE('',#50500,#50520);
#50540=EDGE_CURVE('',#50470,#33450,#50530,.T.);
#50550=ORIENTED_EDGE('',*,*,#50540,.F.);
#50560=ORIENTED_EDGE('',*,*,#33460,.F.);
#50570=EDGE_LOOP('',(#50560,#50550,#50490,#50400));
#50580=FACE_OUTER_BOUND('',#50570,.T.);
#50590=ADVANCED_FACE('',(#50580),#50390,.T.);
#50600=CARTESIAN_POINT('',(1335.00000000076,349.999999999118,
333.155997759368));
#50610=DIRECTION('',(3.46944695195362E-17,-4.09260113182289E-33,1.));
#50620=DIRECTION('',(-1.,-2.357708134582E-79,3.46944695195362E-17));
#50630=AXIS2_PLACEMENT_3D('',#50600,#50610,#50620);
#50640=CYLINDRICAL_SURFACE('',#50630,4.5);
#50650=ORIENTED_EDGE('',*,*,#50540,.T.);
#50660=CARTESIAN_POINT('',(1335.00000000076,349.999999999118,
333.500000159368));
#50670=DIRECTION('',(3.46944695195362E-17,-4.09260113182289E-33,1.));
#50680=DIRECTION('',(-1.,-2.357708134582E-79,3.46944695195362E-17));
#50690=AXIS2_PLACEMENT_3D('',#50660,#50670,#50680);
#50700=CIRCLE('',#50690,4.5);
#50710=CARTESIAN_POINT('',(1333.0919825905,354.075471697231,
333.500000159368));
#50720=VERTEX_POINT('',#50710);
#50730=EDGE_CURVE('',#50470,#50720,#50700,.T.);
#50740=ORIENTED_EDGE('',*,*,#50730,.F.);
#50750=CARTESIAN_POINT('',(1333.0919825905,354.075471697231,
333.155997759368));
#50760=DIRECTION('',(3.46944695195362E-17,-4.09260113182289E-33,1.));
#50770=VECTOR('',#50760,1.);
#50780=LINE('',#50750,#50770);
#50790=EDGE_CURVE('',#50720,#33540,#50780,.T.);
#50800=ORIENTED_EDGE('',*,*,#50790,.F.);
#50810=ORIENTED_EDGE('',*,*,#33550,.T.);
#50820=EDGE_LOOP('',(#50810,#50800,#50740,#50650));
#50830=FACE_OUTER_BOUND('',#50820,.T.);
#50840=ADVANCED_FACE('',(#50830),#50640,.F.);
#50850=CARTESIAN_POINT('',(1332.75277949534,354.799999999118,
333.155997759368));
#50860=DIRECTION('',(3.46944695195362E-17,-4.09260113182289E-33,1.));
#50870=DIRECTION('',(1.,-1.17961196366423E-16,-3.46944695195362E-17));
#50880=AXIS2_PLACEMENT_3D('',#50850,#50860,#50870);
#50890=CYLINDRICAL_SURFACE('',#50880,0.8);
#50900=ORIENTED_EDGE('',*,*,#50790,.T.);
#50910=CARTESIAN_POINT('',(1332.75277949534,354.799999999118,
333.500000159368));
#50920=DIRECTION('',(3.46944695195362E-17,-4.09260113182289E-33,1.));
#50930=DIRECTION('',(1.,-1.17961196366423E-16,-3.46944695195362E-17));
#50940=AXIS2_PLACEMENT_3D('',#50910,#50920,#50930);
#50950=CIRCLE('',#50940,0.8);
#50960=EDGE_CURVE('',#44850,#50720,#50950,.T.);
#50970=ORIENTED_EDGE('',*,*,#50960,.T.);
#50980=ORIENTED_EDGE('',*,*,#44860,.F.);
#50990=ORIENTED_EDGE('',*,*,#33640,.F.);
#51000=EDGE_LOOP('',(#50990,#50980,#50970,#50900));
#51010=FACE_OUTER_BOUND('',#51000,.T.);
#51020=ADVANCED_FACE('',(#51010),#50890,.T.);
#51030=CARTESIAN_POINT('',(1335.00000000076,349.999999999118,
333.155997759368));
#51040=DIRECTION('',(3.46944695195362E-17,-4.09260113182289E-33,1.));
#51050=DIRECTION('',(-1.,1.17961196366423E-16,3.46944695195362E-17));
#51060=AXIS2_PLACEMENT_3D('',#51030,#51040,#51050);
#51070=CYLINDRICAL_SURFACE('',#51060,3.1);
#51080=CARTESIAN_POINT('',(1337.95495922503,349.062868213865,
336.400000159368));
#51090=CARTESIAN_POINT('',(1337.95495922503,349.062868213865,
335.850000159368));
#51100=CARTESIAN_POINT('',(1337.95495922503,349.062868213865,
335.300000159368));
#51110=CARTESIAN_POINT('',(1337.95495922503,349.062868213865,
334.200000159368));
#51120=CARTESIAN_POINT('',(1337.95495922503,349.062868213865,
333.650000159368));
#51130=CARTESIAN_POINT('',(1337.95495922503,349.062868213865,
333.100000159368));
#51140=B_SPLINE_CURVE_WITH_KNOTS('',3,(#51080,#51090,#51100,#51110,
#51120,#51130),.UNSPECIFIED.,.F.,.F.,(4,2,4),(5.06363162068116,
6.71363162068137,8.36363162068117),.UNSPECIFIED.);
#51150=CARTESIAN_POINT('',(1337.95495922503,349.062868213865,
333.500000159368));
#51160=VERTEX_POINT('',#51150);
#51170=EDGE_CURVE('',#30300,#51160,#51140,.T.);
#51180=ORIENTED_EDGE('',*,*,#51170,.F.);
#51190=CARTESIAN_POINT('',(1335.00000000076,349.999999999118,
333.500000159368));
#51200=DIRECTION('',(3.46944695195362E-17,-4.09260113182289E-33,1.));
#51210=DIRECTION('',(-1.,1.17961196366423E-16,3.46944695195362E-17));
#51220=AXIS2_PLACEMENT_3D('',#51190,#51200,#51210);
#51230=CIRCLE('',#51220,3.1);
#51240=CARTESIAN_POINT('',(1337.95495922503,350.937131784371,
333.500000159368));
#51250=VERTEX_POINT('',#51240);
#51260=EDGE_CURVE('',#51160,#51250,#51230,.T.);
#51270=ORIENTED_EDGE('',*,*,#51260,.F.);
#51280=CARTESIAN_POINT('',(1337.95495922503,350.937131784371,
333.100000159368));
#51290=CARTESIAN_POINT('',(1337.95495922503,350.937131784371,
333.650000159368));
#51300=CARTESIAN_POINT('',(1337.95495922503,350.937131784371,
334.200000159368));
#51310=CARTESIAN_POINT('',(1337.95495922503,350.937131784371,
335.300000159368));
#51320=CARTESIAN_POINT('',(1337.95495922503,350.937131784371,
335.850000159368));
#51330=CARTESIAN_POINT('',(1337.95495922503,350.937131784371,
336.400000159368));
#51340=B_SPLINE_CURVE_WITH_KNOTS('',3,(#51280,#51290,#51300,#51310,
#51320,#51330),.UNSPECIFIED.,.F.,.F.,(4,2,4),(5.16802199360838,
6.8180219936086,8.4680219936084),.UNSPECIFIED.);
#51350=EDGE_CURVE('',#51250,#30390,#51340,.T.);
#51360=ORIENTED_EDGE('',*,*,#51350,.F.);
#51370=ORIENTED_EDGE('',*,*,#30400,.T.);
#51380=EDGE_LOOP('',(#51370,#51360,#51270,#51180));
#51390=FACE_OUTER_BOUND('',#51380,.T.);
#51400=ADVANCED_FACE('',(#51390),#51070,.F.);
#51410=CARTESIAN_POINT('',(1351.65045835566,346.662525302866,
333.155997759368));
#51420=DIRECTION('',(-3.46944695195362E-17,4.09260113182289E-33,-1.));
#51430=DIRECTION('',(-1.17961196366423E-16,-1.,0.));
#51440=AXIS2_PLACEMENT_3D('',#51410,#51420,#51430);
#51450=CYLINDRICAL_SURFACE('',#51440,0.5);
#51460=ORIENTED_EDGE('',*,*,#26070,.F.);
#51470=ORIENTED_EDGE('',*,*,#22160,.F.);
#51480=CARTESIAN_POINT('',(1351.65045835566,346.662525302866,
333.500000159368));
#51490=DIRECTION('',(-3.46944695195362E-17,4.09260113182289E-33,-1.));
#51500=DIRECTION('',(-1.17961196366423E-16,-1.,0.));
#51510=AXIS2_PLACEMENT_3D('',#51480,#51490,#51500);
#51520=CIRCLE('',#51510,0.5);
#51530=EDGE_CURVE('',#37450,#22070,#51520,.T.);
#51540=ORIENTED_EDGE('',*,*,#51530,.T.);
#51550=ORIENTED_EDGE('',*,*,#37540,.T.);
#51560=EDGE_LOOP('',(#51550,#51540,#51470,#51460));
#51570=FACE_OUTER_BOUND('',#51560,.T.);
#51580=ADVANCED_FACE('',(#51570),#51450,.F.);
#51590=CARTESIAN_POINT('',(1338.28586260558,351.45486643767,
333.100000159268));
#51600=CARTESIAN_POINT('',(1338.28586260558,351.45486643767,
333.650000159301));
#51610=CARTESIAN_POINT('',(1338.28586260558,351.45486643767,
334.200000159335));
#51620=CARTESIAN_POINT('',(1338.28586260558,351.45486643767,
335.300000159402));
#51630=CARTESIAN_POINT('',(1338.28586260558,351.45486643767,
335.850000159435));
#51640=CARTESIAN_POINT('',(1338.28586260558,351.45486643767,
336.400000159468));
#51650=CARTESIAN_POINT('',(1338.01860278107,351.420933701488,
333.100000159268));
#51660=CARTESIAN_POINT('',(1338.01860278107,351.420933701488,
333.650000159301));
#51670=CARTESIAN_POINT('',(1338.01860278107,351.420933701488,
334.200000159335));
#51680=CARTESIAN_POINT('',(1338.01860278107,351.420933701488,
335.300000159401));
#51690=CARTESIAN_POINT('',(1338.01860278107,351.420933701488,
335.850000159435));
#51700=CARTESIAN_POINT('',(1338.01860278107,351.420933701488,
336.400000159468));
#51710=CARTESIAN_POINT('',(1337.87351783158,351.193932375911,
333.100000159268));
#51720=CARTESIAN_POINT('',(1337.87351783158,351.193932375911,
333.650000159301));
#51730=CARTESIAN_POINT('',(1337.87351783158,351.193932375911,
334.200000159335));
#51740=CARTESIAN_POINT('',(1337.87351783158,351.193932375911,
335.300000159401));
#51750=CARTESIAN_POINT('',(1337.87351783158,351.193932375911,
335.850000159435));
#51760=CARTESIAN_POINT('',(1337.87351783158,351.193932375911,
336.400000159468));
#51770=CARTESIAN_POINT('',(1337.95495922503,350.937131784371,
333.100000159268));
#51780=CARTESIAN_POINT('',(1337.95495922503,350.937131784371,
333.650000159301));
#51790=CARTESIAN_POINT('',(1337.95495922503,350.937131784371,
334.200000159335));
#51800=CARTESIAN_POINT('',(1337.95495922503,350.937131784371,
335.300000159402));
#51810=CARTESIAN_POINT('',(1337.95495922503,350.937131784371,
335.850000159435));
#51820=CARTESIAN_POINT('',(1337.95495922503,350.937131784371,
336.400000159468));
#51830=(BOUNDED_SURFACE() B_SPLINE_SURFACE(3,3,((#51590,#51650,#51710,
#51770),(#51600,#51660,#51720,#51780),(#51610,#51670,#51730,#51790),(
#51620,#51680,#51740,#51800),(#51630,#51690,#51750,#51810),(#51640,
#51700,#51760,#51820)),.UNSPECIFIED.,.F.,.F.,.F.) 
B_SPLINE_SURFACE_WITH_KNOTS((4,2,4),(4,4),(5.16802199350838,
6.8180219936086,8.4680219937084),(0.,1.),.UNSPECIFIED.) 
GEOMETRIC_REPRESENTATION_ITEM() RATIONAL_B_SPLINE_SURFACE(((1.,
0.760252026405982,0.760252026405982,1.),(1.,0.760252026405982,
0.760252026405982,1.),(1.,0.760252026405981,0.760252026405981,1.),(1.,
0.760252026405981,0.760252026405981,1.),(1.,0.760252026405981,
0.760252026405981,1.),(1.,0.760252026405981,0.760252026405981,1.))) 
REPRESENTATION_ITEM('') SURFACE());
#51840=ORIENTED_EDGE('',*,*,#31260,.T.);
#51850=ORIENTED_EDGE('',*,*,#51350,.T.);
#51860=CARTESIAN_POINT('',(1337.95495922503,350.937131784371,
333.500000159368));
#51870=CARTESIAN_POINT('',(1337.95057292481,350.950962644107,
333.500000159368));
#51880=CARTESIAN_POINT('',(1337.9469316633,350.965063252532,
333.500000159368));
#51890=CARTESIAN_POINT('',(1337.94407072612,350.979312578878,
333.500000159368));
#51900=CARTESIAN_POINT('',(1337.94264031169,350.986436972288,
333.500000159368));
#51910=CARTESIAN_POINT('',(1337.94140467202,350.993597896913,
333.500000159368));
#51920=CARTESIAN_POINT('',(1337.94036570129,351.000779455932,
333.500000159368));
#51930=CARTESIAN_POINT('',(1337.93932729105,351.007957140721,
333.500000159368));
#51940=CARTESIAN_POINT('',(1337.93848180163,351.015179153892,
333.500000159368));
#51950=CARTESIAN_POINT('',(1337.93783310581,351.022435567357,
333.500000159368));
#51960=CARTESIAN_POINT('',(1337.93653575759,351.036947908524,
333.500000159368));
#51970=CARTESIAN_POINT('',(1337.9360283259,351.051590195915,
333.500000159368));
#51980=CARTESIAN_POINT('',(1337.93632800346,351.06623533823,
333.500000159368));
#51990=CARTESIAN_POINT('',(1337.93662767843,351.080880353733,
333.500000159368));
#52000=CARTESIAN_POINT('',(1337.93773448545,351.095523599688,
333.500000159368));
#52010=CARTESIAN_POINT('',(1337.93963638162,351.110034415658,
333.500000159368));
#52020=CARTESIAN_POINT('',(1337.94153830752,351.124545458481,
333.500000159368));
#52030=CARTESIAN_POINT('',(1337.94423451968,351.138919576713,
333.500000159368));
#52040=CARTESIAN_POINT('',(1337.94768566582,351.1530372689,
333.500000159368));
#52050=CARTESIAN_POINT('',(1337.95113072538,351.167130062583,
333.500000159368));
#52060=CARTESIAN_POINT('',(1337.95535181305,351.181074551229,
333.500000159368));
#52070=CARTESIAN_POINT('',(1337.96034885329,351.194809550172,
333.500000159368));
#52080=CARTESIAN_POINT('',(1337.96534413974,351.208539728585,
333.500000159368));
#52090=CARTESIAN_POINT('',(1337.97110853973,351.22203563866,
333.500000159368));
#52100=CARTESIAN_POINT('',(1337.97759746972,351.235174743395,
333.500000159368));
#52110=CARTESIAN_POINT('',(1337.98408640433,351.248313857497,
333.500000159368));
#52120=CARTESIAN_POINT('',(1337.99129780086,351.261092000551,
333.500000159368));
#52130=CARTESIAN_POINT('',(1337.99916083315,351.273399978888,
333.500000159368));
#52140=CARTESIAN_POINT('',(1338.0070288284,351.285715725715,
333.500000159368));
#52150=CARTESIAN_POINT('',(1338.01552200303,351.297526447951,
333.500000159368));
#52160=CARTESIAN_POINT('',(1338.02462456623,351.308837082288,
333.500000159368));
#52170=CARTESIAN_POINT('',(1338.0337416001,351.320165697548,
333.500000159368));
#52180=CARTESIAN_POINT('',(1338.04352052044,351.33104850258,
333.500000159368));
#52190=CARTESIAN_POINT('',(1338.0538893159,351.341381629726,
333.500000159368));
#52200=CARTESIAN_POINT('',(1338.06425796459,351.351714610598,
333.500000159368));
#52210=CARTESIAN_POINT('',(1338.07521338199,351.361494546877,
333.500000159368));
#52220=CARTESIAN_POINT('',(1338.0866584837,351.3706330877,
333.500000159368));
#52230=CARTESIAN_POINT('',(1338.09810370108,351.37977172088,
333.500000159368));
#52240=CARTESIAN_POINT('',(1338.11003491245,351.388266187348,
333.500000159368));
#52250=CARTESIAN_POINT('',(1338.12234070391,351.396053874889,
333.500000159368));
#52260=CARTESIAN_POINT('',(1338.12849552555,351.399948937471,
333.500000159368));
#52270=CARTESIAN_POINT('',(1338.13473447966,351.403662295199,
333.500000159368));
#52280=CARTESIAN_POINT('',(1338.14106920277,351.407203395647,
333.500000159368));
#52290=CARTESIAN_POINT('',(1338.14740878287,351.41074721115,
333.500000159368));
#52300=CARTESIAN_POINT('',(1338.153860648,351.414127027267,
333.500000159368));
#52310=CARTESIAN_POINT('',(1338.16041236698,351.417333431134,
333.500000159368));
#52320=CARTESIAN_POINT('',(1338.17351610164,351.42374638407,
333.500000159368));
#52330=CARTESIAN_POINT('',(1338.18701874337,351.429463418023,
333.500000159368));
#52340=CARTESIAN_POINT('',(1338.20080566005,351.434424673863,
333.500000159368));
#52350=CARTESIAN_POINT('',(1338.21459251228,351.439385906516,
333.500000159368));
#52360=CARTESIAN_POINT('',(1338.22865929232,351.443589729384,
333.500000159368));
#52370=CARTESIAN_POINT('',(1338.24287931092,351.447003144548,
333.500000159368));
#52380=CARTESIAN_POINT('',(1338.25709961083,351.450416627242,
333.500000159368));
#52390=CARTESIAN_POINT('',(1338.27146870334,351.453038910886,
333.500000159368));
#52400=CARTESIAN_POINT('',(1338.28586260558,351.45486643767,
333.500000159368));
#52410=B_SPLINE_CURVE_WITH_KNOTS('',3,(#51860,#51870,#51880,#51890,
#51900,#51910,#51920,#51930,#51940,#51950,#51960,#51970,#51980,#51990,
#52000,#52010,#52020,#52030,#52040,#52050,#52060,#52070,#52080,#52090,
#52100,#52110,#52120,#52130,#52140,#52150,#52160,#52170,#52180,#52190,
#52200,#52210,#52220,#52230,#52240,#52250,#52260,#52270,#52280,#52290,
#52300,#52310,#52320,#52330,#52340,#52350,#52360,#52370,#52380,#52390,
#52400),.UNSPECIFIED.,.F.,.F.,(4,3,3,3,3,3,3,3,3,3,3,3,3,3,3,3,3,3,4),(
0.,0.0435850618986366,0.0653720157547018,0.0871784129854654,
0.131025986619151,0.174971934404295,0.218743472002443,0.262414669371727,
0.306332780161355,0.350242718593321,0.393901412024299,0.437690535725888,
0.481638325825606,0.52547163747401,0.547270400652993,0.569108304876734,
0.612990639177624,0.656926387693689,0.700644769119741),.UNSPECIFIED.);
#52420=SURFACE_CURVE('',#52410,(#30660,#12550),.CURVE_3D.);
#52430=EDGE_CURVE('',#51250,#45270,#52420,.T.);
#52440=ORIENTED_EDGE('',*,*,#52430,.F.);
#52450=ORIENTED_EDGE('',*,*,#45460,.F.);
#52460=EDGE_LOOP('',(#52450,#52440,#51850,#51840));
#52470=FACE_OUTER_BOUND('',#52460,.T.);
#52480=ADVANCED_FACE('',(#52470),#51830,.F.);
#52490=CARTESIAN_POINT('',(1341.32897146715,351.753235534216,
333.155997759368));
#52500=DIRECTION('',(-3.46944695195362E-17,4.09260113182289E-33,-1.));
#52510=DIRECTION('',(-1.17961196366423E-16,-1.,0.));
#52520=AXIS2_PLACEMENT_3D('',#52490,#52500,#52510);
#52530=CYLINDRICAL_SURFACE('',#52520,0.3);
#52540=CARTESIAN_POINT('',(1341.32897146715,351.753235534216,
333.500000159368));
#52550=DIRECTION('',(-3.46944695195362E-17,4.09260113182289E-33,-1.));
#52560=DIRECTION('',(-1.17961196366423E-16,-1.,0.));
#52570=AXIS2_PLACEMENT_3D('',#52540,#52550,#52560);
#52580=CIRCLE('',#52570,0.3);
#52590=EDGE_CURVE('',#46110,#45870,#52580,.T.);
#52600=ORIENTED_EDGE('',*,*,#52590,.T.);
#52610=ORIENTED_EDGE('',*,*,#46120,.T.);
#52620=ORIENTED_EDGE('',*,*,#31620,.F.);
#52630=ORIENTED_EDGE('',*,*,#45940,.F.);
#52640=EDGE_LOOP('',(#52630,#52620,#52610,#52600));
#52650=FACE_OUTER_BOUND('',#52640,.T.);
#52660=ADVANCED_FACE('',(#52650),#52530,.F.);
#52670=CARTESIAN_POINT('',(1341.32897146715,348.24676446402,
333.155997759368));
#52680=DIRECTION('',(3.46944695195362E-17,-4.09260113182289E-33,1.));
#52690=DIRECTION('',(1.17961196366423E-16,1.,0.));
#52700=AXIS2_PLACEMENT_3D('',#52670,#52680,#52690);
#52710=CYLINDRICAL_SURFACE('',#52700,0.3);
#52720=CARTESIAN_POINT('',(1341.32897146715,348.24676446402,
333.500000159368));
#52730=DIRECTION('',(3.46944695195362E-17,-4.09260113182289E-33,1.));
#52740=DIRECTION('',(1.17961196366423E-16,1.,0.));
#52750=AXIS2_PLACEMENT_3D('',#52720,#52730,#52740);
#52760=CIRCLE('',#52750,0.3);
#52770=EDGE_CURVE('',#44030,#44340,#52760,.T.);
#52780=ORIENTED_EDGE('',*,*,#52770,.F.);
#52790=ORIENTED_EDGE('',*,*,#44350,.F.);
#52800=ORIENTED_EDGE('',*,*,#29270,.T.);
#52810=ORIENTED_EDGE('',*,*,#44100,.T.);
#52820=EDGE_LOOP('',(#52810,#52800,#52790,#52780));
#52830=FACE_OUTER_BOUND('',#52820,.T.);
#52840=ADVANCED_FACE('',(#52830),#52710,.F.);
#52850=CARTESIAN_POINT('',(1338.28586260558,348.545133560567,
336.400000159468));
#52860=CARTESIAN_POINT('',(1338.28586260558,348.545133560567,
335.850000159435));
#52870=CARTESIAN_POINT('',(1338.28586260558,348.545133560567,
335.300000159401));
#52880=CARTESIAN_POINT('',(1338.28586260558,348.545133560567,
334.200000159335));
#52890=CARTESIAN_POINT('',(1338.28586260558,348.545133560567,
333.650000159301));
#52900=CARTESIAN_POINT('',(1338.28586260558,348.545133560567,
333.100000159268));
#52910=CARTESIAN_POINT('',(1338.01860278107,348.579066296749,
336.400000159468));
#52920=CARTESIAN_POINT('',(1338.01860278107,348.579066296749,
335.850000159435));
#52930=CARTESIAN_POINT('',(1338.01860278107,348.579066296749,
335.300000159401));
#52940=CARTESIAN_POINT('',(1338.01860278107,348.579066296749,
334.200000159335));
#52950=CARTESIAN_POINT('',(1338.01860278107,348.579066296749,
333.650000159301));
#52960=CARTESIAN_POINT('',(1338.01860278107,348.579066296749,
333.100000159268));
#52970=CARTESIAN_POINT('',(1337.87351783158,348.806067622325,
336.400000159468));
#52980=CARTESIAN_POINT('',(1337.87351783158,348.806067622325,
335.850000159435));
#52990=CARTESIAN_POINT('',(1337.87351783158,348.806067622325,
335.300000159401));
#53000=CARTESIAN_POINT('',(1337.87351783158,348.806067622325,
334.200000159335));
#53010=CARTESIAN_POINT('',(1337.87351783158,348.806067622325,
333.650000159301));
#53020=CARTESIAN_POINT('',(1337.87351783158,348.806067622325,
333.100000159268));
#53030=CARTESIAN_POINT('',(1337.95495922503,349.062868213865,
336.400000159468));
#53040=CARTESIAN_POINT('',(1337.95495922503,349.062868213865,
335.850000159435));
#53050=CARTESIAN_POINT('',(1337.95495922503,349.062868213865,
335.300000159401));
#53060=CARTESIAN_POINT('',(1337.95495922503,349.062868213865,
334.200000159335));
#53070=CARTESIAN_POINT('',(1337.95495922503,349.062868213865,
333.650000159301));
#53080=CARTESIAN_POINT('',(1337.95495922503,349.062868213865,
333.100000159268));
#53090=(BOUNDED_SURFACE() B_SPLINE_SURFACE(3,3,((#52850,#52910,#52970,
#53030),(#52860,#52920,#52980,#53040),(#52870,#52930,#52990,#53050),(
#52880,#52940,#53000,#53060),(#52890,#52950,#53010,#53070),(#52900,
#52960,#53020,#53080)),.UNSPECIFIED.,.F.,.F.,.F.) 
B_SPLINE_SURFACE_WITH_KNOTS((4,2,4),(4,4),(5.06363162058116,
6.71363162068137,8.36363162078117),(0.,1.),.UNSPECIFIED.) 
GEOMETRIC_REPRESENTATION_ITEM() RATIONAL_B_SPLINE_SURFACE(((1.,
0.760252026405985,0.760252026405985,1.),(1.,0.760252026405986,
0.760252026405986,1.),(1.,0.760252026405986,0.760252026405986,1.),(1.,
0.760252026405986,0.760252026405986,1.),(1.,0.760252026405986,
0.760252026405986,1.),(1.,0.760252026405986,0.760252026405986,1.))) 
REPRESENTATION_ITEM('') SURFACE());
#53100=CARTESIAN_POINT('',(1338.28586260558,348.545133560567,
333.500000159368));
#53110=CARTESIAN_POINT('',(1338.27146842867,348.546961122223,
333.500000159368));
#53120=CARTESIAN_POINT('',(1338.25714232474,348.549578122341,
333.500000159368));
#53130=CARTESIAN_POINT('',(1338.24300895305,348.552965756861,
333.500000159368));
#53140=CARTESIAN_POINT('',(1338.23594253478,348.554659509986,
333.500000159368));
#53150=CARTESIAN_POINT('',(1338.22892475924,348.556545371454,
333.500000159368));
#53160=CARTESIAN_POINT('',(1338.22197084902,348.558618384405,
333.500000159368));
#53170=CARTESIAN_POINT('',(1338.21502069022,348.560690279029,
333.500000159368));
#53180=CARTESIAN_POINT('',(1338.2081113193,348.56295587392,
333.500000159368));
#53190=CARTESIAN_POINT('',(1338.20125337287,348.565414514464,
333.500000159368));
#53200=CARTESIAN_POINT('',(1338.1875379391,348.570331630959,
333.500000159368));
#53210=CARTESIAN_POINT('',(1338.174036302,348.576020203946,
333.500000159368));
#53220=CARTESIAN_POINT('',(1338.16087102285,348.582442464088,
333.500000159368));
#53230=CARTESIAN_POINT('',(1338.14770585771,348.588864668613,
333.500000159368));
#53240=CARTESIAN_POINT('',(1338.13488125701,348.596018638907,
333.500000159368));
#53250=CARTESIAN_POINT('',(1338.12251074356,348.603838574082,
333.500000159368));
#53260=CARTESIAN_POINT('',(1338.11014003671,348.61165863152,
333.500000159368));
#53270=CARTESIAN_POINT('',(1338.09822715899,348.620142037654,
333.500000159368));
#53280=CARTESIAN_POINT('',(1338.08686403725,348.629202893348,
333.500000159368));
#53290=CARTESIAN_POINT('',(1338.07552095592,348.63824776898,
333.500000159368));
#53300=CARTESIAN_POINT('',(1338.0646383644,348.647934643947,
333.500000159368));
#53310=CARTESIAN_POINT('',(1338.05427175883,348.658237754936,
333.500000159368));
#53320=CARTESIAN_POINT('',(1338.0439087916,348.668537249874,
333.500000159368));
#53330=CARTESIAN_POINT('',(1338.03408142596,348.679436368216,
333.500000159368));
#53340=CARTESIAN_POINT('',(1338.02488214675,348.690843188444,
333.500000159368));
#53350=CARTESIAN_POINT('',(1338.01568286098,348.702250016811,
333.500000159368));
#53360=CARTESIAN_POINT('',(1338.00711457371,348.714160920772,
333.500000159368));
#53370=CARTESIAN_POINT('',(1337.99924663941,348.726465766041,
333.500000159368));
#53380=CARTESIAN_POINT('',(1337.99137373906,348.738778377836,
333.500000159368));
#53390=CARTESIAN_POINT('',(1337.98422171811,348.751446281028,
333.500000159368));
#53400=CARTESIAN_POINT('',(1337.97777946488,348.764457217939,
333.500000159368));
#53410=CARTESIAN_POINT('',(1337.97132697018,348.777488838788,
333.500000159368));
#53420=CARTESIAN_POINT('',(1337.96555703044,348.79093393171,
333.500000159368));
#53430=CARTESIAN_POINT('',(1337.96053366883,348.804683523509,
333.500000159368));
#53440=CARTESIAN_POINT('',(1337.95551037833,348.818432920654,
333.500000159368));
#53450=CARTESIAN_POINT('',(1337.95123541684,348.832482583582,
333.500000159368));
#53460=CARTESIAN_POINT('',(1337.94774819577,348.846707300477,
333.500000159368));
#53470=CARTESIAN_POINT('',(1337.94426093945,348.860932161149,
333.500000159368));
#53480=CARTESIAN_POINT('',(1337.94156238883,348.875327562839,
333.500000159368));
#53490=CARTESIAN_POINT('',(1337.93966257858,348.889766098123,
333.500000159368));
#53500=CARTESIAN_POINT('',(1337.93871237612,348.896987625475,
333.500000159368));
#53510=CARTESIAN_POINT('',(1337.93796241083,348.904209199128,
333.500000159368));
#53520=CARTESIAN_POINT('',(1337.93740899542,348.911445347318,
333.500000159368));
#53530=CARTESIAN_POINT('',(1337.9368551557,348.918687043652,
333.500000159368));
#53540=CARTESIAN_POINT('',(1337.93649730741,348.925961771492,
333.500000159368));
#53550=CARTESIAN_POINT('',(1337.93633877263,348.933254296026,
333.500000159368));
#53560=CARTESIAN_POINT('',(1337.93602169591,348.947839675328,
333.500000159368));
#53570=CARTESIAN_POINT('',(1337.93650371989,348.962494826777,
333.500000159368));
#53580=CARTESIAN_POINT('',(1337.9377910292,348.977090578418,
333.500000159368));
#53590=CARTESIAN_POINT('',(1337.9390783325,348.991686261824,
333.500000159368));
#53600=CARTESIAN_POINT('',(1337.94117057633,349.00621791497,
333.500000159368));
#53610=CARTESIAN_POINT('',(1337.94404450414,349.020556704004,
333.500000159368));
#53620=CARTESIAN_POINT('',(1337.94691848881,349.034895776725,
333.500000159368));
#53630=CARTESIAN_POINT('',(1337.95057300852,349.049037618071,
333.500000159368));
#53640=CARTESIAN_POINT('',(1337.95495922503,349.062868213865,
333.500000159368));
#53650=B_SPLINE_CURVE_WITH_KNOTS('',3,(#53100,#53110,#53120,#53130,
#53140,#53150,#53160,#53170,#53180,#53190,#53200,#53210,#53220,#53230,
#53240,#53250,#53260,#53270,#53280,#53290,#53300,#53310,#53320,#53330,
#53340,#53350,#53360,#53370,#53380,#53390,#53400,#53410,#53420,#53430,
#53440,#53450,#53460,#53470,#53480,#53490,#53500,#53510,#53520,#53530,
#53540,#53550,#53560,#53570,#53580,#53590,#53600,#53610,#53620,#53630,
#53640),.UNSPECIFIED.,.F.,.F.,(4,3,3,3,3,3,3,3,3,3,3,3,3,3,3,3,3,3,4),(
0.,0.0435850618985995,0.0653720157545453,0.0871784129849141,
0.131025986619098,0.17497193440375,0.218743472002297,0.262414669371874,
0.306332780161407,0.350242718592796,0.393901412024524,0.437690535726117,
0.481638325826067,0.525471637474285,0.547270400653064,0.569108304876732,
0.61299063917753,0.656926387693661,0.700644769119592),.UNSPECIFIED.);
#53660=SURFACE_CURVE('',#53650,(#29710,#12550),.CURVE_3D.);
#53670=EDGE_CURVE('',#44600,#51160,#53660,.T.);
#53680=ORIENTED_EDGE('',*,*,#53670,.F.);
#53690=ORIENTED_EDGE('',*,*,#51170,.T.);
#53700=ORIENTED_EDGE('',*,*,#30310,.T.);
#53710=ORIENTED_EDGE('',*,*,#44700,.F.);
#53720=EDGE_LOOP('',(#53710,#53700,#53690,#53680));
#53730=FACE_OUTER_BOUND('',#53720,.T.);
#53740=ADVANCED_FACE('',(#53730),#53090,.F.);
#53750=CARTESIAN_POINT('',(1330.00382481708,346.421891155253,
336.500000159368));
#53760=DIRECTION('',(-3.46944695195362E-17,4.09260113182289E-33,-1.));
#53770=DIRECTION('',(-1.17961196366423E-16,-1.,0.));
#53780=AXIS2_PLACEMENT_3D('',#53750,#53760,#53770);
#53790=CYLINDRICAL_SURFACE('',#53780,0.25);
#53800=CARTESIAN_POINT('',(1330.00382481708,346.421891155253,
333.500000159368));
#53810=DIRECTION('',(-3.46944695195362E-17,4.09260113182289E-33,-1.));
#53820=DIRECTION('',(-1.17961196366423E-16,-1.,0.));
#53830=AXIS2_PLACEMENT_3D('',#53800,#53810,#53820);
#53840=CIRCLE('',#53830,0.25);
#53850=EDGE_CURVE('',#41810,#42040,#53840,.T.);
#53860=ORIENTED_EDGE('',*,*,#53850,.F.);
#53870=ORIENTED_EDGE('',*,*,#42050,.F.);
#53880=ORIENTED_EDGE('',*,*,#28410,.T.);
#53890=ORIENTED_EDGE('',*,*,#41880,.T.);
#53900=EDGE_LOOP('',(#53890,#53880,#53870,#53860));
#53910=FACE_OUTER_BOUND('',#53900,.T.);
#53920=ADVANCED_FACE('',(#53910),#53790,.T.);
#53930=CARTESIAN_POINT('',(1330.00382481708,353.578108842983,
336.500000159368));
#53940=DIRECTION('',(-3.46944695195362E-17,4.09260113182289E-33,-1.));
#53950=DIRECTION('',(-1.17961196366423E-16,-1.,0.));
#53960=AXIS2_PLACEMENT_3D('',#53930,#53940,#53950);
#53970=CYLINDRICAL_SURFACE('',#53960,0.25);
#53980=CARTESIAN_POINT('',(1330.00382481708,353.578108842983,
333.500000159368));
#53990=DIRECTION('',(-3.46944695195362E-17,4.09260113182289E-33,-1.));
#54000=DIRECTION('',(-1.17961196366423E-16,-1.,0.));
#54010=AXIS2_PLACEMENT_3D('',#53980,#53990,#54000);
#54020=CIRCLE('',#54010,0.25);
#54030=EDGE_CURVE('',#48000,#48220,#54020,.T.);
#54040=ORIENTED_EDGE('',*,*,#54030,.F.);
#54050=ORIENTED_EDGE('',*,*,#48230,.F.);
#54060=ORIENTED_EDGE('',*,*,#32490,.T.);
#54070=ORIENTED_EDGE('',*,*,#48070,.T.);
#54080=EDGE_LOOP('',(#54070,#54060,#54050,#54040));
#54090=FACE_OUTER_BOUND('',#54080,.T.);
#54100=ADVANCED_FACE('',(#54090),#53970,.T.);
#54110=CARTESIAN_POINT('',(1341.34954164587,346.662525302866,
333.155997759368));
#54120=DIRECTION('',(3.46944695195362E-17,-4.09260113182289E-33,1.));
#54130=DIRECTION('',(1.17961196366423E-16,1.,0.));
#54140=AXIS2_PLACEMENT_3D('',#54110,#54120,#54130);
#54150=CYLINDRICAL_SURFACE('',#54140,0.5);
#54160=CARTESIAN_POINT('',(1341.34954164587,346.662525302866,
333.500000159368));
#54170=DIRECTION('',(3.46944695195362E-17,-4.09260113182289E-33,1.));
#54180=DIRECTION('',(1.17961196366423E-16,1.,0.));
#54190=AXIS2_PLACEMENT_3D('',#54160,#54170,#54180);
#54200=CIRCLE('',#54190,0.5);
#54210=CARTESIAN_POINT('',(1341.78255434776,346.912525302866,
333.500000159368));
#54220=VERTEX_POINT('',#54210);
#54230=EDGE_CURVE('',#40330,#54220,#54200,.T.);
#54240=ORIENTED_EDGE('',*,*,#54230,.F.);
#54250=CARTESIAN_POINT('',(1341.78255434776,346.912525302866,
333.155997759368));
#54260=DIRECTION('',(3.46944695195362E-17,-4.09260113182289E-33,1.));
#54270=VECTOR('',#54260,1.);
#54280=LINE('',#54250,#54270);
#54290=EDGE_CURVE('',#54220,#27610,#54280,.T.);
#54300=ORIENTED_EDGE('',*,*,#54290,.F.);
#54310=ORIENTED_EDGE('',*,*,#27620,.T.);
#54320=ORIENTED_EDGE('',*,*,#40400,.T.);
#54330=EDGE_LOOP('',(#54320,#54310,#54300,#54240));
#54340=FACE_OUTER_BOUND('',#54330,.T.);
#54350=ADVANCED_FACE('',(#54340),#54150,.F.);
#54360=CARTESIAN_POINT('',(1346.50000000076,364.999999999118,
336.500000159368));
#54370=DIRECTION('',(3.46944695195362E-17,4.2707496516787E-32,1.));
#54380=DIRECTION('',(-1.,1.17961196366423E-16,3.46944695195362E-17));
#54390=AXIS2_PLACEMENT_3D('',#54360,#54370,#54380);
#54400=CYLINDRICAL_SURFACE('',#54390,1.25);
#54410=EDGE_CURVE('',#24790,#24700,#24770,.T.);
#54420=ORIENTED_EDGE('',*,*,#54410,.F.);
#54430=ORIENTED_EDGE('',*,*,#24710,.F.);
#54440=ORIENTED_EDGE('',*,*,#6580,.T.);
#54450=ORIENTED_EDGE('',*,*,#24860,.T.);
#54460=EDGE_LOOP('',(#54450,#54440,#54430,#54420));
#54470=FACE_OUTER_BOUND('',#54460,.T.);
#54480=ADVANCED_FACE('',(#54470),#54400,.F.);
#54490=COLOUR_RGB('',0.501960813999176,0.,0.);
#54500=FILL_AREA_STYLE_COLOUR('',#54490);
#54510=FILL_AREA_STYLE('',(#54500));
#54520=SURFACE_STYLE_FILL_AREA(#54510);
#54530=SURFACE_SIDE_STYLE('',(#54520));
#54540=SURFACE_STYLE_USAGE(.BOTH.,#54530);
#54550=PRESENTATION_STYLE_ASSIGNMENT((#54540));
#54560=CARTESIAN_POINT('',(1354.00000000076,334.999999999118,
333.500000159368));
#54570=DIRECTION('',(-3.46944695195362E-17,-4.2707496516787E-32,-1.));
#54580=DIRECTION('',(1.,-1.17961196366423E-16,-3.46944695195362E-17));
#54590=AXIS2_PLACEMENT_3D('',#54560,#54570,#54580);
#54600=CYLINDRICAL_SURFACE('',#54590,1.6);
#54610=ORIENTED_EDGE('',*,*,#9830,.F.);
#54620=ORIENTED_EDGE('',*,*,#25340,.F.);
#54630=EDGE_CURVE('',#25420,#25330,#25490,.T.);
#54640=ORIENTED_EDGE('',*,*,#54630,.T.);
#54650=ORIENTED_EDGE('',*,*,#25430,.T.);
#54660=EDGE_LOOP('',(#54650,#54640,#54620,#54610));
#54670=FACE_OUTER_BOUND('',#54660,.T.);
#54680=ADVANCED_FACE('',(#54670),#54600,.F.);
#54690=CARTESIAN_POINT('',(1339.00000000076,334.999999999118,
333.500000159368));
#54700=DIRECTION('',(-3.46944695195362E-17,-4.2707496516787E-32,-1.));
#54710=DIRECTION('',(1.,-1.17961196366423E-16,-3.46944695195362E-17));
#54720=AXIS2_PLACEMENT_3D('',#54690,#54700,#54710);
#54730=CYLINDRICAL_SURFACE('',#54720,1.6);
#54740=ORIENTED_EDGE('',*,*,#9680,.F.);
#54750=ORIENTED_EDGE('',*,*,#34550,.F.);
#54760=EDGE_CURVE('',#34630,#34540,#34700,.T.);
#54770=ORIENTED_EDGE('',*,*,#54760,.T.);
#54780=ORIENTED_EDGE('',*,*,#34640,.T.);
#54790=EDGE_LOOP('',(#54780,#54770,#54750,#54740));
#54800=FACE_OUTER_BOUND('',#54790,.T.);
#54810=ADVANCED_FACE('',(#54800),#54730,.F.);
#54820=CARTESIAN_POINT('',(1346.50000000076,334.999999999118,
336.500000159368));
#54830=DIRECTION('',(3.46944695195362E-17,4.2707496516787E-32,1.));
#54840=DIRECTION('',(-1.,1.17961196366423E-16,3.46944695195362E-17));
#54850=AXIS2_PLACEMENT_3D('',#54820,#54830,#54840);
#54860=CYLINDRICAL_SURFACE('',#54850,1.25);
#54870=EDGE_CURVE('',#24400,#24310,#24380,.T.);
#54880=ORIENTED_EDGE('',*,*,#54870,.F.);
#54890=ORIENTED_EDGE('',*,*,#24320,.F.);
#54900=ORIENTED_EDGE('',*,*,#9530,.T.);
#54910=ORIENTED_EDGE('',*,*,#24470,.T.);
#54920=EDGE_LOOP('',(#54910,#54900,#54890,#54880));
#54930=FACE_OUTER_BOUND('',#54920,.T.);
#54940=ADVANCED_FACE('',(#54930),#54860,.F.);
#54950=COLOUR_RGB('',0.501960813999176,0.,0.);
#54960=FILL_AREA_STYLE_COLOUR('',#54950);
#54970=FILL_AREA_STYLE('',(#54960));
#54980=SURFACE_STYLE_FILL_AREA(#54970);
#54990=SURFACE_SIDE_STYLE('',(#54980));
#55000=SURFACE_STYLE_USAGE(.BOTH.,#54990);
#55010=PRESENTATION_STYLE_ASSIGNMENT((#55000));
#55020=CARTESIAN_POINT('',(1339.00000000076,364.999999999118,
333.500000159368));
#55030=DIRECTION('',(-3.46944695195362E-17,-4.2707496516787E-32,-1.));
#55040=DIRECTION('',(1.,-1.17961196366423E-16,-3.46944695195362E-17));
#55050=AXIS2_PLACEMENT_3D('',#55020,#55030,#55040);
#55060=CYLINDRICAL_SURFACE('',#55050,1.6);
#55070=ORIENTED_EDGE('',*,*,#6430,.F.);
#55080=ORIENTED_EDGE('',*,*,#36490,.F.);
#55090=EDGE_CURVE('',#36570,#36480,#36640,.T.);
#55100=ORIENTED_EDGE('',*,*,#55090,.T.);
#55110=ORIENTED_EDGE('',*,*,#36580,.T.);
#55120=EDGE_LOOP('',(#55110,#55100,#55080,#55070));
#55130=FACE_OUTER_BOUND('',#55120,.T.);
#55140=ADVANCED_FACE('',(#55130),#55060,.F.);
#55150=CARTESIAN_POINT('',(1354.00000000076,364.999999999118,
333.500000159368));
#55160=DIRECTION('',(-3.46944695195362E-17,-4.2707496516787E-32,-1.));
#55170=DIRECTION('',(1.,-1.17961196366423E-16,-3.46944695195362E-17));
#55180=AXIS2_PLACEMENT_3D('',#55150,#55160,#55170);
#55190=CYLINDRICAL_SURFACE('',#55180,1.6);
#55200=ORIENTED_EDGE('',*,*,#6280,.F.);
#55210=ORIENTED_EDGE('',*,*,#25660,.F.);
#55220=EDGE_CURVE('',#25740,#25650,#25810,.T.);
#55230=ORIENTED_EDGE('',*,*,#55220,.T.);
#55240=ORIENTED_EDGE('',*,*,#25750,.T.);
#55250=EDGE_LOOP('',(#55240,#55230,#55210,#55200));
#55260=FACE_OUTER_BOUND('',#55250,.T.);
#55270=ADVANCED_FACE('',(#55260),#55190,.F.);
#55280=CARTESIAN_POINT('',(1341.34954164587,353.337474695371,
333.155997759368));
#55290=DIRECTION('',(-3.46944695195362E-17,4.09260113182289E-33,-1.));
#55300=DIRECTION('',(-1.17961196366423E-16,-1.,0.));
#55310=AXIS2_PLACEMENT_3D('',#55280,#55290,#55300);
#55320=CYLINDRICAL_SURFACE('',#55310,0.5);
#55330=CARTESIAN_POINT('',(1341.34954164587,353.337474695371,
333.500000159368));
#55340=DIRECTION('',(-3.46944695195362E-17,4.09260113182289E-33,-1.));
#55350=DIRECTION('',(-1.17961196366423E-16,-1.,0.));
#55360=AXIS2_PLACEMENT_3D('',#55330,#55340,#55350);
#55370=CIRCLE('',#55360,0.5);
#55380=EDGE_CURVE('',#49800,#39990,#55370,.T.);
#55390=ORIENTED_EDGE('',*,*,#55380,.T.);
#55400=ORIENTED_EDGE('',*,*,#49940,.T.);
#55410=ORIENTED_EDGE('',*,*,#33280,.F.);
#55420=ORIENTED_EDGE('',*,*,#40080,.F.);
#55430=EDGE_LOOP('',(#55420,#55410,#55400,#55390));
#55440=FACE_OUTER_BOUND('',#55430,.T.);
#55450=ADVANCED_FACE('',(#55440),#55320,.F.);
#55460=CARTESIAN_POINT('',(1341.34954164587,346.662525302866,
333.155997759368));
#55470=DIRECTION('',(3.46944695195362E-17,-4.09260113182289E-33,1.));
#55480=DIRECTION('',(1.17961196366423E-16,1.,0.));
#55490=AXIS2_PLACEMENT_3D('',#55460,#55470,#55480);
#55500=CYLINDRICAL_SURFACE('',#55490,0.5);
#55510=CARTESIAN_POINT('',(1341.34954164587,346.662525302866,
333.500000159368));
#55520=DIRECTION('',(3.46944695195362E-17,-4.09260113182289E-33,1.));
#55530=DIRECTION('',(1.17961196366423E-16,1.,0.));
#55540=AXIS2_PLACEMENT_3D('',#55510,#55520,#55530);
#55550=CIRCLE('',#55540,0.5);
#55560=EDGE_CURVE('',#54220,#39690,#55550,.T.);
#55570=ORIENTED_EDGE('',*,*,#55560,.F.);
#55580=ORIENTED_EDGE('',*,*,#39830,.F.);
#55590=ORIENTED_EDGE('',*,*,#27710,.T.);
#55600=ORIENTED_EDGE('',*,*,#54290,.T.);
#55610=EDGE_LOOP('',(#55600,#55590,#55580,#55570));
#55620=FACE_OUTER_BOUND('',#55610,.T.);
#55630=ADVANCED_FACE('',(#55620),#55500,.F.);
#55640=CARTESIAN_POINT('',(1351.0728491664,352.428186495581,
333.500000159368));
#55650=DIRECTION('',(-3.46944695195362E-17,4.09260113182289E-33,-1.));
#55660=DIRECTION('',(-1.17961196366423E-16,-1.,0.));
#55670=AXIS2_PLACEMENT_3D('',#55640,#55650,#55660);
#55680=PLANE('',#55670);
#55690=ORIENTED_EDGE('',*,*,#55220,.F.);
#55700=ORIENTED_EDGE('',*,*,#25820,.F.);
#55710=EDGE_LOOP('',(#55700,#55690));
#55720=FACE_BOUND('',#55710,.T.);
#55730=ORIENTED_EDGE('',*,*,#54760,.F.);
#55740=ORIENTED_EDGE('',*,*,#34710,.F.);
#55750=EDGE_LOOP('',(#55740,#55730));
#55760=FACE_BOUND('',#55750,.T.);
#55770=ORIENTED_EDGE('',*,*,#55090,.F.);
#55780=ORIENTED_EDGE('',*,*,#36650,.F.);
#55790=EDGE_LOOP('',(#55780,#55770));
#55800=FACE_BOUND('',#55790,.T.);
#55810=ORIENTED_EDGE('',*,*,#54870,.T.);
#55820=ORIENTED_EDGE('',*,*,#24410,.T.);
#55830=EDGE_LOOP('',(#55820,#55810));
#55840=FACE_BOUND('',#55830,.T.);
#55850=ORIENTED_EDGE('',*,*,#54410,.T.);
#55860=ORIENTED_EDGE('',*,*,#24800,.T.);
#55870=EDGE_LOOP('',(#55860,#55850));
#55880=FACE_BOUND('',#55870,.T.);
#55890=ORIENTED_EDGE('',*,*,#54630,.F.);
#55900=ORIENTED_EDGE('',*,*,#25500,.F.);
#55910=EDGE_LOOP('',(#55900,#55890));
#55920=FACE_BOUND('',#55910,.T.);
#55930=ORIENTED_EDGE('',*,*,#15750,.T.);
#55940=ORIENTED_EDGE('',*,*,#17050,.T.);
#55950=ORIENTED_EDGE('',*,*,#17380,.F.);
#55960=ORIENTED_EDGE('',*,*,#17710,.T.);
#55970=ORIENTED_EDGE('',*,*,#18100,.F.);
#55980=ORIENTED_EDGE('',*,*,#18350,.T.);
#55990=ORIENTED_EDGE('',*,*,#18670,.F.);
#56000=ORIENTED_EDGE('',*,*,#25090,.F.);
#56010=ORIENTED_EDGE('',*,*,#23050,.T.);
#56020=ORIENTED_EDGE('',*,*,#36230,.F.);
#56030=ORIENTED_EDGE('',*,*,#45090,.F.);
#56040=ORIENTED_EDGE('',*,*,#37960,.F.);
#56050=ORIENTED_EDGE('',*,*,#44920,.F.);
#56060=ORIENTED_EDGE('',*,*,#50960,.F.);
#56070=ORIENTED_EDGE('',*,*,#50730,.T.);
#56080=ORIENTED_EDGE('',*,*,#50480,.F.);
#56090=ORIENTED_EDGE('',*,*,#49810,.F.);
#56100=ORIENTED_EDGE('',*,*,#55380,.F.);
#56110=ORIENTED_EDGE('',*,*,#40020,.F.);
#56120=ORIENTED_EDGE('',*,*,#50290,.T.);
#56130=ORIENTED_EDGE('',*,*,#49550,.T.);
#56140=ORIENTED_EDGE('',*,*,#49300,.F.);
#56150=ORIENTED_EDGE('',*,*,#49050,.T.);
#56160=ORIENTED_EDGE('',*,*,#48800,.F.);
#56170=ORIENTED_EDGE('',*,*,#48560,.F.);
#56180=ORIENTED_EDGE('',*,*,#48310,.F.);
#56190=ORIENTED_EDGE('',*,*,#54030,.T.);
#56200=ORIENTED_EDGE('',*,*,#48010,.F.);
#56210=ORIENTED_EDGE('',*,*,#50090,.T.);
#56220=ORIENTED_EDGE('',*,*,#47700,.F.);
#56230=ORIENTED_EDGE('',*,*,#47450,.T.);
#56240=ORIENTED_EDGE('',*,*,#47200,.F.);
#56250=ORIENTED_EDGE('',*,*,#46960,.F.);
#56260=ORIENTED_EDGE('',*,*,#46710,.T.);
#56270=ORIENTED_EDGE('',*,*,#46460,.F.);
#56280=ORIENTED_EDGE('',*,*,#46210,.F.);
#56290=ORIENTED_EDGE('',*,*,#52590,.F.);
#56300=ORIENTED_EDGE('',*,*,#45880,.F.);
#56310=ORIENTED_EDGE('',*,*,#45650,.T.);
#56320=ORIENTED_EDGE('',*,*,#45300,.T.);
#56330=ORIENTED_EDGE('',*,*,#52430,.T.);
#56340=ORIENTED_EDGE('',*,*,#51260,.T.);
#56350=ORIENTED_EDGE('',*,*,#53670,.T.);
#56360=ORIENTED_EDGE('',*,*,#44610,.F.);
#56370=ORIENTED_EDGE('',*,*,#44420,.F.);
#56380=ORIENTED_EDGE('',*,*,#52770,.T.);
#56390=ORIENTED_EDGE('',*,*,#44040,.T.);
#56400=ORIENTED_EDGE('',*,*,#43780,.T.);
#56410=ORIENTED_EDGE('',*,*,#43530,.T.);
#56420=ORIENTED_EDGE('',*,*,#43280,.F.);
#56430=ORIENTED_EDGE('',*,*,#43030,.T.);
#56440=ORIENTED_EDGE('',*,*,#42780,.F.);
#56450=ORIENTED_EDGE('',*,*,#42540,.F.);
#56460=ORIENTED_EDGE('',*,*,#42290,.F.);
#56470=ORIENTED_EDGE('',*,*,#23310,.T.);
#56480=ORIENTED_EDGE('',*,*,#42110,.F.);
#56490=ORIENTED_EDGE('',*,*,#53850,.T.);
#56500=ORIENTED_EDGE('',*,*,#41820,.F.);
#56510=ORIENTED_EDGE('',*,*,#41570,.T.);
#56520=ORIENTED_EDGE('',*,*,#41320,.F.);
#56530=ORIENTED_EDGE('',*,*,#41080,.F.);
#56540=ORIENTED_EDGE('',*,*,#40830,.T.);
#56550=ORIENTED_EDGE('',*,*,#40580,.F.);
#56560=ORIENTED_EDGE('',*,*,#39700,.F.);
#56570=ORIENTED_EDGE('',*,*,#55560,.T.);
#56580=ORIENTED_EDGE('',*,*,#54230,.T.);
#56590=ORIENTED_EDGE('',*,*,#40340,.T.);
#56600=ORIENTED_EDGE('',*,*,#39440,.T.);
#56610=ORIENTED_EDGE('',*,*,#39190,.F.);
#56620=ORIENTED_EDGE('',*,*,#38940,.T.);
#56630=ORIENTED_EDGE('',*,*,#38690,.F.);
#56640=ORIENTED_EDGE('',*,*,#38450,.T.);
#56650=ORIENTED_EDGE('',*,*,#38200,.F.);
#56660=ORIENTED_EDGE('',*,*,#37080,.F.);
#56670=ORIENTED_EDGE('',*,*,#24100,.T.);
#56680=ORIENTED_EDGE('',*,*,#37260,.T.);
#56690=ORIENTED_EDGE('',*,*,#37700,.F.);
#56700=ORIENTED_EDGE('',*,*,#35750,.F.);
#56710=ORIENTED_EDGE('',*,*,#36820,.F.);
#56720=ORIENTED_EDGE('',*,*,#35210,.F.);
#56730=ORIENTED_EDGE('',*,*,#34960,.T.);
#56740=ORIENTED_EDGE('',*,*,#36050,.F.);
#56750=ORIENTED_EDGE('',*,*,#37460,.F.);
#56760=ORIENTED_EDGE('',*,*,#51530,.F.);
#56770=ORIENTED_EDGE('',*,*,#22080,.F.);
#56780=ORIENTED_EDGE('',*,*,#4130,.T.);
#56790=ORIENTED_EDGE('',*,*,#10890,.T.);
#56800=ORIENTED_EDGE('',*,*,#10340,.F.);
#56810=ORIENTED_EDGE('',*,*,#4780,.T.);
#56820=ORIENTED_EDGE('',*,*,#1170,.F.);
#56830=ORIENTED_EDGE('',*,*,#2950,.F.);
#56840=ORIENTED_EDGE('',*,*,#2250,.F.);
#56850=ORIENTED_EDGE('',*,*,#21660,.F.);
#56860=ORIENTED_EDGE('',*,*,#7670,.F.);
#56870=ORIENTED_EDGE('',*,*,#21340,.T.);
#56880=ORIENTED_EDGE('',*,*,#10100,.F.);
#56890=ORIENTED_EDGE('',*,*,#8100,.T.);
#56900=ORIENTED_EDGE('',*,*,#11180,.F.);
#56910=ORIENTED_EDGE('',*,*,#1840,.F.);
#56920=ORIENTED_EDGE('',*,*,#7260,.T.);
#56930=ORIENTED_EDGE('',*,*,#8560,.F.);
#56940=ORIENTED_EDGE('',*,*,#1420,.F.);
#56950=ORIENTED_EDGE('',*,*,#6080,.F.);
#56960=ORIENTED_EDGE('',*,*,#7900,.F.);
#56970=ORIENTED_EDGE('',*,*,#2650,.T.);
#56980=ORIENTED_EDGE('',*,*,#150,.T.);
#56990=ORIENTED_EDGE('',*,*,#20940,.T.);
#57000=ORIENTED_EDGE('',*,*,#8760,.T.);
#57010=ORIENTED_EDGE('',*,*,#13130,.T.);
#57020=ORIENTED_EDGE('',*,*,#16140,.F.);
#57030=ORIENTED_EDGE('',*,*,#16310,.F.);
#57040=ORIENTED_EDGE('',*,*,#21900,.T.);
#57050=ORIENTED_EDGE('',*,*,#3210,.T.);
#57060=ORIENTED_EDGE('',*,*,#770,.T.);
#57070=ORIENTED_EDGE('',*,*,#10720,.T.);
#57080=ORIENTED_EDGE('',*,*,#4380,.F.);
#57090=ORIENTED_EDGE('',*,*,#19220,.T.);
#57100=ORIENTED_EDGE('',*,*,#3550,.F.);
#57110=ORIENTED_EDGE('',*,*,#18900,.F.);
#57120=ORIENTED_EDGE('',*,*,#5540,.F.);
#57130=ORIENTED_EDGE('',*,*,#21180,.F.);
#57140=ORIENTED_EDGE('',*,*,#13300,.F.);
#57150=ORIENTED_EDGE('',*,*,#5300,.F.);
#57160=ORIENTED_EDGE('',*,*,#13690,.F.);
#57170=ORIENTED_EDGE('',*,*,#14010,.T.);
#57180=ORIENTED_EDGE('',*,*,#14330,.F.);
#57190=ORIENTED_EDGE('',*,*,#14650,.F.);
#57200=ORIENTED_EDGE('',*,*,#14980,.T.);
#57210=ORIENTED_EDGE('',*,*,#15310,.F.);
#57220=ORIENTED_EDGE('',*,*,#16640,.F.);
#57230=ORIENTED_EDGE('',*,*,#22800,.T.);
#57240=ORIENTED_EDGE('',*,*,#22410,.T.);
#57250=EDGE_LOOP('',(#57240,#57230,#57220,#57210,#57200,#57190,#57180,
#57170,#57160,#57150,#57140,#57130,#57120,#57110,#57100,#57090,#57080,
#57070,#57060,#57050,#57040,#57030,#57020,#57010,#57000,#56990,#56980,
#56970,#56960,#56950,#56940,#56930,#56920,#56910,#56900,#56890,#56880,
#56870,#56860,#56850,#56840,#56830,#56820,#56810,#56800,#56790,#56780,
#56770,#56760,#56750,#56740,#56730,#56720,#56710,#56700,#56690,#56680,
#56670,#56660,#56650,#56640,#56630,#56620,#56610,#56600,#56590,#56580,
#56570,#56560,#56550,#56540,#56530,#56520,#56510,#56500,#56490,#56480,
#56470,#56460,#56450,#56440,#56430,#56420,#56410,#56400,#56390,#56380,
#56370,#56360,#56350,#56340,#56330,#56320,#56310,#56300,#56290,#56280,
#56270,#56260,#56250,#56240,#56230,#56220,#56210,#56200,#56190,#56180,
#56170,#56160,#56150,#56140,#56130,#56120,#56110,#56100,#56090,#56080,
#56070,#56060,#56050,#56040,#56030,#56020,#56010,#56000,#55990,#55980,
#55970,#55960,#55950,#55940,#55930));
#57260=FACE_OUTER_BOUND('',#57250,.T.);
#57270=ADVANCED_FACE('',(#55720,#55760,#55800,#55840,#55880,#55920,
#57260),#55680,.T.);
#57280=CLOSED_SHELL('',(#23160,#23580,#23890,#24200,#24520,#24910,#25220
,#25540,#25860,#34430,#34750,#35070,#35320,#35540,#35860,#36110,#36370,
#36690,#36860,#37120,#37330,#37580,#37750,#38070,#38310,#38560,#38800,
#39050,#39300,#39550,#39870,#40190,#40440,#40690,#40940,#41190,#41430,
#41680,#41920,#42160,#42400,#42650,#42890,#43140,#43390,#43640,#43890,
#44140,#44460,#44740,#44980,#45150,#45500,#45750,#46000,#46320,#46570,
#46820,#47070,#47310,#47560,#47800,#48110,#48420,#48670,#48910,#49160,
#49410,#49660,#49980,#50160,#50340,#50590,#50840,#51020,#51400,#51580,
#52480,#52660,#52840,#53740,#53920,#54100,#54350,#54480,#54680,#54810,
#54940,#55140,#55270,#450,#870,#1270,#1690,#2110,#2510,#2840,#3080,#3410
,#3810,#4230,#4650,#4980,#5400,#5800,#6130,#6980,#7310,#7710,#7950,#8370
,#8610,#9090,#9890,#10200,#10530,#10770,#11010,#11230,#13180,#13490,
#13800,#14130,#14440,#14770,#15100,#15430,#15850,#16180,#16510,#16840,
#17170,#17500,#17830,#18140,#18470,#18780,#19020,#19260,#20990,#21230,
#21470,#21710,#21950,#22280,#22610,#22850,#55450,#55630,#57270));
#57290=MANIFOLD_SOLID_BREP('',#57280);
#57300=CARTESIAN_POINT('',(0.,0.,0.));
#57310=DIRECTION('',(0.,0.,1.));
#57320=DIRECTION('',(1.,0.,0.));
#57330=AXIS2_PLACEMENT_3D('',#57300,#57310,#57320);
#57340=APPLICATION_CONTEXT(' ');
#57350=APPLICATION_PROTOCOL_DEFINITION(' ','automotive_design',1998,
#57340);
#57360=PRODUCT_CONTEXT('',#57340,'mechanical');
#57370=PRODUCT_DEFINITION_CONTEXT('part definition',#57340,'design');
#57380=PRODUCT('040415511_01','040415511_01','',(#57360));
#57390=PRODUCT_RELATED_PRODUCT_CATEGORY('part',' ',(#57380));
#57400=PRODUCT_DEFINITION_FORMATION_WITH_SPECIFIED_SOURCE('','',#57380,
.BOUGHT.);
#57410=PRODUCT_DEFINITION('',' ',#57400,#57370);
#57420=PRODUCT_DEFINITION_SHAPE('','',#57410);
#57430=DIMENSIONAL_EXPONENTS(1.,0.,0.,0.,0.,0.,0.);
#57440=DIMENSIONAL_EXPONENTS(0.,0.,0.,0.,0.,0.,0.);
#57450=DIMENSIONAL_EXPONENTS(0.,0.,0.,0.,0.,0.,0.);
#57460=(LENGTH_UNIT() NAMED_UNIT(*) SI_UNIT(.MILLI.,.METRE.));
#57470=(NAMED_UNIT(*) PLANE_ANGLE_UNIT() SI_UNIT($,.RADIAN.));
#57480=(NAMED_UNIT(*) SI_UNIT($,.STERADIAN.) SOLID_ANGLE_UNIT());
#57490=(GEOMETRIC_REPRESENTATION_CONTEXT(3) 
GLOBAL_UNCERTAINTY_ASSIGNED_CONTEXT((#57500)) 
GLOBAL_UNIT_ASSIGNED_CONTEXT((#57460,#57470,#57480)) 
REPRESENTATION_CONTEXT('',''));
#57500=UNCERTAINTY_MEASURE_WITH_UNIT(LENGTH_MEASURE(1.E-6),#57460,
'distance_accuracy_value','maximum gap value');
#57510=ADVANCED_BREP_SHAPE_REPRESENTATION('',(#57330,#57290),#57490);
#57520=SHAPE_DEFINITION_REPRESENTATION(#57420,#57510);
#57530=COLOUR_RGB('',1.,0.839215755462646,0.301960796117783);
#57540=FILL_AREA_STYLE_COLOUR('',#57530);
#57550=FILL_AREA_STYLE('',(#57540));
#57560=SURFACE_STYLE_FILL_AREA(#57550);
#57570=SURFACE_SIDE_STYLE('',(#57560));
#57580=SURFACE_STYLE_USAGE(.BOTH.,#57570);
#57590=PRESENTATION_STYLE_ASSIGNMENT((#57580));
#57600=STYLED_ITEM('',(#57590),#57290);
#57610=OVER_RIDING_STYLED_ITEM('',(#24590),#24520,#57600);
#57620=OVER_RIDING_STYLED_ITEM('',(#24980),#24910,#57600);
#57630=OVER_RIDING_STYLED_ITEM('',(#54550),#54480,#57600);
#57640=OVER_RIDING_STYLED_ITEM('',(#55010),#54940,#57600);
#57650=DRAUGHTING_MODEL('',(#57600,#57610,#57620,#57630,#57640),#57490);
ENDSEC;
END-ISO-10303-21;
