  0
SECTION
  2
HEADER
  9
$ACADVER
  1
AC1018
  9
$ACADMAINTVER
 70
     0
  9
$DWGCODEPAGE
  3
ANSI_1250
  9
$LASTSAVEDBY
  1
HLIBXK
  9
$INSBASE
 10
0.0
 20
0.0
 30
0.0
  9
$EXTMIN
 10
-0.5
 20
-0.5
 30
-0.5
  9
$EXTMAX
 10
5.0
 20
5.0
 30
5.0
  9
$LIMMIN
 10
0.0
 20
0.0
  9
$LIMMAX
 10
12.0
 20
9.0
  9
$ORTHOMODE
 70
     0
  9
$REGENMODE
 70
     1
  9
$FILLMODE
 70
     1
  9
$QTEXTMODE
 70
     0
  9
$MIRRTEXT
 70
     1
  9
$LTSCALE
 40
1.0
  9
$ATTMODE
 70
     1
  9
$TEXTSIZE
 40
0.2
  9
$TRACEWID
 40
0.05
  9
$TEXTSTYLE
  7
Standard
  9
$CLAYER
  8
0
  9
$CELTYPE
  6
ByLayer
  9
$CECOLOR
 62
   256
  9
$CELTSCALE
 40
1.0
  9
$DISPSILH
 70
     0
  9
$DIMSCALE
 40
1.0
  9
$DIMASZ
 40
0.18
  9
$DIMEXO
 40
0.0625
  9
$DIMDLI
 40
0.38
  9
$DIMRND
 40
0.0
  9
$DIMDLE
 40
0.0
  9
$DIMEXE
 40
0.18
  9
$DIMTP
 40
0.0
  9
$DIMTM
 40
0.0
  9
$DIMTXT
 40
0.18
  9
$DIMCEN
 40
0.09
  9
$DIMTSZ
 40
0.0
  9
$DIMTOL
 70
     0
  9
$DIMLIM
 70
     0
  9
$DIMTIH
 70
     1
  9
$DIMTOH
 70
     1
  9
$DIMSE1
 70
     0
  9
$DIMSE2
 70
     0
  9
$DIMTAD
 70
     0
  9
$DIMZIN
 70
     0
  9
$DIMBLK
  1

  9
$DIMASO
 70
     1
  9
$DIMSHO
 70
     1
  9
$DIMPOST
  1

  9
$DIMAPOST
  1

  9
$DIMALT
 70
     0
  9
$DIMALTD
 70
     2
  9
$DIMALTF
 40
25.4
  9
$DIMLFAC
 40
1.0
  9
$DIMTOFL
 70
     0
  9
$DIMTVP
 40
0.0
  9
$DIMTIX
 70
     0
  9
$DIMSOXD
 70
     0
  9
$DIMSAH
 70
     0
  9
$DIMBLK1
  1

  9
$DIMBLK2
  1

  9
$DIMSTYLE
  2
Standard
  9
$DIMCLRD
 70
     0
  9
$DIMCLRE
 70
     0
  9
$DIMCLRT
 70
     0
  9
$DIMTFAC
 40
1.0
  9
$DIMGAP
 40
0.09
  9
$DIMJUST
 70
     0
  9
$DIMSD1
 70
     0
  9
$DIMSD2
 70
     0
  9
$DIMTOLJ
 70
     1
  9
$DIMTZIN
 70
     0
  9
$DIMALTZ
 70
     0
  9
$DIMALTTZ
 70
     0
  9
$DIMUPT
 70
     0
  9
$DIMDEC
 70
     4
  9
$DIMTDEC
 70
     4
  9
$DIMALTU
 70
     2
  9
$DIMALTTD
 70
     2
  9
$DIMTXSTY
  7
Standard
  9
$DIMAUNIT
 70
     0
  9
$DIMADEC
 70
     0
  9
$DIMALTRND
 40
0.0
  9
$DIMAZIN
 70
     0
  9
$DIMDSEP
 70
    46
  9
$DIMATFIT
 70
     3
  9
$DIMFRAC
 70
     0
  9
$DIMLDRBLK
  1

  9
$DIMLUNIT
 70
     2
  9
$DIMLWD
 70
    -2
  9
$DIMLWE
 70
    -2
  9
$DIMTMOVE
 70
     0
  9
$LUNITS
 70
     2
  9
$LUPREC
 70
     4
  9
$SKETCHINC
 40
0.1
  9
$FILLETRAD
 40
0.0
  9
$AUNITS
 70
     0
  9
$AUPREC
 70
     0
  9
$MENU
  1
.
  9
$ELEVATION
 40
0.0
  9
$PELEVATION
 40
0.0
  9
$THICKNESS
 40
0.0
  9
$LIMCHECK
 70
     0
  9
$CHAMFERA
 40
0.0
  9
$CHAMFERB
 40
0.0
  9
$CHAMFERC
 40
0.0
  9
$CHAMFERD
 40
0.0
  9
$SKPOLY
 70
     0
  9
$TDCREATE
 40
2461027.494175868
  9
$TDUCREATE
 40
2461027.452509202
  9
$TDUPDATE
 40
2461027.494176238
  9
$TDUUPDATE
 40
2461027.452509572
  9
$TDINDWG
 40
0.0000000116
  9
$TDUSRTIMER
 40
0.0000000116
  9
$USRTIMER
 70
     1
  9
$ANGBASE
 50
0.0
  9
$ANGDIR
 70
     0
  9
$PDMODE
 70
     0
  9
$PDSIZE
 40
0.0
  9
$PLINEWID
 40
0.0
  9
$SPLFRAME
 70
     0
  9
$SPLINETYPE
 70
     6
  9
$SPLINESEGS
 70
     8
  9
$HANDSEED
  5
B22
  9
$SURFTAB1
 70
     6
  9
$SURFTAB2
 70
     6
  9
$SURFTYPE
 70
     6
  9
$SURFU
 70
     6
  9
$SURFV
 70
     6
  9
$UCSBASE
  2

  9
$UCSNAME
  2

  9
$UCSORG
 10
0.0
 20
0.0
 30
0.0
  9
$UCSXDIR
 10
1.0
 20
0.0
 30
0.0
  9
$UCSYDIR
 10
0.0
 20
1.0
 30
0.0
  9
$UCSORTHOREF
  2

  9
$UCSORTHOVIEW
 70
     0
  9
$UCSORGTOP
 10
0.0
 20
0.0
 30
0.0
  9
$UCSORGBOTTOM
 10
0.0
 20
0.0
 30
0.0
  9
$UCSORGLEFT
 10
0.0
 20
0.0
 30
0.0
  9
$UCSORGRIGHT
 10
0.0
 20
0.0
 30
0.0
  9
$UCSORGFRONT
 10
0.0
 20
0.0
 30
0.0
  9
$UCSORGBACK
 10
0.0
 20
0.0
 30
0.0
  9
$PUCSBASE
  2

  9
$PUCSNAME
  2

  9
$PUCSORG
 10
0.0
 20
0.0
 30
0.0
  9
$PUCSXDIR
 10
1.0
 20
0.0
 30
0.0
  9
$PUCSYDIR
 10
0.0
 20
1.0
 30
0.0
  9
$PUCSORTHOREF
  2

  9
$PUCSORTHOVIEW
 70
     0
  9
$PUCSORGTOP
 10
0.0
 20
0.0
 30
0.0
  9
$PUCSORGBOTTOM
 10
0.0
 20
0.0
 30
0.0
  9
$PUCSORGLEFT
 10
0.0
 20
0.0
 30
0.0
  9
$PUCSORGRIGHT
 10
0.0
 20
0.0
 30
0.0
  9
$PUCSORGFRONT
 10
0.0
 20
0.0
 30
0.0
  9
$PUCSORGBACK
 10
0.0
 20
0.0
 30
0.0
  9
$USERI1
 70
     0
  9
$USERI2
 70
     0
  9
$USERI3
 70
     0
  9
$USERI4
 70
     0
  9
$USERI5
 70
     0
  9
$USERR1
 40
0.0
  9
$USERR2
 40
0.0
  9
$USERR3
 40
0.0
  9
$USERR4
 40
0.0
  9
$USERR5
 40
0.0
  9
$WORLDVIEW
 70
     1
  9
$SHADEDGE
 70
     3
  9
$SHADEDIF
 70
    70
  9
$TILEMODE
 70
     1
  9
$MAXACTVP
 70
    64
  9
$PINSBASE
 10
0.0
 20
0.0
 30
0.0
  9
$PLIMCHECK
 70
     0
  9
$PEXTMIN
 10
-0.5
 20
-0.5
 30
-0.5
  9
$PEXTMAX
 10
5.0
 20
5.0
 30
5.0
  9
$PLIMMIN
 10
0.0
 20
0.0
  9
$PLIMMAX
 10
12.0
 20
9.0
  9
$UNITMODE
 70
     0
  9
$VISRETAIN
 70
     1
  9
$PLINEGEN
 70
     0
  9
$PSLTSCALE
 70
     1
  9
$TREEDEPTH
 70
  3020
  9
$CMLSTYLE
  2
Standard
  9
$CMLJUST
 70
     0
  9
$CMLSCALE
 40
1.0
  9
$PROXYGRAPHICS
 70
     1
  9
$MEASUREMENT
 70
     1
  9
$CELWEIGHT
370
    -1
  9
$ENDCAPS
280
     0
  9
$JOINSTYLE
280
     0
  9
$LWDISPLAY
290
     0
  9
$INSUNITS
 70
     4
  9
$HYPERLINKBASE
  1

  9
$STYLESHEET
  1

  9
$XEDIT
290
     1
  9
$CEPSNTYPE
380
     0
  9
$PSTYLEMODE
290
     1
  9
$FINGERPRINTGUID
  2
{d9940052-037b-415c-812b-5a5ca8e0bc6e}
  9
$VERSIONGUID
  2
{FAEB1C32-E019-11D5-929B-00C0DF256EC4}
  9
$EXTNAMES
290
     1
  9
$PSVPSCALE
 40
0.0
  9
$OLESTARTUP
290
     0
  9
$SORTENTS
280
   127
  9
$INDEXCTL
280
     0
  9
$HIDETEXT
280
     1
  9
$XCLIPFRAME
290
     0
  9
$HALOGAP
280
     0
  9
$OBSCOLOR
 70
   257
  9
$OBSLTYPE
280
     0
  9
$INTERSECTIONDISPLAY
280
     0
  9
$INTERSECTIONCOLOR
 70
   257
  9
$DIMASSOC
280
     2
  9
$PROJECTNAME
  1

  0
ENDSEC
  0
SECTION
  2
CLASSES
  0
CLASS
  1
ACDBDICTIONARYWDFLT
  2
AcDbDictionaryWithDefault
  3
ObjectDBX Classes
 90
        0
 91
        3
280
     0
281
     0
  0
CLASS
  1
VISUALSTYLE
  2
AcDbVisualStyle
  3
ObjectDBX Classes
 90
     4095
 91
        3
280
     0
281
     0
  0
CLASS
  1
MATERIAL
  2
AcDbMaterial
  3
ObjectDBX Classes
 90
     1153
 91
        3
280
     0
281
     0
  0
CLASS
  1
SCALE
  2
AcDbScale
  3
ObjectDBX Classes
 90
     1153
 91
        3
280
     0
281
     0
  0
CLASS
  1
TABLESTYLE
  2
AcDbTableStyle
  3
ObjectDBX Classes
 90
     4095
 91
        3
280
     0
281
     0
  0
CLASS
  1
MLEADERSTYLE
  2
AcDbMLeaderStyle
  3
ACDB_MLEADERSTYLE_CLASS
 90
     4095
 91
        3
280
     0
281
     0
  0
CLASS
  1
SUN
  2
AcDbSun
  3
SCENEOE
 90
     1153
 91
        3
280
     0
281
     0
  0
CLASS
  1
DIMASSOC
  2
AcDbDimAssoc
  3
"AcDbDimAssoc|Product Desc:     AcDim ARX App For Dimension|Company:          Autodesk, Inc.|WEB Address:      www.autodesk.com"
 90
        0
 91
        3
280
     0
281
     0
  0
CLASS
  1
DICTIONARYVAR
  2
AcDbDictionaryVar
  3
ObjectDBX Classes
 90
        0
 91
        3
280
     0
281
     0
  0
CLASS
  1
CELLSTYLEMAP
  2
AcDbCellStyleMap
  3
ObjectDBX Classes
 90
     1152
 91
        3
280
     0
281
     0
  0
ENDSEC
  0
SECTION
  2
TABLES
  0
TABLE
  2
VPORT
  5
8
102
{ACAD_XDICTIONARY
360
ADB
102
}
330
0
100
AcDbSymbolTable
 70
     1
  0
VPORT
  5
29
330
8
100
AcDbSymbolTableRecord
100
AcDbViewportTableRecord
  2
*Active
 70
     0
 10
0.0
 20
0.0
 11
1.0
 21
1.0
 12
10.429907
 22
4.5
 13
0.0
 23
0.0
 14
0.5
 24
0.5
 15
0.5
 25
0.5
 16
0.0
 26
0.0
 36
1.0
 17
0.0
 27
0.0
 37
0.0
 40
9.0
 41
1.972973
 42
50.0
 43
0.0
 44
0.0
 50
0.0
 51
0.0
 71
     0
 72
   100
 73
     1
 74
     3
 75
     0
 76
     0
 77
     0
 78
     0
281
     0
 65
     1
110
0.0
120
0.0
130
0.0
111
1.0
121
0.0
131
0.0
112
0.0
122
1.0
132
0.0
 79
     0
146
0.0
  0
ENDTAB
  0
TABLE
  2
LTYPE
  5
5
330
0
100
AcDbSymbolTable
 70
    10
  0
LTYPE
  5
14
330
5
100
AcDbSymbolTableRecord
100
AcDbLinetypeTableRecord
  2
ByBlock
 70
     0
  3

 72
    65
 73
     0
 40
0.0
  0
LTYPE
  5
15
330
5
100
AcDbSymbolTableRecord
100
AcDbLinetypeTableRecord
  2
ByLayer
 70
     0
  3

 72
    65
 73
     0
 40
0.0
  0
LTYPE
  5
16
330
5
100
AcDbSymbolTableRecord
100
AcDbLinetypeTableRecord
  2
Continuous
 70
     0
  3
Solid line
 72
    65
 73
     0
 40
0.0
  0
LTYPE
  5
63
330
5
100
AcDbSymbolTableRecord
100
AcDbLinetypeTableRecord
  2
ACAD_ISO04W100
 70
     0
  3
ISO long-dash dot ____ . ____ . ____ . ____ . _
 72
    65
 73
     4
 40
30.0
 49
24.0
 74
     4
 75
     0
340
0
 46
0.0
 50
0.0
 44
0.0
 45
0.0
 49
-3.0
 74
     4
 75
     0
340
0
 46
0.0
 50
0.0
 44
0.0
 45
0.0
 49
0.0
 74
     4
 75
     0
340
0
 46
0.0
 50
0.0
 44
0.0
 45
0.0
 49
-3.0
 74
     4
 75
     0
340
0
 46
0.0
 50
0.0
 44
0.0
 45
0.0
  0
LTYPE
  5
64
330
5
100
AcDbSymbolTableRecord
100
AcDbLinetypeTableRecord
  2
ACAD_ISO05W100
 70
     0
  3
ISO long-dash double-dot ____ .. ____ .. ____ . 
 72
    65
 73
     6
 40
33.0
 49
24.0
 74
     4
 75
     0
340
0
 46
0.0
 50
0.0
 44
0.0
 45
0.0
 49
-3.0
 74
     4
 75
     0
340
0
 46
0.0
 50
0.0
 44
0.0
 45
0.0
 49
0.0
 74
     4
 75
     0
340
0
 46
0.0
 50
0.0
 44
0.0
 45
0.0
 49
-3.0
 74
     4
 75
     0
340
0
 46
0.0
 50
0.0
 44
0.0
 45
0.0
 49
0.0
 74
     4
 75
     0
340
0
 46
0.0
 50
0.0
 44
0.0
 45
0.0
 49
-3.0
 74
     4
 75
     0
340
0
 46
0.0
 50
0.0
 44
0.0
 45
0.0
  0
LTYPE
  5
65
330
5
100
AcDbSymbolTableRecord
100
AcDbLinetypeTableRecord
  2
ACAD_ISO06W100
 70
     0
  3
ISO long-dash triple-dot ____ ... ____ ... ____
 72
    65
 73
     8
 40
36.0
 49
24.0
 74
     4
 75
     0
340
0
 46
0.0
 50
0.0
 44
0.0
 45
0.0
 49
-3.0
 74
     4
 75
     0
340
0
 46
0.0
 50
0.0
 44
0.0
 45
0.0
 49
0.0
 74
     4
 75
     0
340
0
 46
0.0
 50
0.0
 44
0.0
 45
0.0
 49
-3.0
 74
     4
 75
     0
340
0
 46
0.0
 50
0.0
 44
0.0
 45
0.0
 49
0.0
 74
     4
 75
     0
340
0
 46
0.0
 50
0.0
 44
0.0
 45
0.0
 49
-3.0
 74
     4
 75
     0
340
0
 46
0.0
 50
0.0
 44
0.0
 45
0.0
 49
0.0
 74
     4
 75
     0
340
0
 46
0.0
 50
0.0
 44
0.0
 45
0.0
 49
-3.0
 74
     4
 75
     0
340
0
 46
0.0
 50
0.0
 44
0.0
 45
0.0
  0
LTYPE
  5
66
330
5
100
AcDbSymbolTableRecord
100
AcDbLinetypeTableRecord
  2
ACAD_ISO09W100
 70
     0
  3
ISO long-dash double-short-dash ____ __ __ ____
 72
    65
 73
     6
 40
45.0
 49
24.0
 74
     4
 75
     0
340
0
 46
0.0
 50
0.0
 44
0.0
 45
0.0
 49
-3.0
 74
     4
 75
     0
340
0
 46
0.0
 50
0.0
 44
0.0
 45
0.0
 49
6.0
 74
     4
 75
     0
340
0
 46
0.0
 50
0.0
 44
0.0
 45
0.0
 49
-3.0
 74
     4
 75
     0
340
0
 46
0.0
 50
0.0
 44
0.0
 45
0.0
 49
6.0
 74
     4
 75
     0
340
0
 46
0.0
 50
0.0
 44
0.0
 45
0.0
 49
-3.0
 74
     4
 75
     0
340
0
 46
0.0
 50
0.0
 44
0.0
 45
0.0
  0
LTYPE
  5
67
330
5
100
AcDbSymbolTableRecord
100
AcDbLinetypeTableRecord
  2
CENTER
 70
     0
  3
____ _ ____ _ ____ _ ____
 72
    65
 73
     4
 40
47.4
 49
22.0
 74
     4
 75
     0
340
0
 46
0.0
 50
0.0
 44
0.0
 45
0.0
 49
-8.5
 74
     4
 75
     0
340
0
 46
0.0
 50
0.0
 44
0.0
 45
0.0
 49
8.5
 74
     4
 75
     0
340
0
 46
0.0
 50
0.0
 44
0.0
 45
0.0
 49
-8.5
 74
     4
 75
     0
340
0
 46
0.0
 50
0.0
 44
0.0
 45
0.0
  0
LTYPE
  5
68
330
5
100
AcDbSymbolTableRecord
100
AcDbLinetypeTableRecord
  2
DASHDOT
 70
     0
  3
_._._._._._._._._._._._._._._._.
 72
    65
 73
     4
 40
70.0
 49
31.0
 74
     4
 75
     0
340
0
 46
0.0
 50
0.0
 44
0.0
 45
0.0
 49
-13.0
 74
     4
 75
     0
340
0
 46
0.0
 50
0.0
 44
0.0
 45
0.0
 49
13.0
 74
     4
 75
     0
340
0
 46
0.0
 50
0.0
 44
0.0
 45
0.0
 49
-13.0
 74
     4
 75
     0
340
0
 46
0.0
 50
0.0
 44
0.0
 45
0.0
  0
LTYPE
  5
69
330
5
100
AcDbSymbolTableRecord
100
AcDbLinetypeTableRecord
  2
DASHED
 70
     0
  3
__ __ __ __ __ __ __ __ __
 72
    65
 73
     2
 40
25.72
 49
12.86
 74
     4
 75
     0
340
0
 46
0.0
 50
0.0
 44
0.0
 45
0.0
 49
-12.86
 74
     4
 75
     0
340
0
 46
0.0
 50
0.0
 44
0.0
 45
0.0
  0
LTYPE
  5
6A
330
5
100
AcDbSymbolTableRecord
100
AcDbLinetypeTableRecord
  2
DOT
 70
     0
  3
.........................
 72
    65
 73
     2
 40
10.0
 49
0.0
 74
     4
 75
     0
340
0
 46
0.0
 50
0.0
 44
0.0
 45
0.0
 49
-10.0
 74
     4
 75
     0
340
0
 46
0.0
 50
0.0
 44
0.0
 45
0.0
  0
LTYPE
  5
6B
330
5
100
AcDbSymbolTableRecord
100
AcDbLinetypeTableRecord
  2
PHANTOM
 70
     0
  3
____ _ _ ____ _ _ _____ _ _ ____
 72
    65
 73
     6
 40
50.5
 49
18.0
 74
     4
 75
     0
340
0
 46
0.0
 50
0.0
 44
0.0
 45
0.0
 49
-6.5
 74
     4
 75
     0
340
0
 46
0.0
 50
0.0
 44
0.0
 45
0.0
 49
6.5
 74
     4
 75
     0
340
0
 46
0.0
 50
0.0
 44
0.0
 45
0.0
 49
-6.5
 74
     4
 75
     0
340
0
 46
0.0
 50
0.0
 44
0.0
 45
0.0
 49
6.5
 74
     4
 75
     0
340
0
 46
0.0
 50
0.0
 44
0.0
 45
0.0
 49
-6.5
 74
     4
 75
     0
340
0
 46
0.0
 50
0.0
 44
0.0
 45
0.0
  0
ENDTAB
  0
TABLE
  2
LAYER
  5
2
330
0
100
AcDbSymbolTable
 70
     5
  0
LAYER
  5
10
330
2
100
AcDbSymbolTableRecord
100
AcDbLayerTableRecord
  2
0
 70
     0
 62
     7
  6
Continuous
370
    -3
390
F
  0
LAYER
  5
5E
330
2
100
AcDbSymbolTableRecord
100
AcDbLayerTableRecord
  2
Defpoints
 70
     0
 62
     7
  6
Continuous
290
     0
370
    -3
390
F
  0
LAYER
  5
5F
330
2
100
AcDbSymbolTableRecord
100
AcDbLayerTableRecord
  2
1
 70
     0
 62
     7
420
 16777215
  6
Continuous
370
    -3
390
F
  0
LAYER
  5
61
330
2
100
AcDbSymbolTableRecord
100
AcDbLayerTableRecord
  2
220
 70
     0
 62
     7
420
 16777215
  6
Continuous
370
    -3
390
F
  0
LAYER
  5
62
330
2
100
AcDbSymbolTableRecord
100
AcDbLayerTableRecord
  2
221
 70
     0
 62
     7
420
 16777215
  6
Continuous
370
    -3
390
F
  0
ENDTAB
  0
TABLE
  2
STYLE
  5
3
330
0
100
AcDbSymbolTable
 70
     2
  0
STYLE
  5
11
330
3
100
AcDbSymbolTableRecord
100
AcDbTextStyleTableRecord
  2
Standard
 70
     0
 40
0.0
 41
1.0
 50
0.0
 71
     0
 42
0.2
  3
txt
  4

  0
STYLE
  5
6F
330
3
100
AcDbSymbolTableRecord
100
AcDbTextStyleTableRecord
  2
Arial Unicode MS
 70
     0
 40
0.0
 41
1.0
 50
0.0
 71
     0
 42
0.2
  3
Arial Unicode MS
  4

1001
ACAD
1000
Arial Unicode MS
1071
        0
  0
ENDTAB
  0
TABLE
  2
VIEW
  5
6
330
0
100
AcDbSymbolTable
 70
     0
  0
ENDTAB
  0
TABLE
  2
UCS
  5
7
330
0
100
AcDbSymbolTable
 70
     0
  0
ENDTAB
  0
TABLE
  2
APPID
  5
9
330
0
100
AcDbSymbolTable
 70
     6
  0
APPID
  5
12
330
9
100
AcDbSymbolTableRecord
100
AcDbRegAppTableRecord
  2
ACAD
 70
     0
  0
APPID
  5
6E
330
9
100
AcDbSymbolTableRecord
100
AcDbRegAppTableRecord
  2
ACAD_DSTYLE_DIMBREAK
 70
     0
  0
APPID
  5
AD8
330
9
100
AcDbSymbolTableRecord
100
AcDbRegAppTableRecord
  2
ACAD_DSTYLE_DIM_LINETYPE
 70
     0
  0
APPID
  5
AD9
330
9
100
AcDbSymbolTableRecord
100
AcDbRegAppTableRecord
  2
ACAD_DSTYLE_DIM_EXT1_LINETYPE
 70
     0
  0
APPID
  5
ADA
330
9
100
AcDbSymbolTableRecord
100
AcDbRegAppTableRecord
  2
ACAD_DSTYLE_DIM_EXT2_LINETYPE
 70
     0
  0
APPID
  5
B1A
330
9
100
AcDbSymbolTableRecord
100
AcDbRegAppTableRecord
  2
ACAD_MLEADERVER
 70
     0
  0
ENDTAB
  0
TABLE
  2
DIMSTYLE
  5
A
330
0
100
AcDbSymbolTable
 70
     1
100
AcDbDimStyleTable
  0
DIMSTYLE
105
27
102
{ACAD_REACTORS
330
775
330
781
330
78D
330
799
330
7A5
330
7B1
330
7BD
330
7C9
330
7D5
102
}
330
A
100
AcDbSymbolTableRecord
100
AcDbDimStyleTableRecord
  2
Standard
 70
     0
178
     0
340
11
  0
ENDTAB
  0
TABLE
  2
BLOCK_RECORD
  5
1
330
0
100
AcDbSymbolTable
 70
    54
  0
BLOCK_RECORD
  5
1F
330
1
100
AcDbSymbolTableRecord
100
AcDbBlockTableRecord
  2
*Model_Space
340
22
  0
BLOCK_RECORD
  5
1B
330
1
100
AcDbSymbolTableRecord
100
AcDbBlockTableRecord
  2
*Paper_Space
340
1E
  0
BLOCK_RECORD
  5
23
330
1
100
AcDbSymbolTableRecord
100
AcDbBlockTableRecord
  2
*Paper_Space0
340
26
  0
BLOCK_RECORD
  5
5DA
330
1
100
AcDbSymbolTableRecord
100
AcDbBlockTableRecord
  2
CENTERLINE1
340
0
102
{BLKREFS
331
5D9
102
}
  0
BLOCK_RECORD
  5
5E4
330
1
100
AcDbSymbolTableRecord
100
AcDbBlockTableRecord
  2
CENTERLINE2
340
0
102
{BLKREFS
331
5E3
102
}
  0
BLOCK_RECORD
  5
5EE
330
1
100
AcDbSymbolTableRecord
100
AcDbBlockTableRecord
  2
CENTERLINE3
340
0
102
{BLKREFS
331
5ED
102
}
  0
BLOCK_RECORD
  5
5F8
330
1
100
AcDbSymbolTableRecord
100
AcDbBlockTableRecord
  2
CENTERLINE4
340
0
102
{BLKREFS
331
5F7
102
}
  0
BLOCK_RECORD
  5
602
330
1
100
AcDbSymbolTableRecord
100
AcDbBlockTableRecord
  2
CENTERLINE5
340
0
102
{BLKREFS
331
601
102
}
  0
BLOCK_RECORD
  5
60C
330
1
100
AcDbSymbolTableRecord
100
AcDbBlockTableRecord
  2
CENTERLINE6
340
0
102
{BLKREFS
331
60B
102
}
  0
BLOCK_RECORD
  5
616
330
1
100
AcDbSymbolTableRecord
100
AcDbBlockTableRecord
  2
CENTERLINE7
340
0
102
{BLKREFS
331
615
102
}
  0
BLOCK_RECORD
  5
620
330
1
100
AcDbSymbolTableRecord
100
AcDbBlockTableRecord
  2
CENTERLINE8
340
0
102
{BLKREFS
331
61F
102
}
  0
BLOCK_RECORD
  5
62A
330
1
100
AcDbSymbolTableRecord
100
AcDbBlockTableRecord
  2
CENTERLINE9
340
0
102
{BLKREFS
331
629
102
}
  0
BLOCK_RECORD
  5
634
330
1
100
AcDbSymbolTableRecord
100
AcDbBlockTableRecord
  2
CENTERLINE10
340
0
102
{BLKREFS
331
633
102
}
  0
BLOCK_RECORD
  5
63E
330
1
100
AcDbSymbolTableRecord
100
AcDbBlockTableRecord
  2
CENTERLINE11
340
0
102
{BLKREFS
331
63D
102
}
  0
BLOCK_RECORD
  5
648
330
1
100
AcDbSymbolTableRecord
100
AcDbBlockTableRecord
  2
CENTERLINE12
340
0
102
{BLKREFS
331
647
102
}
  0
BLOCK_RECORD
  5
652
330
1
100
AcDbSymbolTableRecord
100
AcDbBlockTableRecord
  2
CENTERLINE13
340
0
102
{BLKREFS
331
651
102
}
  0
BLOCK_RECORD
  5
65C
330
1
100
AcDbSymbolTableRecord
100
AcDbBlockTableRecord
  2
CENTERLINE14
340
0
102
{BLKREFS
331
65B
102
}
  0
BLOCK_RECORD
  5
666
330
1
100
AcDbSymbolTableRecord
100
AcDbBlockTableRecord
  2
CENTERLINE15
340
0
102
{BLKREFS
331
665
102
}
  0
BLOCK_RECORD
  5
670
330
1
100
AcDbSymbolTableRecord
100
AcDbBlockTableRecord
  2
CENTERLINE16
340
0
102
{BLKREFS
331
66F
102
}
  0
BLOCK_RECORD
  5
69A
330
1
100
AcDbSymbolTableRecord
100
AcDbBlockTableRecord
  2
LABLE3D_1
340
0
102
{BLKREFS
331
699
331
699
102
}
  0
BLOCK_RECORD
  5
6A3
330
1
100
AcDbSymbolTableRecord
100
AcDbBlockTableRecord
  2
LABLE3D_2
340
0
102
{BLKREFS
331
6A2
331
6A2
102
}
  0
BLOCK_RECORD
  5
6AC
330
1
100
AcDbSymbolTableRecord
100
AcDbBlockTableRecord
  2
LABLE3D_3
340
0
102
{BLKREFS
331
6AB
331
6AB
102
}
  0
BLOCK_RECORD
  5
6B5
330
1
100
AcDbSymbolTableRecord
100
AcDbBlockTableRecord
  2
LABLE3D_4
340
0
102
{BLKREFS
331
6B4
331
6B4
102
}
  0
BLOCK_RECORD
  5
6BE
330
1
100
AcDbSymbolTableRecord
100
AcDbBlockTableRecord
  2
LABLE3D_5
340
0
102
{BLKREFS
331
6BD
331
6BD
102
}
  0
BLOCK_RECORD
  5
6C7
330
1
100
AcDbSymbolTableRecord
100
AcDbBlockTableRecord
  2
LABLE3D_6
340
0
102
{BLKREFS
331
6C6
331
6C6
102
}
  0
BLOCK_RECORD
  5
6D0
330
1
100
AcDbSymbolTableRecord
100
AcDbBlockTableRecord
  2
LABLE3D_7
340
0
102
{BLKREFS
331
6CF
331
6CF
102
}
  0
BLOCK_RECORD
  5
6D9
330
1
100
AcDbSymbolTableRecord
100
AcDbBlockTableRecord
  2
LABLE3D_8
340
0
102
{BLKREFS
331
6D8
331
6D8
102
}
  0
BLOCK_RECORD
  5
6E2
330
1
100
AcDbSymbolTableRecord
100
AcDbBlockTableRecord
  2
LABLE3D_9
340
0
102
{BLKREFS
331
6E1
331
6E1
102
}
  0
BLOCK_RECORD
  5
6EB
330
1
100
AcDbSymbolTableRecord
100
AcDbBlockTableRecord
  2
LABLE3D_10
340
0
102
{BLKREFS
331
6EA
331
6EA
102
}
  0
BLOCK_RECORD
  5
6F5
330
1
100
AcDbSymbolTableRecord
100
AcDbBlockTableRecord
  2
LABLE3D_11
340
0
102
{BLKREFS
331
6F4
331
6F4
102
}
  0
BLOCK_RECORD
  5
6FE
330
1
100
AcDbSymbolTableRecord
100
AcDbBlockTableRecord
  2
LABLE3D_12
340
0
102
{BLKREFS
331
6FD
331
6FD
102
}
  0
BLOCK_RECORD
  5
707
330
1
100
AcDbSymbolTableRecord
100
AcDbBlockTableRecord
  2
LABLE3D_13
340
0
102
{BLKREFS
331
706
331
706
102
}
  0
BLOCK_RECORD
  5
710
330
1
100
AcDbSymbolTableRecord
100
AcDbBlockTableRecord
  2
LABLE3D_14
340
0
102
{BLKREFS
331
70F
331
70F
102
}
  0
BLOCK_RECORD
  5
719
330
1
100
AcDbSymbolTableRecord
100
AcDbBlockTableRecord
  2
LABLE3D_15
340
0
102
{BLKREFS
331
718
331
718
102
}
  0
BLOCK_RECORD
  5
722
330
1
100
AcDbSymbolTableRecord
100
AcDbBlockTableRecord
  2
LABLE3D_16
340
0
102
{BLKREFS
331
721
331
721
102
}
  0
BLOCK_RECORD
  5
72B
330
1
100
AcDbSymbolTableRecord
100
AcDbBlockTableRecord
  2
LABLE3D_17
340
0
102
{BLKREFS
331
72A
331
72A
102
}
  0
BLOCK_RECORD
  5
734
330
1
100
AcDbSymbolTableRecord
100
AcDbBlockTableRecord
  2
LABLE3D_18
340
0
102
{BLKREFS
331
733
331
733
102
}
  0
BLOCK_RECORD
  5
73D
330
1
100
AcDbSymbolTableRecord
100
AcDbBlockTableRecord
  2
LABLE3D_19
340
0
102
{BLKREFS
331
73C
331
73C
102
}
  0
BLOCK_RECORD
  5
746
330
1
100
AcDbSymbolTableRecord
100
AcDbBlockTableRecord
  2
LABLE3D_20
340
0
102
{BLKREFS
331
745
331
745
102
}
  0
BLOCK_RECORD
  5
74F
330
1
100
AcDbSymbolTableRecord
100
AcDbBlockTableRecord
  2
LABLE3D_21
340
0
102
{BLKREFS
331
74E
331
74E
102
}
  0
BLOCK_RECORD
  5
758
330
1
100
AcDbSymbolTableRecord
100
AcDbBlockTableRecord
  2
LABLE3D_22
340
0
102
{BLKREFS
331
757
331
757
102
}
  0
BLOCK_RECORD
  5
761
330
1
100
AcDbSymbolTableRecord
100
AcDbBlockTableRecord
  2
LABLE3D_23
340
0
102
{BLKREFS
331
760
331
760
102
}
  0
BLOCK_RECORD
  5
76A
330
1
100
AcDbSymbolTableRecord
100
AcDbBlockTableRecord
  2
LABLE3D_24
340
0
102
{BLKREFS
331
769
331
769
102
}
  0
BLOCK_RECORD
  5
76F
330
1
100
AcDbSymbolTableRecord
100
AcDbBlockTableRecord
  2
_U0
340
0
102
{BLKREFS
331
76E
102
}
  0
BLOCK_RECORD
  5
778
330
1
100
AcDbSymbolTableRecord
100
AcDbBlockTableRecord
  2
_U1
340
0
  0
BLOCK_RECORD
  5
784
330
1
100
AcDbSymbolTableRecord
100
AcDbBlockTableRecord
  2
_U2
340
0
  0
BLOCK_RECORD
  5
790
330
1
100
AcDbSymbolTableRecord
100
AcDbBlockTableRecord
  2
_U3
340
0
  0
BLOCK_RECORD
  5
79C
330
1
100
AcDbSymbolTableRecord
100
AcDbBlockTableRecord
  2
_U4
340
0
  0
BLOCK_RECORD
  5
7A8
330
1
100
AcDbSymbolTableRecord
100
AcDbBlockTableRecord
  2
_U5
340
0
  0
BLOCK_RECORD
  5
7B4
330
1
100
AcDbSymbolTableRecord
100
AcDbBlockTableRecord
  2
_U6
340
0
  0
BLOCK_RECORD
  5
7C0
330
1
100
AcDbSymbolTableRecord
100
AcDbBlockTableRecord
  2
_U7
340
0
  0
BLOCK_RECORD
  5
7CC
330
1
100
AcDbSymbolTableRecord
100
AcDbBlockTableRecord
  2
_U8
340
0
  0
BLOCK_RECORD
  5
7D8
330
1
100
AcDbSymbolTableRecord
100
AcDbBlockTableRecord
  2
_U9
340
0
  0
BLOCK_RECORD
  5
7E2
330
1
100
AcDbSymbolTableRecord
100
AcDbBlockTableRecord
  2
TabularNote1
340
0
102
{BLKREFS
331
7E1
102
}
  0
BLOCK_RECORD
  5
949
330
1
100
AcDbSymbolTableRecord
100
AcDbBlockTableRecord
  2
Block
340
0
102
{BLKREFS
331
948
102
}
  0
BLOCK_RECORD
  5
AC3
330
1
100
AcDbSymbolTableRecord
100
AcDbBlockTableRecord
  2
*D53
340
0
  0
ENDTAB
  0
ENDSEC
  0
SECTION
  2
BLOCKS
  0
BLOCK
  5
20
330
1F
100
AcDbEntity
  8
0
100
AcDbBlockBegin
  2
*Model_Space
 70
     0
 10
0.0
 20
0.0
 30
0.0
  3
*Model_Space
  1

  0
ENDBLK
  5
21
330
1F
100
AcDbEntity
  8
0
100
AcDbBlockEnd
  0
BLOCK
  5
1C
330
1B
100
AcDbEntity
 67
     1
  8
0
100
AcDbBlockBegin
  2
*Paper_Space
 70
     0
 10
0.0
 20
0.0
 30
0.0
  3
*Paper_Space
  1

  0
ENDBLK
  5
1D
330
1B
100
AcDbEntity
 67
     1
  8
0
100
AcDbBlockEnd
  0
BLOCK
  5
24
330
23
100
AcDbEntity
  8
0
100
AcDbBlockBegin
  2
*Paper_Space0
 70
     0
 10
0.0
 20
0.0
 30
0.0
  3
*Paper_Space0
  1

  0
ENDBLK
  5
25
330
23
100
AcDbEntity
  8
0
100
AcDbBlockEnd
  0
BLOCK
  5
5DB
330
5DA
100
AcDbEntity
  8
0
100
AcDbBlockBegin
  2
CENTERLINE1
 70
     0
 10
0.0
 20
0.0
 30
0.0
  3
CENTERLINE1
  1

  0
LINE
  5
5DC
330
5DA
100
AcDbEntity
  8
1
 62
    18
370
    35
100
AcDbLine
 10
66.552686
 20
128.948753
 30
0.0
 11
66.552686
 21
131.948753
 31
0.0
  0
LINE
  5
5DD
330
5DA
100
AcDbEntity
  8
1
 62
    18
370
    35
100
AcDbLine
 10
66.552686
 20
127.448753
 30
0.0
 11
66.552686
 21
122.448753
 31
0.0
  0
LINE
  5
5DE
330
5DA
100
AcDbEntity
  8
1
 62
    18
370
    35
100
AcDbLine
 10
66.552686
 20
133.448753
 30
0.0
 11
66.552686
 21
138.448753
 31
0.0
  0
LINE
  5
5DF
330
5DA
100
AcDbEntity
  8
1
 62
    18
370
    35
100
AcDbLine
 10
63.552686
 20
130.448753
 30
0.0
 11
58.552686
 21
130.448753
 31
0.0
  0
LINE
  5
5E0
330
5DA
100
AcDbEntity
  8
1
 62
    18
370
    35
100
AcDbLine
 10
65.052686
 20
130.448753
 30
0.0
 11
68.052686
 21
130.448753
 31
0.0
  0
LINE
  5
5E1
330
5DA
100
AcDbEntity
  8
1
 62
    18
370
    35
100
AcDbLine
 10
69.552686
 20
130.448753
 30
0.0
 11
74.552686
 21
130.448753
 31
0.0
  0
ENDBLK
  5
5E2
330
5DA
100
AcDbEntity
  8
0
100
AcDbBlockEnd
  0
BLOCK
  5
5E5
330
5E4
100
AcDbEntity
  8
0
100
AcDbBlockBegin
  2
CENTERLINE2
 70
     0
 10
0.0
 20
0.0
 30
0.0
  3
CENTERLINE2
  1

  0
LINE
  5
5E6
330
5E4
100
AcDbEntity
  8
1
 62
    18
370
    35
100
AcDbLine
 10
66.552686
 20
143.581153
 30
0.0
 11
66.552686
 21
146.581153
 31
0.0
  0
LINE
  5
5E7
330
5E4
100
AcDbEntity
  8
1
 62
    18
370
    35
100
AcDbLine
 10
66.552686
 20
142.081153
 30
0.0
 11
66.552686
 21
137.081153
 31
0.0
  0
LINE
  5
5E8
330
5E4
100
AcDbEntity
  8
1
 62
    18
370
    35
100
AcDbLine
 10
66.552686
 20
148.081153
 30
0.0
 11
66.552686
 21
153.081153
 31
0.0
  0
LINE
  5
5E9
330
5E4
100
AcDbEntity
  8
1
 62
    18
370
    35
100
AcDbLine
 10
63.552686
 20
145.081153
 30
0.0
 11
58.552686
 21
145.081153
 31
0.0
  0
LINE
  5
5EA
330
5E4
100
AcDbEntity
  8
1
 62
    18
370
    35
100
AcDbLine
 10
65.052686
 20
145.081153
 30
0.0
 11
68.052686
 21
145.081153
 31
0.0
  0
LINE
  5
5EB
330
5E4
100
AcDbEntity
  8
1
 62
    18
370
    35
100
AcDbLine
 10
69.552686
 20
145.081153
 30
0.0
 11
74.552686
 21
145.081153
 31
0.0
  0
ENDBLK
  5
5EC
330
5E4
100
AcDbEntity
  8
0
100
AcDbBlockEnd
  0
BLOCK
  5
5EF
330
5EE
100
AcDbEntity
  8
0
100
AcDbBlockBegin
  2
CENTERLINE3
 70
     0
 10
0.0
 20
0.0
 30
0.0
  3
CENTERLINE3
  1

  0
LINE
  5
5F0
330
5EE
100
AcDbEntity
  8
1
 62
    18
370
    35
100
AcDbLine
 10
59.108286
 20
139.813553
 30
0.0
 11
59.108286
 21
142.813553
 31
0.0
  0
LINE
  5
5F1
330
5EE
100
AcDbEntity
  8
1
 62
    18
370
    35
100
AcDbLine
 10
59.108286
 20
138.313553
 30
0.0
 11
59.108286
 21
133.313553
 31
0.0
  0
LINE
  5
5F2
330
5EE
100
AcDbEntity
  8
1
 62
    18
370
    35
100
AcDbLine
 10
59.108286
 20
144.313553
 30
0.0
 11
59.108286
 21
149.313553
 31
0.0
  0
LINE
  5
5F3
330
5EE
100
AcDbEntity
  8
1
 62
    18
370
    35
100
AcDbLine
 10
56.108286
 20
141.313553
 30
0.0
 11
51.108286
 21
141.313553
 31
0.0
  0
LINE
  5
5F4
330
5EE
100
AcDbEntity
  8
1
 62
    18
370
    35
100
AcDbLine
 10
57.608286
 20
141.313553
 30
0.0
 11
60.608286
 21
141.313553
 31
0.0
  0
LINE
  5
5F5
330
5EE
100
AcDbEntity
  8
1
 62
    18
370
    35
100
AcDbLine
 10
62.108286
 20
141.313553
 30
0.0
 11
67.108286
 21
141.313553
 31
0.0
  0
ENDBLK
  5
5F6
330
5EE
100
AcDbEntity
  8
0
100
AcDbBlockEnd
  0
BLOCK
  5
5F9
330
5F8
100
AcDbEntity
  8
0
100
AcDbBlockBegin
  2
CENTERLINE4
 70
     0
 10
0.0
 20
0.0
 30
0.0
  3
CENTERLINE4
  1

  0
LINE
  5
5FA
330
5F8
100
AcDbEntity
  8
1
 62
    18
370
    35
100
AcDbLine
 10
59.108286
 20
125.181153
 30
0.0
 11
59.108286
 21
128.181153
 31
0.0
  0
LINE
  5
5FB
330
5F8
100
AcDbEntity
  8
1
 62
    18
370
    35
100
AcDbLine
 10
59.108286
 20
123.681153
 30
0.0
 11
59.108286
 21
118.681153
 31
0.0
  0
LINE
  5
5FC
330
5F8
100
AcDbEntity
  8
1
 62
    18
370
    35
100
AcDbLine
 10
59.108286
 20
129.681153
 30
0.0
 11
59.108286
 21
134.681153
 31
0.0
  0
LINE
  5
5FD
330
5F8
100
AcDbEntity
  8
1
 62
    18
370
    35
100
AcDbLine
 10
56.108286
 20
126.681153
 30
0.0
 11
51.108286
 21
126.681153
 31
0.0
  0
LINE
  5
5FE
330
5F8
100
AcDbEntity
  8
1
 62
    18
370
    35
100
AcDbLine
 10
57.608286
 20
126.681153
 30
0.0
 11
60.608286
 21
126.681153
 31
0.0
  0
LINE
  5
5FF
330
5F8
100
AcDbEntity
  8
1
 62
    18
370
    35
100
AcDbLine
 10
62.108286
 20
126.681153
 30
0.0
 11
67.108286
 21
126.681153
 31
0.0
  0
ENDBLK
  5
600
330
5F8
100
AcDbEntity
  8
0
100
AcDbBlockEnd
  0
BLOCK
  5
603
330
602
100
AcDbEntity
  8
0
100
AcDbBlockBegin
  2
CENTERLINE5
 70
     0
 10
0.0
 20
0.0
 30
0.0
  3
CENTERLINE5
  1

  0
LINE
  5
604
330
602
100
AcDbEntity
  8
1
 62
    18
370
    35
100
AcDbLine
 10
96.552686
 20
128.948753
 30
0.0
 11
96.552686
 21
131.948753
 31
0.0
  0
LINE
  5
605
330
602
100
AcDbEntity
  8
1
 62
    18
370
    35
100
AcDbLine
 10
96.552686
 20
127.448753
 30
0.0
 11
96.552686
 21
122.448753
 31
0.0
  0
LINE
  5
606
330
602
100
AcDbEntity
  8
1
 62
    18
370
    35
100
AcDbLine
 10
96.552686
 20
133.448753
 30
0.0
 11
96.552686
 21
138.448753
 31
0.0
  0
LINE
  5
607
330
602
100
AcDbEntity
  8
1
 62
    18
370
    35
100
AcDbLine
 10
93.552686
 20
130.448753
 30
0.0
 11
88.552686
 21
130.448753
 31
0.0
  0
LINE
  5
608
330
602
100
AcDbEntity
  8
1
 62
    18
370
    35
100
AcDbLine
 10
95.052686
 20
130.448753
 30
0.0
 11
98.052686
 21
130.448753
 31
0.0
  0
LINE
  5
609
330
602
100
AcDbEntity
  8
1
 62
    18
370
    35
100
AcDbLine
 10
99.552686
 20
130.448753
 30
0.0
 11
104.552686
 21
130.448753
 31
0.0
  0
ENDBLK
  5
60A
330
602
100
AcDbEntity
  8
0
100
AcDbBlockEnd
  0
BLOCK
  5
60D
330
60C
100
AcDbEntity
  8
0
100
AcDbBlockBegin
  2
CENTERLINE6
 70
     0
 10
0.0
 20
0.0
 30
0.0
  3
CENTERLINE6
  1

  0
LINE
  5
60E
330
60C
100
AcDbEntity
  8
1
 62
    18
370
    35
100
AcDbLine
 10
96.552686
 20
143.581153
 30
0.0
 11
96.552686
 21
146.581153
 31
0.0
  0
LINE
  5
60F
330
60C
100
AcDbEntity
  8
1
 62
    18
370
    35
100
AcDbLine
 10
96.552686
 20
142.081153
 30
0.0
 11
96.552686
 21
137.081153
 31
0.0
  0
LINE
  5
610
330
60C
100
AcDbEntity
  8
1
 62
    18
370
    35
100
AcDbLine
 10
96.552686
 20
148.081153
 30
0.0
 11
96.552686
 21
153.081153
 31
0.0
  0
LINE
  5
611
330
60C
100
AcDbEntity
  8
1
 62
    18
370
    35
100
AcDbLine
 10
93.552686
 20
145.081153
 30
0.0
 11
88.552686
 21
145.081153
 31
0.0
  0
LINE
  5
612
330
60C
100
AcDbEntity
  8
1
 62
    18
370
    35
100
AcDbLine
 10
95.052686
 20
145.081153
 30
0.0
 11
98.052686
 21
145.081153
 31
0.0
  0
LINE
  5
613
330
60C
100
AcDbEntity
  8
1
 62
    18
370
    35
100
AcDbLine
 10
99.552686
 20
145.081153
 30
0.0
 11
104.552686
 21
145.081153
 31
0.0
  0
ENDBLK
  5
614
330
60C
100
AcDbEntity
  8
0
100
AcDbBlockEnd
  0
BLOCK
  5
617
330
616
100
AcDbEntity
  8
0
100
AcDbBlockBegin
  2
CENTERLINE7
 70
     0
 10
0.0
 20
0.0
 30
0.0
  3
CENTERLINE7
  1

  0
LINE
  5
618
330
616
100
AcDbEntity
  8
1
 62
    18
370
    35
100
AcDbLine
 10
89.108286
 20
139.813553
 30
0.0
 11
89.108286
 21
142.813553
 31
0.0
  0
LINE
  5
619
330
616
100
AcDbEntity
  8
1
 62
    18
370
    35
100
AcDbLine
 10
89.108286
 20
138.313553
 30
0.0
 11
89.108286
 21
133.313553
 31
0.0
  0
LINE
  5
61A
330
616
100
AcDbEntity
  8
1
 62
    18
370
    35
100
AcDbLine
 10
89.108286
 20
144.313553
 30
0.0
 11
89.108286
 21
149.313553
 31
0.0
  0
LINE
  5
61B
330
616
100
AcDbEntity
  8
1
 62
    18
370
    35
100
AcDbLine
 10
86.108286
 20
141.313553
 30
0.0
 11
81.108286
 21
141.313553
 31
0.0
  0
LINE
  5
61C
330
616
100
AcDbEntity
  8
1
 62
    18
370
    35
100
AcDbLine
 10
87.608286
 20
141.313553
 30
0.0
 11
90.608286
 21
141.313553
 31
0.0
  0
LINE
  5
61D
330
616
100
AcDbEntity
  8
1
 62
    18
370
    35
100
AcDbLine
 10
92.108286
 20
141.313553
 30
0.0
 11
97.108286
 21
141.313553
 31
0.0
  0
ENDBLK
  5
61E
330
616
100
AcDbEntity
  8
0
100
AcDbBlockEnd
  0
BLOCK
  5
621
330
620
100
AcDbEntity
  8
0
100
AcDbBlockBegin
  2
CENTERLINE8
 70
     0
 10
0.0
 20
0.0
 30
0.0
  3
CENTERLINE8
  1

  0
LINE
  5
622
330
620
100
AcDbEntity
  8
1
 62
    18
370
    35
100
AcDbLine
 10
89.108286
 20
125.181153
 30
0.0
 11
89.108286
 21
128.181153
 31
0.0
  0
LINE
  5
623
330
620
100
AcDbEntity
  8
1
 62
    18
370
    35
100
AcDbLine
 10
89.108286
 20
123.681153
 30
0.0
 11
89.108286
 21
118.681153
 31
0.0
  0
LINE
  5
624
330
620
100
AcDbEntity
  8
1
 62
    18
370
    35
100
AcDbLine
 10
89.108286
 20
129.681153
 30
0.0
 11
89.108286
 21
134.681153
 31
0.0
  0
LINE
  5
625
330
620
100
AcDbEntity
  8
1
 62
    18
370
    35
100
AcDbLine
 10
86.108286
 20
126.681153
 30
0.0
 11
81.108286
 21
126.681153
 31
0.0
  0
LINE
  5
626
330
620
100
AcDbEntity
  8
1
 62
    18
370
    35
100
AcDbLine
 10
87.608286
 20
126.681153
 30
0.0
 11
90.608286
 21
126.681153
 31
0.0
  0
LINE
  5
627
330
620
100
AcDbEntity
  8
1
 62
    18
370
    35
100
AcDbLine
 10
92.108286
 20
126.681153
 30
0.0
 11
97.108286
 21
126.681153
 31
0.0
  0
ENDBLK
  5
628
330
620
100
AcDbEntity
  8
0
100
AcDbBlockEnd
  0
BLOCK
  5
62B
330
62A
100
AcDbEntity
  8
0
100
AcDbBlockBegin
  2
CENTERLINE9
 70
     0
 10
0.0
 20
0.0
 30
0.0
  3
CENTERLINE9
  1

  0
LINE
  5
62C
330
62A
100
AcDbEntity
  8
1
 62
    18
370
    35
100
AcDbLine
 10
126.552686
 20
128.948753
 30
0.0
 11
126.552686
 21
131.948753
 31
0.0
  0
LINE
  5
62D
330
62A
100
AcDbEntity
  8
1
 62
    18
370
    35
100
AcDbLine
 10
126.552686
 20
127.448753
 30
0.0
 11
126.552686
 21
122.448753
 31
0.0
  0
LINE
  5
62E
330
62A
100
AcDbEntity
  8
1
 62
    18
370
    35
100
AcDbLine
 10
126.552686
 20
133.448753
 30
0.0
 11
126.552686
 21
138.448753
 31
0.0
  0
LINE
  5
62F
330
62A
100
AcDbEntity
  8
1
 62
    18
370
    35
100
AcDbLine
 10
123.552686
 20
130.448753
 30
0.0
 11
118.552686
 21
130.448753
 31
0.0
  0
LINE
  5
630
330
62A
100
AcDbEntity
  8
1
 62
    18
370
    35
100
AcDbLine
 10
125.052686
 20
130.448753
 30
0.0
 11
128.052686
 21
130.448753
 31
0.0
  0
LINE
  5
631
330
62A
100
AcDbEntity
  8
1
 62
    18
370
    35
100
AcDbLine
 10
129.552686
 20
130.448753
 30
0.0
 11
134.552686
 21
130.448753
 31
0.0
  0
ENDBLK
  5
632
330
62A
100
AcDbEntity
  8
0
100
AcDbBlockEnd
  0
BLOCK
  5
635
330
634
100
AcDbEntity
  8
0
100
AcDbBlockBegin
  2
CENTERLINE10
 70
     0
 10
0.0
 20
0.0
 30
0.0
  3
CENTERLINE10
  1

  0
LINE
  5
636
330
634
100
AcDbEntity
  8
1
 62
    18
370
    35
100
AcDbLine
 10
126.552686
 20
143.581153
 30
0.0
 11
126.552686
 21
146.581153
 31
0.0
  0
LINE
  5
637
330
634
100
AcDbEntity
  8
1
 62
    18
370
    35
100
AcDbLine
 10
126.552686
 20
142.081153
 30
0.0
 11
126.552686
 21
137.081153
 31
0.0
  0
LINE
  5
638
330
634
100
AcDbEntity
  8
1
 62
    18
370
    35
100
AcDbLine
 10
126.552686
 20
148.081153
 30
0.0
 11
126.552686
 21
153.081153
 31
0.0
  0
LINE
  5
639
330
634
100
AcDbEntity
  8
1
 62
    18
370
    35
100
AcDbLine
 10
123.552686
 20
145.081153
 30
0.0
 11
118.552686
 21
145.081153
 31
0.0
  0
LINE
  5
63A
330
634
100
AcDbEntity
  8
1
 62
    18
370
    35
100
AcDbLine
 10
125.052686
 20
145.081153
 30
0.0
 11
128.052686
 21
145.081153
 31
0.0
  0
LINE
  5
63B
330
634
100
AcDbEntity
  8
1
 62
    18
370
    35
100
AcDbLine
 10
129.552686
 20
145.081153
 30
0.0
 11
134.552686
 21
145.081153
 31
0.0
  0
ENDBLK
  5
63C
330
634
100
AcDbEntity
  8
0
100
AcDbBlockEnd
  0
BLOCK
  5
63F
330
63E
100
AcDbEntity
  8
0
100
AcDbBlockBegin
  2
CENTERLINE11
 70
     0
 10
0.0
 20
0.0
 30
0.0
  3
CENTERLINE11
  1

  0
LINE
  5
640
330
63E
100
AcDbEntity
  8
1
 62
    18
370
    35
100
AcDbLine
 10
119.108286
 20
139.813553
 30
0.0
 11
119.108286
 21
142.813553
 31
0.0
  0
LINE
  5
641
330
63E
100
AcDbEntity
  8
1
 62
    18
370
    35
100
AcDbLine
 10
119.108286
 20
138.313553
 30
0.0
 11
119.108286
 21
133.313553
 31
0.0
  0
LINE
  5
642
330
63E
100
AcDbEntity
  8
1
 62
    18
370
    35
100
AcDbLine
 10
119.108286
 20
144.313553
 30
0.0
 11
119.108286
 21
149.313553
 31
0.0
  0
LINE
  5
643
330
63E
100
AcDbEntity
  8
1
 62
    18
370
    35
100
AcDbLine
 10
116.108286
 20
141.313553
 30
0.0
 11
111.108286
 21
141.313553
 31
0.0
  0
LINE
  5
644
330
63E
100
AcDbEntity
  8
1
 62
    18
370
    35
100
AcDbLine
 10
117.608286
 20
141.313553
 30
0.0
 11
120.608286
 21
141.313553
 31
0.0
  0
LINE
  5
645
330
63E
100
AcDbEntity
  8
1
 62
    18
370
    35
100
AcDbLine
 10
122.108286
 20
141.313553
 30
0.0
 11
127.108286
 21
141.313553
 31
0.0
  0
ENDBLK
  5
646
330
63E
100
AcDbEntity
  8
0
100
AcDbBlockEnd
  0
BLOCK
  5
649
330
648
100
AcDbEntity
  8
0
100
AcDbBlockBegin
  2
CENTERLINE12
 70
     0
 10
0.0
 20
0.0
 30
0.0
  3
CENTERLINE12
  1

  0
LINE
  5
64A
330
648
100
AcDbEntity
  8
1
 62
    18
370
    35
100
AcDbLine
 10
119.108286
 20
125.181153
 30
0.0
 11
119.108286
 21
128.181153
 31
0.0
  0
LINE
  5
64B
330
648
100
AcDbEntity
  8
1
 62
    18
370
    35
100
AcDbLine
 10
119.108286
 20
123.681153
 30
0.0
 11
119.108286
 21
118.681153
 31
0.0
  0
LINE
  5
64C
330
648
100
AcDbEntity
  8
1
 62
    18
370
    35
100
AcDbLine
 10
119.108286
 20
129.681153
 30
0.0
 11
119.108286
 21
134.681153
 31
0.0
  0
LINE
  5
64D
330
648
100
AcDbEntity
  8
1
 62
    18
370
    35
100
AcDbLine
 10
116.108286
 20
126.681153
 30
0.0
 11
111.108286
 21
126.681153
 31
0.0
  0
LINE
  5
64E
330
648
100
AcDbEntity
  8
1
 62
    18
370
    35
100
AcDbLine
 10
117.608286
 20
126.681153
 30
0.0
 11
120.608286
 21
126.681153
 31
0.0
  0
LINE
  5
64F
330
648
100
AcDbEntity
  8
1
 62
    18
370
    35
100
AcDbLine
 10
122.108286
 20
126.681153
 30
0.0
 11
127.108286
 21
126.681153
 31
0.0
  0
ENDBLK
  5
650
330
648
100
AcDbEntity
  8
0
100
AcDbBlockEnd
  0
BLOCK
  5
653
330
652
100
AcDbEntity
  8
0
100
AcDbBlockBegin
  2
CENTERLINE13
 70
     0
 10
0.0
 20
0.0
 30
0.0
  3
CENTERLINE13
  1

  0
LINE
  5
654
330
652
100
AcDbEntity
  8
1
 62
    18
370
    35
100
AcDbLine
 10
149.108286
 20
139.813553
 30
0.0
 11
149.108286
 21
142.813553
 31
0.0
  0
LINE
  5
655
330
652
100
AcDbEntity
  8
1
 62
    18
370
    35
100
AcDbLine
 10
149.108286
 20
138.313553
 30
0.0
 11
149.108286
 21
133.313553
 31
0.0
  0
LINE
  5
656
330
652
100
AcDbEntity
  8
1
 62
    18
370
    35
100
AcDbLine
 10
149.108286
 20
144.313553
 30
0.0
 11
149.108286
 21
149.313553
 31
0.0
  0
LINE
  5
657
330
652
100
AcDbEntity
  8
1
 62
    18
370
    35
100
AcDbLine
 10
146.108286
 20
141.313553
 30
0.0
 11
141.108286
 21
141.313553
 31
0.0
  0
LINE
  5
658
330
652
100
AcDbEntity
  8
1
 62
    18
370
    35
100
AcDbLine
 10
147.608286
 20
141.313553
 30
0.0
 11
150.608286
 21
141.313553
 31
0.0
  0
LINE
  5
659
330
652
100
AcDbEntity
  8
1
 62
    18
370
    35
100
AcDbLine
 10
152.108286
 20
141.313553
 30
0.0
 11
157.108286
 21
141.313553
 31
0.0
  0
ENDBLK
  5
65A
330
652
100
AcDbEntity
  8
0
100
AcDbBlockEnd
  0
BLOCK
  5
65D
330
65C
100
AcDbEntity
  8
0
100
AcDbBlockBegin
  2
CENTERLINE14
 70
     0
 10
0.0
 20
0.0
 30
0.0
  3
CENTERLINE14
  1

  0
LINE
  5
65E
330
65C
100
AcDbEntity
  8
1
 62
    18
370
    35
100
AcDbLine
 10
149.108286
 20
125.181153
 30
0.0
 11
149.108286
 21
128.181153
 31
0.0
  0
LINE
  5
65F
330
65C
100
AcDbEntity
  8
1
 62
    18
370
    35
100
AcDbLine
 10
149.108286
 20
123.681153
 30
0.0
 11
149.108286
 21
118.681153
 31
0.0
  0
LINE
  5
660
330
65C
100
AcDbEntity
  8
1
 62
    18
370
    35
100
AcDbLine
 10
149.108286
 20
129.681153
 30
0.0
 11
149.108286
 21
134.681153
 31
0.0
  0
LINE
  5
661
330
65C
100
AcDbEntity
  8
1
 62
    18
370
    35
100
AcDbLine
 10
146.108286
 20
126.681153
 30
0.0
 11
141.108286
 21
126.681153
 31
0.0
  0
LINE
  5
662
330
65C
100
AcDbEntity
  8
1
 62
    18
370
    35
100
AcDbLine
 10
147.608286
 20
126.681153
 30
0.0
 11
150.608286
 21
126.681153
 31
0.0
  0
LINE
  5
663
330
65C
100
AcDbEntity
  8
1
 62
    18
370
    35
100
AcDbLine
 10
152.108286
 20
126.681153
 30
0.0
 11
157.108286
 21
126.681153
 31
0.0
  0
ENDBLK
  5
664
330
65C
100
AcDbEntity
  8
0
100
AcDbBlockEnd
  0
BLOCK
  5
667
330
666
100
AcDbEntity
  8
0
100
AcDbBlockBegin
  2
CENTERLINE15
 70
     0
 10
0.0
 20
0.0
 30
0.0
  3
CENTERLINE15
  1

  0
LINE
  5
668
330
666
100
AcDbEntity
  8
1
 62
    18
370
    35
100
AcDbLine
 10
156.552686
 20
128.948753
 30
0.0
 11
156.552686
 21
131.948753
 31
0.0
  0
LINE
  5
669
330
666
100
AcDbEntity
  8
1
 62
    18
370
    35
100
AcDbLine
 10
156.552686
 20
127.448753
 30
0.0
 11
156.552686
 21
122.448753
 31
0.0
  0
LINE
  5
66A
330
666
100
AcDbEntity
  8
1
 62
    18
370
    35
100
AcDbLine
 10
156.552686
 20
133.448753
 30
0.0
 11
156.552686
 21
138.448753
 31
0.0
  0
LINE
  5
66B
330
666
100
AcDbEntity
  8
1
 62
    18
370
    35
100
AcDbLine
 10
153.552686
 20
130.448753
 30
0.0
 11
148.552686
 21
130.448753
 31
0.0
  0
LINE
  5
66C
330
666
100
AcDbEntity
  8
1
 62
    18
370
    35
100
AcDbLine
 10
155.052686
 20
130.448753
 30
0.0
 11
158.052686
 21
130.448753
 31
0.0
  0
LINE
  5
66D
330
666
100
AcDbEntity
  8
1
 62
    18
370
    35
100
AcDbLine
 10
159.552686
 20
130.448753
 30
0.0
 11
164.552686
 21
130.448753
 31
0.0
  0
ENDBLK
  5
66E
330
666
100
AcDbEntity
  8
0
100
AcDbBlockEnd
  0
BLOCK
  5
671
330
670
100
AcDbEntity
  8
0
100
AcDbBlockBegin
  2
CENTERLINE16
 70
     0
 10
0.0
 20
0.0
 30
0.0
  3
CENTERLINE16
  1

  0
LINE
  5
672
330
670
100
AcDbEntity
  8
1
 62
    18
370
    35
100
AcDbLine
 10
156.552686
 20
143.581153
 30
0.0
 11
156.552686
 21
146.581153
 31
0.0
  0
LINE
  5
673
330
670
100
AcDbEntity
  8
1
 62
    18
370
    35
100
AcDbLine
 10
156.552686
 20
142.081153
 30
0.0
 11
156.552686
 21
137.081153
 31
0.0
  0
LINE
  5
674
330
670
100
AcDbEntity
  8
1
 62
    18
370
    35
100
AcDbLine
 10
156.552686
 20
148.081153
 30
0.0
 11
156.552686
 21
153.081153
 31
0.0
  0
LINE
  5
675
330
670
100
AcDbEntity
  8
1
 62
    18
370
    35
100
AcDbLine
 10
153.552686
 20
145.081153
 30
0.0
 11
148.552686
 21
145.081153
 31
0.0
  0
LINE
  5
676
330
670
100
AcDbEntity
  8
1
 62
    18
370
    35
100
AcDbLine
 10
155.052686
 20
145.081153
 30
0.0
 11
158.052686
 21
145.081153
 31
0.0
  0
LINE
  5
677
330
670
100
AcDbEntity
  8
1
 62
    18
370
    35
100
AcDbLine
 10
159.552686
 20
145.081153
 30
0.0
 11
164.552686
 21
145.081153
 31
0.0
  0
ENDBLK
  5
678
330
670
100
AcDbEntity
  8
0
100
AcDbBlockEnd
  0
BLOCK
  5
69B
330
69A
100
AcDbEntity
  8
0
100
AcDbBlockBegin
  2
LABLE3D_1
 70
     0
 10
45.109196
 20
154.6284
 30
0.0
  3
LABLE3D_1
  1

  0
MTEXT
  5
69C
330
69A
100
AcDbEntity
  8
1
  6
Continuous
 62
    18
370
    18
100
AcDbMText
 10
42.049336
 20
152.745688
 30
0.0
 40
2.5
 41
0.0
 71
     7
 72
     5
  1
\fArial Unicode MS|b0|i0;\W1.0000;1
  7
Arial Unicode MS
 73
     2
 44
1.047437
  0
ENDBLK
  5
69D
330
69A
100
AcDbEntity
  8
0
100
AcDbBlockEnd
  0
BLOCK
  5
6A4
330
6A3
100
AcDbEntity
  8
0
100
AcDbBlockBegin
  2
LABLE3D_2
 70
     0
 10
43.88221
 20
129.965976
 30
0.0
  3
LABLE3D_2
  1

  0
MTEXT
  5
6A5
330
6A3
100
AcDbEntity
  8
1
  6
Continuous
 62
    18
370
    18
100
AcDbMText
 10
40.82235
 20
128.08838
 30
0.0
 40
2.5
 41
0.0
 71
     7
 72
     5
  1
\fArial Unicode MS|b0|i0;\W1.0000;4
  7
Arial Unicode MS
 73
     2
 44
1.047437
  0
ENDBLK
  5
6A6
330
6A3
100
AcDbEntity
  8
0
100
AcDbBlockEnd
  0
BLOCK
  5
6AD
330
6AC
100
AcDbEntity
  8
0
100
AcDbBlockBegin
  2
LABLE3D_3
 70
     0
 10
44.127607
 20
144.444414
 30
0.0
  3
LABLE3D_3
  1

  0
MTEXT
  5
6AE
330
6AC
100
AcDbEntity
  8
1
  6
Continuous
 62
    18
370
    18
100
AcDbMText
 10
41.067747
 20
142.561702
 30
0.0
 40
2.5
 41
0.0
 71
     7
 72
     5
  1
\fArial Unicode MS|b0|i0;\W1.0000;2
  7
Arial Unicode MS
 73
     2
 44
1.047437
  0
ENDBLK
  5
6AF
330
6AC
100
AcDbEntity
  8
0
100
AcDbBlockEnd
  0
BLOCK
  5
6B6
330
6B5
100
AcDbEntity
  8
0
100
AcDbBlockBegin
  2
LABLE3D_4
 70
     0
 10
43.759511
 20
136.7144
 30
0.0
  3
LABLE3D_4
  1

  0
MTEXT
  5
6B7
330
6B5
100
AcDbEntity
  8
1
  6
Continuous
 62
    18
370
    18
100
AcDbMText
 10
40.699651
 20
134.831688
 30
0.0
 40
2.5
 41
0.0
 71
     7
 72
     5
  1
\fArial Unicode MS|b0|i0;\W1.0000;3
  7
Arial Unicode MS
 73
     2
 44
1.047437
  0
ENDBLK
  5
6B8
330
6B5
100
AcDbEntity
  8
0
100
AcDbBlockEnd
  0
BLOCK
  5
6BF
330
6BE
100
AcDbEntity
  8
0
100
AcDbBlockBegin
  2
LABLE3D_5
 70
     0
 10
81.183687
 20
104.492591
 30
0.0
  3
LABLE3D_5
  1

  0
MTEXT
  5
6C0
330
6BE
100
AcDbEntity
  8
1
  6
Continuous
 62
    18
370
    18
100
AcDbMText
 10
76.181467
 20
102.609878
 30
0.0
 40
2.5
 41
0.0
 71
     7
 72
     5
  1
\fArial Unicode MS|b0|i0;\W1.0000;18
  7
Arial Unicode MS
 73
     2
 44
1.047437
  0
ENDBLK
  5
6C1
330
6BE
100
AcDbEntity
  8
0
100
AcDbBlockEnd
  0
BLOCK
  5
6C8
330
6C7
100
AcDbEntity
  8
0
100
AcDbBlockBegin
  2
LABLE3D_6
 70
     0
 10
61.278575
 20
177.011314
 30
0.0
  3
LABLE3D_6
  1

  0
MTEXT
  5
6C9
330
6C7
100
AcDbEntity
  8
1
  6
Continuous
 62
    18
370
    18
100
AcDbMText
 10
58.218715
 20
175.133717
 30
0.0
 40
2.5
 41
0.0
 71
     7
 72
     5
  1
\fArial Unicode MS|b0|i0;\W1.0000;5
  7
Arial Unicode MS
 73
     2
 44
1.047437
  0
ENDBLK
  5
6CA
330
6C7
100
AcDbEntity
  8
0
100
AcDbBlockEnd
  0
BLOCK
  5
6D1
330
6D0
100
AcDbEntity
  8
0
100
AcDbBlockBegin
  2
LABLE3D_7
 70
     0
 10
46.224987
 20
108.664344
 30
0.0
  3
LABLE3D_7
  1

  0
MTEXT
  5
6D2
330
6D0
100
AcDbEntity
  8
1
  6
Continuous
 62
    18
370
    18
100
AcDbMText
 10
43.165127
 20
106.781632
 30
0.0
 40
2.5
 41
0.0
 71
     7
 72
     5
  1
\fArial Unicode MS|b0|i0;\W1.0000;6
  7
Arial Unicode MS
 73
     2
 44
1.047437
  0
ENDBLK
  5
6D3
330
6D0
100
AcDbEntity
  8
0
100
AcDbBlockEnd
  0
BLOCK
  5
6DA
330
6D9
100
AcDbEntity
  8
0
100
AcDbBlockBegin
  2
LABLE3D_8
 70
     0
 10
129.85461
 20
176.888615
 30
0.0
  3
LABLE3D_8
  1

  0
MTEXT
  5
6DB
330
6D9
100
AcDbEntity
  8
1
  6
Continuous
 62
    18
370
    18
100
AcDbMText
 10
131.48711
 20
175.005903
 30
0.0
 40
2.5
 41
0.0
 71
     7
 72
     5
  1
\fArial Unicode MS|b0|i0;\W1.0000;11
  7
Arial Unicode MS
 73
     2
 44
1.047437
  0
ENDBLK
  5
6DC
330
6D9
100
AcDbEntity
  8
0
100
AcDbBlockEnd
  0
BLOCK
  5
6E3
330
6E2
100
AcDbEntity
  8
0
100
AcDbBlockBegin
  2
LABLE3D_9
 70
     0
 10
110.508659
 20
104.737988
 30
0.0
  3
LABLE3D_9
  1

  0
MTEXT
  5
6E4
330
6E2
100
AcDbEntity
  8
1
  6
Continuous
 62
    18
370
    18
100
AcDbMText
 10
105.506438
 20
102.855275
 30
0.0
 40
2.5
 41
0.0
 71
     7
 72
     5
  1
\fArial Unicode MS|b0|i0;\W1.0000;12
  7
Arial Unicode MS
 73
     2
 44
1.047437
  0
ENDBLK
  5
6E5
330
6E2
100
AcDbEntity
  8
0
100
AcDbBlockEnd
  0
BLOCK
  5
6EC
330
6EB
100
AcDbEntity
  8
0
100
AcDbBlockBegin
  2
LABLE3D_10
 70
     0
 10
81.623676
 20
139.247456
 30
0.0
  3
LABLE3D_10
  1

  0
MTEXT
  5
6ED
330
6EB
100
AcDbEntity
  8
1
  6
Continuous
 62
    18
370
    18
100
AcDbMText
 10
76.621456
 20
137.364744
 30
0.0
 40
2.5
 41
0.0
 71
     7
 72
     5
  1
\fArial Unicode MS|b0|i0;\W1.0000;15
  7
Arial Unicode MS
 73
     2
 44
1.047437
  0
ENDBLK
  5
6EE
330
6EB
100
AcDbEntity
  8
0
100
AcDbBlockEnd
  0
BLOCK
  5
6F6
330
6F5
100
AcDbEntity
  8
0
100
AcDbBlockBegin
  2
LABLE3D_11
 70
     0
 10
174.374844
 20
143.419209
 30
0.0
  3
LABLE3D_11
  1

  0
MTEXT
  5
6F7
330
6F5
100
AcDbEntity
  8
1
  6
Continuous
 62
    18
370
    18
100
AcDbMText
 10
176.007344
 20
141.536497
 30
0.0
 40
2.5
 41
0.0
 71
     7
 72
     5
  1
\fArial Unicode MS|b0|i0;\W1.0000;20
  7
Arial Unicode MS
 73
     2
 44
1.047437
  0
ENDBLK
  5
6F8
330
6F5
100
AcDbEntity
  8
0
100
AcDbBlockEnd
  0
BLOCK
  5
6FF
330
6FE
100
AcDbEntity
  8
0
100
AcDbBlockBegin
  2
LABLE3D_12
 70
     0
 10
174.735271
 20
132.199954
 30
0.0
  3
LABLE3D_12
  1

  0
MTEXT
  5
700
330
6FE
100
AcDbEntity
  8
1
  6
Continuous
 62
    18
370
    18
100
AcDbMText
 10
176.367771
 20
130.317241
 30
0.0
 40
2.5
 41
0.0
 71
     7
 72
     5
  1
\fArial Unicode MS|b0|i0;\W1.0000;21
  7
Arial Unicode MS
 73
     2
 44
1.047437
  0
ENDBLK
  5
701
330
6FE
100
AcDbEntity
  8
0
100
AcDbBlockEnd
  0
BLOCK
  5
708
330
707
100
AcDbEntity
  8
0
100
AcDbBlockBegin
  2
LABLE3D_13
 70
     0
 10
81.623676
 20
155.320976
 30
0.0
  3
LABLE3D_13
  1

  0
MTEXT
  5
709
330
707
100
AcDbEntity
  8
1
  6
Continuous
 62
    18
370
    35
100
AcDbMText
 10
76.621456
 20
153.438264
 30
0.0
 40
2.5
 41
0.0
 71
     7
 72
     5
  1
\fArial Unicode MS|b0|i0;\W1.0000;13
  7
Arial Unicode MS
 73
     2
 44
1.047437
  0
ENDBLK
  5
70A
330
707
100
AcDbEntity
  8
0
100
AcDbBlockEnd
  0
BLOCK
  5
711
330
710
100
AcDbEntity
  8
0
100
AcDbBlockBegin
  2
LABLE3D_14
 70
     0
 10
86.912179
 20
176.275122
 30
0.0
  3
LABLE3D_14
  1

  0
MTEXT
  5
712
330
710
100
AcDbEntity
  8
1
  6
Continuous
 62
    18
370
    18
100
AcDbMText
 10
81.909959
 20
174.39241
 30
0.0
 40
2.5
 41
0.0
 71
     7
 72
     5
  1
\fArial Unicode MS|b0|i0;\W1.0000;17
  7
Arial Unicode MS
 73
     2
 44
1.047437
  0
ENDBLK
  5
713
330
710
100
AcDbEntity
  8
0
100
AcDbBlockEnd
  0
BLOCK
  5
71A
330
719
100
AcDbEntity
  8
0
100
AcDbBlockBegin
  2
LABLE3D_15
 70
     0
 10
81.255581
 20
147.100168
 30
0.0
  3
LABLE3D_15
  1

  0
MTEXT
  5
71B
330
719
100
AcDbEntity
  8
1
  6
Continuous
 62
    18
370
    18
100
AcDbMText
 10
76.25336
 20
145.217456
 30
0.0
 40
2.5
 41
0.0
 71
     7
 72
     5
  1
\fArial Unicode MS|b0|i0;\W1.0000;14
  7
Arial Unicode MS
 73
     2
 44
1.047437
  0
ENDBLK
  5
71C
330
719
100
AcDbEntity
  8
0
100
AcDbBlockEnd
  0
BLOCK
  5
723
330
722
100
AcDbEntity
  8
0
100
AcDbBlockBegin
  2
LABLE3D_16
 70
     0
 10
174.428525
 20
158.733532
 30
0.0
  3
LABLE3D_16
  1

  0
MTEXT
  5
724
330
722
100
AcDbEntity
  8
1
  6
Continuous
 62
    18
370
    18
100
AcDbMText
 10
176.061025
 20
156.850819
 30
0.0
 40
2.5
 41
0.0
 71
     7
 72
     5
  1
\fArial Unicode MS|b0|i0;\W1.0000;19
  7
Arial Unicode MS
 73
     2
 44
1.047437
  0
ENDBLK
  5
725
330
722
100
AcDbEntity
  8
0
100
AcDbBlockEnd
  0
BLOCK
  5
72C
330
72B
100
AcDbEntity
  8
0
100
AcDbBlockBegin
  2
LABLE3D_17
 70
     0
 10
110.100167
 20
153.480497
 30
0.0
  3
LABLE3D_17
  1

  0
MTEXT
  5
72D
330
72B
100
AcDbEntity
  8
1
  6
Continuous
 62
    18
370
    18
100
AcDbMText
 10
107.040307
 20
151.6029
 30
0.0
 40
2.5
 41
0.0
 71
     7
 72
     5
  1
\fArial Unicode MS|b0|i0;\W1.0000;7
  7
Arial Unicode MS
 73
     2
 44
1.047437
  0
ENDBLK
  5
72E
330
72B
100
AcDbEntity
  8
0
100
AcDbBlockEnd
  0
BLOCK
  5
735
330
734
100
AcDbEntity
  8
0
100
AcDbBlockBegin
  2
LABLE3D_18
 70
     0
 10
110.222866
 20
146.609374
 30
0.0
  3
LABLE3D_18
  1

  0
MTEXT
  5
736
330
734
100
AcDbEntity
  8
1
  6
Continuous
 62
    18
370
    18
100
AcDbMText
 10
107.163005
 20
144.726661
 30
0.0
 40
2.5
 41
0.0
 71
     7
 72
     5
  1
\fArial Unicode MS|b0|i0;\W1.0000;8
  7
Arial Unicode MS
 73
     2
 44
1.047437
  0
ENDBLK
  5
737
330
734
100
AcDbEntity
  8
0
100
AcDbBlockEnd
  0
BLOCK
  5
73E
330
73D
100
AcDbEntity
  8
0
100
AcDbBlockBegin
  2
LABLE3D_19
 70
     0
 10
142.076236
 20
104.327714
 30
0.0
  3
LABLE3D_19
  1

  0
MTEXT
  5
73F
330
73D
100
AcDbEntity
  8
1
  6
Continuous
 62
    18
370
    18
100
AcDbMText
 10
137.074015
 20
102.445002
 30
0.0
 40
2.5
 41
0.0
 71
     7
 72
     5
  1
\fArial Unicode MS|b0|i0;\W1.0000;24
  7
Arial Unicode MS
 73
     2
 44
1.047437
  0
ENDBLK
  5
740
330
73D
100
AcDbEntity
  8
0
100
AcDbBlockEnd
  0
BLOCK
  5
747
330
746
100
AcDbEntity
  8
0
100
AcDbBlockBegin
  2
LABLE3D_20
 70
     0
 10
110.100167
 20
137.038881
 30
0.0
  3
LABLE3D_20
  1

  0
MTEXT
  5
748
330
746
100
AcDbEntity
  8
1
  6
Continuous
 62
    18
370
    18
100
AcDbMText
 10
107.040307
 20
135.156168
 30
0.0
 40
2.5
 41
0.0
 71
     7
 72
     5
  1
\fArial Unicode MS|b0|i0;\W1.0000;9
  7
Arial Unicode MS
 73
     2
 44
1.047437
  0
ENDBLK
  5
749
330
746
100
AcDbEntity
  8
0
100
AcDbBlockEnd
  0
BLOCK
  5
750
330
74F
100
AcDbEntity
  8
0
100
AcDbBlockBegin
  2
LABLE3D_21
 70
     0
 10
111.071347
 20
130.045059
 30
0.0
  3
LABLE3D_21
  1

  0
MTEXT
  5
751
330
74F
100
AcDbEntity
  8
1
  6
Continuous
 62
    18
370
    18
100
AcDbMText
 10
106.069127
 20
128.162347
 30
0.0
 40
2.5
 41
0.0
 71
     7
 72
     5
  1
\fArial Unicode MS|b0|i0;\W1.0000;10
  7
Arial Unicode MS
 73
     2
 44
1.047437
  0
ENDBLK
  5
752
330
74F
100
AcDbEntity
  8
0
100
AcDbBlockEnd
  0
BLOCK
  5
759
330
758
100
AcDbEntity
  8
0
100
AcDbBlockBegin
  2
LABLE3D_22
 70
     0
 10
174.121778
 20
123.917796
 30
0.0
  3
LABLE3D_22
  1

  0
MTEXT
  5
75A
330
758
100
AcDbEntity
  8
1
  6
Continuous
 62
    18
370
    18
100
AcDbMText
 10
175.754278
 20
122.035084
 30
0.0
 40
2.5
 41
0.0
 71
     7
 72
     5
  1
\fArial Unicode MS|b0|i0;\W1.0000;22
  7
Arial Unicode MS
 73
     2
 44
1.047437
  0
ENDBLK
  5
75B
330
758
100
AcDbEntity
  8
0
100
AcDbBlockEnd
  0
BLOCK
  5
762
330
761
100
AcDbEntity
  8
0
100
AcDbBlockBegin
  2
LABLE3D_23
 70
     0
 10
157.086799
 20
176.275122
 30
0.0
  3
LABLE3D_23
  1

  0
MTEXT
  5
763
330
761
100
AcDbEntity
  8
1
  6
Continuous
 62
    18
370
    18
100
AcDbMText
 10
158.719299
 20
174.39241
 30
0.0
 40
2.5
 41
0.0
 71
     7
 72
     5
  1
\fArial Unicode MS|b0|i0;\W1.0000;23
  7
Arial Unicode MS
 73
     2
 44
1.047437
  0
ENDBLK
  5
764
330
761
100
AcDbEntity
  8
0
100
AcDbBlockEnd
  0
BLOCK
  5
76B
330
76A
100
AcDbEntity
  8
0
100
AcDbBlockBegin
  2
LABLE3D_24
 70
     0
 10
81.378279
 20
131.640141
 30
0.0
  3
LABLE3D_24
  1

  0
MTEXT
  5
76C
330
76A
100
AcDbEntity
  8
1
  6
Continuous
 62
    18
370
    18
100
AcDbMText
 10
76.376059
 20
129.757429
 30
0.0
 40
2.5
 41
0.0
 71
     7
 72
     5
  1
\fArial Unicode MS|b0|i0;\W1.0000;16
  7
Arial Unicode MS
 73
     2
 44
1.047437
  0
ENDBLK
  5
76D
330
76A
100
AcDbEntity
  8
0
100
AcDbBlockEnd
  0
BLOCK
  5
770
330
76F
100
AcDbEntity
  8
0
100
AcDbBlockBegin
  2
_U0
 70
     0
 10
0.0
 20
0.0
 30
0.0
  3
_U0
  1

  0
MTEXT
  5
771
330
76F
100
AcDbEntity
  8
1
  6
Continuous
 62
    18
370
    13
100
AcDbMText
 10
36.995786
 20
95.752518
 30
0.0
 40
3.5
 41
0.0
 71
     7
 72
     5
  1
\fArial Unicode MS|b0|i0;\W1.0000;
  7
Arial Unicode MS
 73
     2
 44
1.047437
  0
MTEXT
  5
772
330
76F
100
AcDbEntity
  8
1
  6
Continuous
 62
    18
370
    13
100
AcDbMText
 10
38.039083
 20
83.023258
 30
0.0
 40
3.5
 41
0.0
 71
     7
 72
     5
  1
\fArial Unicode MS|b0|i0;\W1.0000;0
  7
Arial Unicode MS
 11
5.053215498074303E-16
 21
1.0
 31
0.0
 73
     2
 44
1.047437
  0
MTEXT
  5
773
330
76F
100
AcDbEntity
  8
1
  6
Continuous
 62
    18
370
    13
100
AcDbMText
 10
22.082163
 20
99.245356
 30
0.0
 40
3.5
 41
0.0
 71
     7
 72
     5
  1
\fArial Unicode MS|b0|i0;\W1.0000;0
  7
Arial Unicode MS
 73
     2
 44
1.047437
  0
ENDBLK
  5
774
330
76F
100
AcDbEntity
  8
0
100
AcDbBlockEnd
  0
BLOCK
  5
779
330
778
100
AcDbEntity
  8
0
100
AcDbBlockBegin
  2
_U1
 70
     0
 10
0.0
 20
0.0
 30
0.0
  3
_U1
  1

  0
LINE
  5
77A
330
778
100
AcDbEntity
  8
1
  6
Continuous
 62
    18
370
    35
100
AcDbLine
 10
92.530143
 20
50.940577
 30
0.0
 11
92.530143
 21
43.512046
 31
0.0
  0
MTEXT
  5
77B
330
778
100
AcDbEntity
  8
1
 62
    18
370
    13
100
AcDbMText
 10
92.530143
 20
41.345379
 30
0.0
 40
1.75
 41
0.0
 71
     5
 72
     1
  1
\A1;\fArial Unicode MS|b0|i0;\C18;75
  7
Arial Unicode MS
 11
0.0
 21
1.0
 31
0.0
 73
     1
 44
1.0
  0
POINT
  5
77C
330
778
100
AcDbEntity
  8
Defpoints
 62
     0
100
AcDbPoint
 10
92.530143
 20
50.940577
 30
0.0
  0
POINT
  5
77D
330
778
100
AcDbEntity
  8
Defpoints
 62
     0
100
AcDbPoint
 10
92.530143
 20
43.512046
 30
0.0
  0
POINT
  5
77E
330
778
100
AcDbEntity
  8
Defpoints
 62
     0
100
AcDbPoint
 10
17.530143
 20
50.940577
 30
0.0
  0
ENDBLK
  5
780
330
778
100
AcDbEntity
  8
0
100
AcDbBlockEnd
  0
BLOCK
  5
785
330
784
100
AcDbEntity
  8
0
100
AcDbBlockBegin
  2
_U2
 70
     0
 10
0.0
 20
0.0
 30
0.0
  3
_U2
  1

  0
LINE
  5
786
330
784
100
AcDbEntity
  8
1
  6
Continuous
 62
    18
370
    35
100
AcDbLine
 10
28.030143
 20
52.940577
 30
0.0
 11
12.873991
 21
52.940577
 31
0.0
  0
MTEXT
  5
787
330
784
100
AcDbEntity
  8
1
 62
    18
370
    13
100
AcDbMText
 10
11.540658
 20
52.940577
 30
0.0
 40
1.75
 41
0.0
 71
     5
 72
     1
  1
\A1;\fArial Unicode MS|b0|i0;\C18;2
  7
Arial Unicode MS
 73
     1
 44
1.0
  0
POINT
  5
788
330
784
100
AcDbEntity
  8
Defpoints
 62
     0
100
AcDbPoint
 10
28.030143
 20
52.940577
 30
0.0
  0
POINT
  5
789
330
784
100
AcDbEntity
  8
Defpoints
 62
     0
100
AcDbPoint
 10
12.873991
 20
52.940577
 30
0.0
  0
POINT
  5
78A
330
784
100
AcDbEntity
  8
Defpoints
 62
     0
100
AcDbPoint
 10
17.530143
 20
50.940577
 30
0.0
  0
ENDBLK
  5
78C
330
784
100
AcDbEntity
  8
0
100
AcDbBlockEnd
  0
BLOCK
  5
791
330
790
100
AcDbEntity
  8
0
100
AcDbBlockBegin
  2
_U3
 70
     0
 10
0.0
 20
0.0
 30
0.0
  3
_U3
  1

  0
LINE
  5
792
330
790
100
AcDbEntity
  8
1
  6
Continuous
 62
    18
370
    35
100
AcDbLine
 10
57.530143
 20
55.521077
 30
0.0
 11
57.530143
 21
43.512046
 31
0.0
  0
MTEXT
  5
793
330
790
100
AcDbEntity
  8
1
 62
    18
370
    13
100
AcDbMText
 10
57.530143
 20
41.345379
 30
0.0
 40
1.75
 41
0.0
 71
     5
 72
     1
  1
\A1;\fArial Unicode MS|b0|i0;\C18;40
  7
Arial Unicode MS
 11
0.0
 21
1.0
 31
0.0
 73
     1
 44
1.0
  0
POINT
  5
794
330
790
100
AcDbEntity
  8
Defpoints
 62
     0
100
AcDbPoint
 10
57.530143
 20
55.521077
 30
0.0
  0
POINT
  5
795
330
790
100
AcDbEntity
  8
Defpoints
 62
     0
100
AcDbPoint
 10
57.530143
 20
43.512046
 30
0.0
  0
POINT
  5
796
330
790
100
AcDbEntity
  8
Defpoints
 62
     0
100
AcDbPoint
 10
17.530143
 20
50.940577
 30
0.0
  0
ENDBLK
  5
798
330
790
100
AcDbEntity
  8
0
100
AcDbBlockEnd
  0
BLOCK
  5
79D
330
79C
100
AcDbEntity
  8
0
100
AcDbBlockBegin
  2
_U4
 70
     0
 10
0.0
 20
0.0
 30
0.0
  3
_U4
  1

  0
LINE
  5
79E
330
79C
100
AcDbEntity
  8
1
  6
Continuous
 62
    18
370
    35
100
AcDbLine
 10
27.530143
 20
53.440577
 30
0.0
 11
27.530143
 21
43.387046
 31
0.0
  0
MTEXT
  5
79F
330
79C
100
AcDbEntity
  8
1
 62
    18
370
    13
100
AcDbMText
 10
27.530143
 20
41.345379
 30
0.0
 40
1.75
 41
0.0
 71
     5
 72
     1
  1
\A1;\fArial Unicode MS|b0|i0;\C18;10
  7
Arial Unicode MS
 11
0.0
 21
1.0
 31
0.0
 73
     1
 44
1.0
  0
POINT
  5
7A0
330
79C
100
AcDbEntity
  8
Defpoints
 62
     0
100
AcDbPoint
 10
27.530143
 20
53.440577
 30
0.0
  0
POINT
  5
7A1
330
79C
100
AcDbEntity
  8
Defpoints
 62
     0
100
AcDbPoint
 10
27.530143
 20
43.387046
 30
0.0
  0
POINT
  5
7A2
330
79C
100
AcDbEntity
  8
Defpoints
 62
     0
100
AcDbPoint
 10
17.530143
 20
50.940577
 30
0.0
  0
ENDBLK
  5
7A4
330
79C
100
AcDbEntity
  8
0
100
AcDbBlockEnd
  0
BLOCK
  5
7A9
330
7A8
100
AcDbEntity
  8
0
100
AcDbBlockBegin
  2
_U5
 70
     0
 10
0.0
 20
0.0
 30
0.0
  3
_U5
  1

  0
LINE
  5
7AA
330
7A8
100
AcDbEntity
  8
1
  6
Continuous
 62
    18
370
    35
100
AcDbLine
 10
32.530143
 20
82.940577
 30
0.0
 11
13.027498
 21
82.940577
 31
0.0
  0
MTEXT
  5
7AB
330
7A8
100
AcDbEntity
  8
1
 62
    18
370
    13
100
AcDbMText
 10
10.860831
 20
82.940577
 30
0.0
 40
1.75
 41
0.0
 71
     5
 72
     1
  1
\A1;\fArial Unicode MS|b0|i0;\C18;32
  7
Arial Unicode MS
 73
     1
 44
1.0
  0
POINT
  5
7AC
330
7A8
100
AcDbEntity
  8
Defpoints
 62
     0
100
AcDbPoint
 10
32.530143
 20
82.940577
 30
0.0
  0
POINT
  5
7AD
330
7A8
100
AcDbEntity
  8
Defpoints
 62
     0
100
AcDbPoint
 10
13.027498
 20
82.940577
 30
0.0
  0
POINT
  5
7AE
330
7A8
100
AcDbEntity
  8
Defpoints
 62
     0
100
AcDbPoint
 10
17.530143
 20
50.940577
 30
0.0
  0
ENDBLK
  5
7B0
330
7A8
100
AcDbEntity
  8
0
100
AcDbBlockEnd
  0
BLOCK
  5
7B5
330
7B4
100
AcDbEntity
  8
0
100
AcDbBlockBegin
  2
_U6
 70
     0
 10
0.0
 20
0.0
 30
0.0
  3
_U6
  1

  0
LINE
  5
7B6
330
7B4
100
AcDbEntity
  8
1
  6
Continuous
 62
    18
370
    35
100
AcDbLine
 10
42.530143
 20
55.521077
 30
0.0
 11
42.530143
 21
43.512046
 31
0.0
  0
MTEXT
  5
7B7
330
7B4
100
AcDbEntity
  8
1
 62
    18
370
    13
100
AcDbMText
 10
42.530143
 20
41.345379
 30
0.0
 40
1.75
 41
0.0
 71
     5
 72
     1
  1
\A1;\fArial Unicode MS|b0|i0;\C18;25
  7
Arial Unicode MS
 11
0.0
 21
1.0
 31
0.0
 73
     1
 44
1.0
  0
POINT
  5
7B8
330
7B4
100
AcDbEntity
  8
Defpoints
 62
     0
100
AcDbPoint
 10
42.530143
 20
55.521077
 30
0.0
  0
POINT
  5
7B9
330
7B4
100
AcDbEntity
  8
Defpoints
 62
     0
100
AcDbPoint
 10
42.530143
 20
43.512046
 30
0.0
  0
POINT
  5
7BA
330
7B4
100
AcDbEntity
  8
Defpoints
 62
     0
100
AcDbPoint
 10
17.530143
 20
50.940577
 30
0.0
  0
ENDBLK
  5
7BC
330
7B4
100
AcDbEntity
  8
0
100
AcDbBlockEnd
  0
BLOCK
  5
7C1
330
7C0
100
AcDbEntity
  8
0
100
AcDbBlockBegin
  2
_U7
 70
     0
 10
0.0
 20
0.0
 30
0.0
  3
_U7
  1

  0
LINE
  5
7C2
330
7C0
100
AcDbEntity
  8
1
  6
Continuous
 62
    18
370
    35
100
AcDbLine
 10
17.530143
 20
95.940577
 30
0.0
 11
13.027498
 21
95.940577
 31
0.0
  0
MTEXT
  5
7C3
330
7C0
100
AcDbEntity
  8
1
 62
    18
370
    13
100
AcDbMText
 10
10.860831
 20
95.940577
 30
0.0
 40
1.75
 41
0.0
 71
     5
 72
     1
  1
\A1;\fArial Unicode MS|b0|i0;\C18;45
  7
Arial Unicode MS
 73
     1
 44
1.0
  0
POINT
  5
7C4
330
7C0
100
AcDbEntity
  8
Defpoints
 62
     0
100
AcDbPoint
 10
17.530143
 20
95.940577
 30
0.0
  0
POINT
  5
7C5
330
7C0
100
AcDbEntity
  8
Defpoints
 62
     0
100
AcDbPoint
 10
13.027498
 20
95.940577
 30
0.0
  0
POINT
  5
7C6
330
7C0
100
AcDbEntity
  8
Defpoints
 62
     0
100
AcDbPoint
 10
17.530143
 20
50.940577
 30
0.0
  0
ENDBLK
  5
7C8
330
7C0
100
AcDbEntity
  8
0
100
AcDbBlockEnd
  0
BLOCK
  5
7CD
330
7CC
100
AcDbEntity
  8
0
100
AcDbBlockBegin
  2
_U8
 70
     0
 10
0.0
 20
0.0
 30
0.0
  3
_U8
  1

  0
LINE
  5
7CE
330
7CC
100
AcDbEntity
  8
1
  6
Continuous
 62
    18
370
    35
100
AcDbLine
 10
72.530143
 20
55.521077
 30
0.0
 11
72.530143
 21
43.512046
 31
0.0
  0
MTEXT
  5
7CF
330
7CC
100
AcDbEntity
  8
1
 62
    18
370
    13
100
AcDbMText
 10
72.530143
 20
41.345379
 30
0.0
 40
1.75
 41
0.0
 71
     5
 72
     1
  1
\A1;\fArial Unicode MS|b0|i0;\C18;55
  7
Arial Unicode MS
 11
0.0
 21
1.0
 31
0.0
 73
     1
 44
1.0
  0
POINT
  5
7D0
330
7CC
100
AcDbEntity
  8
Defpoints
 62
     0
100
AcDbPoint
 10
72.530143
 20
55.521077
 30
0.0
  0
POINT
  5
7D1
330
7CC
100
AcDbEntity
  8
Defpoints
 62
     0
100
AcDbPoint
 10
72.530143
 20
43.512046
 30
0.0
  0
POINT
  5
7D2
330
7CC
100
AcDbEntity
  8
Defpoints
 62
     0
100
AcDbPoint
 10
17.530143
 20
50.940577
 30
0.0
  0
ENDBLK
  5
7D4
330
7CC
100
AcDbEntity
  8
0
100
AcDbBlockEnd
  0
BLOCK
  5
7D9
330
7D8
100
AcDbEntity
  8
0
100
AcDbBlockBegin
  2
_U9
 70
     0
 10
0.0
 20
0.0
 30
0.0
  3
_U9
  1

  0
LINE
  5
7DA
330
7D8
100
AcDbEntity
  8
1
  6
Continuous
 62
    18
370
    35
100
AcDbLine
 10
52.530143
 20
79.625426
 30
0.0
 11
52.530143
 21
86.958934
 31
0.0
  0
LINE
  5
7DB
330
7D8
100
AcDbEntity
  8
1
  6
Continuous
 62
    18
370
    35
100
AcDbLine
 10
57.530143
 20
79.360077
 30
0.0
 11
57.530143
 21
86.958934
 31
0.0
  0
LINE
  5
7DC
330
7D8
100
AcDbEntity
  8
1
  6
Continuous
 62
    18
370
    35
100
AcDbLine
 10
57.530143
 20
85.958934
 30
0.0
 11
66.405143
 21
85.958934
 31
0.0
  0
LINE
  5
7DD
330
7D8
100
AcDbEntity
  8
1
  6
Continuous
 62
    18
370
    35
100
AcDbLine
 10
52.530143
 20
85.958934
 30
0.0
 11
57.530143
 21
85.958934
 31
0.0
  0
LINE
  5
7DE
330
7D8
100
AcDbEntity
  8
1
  6
Continuous
 62
    18
370
    35
100
AcDbLine
 10
50.780143
 20
85.958934
 30
0.0
 11
49.030143
 21
85.958934
 31
0.0
  0
LINE
  5
7DF
330
7D8
100
AcDbEntity
  8
1
  6
Continuous
 62
    18
370
    35
100
AcDbLine
 10
59.280143
 20
85.958934
 30
0.0
 11
61.030143
 21
85.958934
 31
0.0
  0
SOLID
  5
AD2
330
7D8
100
AcDbEntity
  8
1
 62
    18
100
AcDbTrace
 10
50.780143
 20
85.667268
 30
0.0
 11
50.780143
 21
86.250601
 31
0.0
 12
52.530143
 22
85.958934
 32
0.0
 13
52.530143
 23
85.958934
 33
0.0
  0
SOLID
  5
AD3
330
7D8
100
AcDbEntity
  8
1
 62
    18
100
AcDbTrace
 10
59.280143
 20
86.250601
 30
0.0
 11
59.280143
 21
85.667268
 31
0.0
 12
57.530143
 22
85.958934
 32
0.0
 13
57.530143
 23
85.958934
 33
0.0
  0
MTEXT
  5
AD4
330
7D8
100
AcDbEntity
  8
1
 62
    18
370
    13
100
AcDbMText
 10
64.363476
 20
88.583934
 30
0.0
 40
1.75
 41
0.0
 71
     1
 72
     1
  1
\A1;5
  7
Arial Unicode MS
 73
     1
 44
1.0
  0
POINT
  5
AD5
330
7D8
100
AcDbEntity
  8
Defpoints
 62
     0
100
AcDbPoint
 10
52.530143
 20
79.625426
 30
0.0
  0
POINT
  5
AD6
330
7D8
100
AcDbEntity
  8
Defpoints
 62
     0
100
AcDbPoint
 10
57.530143
 20
79.360077
 30
0.0
  0
POINT
  5
AD7
330
7D8
100
AcDbEntity
  8
Defpoints
 62
     0
100
AcDbPoint
 10
57.530143
 20
85.958934
 30
0.0
  0
ENDBLK
  5
7E0
330
7D8
100
AcDbEntity
  8
0
100
AcDbBlockEnd
  0
BLOCK
  5
7E3
330
7E2
100
AcDbEntity
  8
0
100
AcDbBlockBegin
  2
TabularNote1
 70
     0
 10
0.0
 20
0.0
 30
0.0
  3
TabularNote1
  1

  0
LINE
  5
7E4
330
7E2
100
AcDbEntity
  8
1
  6
Continuous
 62
     6
370
    13
100
AcDbLine
 10
0.0
 20
0.0
 30
0.0
 11
50.0
 21
0.0
 31
0.0
  0
LINE
  5
7E5
330
7E2
100
AcDbEntity
  8
1
  6
Continuous
 62
     6
370
    13
100
AcDbLine
 10
0.0
 20
0.0
 30
0.0
 11
0.0
 21
-5.044338
 31
0.0
  0
LINE
  5
7E6
330
7E2
100
AcDbEntity
  8
1
  6
Continuous
 62
     6
370
    18
100
AcDbLine
 10
0.0
 20
-5.044338
 30
0.0
 11
50.0
 21
-5.044338
 31
0.0
  0
MTEXT
  5
7E7
330
7E2
100
AcDbEntity
  8
1
  6
Continuous
 62
    18
370
    13
100
AcDbMText
 10
1.275
 20
-2.522169
 30
0.0
 40
2.5
 41
0.0
 71
     4
 72
     5
  1
\fArial Unicode MS|b0|i0;\W1.0000;Hole Table: Top@2
  7
Arial Unicode MS
 73
     2
 44
1.047437
  0
LINE
  5
7E8
330
7E2
100
AcDbEntity
  8
1
  6
Continuous
 62
     6
370
    13
100
AcDbLine
 10
50.0
 20
0.0
 30
0.0
 11
100.0
 21
0.0
 31
0.0
  0
LINE
  5
7E9
330
7E2
100
AcDbEntity
  8
1
  6
Continuous
 62
     6
370
    18
100
AcDbLine
 10
50.0
 20
-5.044338
 30
0.0
 11
100.0
 21
-5.044338
 31
0.0
  0
LINE
  5
7EA
330
7E2
100
AcDbEntity
  8
1
  6
Continuous
 62
     6
370
    13
100
AcDbLine
 10
100.0
 20
0.0
 30
0.0
 11
150.0
 21
0.0
 31
0.0
  0
LINE
  5
7EB
330
7E2
100
AcDbEntity
  8
1
  6
Continuous
 62
     6
370
    18
100
AcDbLine
 10
100.0
 20
-5.044338
 30
0.0
 11
150.0
 21
-5.044338
 31
0.0
  0
LINE
  5
7EC
330
7E2
100
AcDbEntity
  8
1
  6
Continuous
 62
     6
370
    18
100
AcDbLine
 10
150.0
 20
0.0
 30
0.0
 11
150.0
 21
-5.044338
 31
0.0
  0
LINE
  5
7ED
330
7E2
100
AcDbEntity
  8
1
  6
Continuous
 62
     6
370
    13
100
AcDbLine
 10
0.0
 20
-5.044338
 30
0.0
 11
0.0
 21
-10.044338
 31
0.0
  0
LINE
  5
7EE
330
7E2
100
AcDbEntity
  8
1
  6
Continuous
 62
     6
370
    18
100
AcDbLine
 10
0.0
 20
-10.044338
 30
0.0
 11
50.0
 21
-10.044338
 31
0.0
  0
LINE
  5
7EF
330
7E2
100
AcDbEntity
  8
1
  6
Continuous
 62
     6
370
    18
100
AcDbLine
 10
50.0
 20
-5.044338
 30
0.0
 11
50.0
 21
-10.044338
 31
0.0
  0
MTEXT
  5
7F0
330
7E2
100
AcDbEntity
  8
1
  6
Continuous
 62
    18
370
    13
100
AcDbMText
 10
1.275
 20
-7.544338
 30
0.0
 40
2.5
 41
0.0
 71
     4
 72
     5
  1
\fArial Unicode MS|b0|i0;\W1.0000;Hole No.
  7
Arial Unicode MS
 73
     2
 44
1.047437
  0
LINE
  5
7F1
330
7E2
100
AcDbEntity
  8
1
  6
Continuous
 62
     6
370
    18
100
AcDbLine
 10
50.0
 20
-10.044338
 30
0.0
 11
100.0
 21
-10.044338
 31
0.0
  0
LINE
  5
7F2
330
7E2
100
AcDbEntity
  8
1
  6
Continuous
 62
     6
370
    18
100
AcDbLine
 10
100.0
 20
-5.044338
 30
0.0
 11
100.0
 21
-10.044338
 31
0.0
  0
MTEXT
  5
7F3
330
7E2
100
AcDbEntity
  8
1
  6
Continuous
 62
    18
370
    13
100
AcDbMText
 10
51.275
 20
-7.544338
 30
0.0
 40
2.5
 41
0.0
 71
     4
 72
     5
  1
\fArial Unicode MS|b0|i0;\W1.0000;X
  7
Arial Unicode MS
 73
     2
 44
1.047437
  0
LINE
  5
7F4
330
7E2
100
AcDbEntity
  8
1
  6
Continuous
 62
     6
370
    18
100
AcDbLine
 10
100.0
 20
-10.044338
 30
0.0
 11
150.0
 21
-10.044338
 31
0.0
  0
LINE
  5
7F5
330
7E2
100
AcDbEntity
  8
1
  6
Continuous
 62
     6
370
    18
100
AcDbLine
 10
150.0
 20
-5.044338
 30
0.0
 11
150.0
 21
-10.044338
 31
0.0
  0
MTEXT
  5
7F6
330
7E2
100
AcDbEntity
  8
1
  6
Continuous
 62
    18
370
    13
100
AcDbMText
 10
101.275
 20
-7.544338
 30
0.0
 40
2.5
 41
0.0
 71
     4
 72
     5
  1
\fArial Unicode MS|b0|i0;\W1.0000;Y
  7
Arial Unicode MS
 73
     2
 44
1.047437
  0
LINE
  5
7F7
330
7E2
100
AcDbEntity
  8
1
  6
Continuous
 62
     6
370
    13
100
AcDbLine
 10
0.0
 20
-10.044338
 30
0.0
 11
0.0
 21
-15.05457
 31
0.0
  0
LINE
  5
7F8
330
7E2
100
AcDbEntity
  8
1
  6
Continuous
 62
     6
370
    18
100
AcDbLine
 10
0.0
 20
-15.05457
 30
0.0
 11
50.0
 21
-15.05457
 31
0.0
  0
MTEXT
  5
7F9
330
7E2
100
AcDbEntity
  8
1
  6
Continuous
 62
    18
370
    13
100
AcDbMText
 10
1.275
 20
-12.549454
 30
0.0
 40
2.5
 41
0.0
 71
     4
 72
     5
  1
\fArial Unicode MS|b0|i0;\W1.0000;Part : 7318321_041576863_01 - Body : 041576863_01
  7
Arial Unicode MS
 73
     2
 44
1.047437
  0
LINE
  5
7FA
330
7E2
100
AcDbEntity
  8
1
  6
Continuous
 62
     6
370
    18
100
AcDbLine
 10
50.0
 20
-15.05457
 30
0.0
 11
100.0
 21
-15.05457
 31
0.0
  0
LINE
  5
7FB
330
7E2
100
AcDbEntity
  8
1
  6
Continuous
 62
     6
370
    18
100
AcDbLine
 10
100.0
 20
-15.05457
 30
0.0
 11
150.0
 21
-15.05457
 31
0.0
  0
LINE
  5
7FC
330
7E2
100
AcDbEntity
  8
1
  6
Continuous
 62
     6
370
    18
100
AcDbLine
 10
150.0
 20
-10.044338
 30
0.0
 11
150.0
 21
-15.05457
 31
0.0
  0
LINE
  5
7FD
330
7E2
100
AcDbEntity
  8
1
  6
Continuous
 62
     6
370
    13
100
AcDbLine
 10
0.0
 20
-15.05457
 30
0.0
 11
0.0
 21
-20.928357
 31
0.0
  0
LINE
  5
7FE
330
7E2
100
AcDbEntity
  8
1
  6
Continuous
 62
     6
370
    18
100
AcDbLine
 10
0.0
 20
-20.928357
 30
0.0
 11
50.0
 21
-20.928357
 31
0.0
  0
MTEXT
  5
7FF
330
7E2
100
AcDbEntity
  8
1
  6
Continuous
 62
    18
370
    13
100
AcDbMText
 10
1.275
 20
-17.991463
 30
0.0
 40
2.5
 41
0.0
 71
     4
 72
     5
  1
\fArial Unicode MS|b0|i0;\W1.0000;Through Hole %%c1.5H7 przelotowe
  7
Arial Unicode MS
 73
     2
 44
1.047437
  0
LINE
  5
800
330
7E2
100
AcDbEntity
  8
1
  6
Continuous
 62
     6
370
    18
100
AcDbLine
 10
50.0
 20
-20.928357
 30
0.0
 11
100.0
 21
-20.928357
 31
0.0
  0
LINE
  5
801
330
7E2
100
AcDbEntity
  8
1
  6
Continuous
 62
     6
370
    18
100
AcDbLine
 10
100.0
 20
-20.928357
 30
0.0
 11
150.0
 21
-20.928357
 31
0.0
  0
LINE
  5
802
330
7E2
100
AcDbEntity
  8
1
  6
Continuous
 62
     6
370
    18
100
AcDbLine
 10
150.0
 20
-15.05457
 30
0.0
 11
150.0
 21
-20.928357
 31
0.0
  0
LINE
  5
803
330
7E2
100
AcDbEntity
  8
1
  6
Continuous
 62
     6
370
    13
100
AcDbLine
 10
0.0
 20
-20.928357
 30
0.0
 11
0.0
 21
-25.938589
 31
0.0
  0
LINE
  5
804
330
7E2
100
AcDbEntity
  8
1
  6
Continuous
 62
     6
370
    18
100
AcDbLine
 10
0.0
 20
-25.938589
 30
0.0
 11
50.0
 21
-25.938589
 31
0.0
  0
LINE
  5
805
330
7E2
100
AcDbEntity
  8
1
  6
Continuous
 62
     6
370
    18
100
AcDbLine
 10
50.0
 20
-20.928357
 30
0.0
 11
50.0
 21
-25.938589
 31
0.0
  0
MTEXT
  5
806
330
7E2
100
AcDbEntity
  8
1
  6
Continuous
 62
    18
370
    13
100
AcDbMText
 10
1.275
 20
-23.433472
 30
0.0
 40
2.5
 41
0.0
 71
     4
 72
     5
  1
\fArial Unicode MS|b0|i0;\W1.0000;1
  7
Arial Unicode MS
 73
     2
 44
1.047437
  0
LINE
  5
807
330
7E2
100
AcDbEntity
  8
1
  6
Continuous
 62
     6
370
    18
100
AcDbLine
 10
50.0
 20
-25.938589
 30
0.0
 11
100.0
 21
-25.938589
 31
0.0
  0
LINE
  5
808
330
7E2
100
AcDbEntity
  8
1
  6
Continuous
 62
     6
370
    18
100
AcDbLine
 10
100.0
 20
-20.928357
 30
0.0
 11
100.0
 21
-25.938589
 31
0.0
  0
MTEXT
  5
809
330
7E2
100
AcDbEntity
  8
1
  6
Continuous
 62
    18
370
    13
100
AcDbMText
 10
51.275
 20
-23.433472
 30
0.0
 40
2.5
 41
0.0
 71
     4
 72
     5
  1
\fArial Unicode MS|b0|i0;\W1.0000;15.746
  7
Arial Unicode MS
 73
     2
 44
1.047437
  0
LINE
  5
80A
330
7E2
100
AcDbEntity
  8
1
  6
Continuous
 62
     6
370
    18
100
AcDbLine
 10
100.0
 20
-25.938589
 30
0.0
 11
150.0
 21
-25.938589
 31
0.0
  0
LINE
  5
80B
330
7E2
100
AcDbEntity
  8
1
  6
Continuous
 62
     6
370
    18
100
AcDbLine
 10
150.0
 20
-20.928357
 30
0.0
 11
150.0
 21
-25.938589
 31
0.0
  0
MTEXT
  5
80C
330
7E2
100
AcDbEntity
  8
1
  6
Continuous
 62
    18
370
    13
100
AcDbMText
 10
101.275
 20
-23.433472
 30
0.0
 40
2.5
 41
0.0
 71
     4
 72
     5
  1
\fArial Unicode MS|b0|i0;\W1.0000;21.600
  7
Arial Unicode MS
 73
     2
 44
1.047437
  0
LINE
  5
80D
330
7E2
100
AcDbEntity
  8
1
  6
Continuous
 62
     6
370
    13
100
AcDbLine
 10
0.0
 20
-25.938589
 30
0.0
 11
0.0
 21
-30.948821
 31
0.0
  0
LINE
  5
80E
330
7E2
100
AcDbEntity
  8
1
  6
Continuous
 62
     6
370
    18
100
AcDbLine
 10
0.0
 20
-30.948821
 30
0.0
 11
50.0
 21
-30.948821
 31
0.0
  0
LINE
  5
80F
330
7E2
100
AcDbEntity
  8
1
  6
Continuous
 62
     6
370
    18
100
AcDbLine
 10
50.0
 20
-25.938589
 30
0.0
 11
50.0
 21
-30.948821
 31
0.0
  0
MTEXT
  5
810
330
7E2
100
AcDbEntity
  8
1
  6
Continuous
 62
    18
370
    13
100
AcDbMText
 10
1.275
 20
-28.443703
 30
0.0
 40
2.5
 41
0.0
 71
     4
 72
     5
  1
\fArial Unicode MS|b0|i0;\W1.0000;4
  7
Arial Unicode MS
 73
     2
 44
1.047437
  0
LINE
  5
811
330
7E2
100
AcDbEntity
  8
1
  6
Continuous
 62
     6
370
    18
100
AcDbLine
 10
50.0
 20
-30.948821
 30
0.0
 11
100.0
 21
-30.948821
 31
0.0
  0
LINE
  5
812
330
7E2
100
AcDbEntity
  8
1
  6
Continuous
 62
     6
370
    18
100
AcDbLine
 10
100.0
 20
-25.938589
 30
0.0
 11
100.0
 21
-30.948821
 31
0.0
  0
MTEXT
  5
813
330
7E2
100
AcDbEntity
  8
1
  6
Continuous
 62
    18
370
    13
100
AcDbMText
 10
51.275
 20
-28.443703
 30
0.0
 40
2.5
 41
0.0
 71
     4
 72
     5
  1
\fArial Unicode MS|b0|i0;\W1.0000;12.024
  7
Arial Unicode MS
 73
     2
 44
1.047437
  0
LINE
  5
814
330
7E2
100
AcDbEntity
  8
1
  6
Continuous
 62
     6
370
    18
100
AcDbLine
 10
100.0
 20
-30.948821
 30
0.0
 11
150.0
 21
-30.948821
 31
0.0
  0
LINE
  5
815
330
7E2
100
AcDbEntity
  8
1
  6
Continuous
 62
     6
370
    18
100
AcDbLine
 10
150.0
 20
-25.938589
 30
0.0
 11
150.0
 21
-30.948821
 31
0.0
  0
MTEXT
  5
816
330
7E2
100
AcDbEntity
  8
1
  6
Continuous
 62
    18
370
    13
100
AcDbMText
 10
101.275
 20
-28.443703
 30
0.0
 40
2.5
 41
0.0
 71
     4
 72
     5
  1
\fArial Unicode MS|b0|i0;\W1.0000;12.400
  7
Arial Unicode MS
 73
     2
 44
1.047437
  0
LINE
  5
817
330
7E2
100
AcDbEntity
  8
1
  6
Continuous
 62
     6
370
    13
100
AcDbLine
 10
0.0
 20
-30.948821
 30
0.0
 11
0.0
 21
-36.822607
 31
0.0
  0
LINE
  5
818
330
7E2
100
AcDbEntity
  8
1
  6
Continuous
 62
     6
370
    18
100
AcDbLine
 10
0.0
 20
-36.822607
 30
0.0
 11
50.0
 21
-36.822607
 31
0.0
  0
MTEXT
  5
819
330
7E2
100
AcDbEntity
  8
1
  6
Continuous
 62
    18
370
    13
100
AcDbMText
 10
1.275
 20
-33.885712
 30
0.0
 40
2.5
 41
0.0
 71
     4
 72
     5
  1
\fArial Unicode MS|b0|i0;\W1.0000;Counterbore %%c1.500 / %%c2.012 T1.610  fazka
  7
Arial Unicode MS
 73
     2
 44
1.047437
  0
LINE
  5
81A
330
7E2
100
AcDbEntity
  8
1
  6
Continuous
 62
     6
370
    18
100
AcDbLine
 10
50.0
 20
-36.822607
 30
0.0
 11
100.0
 21
-36.822607
 31
0.0
  0
LINE
  5
81B
330
7E2
100
AcDbEntity
  8
1
  6
Continuous
 62
     6
370
    18
100
AcDbLine
 10
100.0
 20
-36.822607
 30
0.0
 11
150.0
 21
-36.822607
 31
0.0
  0
LINE
  5
81C
330
7E2
100
AcDbEntity
  8
1
  6
Continuous
 62
     6
370
    18
100
AcDbLine
 10
150.0
 20
-30.948821
 30
0.0
 11
150.0
 21
-36.822607
 31
0.0
  0
LINE
  5
81D
330
7E2
100
AcDbEntity
  8
1
  6
Continuous
 62
     6
370
    13
100
AcDbLine
 10
0.0
 20
-36.822607
 30
0.0
 11
0.0
 21
-41.832839
 31
0.0
  0
LINE
  5
81E
330
7E2
100
AcDbEntity
  8
1
  6
Continuous
 62
     6
370
    18
100
AcDbLine
 10
0.0
 20
-41.832839
 30
0.0
 11
50.0
 21
-41.832839
 31
0.0
  0
LINE
  5
81F
330
7E2
100
AcDbEntity
  8
1
  6
Continuous
 62
     6
370
    18
100
AcDbLine
 10
50.0
 20
-36.822607
 30
0.0
 11
50.0
 21
-41.832839
 31
0.0
  0
MTEXT
  5
820
330
7E2
100
AcDbEntity
  8
1
  6
Continuous
 62
    18
370
    13
100
AcDbMText
 10
1.275
 20
-39.327721
 30
0.0
 40
2.5
 41
0.0
 71
     4
 72
     5
  1
\fArial Unicode MS|b0|i0;\W1.0000;2
  7
Arial Unicode MS
 73
     2
 44
1.047437
  0
LINE
  5
821
330
7E2
100
AcDbEntity
  8
1
  6
Continuous
 62
     6
370
    18
100
AcDbLine
 10
50.0
 20
-41.832839
 30
0.0
 11
100.0
 21
-41.832839
 31
0.0
  0
LINE
  5
822
330
7E2
100
AcDbEntity
  8
1
  6
Continuous
 62
     6
370
    18
100
AcDbLine
 10
100.0
 20
-36.822607
 30
0.0
 11
100.0
 21
-41.832839
 31
0.0
  0
MTEXT
  5
823
330
7E2
100
AcDbEntity
  8
1
  6
Continuous
 62
    18
370
    13
100
AcDbMText
 10
51.275
 20
-39.327721
 30
0.0
 40
2.5
 41
0.0
 71
     4
 72
     5
  1
\fArial Unicode MS|b0|i0;\W1.0000;12.024
  7
Arial Unicode MS
 73
     2
 44
1.047437
  0
LINE
  5
824
330
7E2
100
AcDbEntity
  8
1
  6
Continuous
 62
     6
370
    18
100
AcDbLine
 10
100.0
 20
-41.832839
 30
0.0
 11
150.0
 21
-41.832839
 31
0.0
  0
LINE
  5
825
330
7E2
100
AcDbEntity
  8
1
  6
Continuous
 62
     6
370
    18
100
AcDbLine
 10
150.0
 20
-36.822607
 30
0.0
 11
150.0
 21
-41.832839
 31
0.0
  0
MTEXT
  5
826
330
7E2
100
AcDbEntity
  8
1
  6
Continuous
 62
    18
370
    13
100
AcDbMText
 10
101.275
 20
-39.327721
 30
0.0
 40
2.5
 41
0.0
 71
     4
 72
     5
  1
\fArial Unicode MS|b0|i0;\W1.0000;19.716
  7
Arial Unicode MS
 73
     2
 44
1.047437
  0
LINE
  5
827
330
7E2
100
AcDbEntity
  8
1
  6
Continuous
 62
     6
370
    13
100
AcDbLine
 10
0.0
 20
-41.832839
 30
0.0
 11
0.0
 21
-46.843071
 31
0.0
  0
LINE
  5
828
330
7E2
100
AcDbEntity
  8
1
  6
Continuous
 62
     6
370
    18
100
AcDbLine
 10
0.0
 20
-46.843071
 30
0.0
 11
50.0
 21
-46.843071
 31
0.0
  0
LINE
  5
829
330
7E2
100
AcDbEntity
  8
1
  6
Continuous
 62
     6
370
    18
100
AcDbLine
 10
50.0
 20
-41.832839
 30
0.0
 11
50.0
 21
-46.843071
 31
0.0
  0
MTEXT
  5
82A
330
7E2
100
AcDbEntity
  8
1
  6
Continuous
 62
    18
370
    13
100
AcDbMText
 10
1.275
 20
-44.337952
 30
0.0
 40
2.5
 41
0.0
 71
     4
 72
     5
  1
\fArial Unicode MS|b0|i0;\W1.0000;3
  7
Arial Unicode MS
 73
     2
 44
1.047437
  0
LINE
  5
82B
330
7E2
100
AcDbEntity
  8
1
  6
Continuous
 62
     6
370
    18
100
AcDbLine
 10
50.0
 20
-46.843071
 30
0.0
 11
100.0
 21
-46.843071
 31
0.0
  0
LINE
  5
82C
330
7E2
100
AcDbEntity
  8
1
  6
Continuous
 62
     6
370
    18
100
AcDbLine
 10
100.0
 20
-41.832839
 30
0.0
 11
100.0
 21
-46.843071
 31
0.0
  0
MTEXT
  5
82D
330
7E2
100
AcDbEntity
  8
1
  6
Continuous
 62
    18
370
    13
100
AcDbMText
 10
51.275
 20
-44.337952
 30
0.0
 40
2.5
 41
0.0
 71
     4
 72
     5
  1
\fArial Unicode MS|b0|i0;\W1.0000;15.746
  7
Arial Unicode MS
 73
     2
 44
1.047437
  0
LINE
  5
82E
330
7E2
100
AcDbEntity
  8
1
  6
Continuous
 62
     6
370
    18
100
AcDbLine
 10
100.0
 20
-46.843071
 30
0.0
 11
150.0
 21
-46.843071
 31
0.0
  0
LINE
  5
82F
330
7E2
100
AcDbEntity
  8
1
  6
Continuous
 62
     6
370
    18
100
AcDbLine
 10
150.0
 20
-41.832839
 30
0.0
 11
150.0
 21
-46.843071
 31
0.0
  0
MTEXT
  5
830
330
7E2
100
AcDbEntity
  8
1
  6
Continuous
 62
    18
370
    13
100
AcDbMText
 10
101.275
 20
-44.337952
 30
0.0
 40
2.5
 41
0.0
 71
     4
 72
     5
  1
\fArial Unicode MS|b0|i0;\W1.0000;14.284
  7
Arial Unicode MS
 73
     2
 44
1.047437
  0
LINE
  5
831
330
7E2
100
AcDbEntity
  8
1
  6
Continuous
 62
     6
370
    13
100
AcDbLine
 10
0.0
 20
-46.843071
 30
0.0
 11
0.0
 21
-52.716857
 31
0.0
  0
LINE
  5
832
330
7E2
100
AcDbEntity
  8
1
  6
Continuous
 62
     6
370
    18
100
AcDbLine
 10
0.0
 20
-52.716857
 30
0.0
 11
50.0
 21
-52.716857
 31
0.0
  0
MTEXT
  5
833
330
7E2
100
AcDbEntity
  8
1
  6
Continuous
 62
    18
370
    13
100
AcDbMText
 10
1.275
 20
-49.779961
 30
0.0
 40
2.5
 41
0.0
 71
     4
 72
     5
  1
\fArial Unicode MS|b0|i0;\W1.0000;Thread Hole   GWINT_M4_L7.000 R / %%c3.400 T8.000 R  --> od do³u
  7
Arial Unicode MS
 73
     2
 44
1.047437
  0
LINE
  5
834
330
7E2
100
AcDbEntity
  8
1
  6
Continuous
 62
     6
370
    18
100
AcDbLine
 10
50.0
 20
-52.716857
 30
0.0
 11
100.0
 21
-52.716857
 31
0.0
  0
LINE
  5
835
330
7E2
100
AcDbEntity
  8
1
  6
Continuous
 62
     6
370
    18
100
AcDbLine
 10
100.0
 20
-52.716857
 30
0.0
 11
150.0
 21
-52.716857
 31
0.0
  0
LINE
  5
836
330
7E2
100
AcDbEntity
  8
1
  6
Continuous
 62
     6
370
    18
100
AcDbLine
 10
150.0
 20
-46.843071
 30
0.0
 11
150.0
 21
-52.716857
 31
0.0
  0
LINE
  5
837
330
7E2
100
AcDbEntity
  8
1
  6
Continuous
 62
     6
370
    13
100
AcDbLine
 10
0.0
 20
-52.716857
 30
0.0
 11
0.0
 21
-57.727089
 31
0.0
  0
LINE
  5
838
330
7E2
100
AcDbEntity
  8
1
  6
Continuous
 62
     6
370
    18
100
AcDbLine
 10
0.0
 20
-57.727089
 30
0.0
 11
50.0
 21
-57.727089
 31
0.0
  0
LINE
  5
839
330
7E2
100
AcDbEntity
  8
1
  6
Continuous
 62
     6
370
    18
100
AcDbLine
 10
50.0
 20
-52.716857
 30
0.0
 11
50.0
 21
-57.727089
 31
0.0
  0
MTEXT
  5
83A
330
7E2
100
AcDbEntity
  8
1
  6
Continuous
 62
    18
370
    13
100
AcDbMText
 10
1.275
 20
-55.22197
 30
0.0
 40
2.5
 41
0.0
 71
     4
 72
     5
  1
\fArial Unicode MS|b0|i0;\W1.0000;5
  7
Arial Unicode MS
 73
     2
 44
1.047437
  0
LINE
  5
83B
330
7E2
100
AcDbEntity
  8
1
  6
Continuous
 62
     6
370
    18
100
AcDbLine
 10
50.0
 20
-57.727089
 30
0.0
 11
100.0
 21
-57.727089
 31
0.0
  0
LINE
  5
83C
330
7E2
100
AcDbEntity
  8
1
  6
Continuous
 62
     6
370
    18
100
AcDbLine
 10
100.0
 20
-52.716857
 30
0.0
 11
100.0
 21
-57.727089
 31
0.0
  0
MTEXT
  5
83D
330
7E2
100
AcDbEntity
  8
1
  6
Continuous
 62
    18
370
    13
100
AcDbMText
 10
51.275
 20
-55.22197
 30
0.0
 40
2.5
 41
0.0
 71
     4
 72
     5
  1
\fArial Unicode MS|b0|i0;\W1.0000;15.000
  7
Arial Unicode MS
 73
     2
 44
1.047437
  0
LINE
  5
83E
330
7E2
100
AcDbEntity
  8
1
  6
Continuous
 62
     6
370
    18
100
AcDbLine
 10
100.0
 20
-57.727089
 30
0.0
 11
150.0
 21
-57.727089
 31
0.0
  0
LINE
  5
83F
330
7E2
100
AcDbEntity
  8
1
  6
Continuous
 62
     6
370
    18
100
AcDbLine
 10
150.0
 20
-52.716857
 30
0.0
 11
150.0
 21
-57.727089
 31
0.0
  0
MTEXT
  5
840
330
7E2
100
AcDbEntity
  8
1
  6
Continuous
 62
    18
370
    13
100
AcDbMText
 10
101.275
 20
-55.22197
 30
0.0
 40
2.5
 41
0.0
 71
     4
 72
     5
  1
\fArial Unicode MS|b0|i0;\W1.0000;27.500
  7
Arial Unicode MS
 73
     2
 44
1.047437
  0
LINE
  5
841
330
7E2
100
AcDbEntity
  8
1
  6
Continuous
 62
     6
370
    13
100
AcDbLine
 10
0.0
 20
-57.727089
 30
0.0
 11
0.0
 21
-62.737321
 31
0.0
  0
LINE
  5
842
330
7E2
100
AcDbEntity
  8
1
  6
Continuous
 62
     6
370
    18
100
AcDbLine
 10
0.0
 20
-62.737321
 30
0.0
 11
50.0
 21
-62.737321
 31
0.0
  0
LINE
  5
843
330
7E2
100
AcDbEntity
  8
1
  6
Continuous
 62
     6
370
    18
100
AcDbLine
 10
50.0
 20
-57.727089
 30
0.0
 11
50.0
 21
-62.737321
 31
0.0
  0
MTEXT
  5
844
330
7E2
100
AcDbEntity
  8
1
  6
Continuous
 62
    18
370
    13
100
AcDbMText
 10
1.275
 20
-60.232201
 30
0.0
 40
2.5
 41
0.0
 71
     4
 72
     5
  1
\fArial Unicode MS|b0|i0;\W1.0000;6
  7
Arial Unicode MS
 73
     2
 44
1.047437
  0
LINE
  5
845
330
7E2
100
AcDbEntity
  8
1
  6
Continuous
 62
     6
370
    18
100
AcDbLine
 10
50.0
 20
-62.737321
 30
0.0
 11
100.0
 21
-62.737321
 31
0.0
  0
LINE
  5
846
330
7E2
100
AcDbEntity
  8
1
  6
Continuous
 62
     6
370
    18
100
AcDbLine
 10
100.0
 20
-57.727089
 30
0.0
 11
100.0
 21
-62.737321
 31
0.0
  0
MTEXT
  5
847
330
7E2
100
AcDbEntity
  8
1
  6
Continuous
 62
    18
370
    13
100
AcDbMText
 10
51.275
 20
-60.232201
 30
0.0
 40
2.5
 41
0.0
 71
     4
 72
     5
  1
\fArial Unicode MS|b0|i0;\W1.0000;15.000
  7
Arial Unicode MS
 73
     2
 44
1.047437
  0
LINE
  5
848
330
7E2
100
AcDbEntity
  8
1
  6
Continuous
 62
     6
370
    18
100
AcDbLine
 10
100.0
 20
-62.737321
 30
0.0
 11
150.0
 21
-62.737321
 31
0.0
  0
LINE
  5
849
330
7E2
100
AcDbEntity
  8
1
  6
Continuous
 62
     6
370
    18
100
AcDbLine
 10
150.0
 20
-57.727089
 30
0.0
 11
150.0
 21
-62.737321
 31
0.0
  0
MTEXT
  5
84A
330
7E2
100
AcDbEntity
  8
1
  6
Continuous
 62
    18
370
    13
100
AcDbMText
 10
101.275
 20
-60.232201
 30
0.0
 40
2.5
 41
0.0
 71
     4
 72
     5
  1
\fArial Unicode MS|b0|i0;\W1.0000;6.500
  7
Arial Unicode MS
 73
     2
 44
1.047437
  0
LINE
  5
84B
330
7E2
100
AcDbEntity
  8
1
  6
Continuous
 62
     6
370
    13
100
AcDbLine
 10
0.0
 20
-62.737321
 30
0.0
 11
0.0
 21
-67.747553
 31
0.0
  0
LINE
  5
84C
330
7E2
100
AcDbEntity
  8
1
  6
Continuous
 62
     6
370
    18
100
AcDbLine
 10
0.0
 20
-67.747553
 30
0.0
 11
50.0
 21
-67.747553
 31
0.0
  0
MTEXT
  5
84D
330
7E2
100
AcDbEntity
  8
1
  6
Continuous
 62
    18
370
    13
100
AcDbMText
 10
1.275
 20
-65.242432
 30
0.0
 40
2.5
 41
0.0
 71
     4
 72
     5
  1
\fArial Unicode MS|b0|i0;\W1.0000;Part : 7318321_041576863_01 - Body : 041576863_01
  7
Arial Unicode MS
 73
     2
 44
1.047437
  0
LINE
  5
84E
330
7E2
100
AcDbEntity
  8
1
  6
Continuous
 62
     6
370
    18
100
AcDbLine
 10
50.0
 20
-67.747553
 30
0.0
 11
100.0
 21
-67.747553
 31
0.0
  0
LINE
  5
84F
330
7E2
100
AcDbEntity
  8
1
  6
Continuous
 62
     6
370
    18
100
AcDbLine
 10
100.0
 20
-67.747553
 30
0.0
 11
150.0
 21
-67.747553
 31
0.0
  0
LINE
  5
850
330
7E2
100
AcDbEntity
  8
1
  6
Continuous
 62
     6
370
    18
100
AcDbLine
 10
150.0
 20
-62.737321
 30
0.0
 11
150.0
 21
-67.747553
 31
0.0
  0
LINE
  5
851
330
7E2
100
AcDbEntity
  8
1
  6
Continuous
 62
     6
370
    13
100
AcDbLine
 10
0.0
 20
-67.747553
 30
0.0
 11
0.0
 21
-73.62134
 31
0.0
  0
LINE
  5
852
330
7E2
100
AcDbEntity
  8
1
  6
Continuous
 62
     6
370
    18
100
AcDbLine
 10
0.0
 20
-73.62134
 30
0.0
 11
50.0
 21
-73.62134
 31
0.0
  0
MTEXT
  5
853
330
7E2
100
AcDbEntity
  8
1
  6
Continuous
 62
    18
370
    13
100
AcDbMText
 10
1.275
 20
-70.684441
 30
0.0
 40
2.5
 41
0.0
 71
     4
 72
     5
  1
\fArial Unicode MS|b0|i0;\W1.0000;Through Hole %%c1.5H7 przelotowe
  7
Arial Unicode MS
 73
     2
 44
1.047437
  0
LINE
  5
854
330
7E2
100
AcDbEntity
  8
1
  6
Continuous
 62
     6
370
    18
100
AcDbLine
 10
50.0
 20
-73.62134
 30
0.0
 11
100.0
 21
-73.62134
 31
0.0
  0
LINE
  5
855
330
7E2
100
AcDbEntity
  8
1
  6
Continuous
 62
     6
370
    18
100
AcDbLine
 10
100.0
 20
-73.62134
 30
0.0
 11
150.0
 21
-73.62134
 31
0.0
  0
LINE
  5
856
330
7E2
100
AcDbEntity
  8
1
  6
Continuous
 62
     6
370
    18
100
AcDbLine
 10
150.0
 20
-67.747553
 30
0.0
 11
150.0
 21
-73.62134
 31
0.0
  0
LINE
  5
857
330
7E2
100
AcDbEntity
  8
1
  6
Continuous
 62
     6
370
    13
100
AcDbLine
 10
0.0
 20
-73.62134
 30
0.0
 11
0.0
 21
-78.631572
 31
0.0
  0
LINE
  5
858
330
7E2
100
AcDbEntity
  8
1
  6
Continuous
 62
     6
370
    18
100
AcDbLine
 10
0.0
 20
-78.631572
 30
0.0
 11
50.0
 21
-78.631572
 31
0.0
  0
LINE
  5
859
330
7E2
100
AcDbEntity
  8
1
  6
Continuous
 62
     6
370
    18
100
AcDbLine
 10
50.0
 20
-73.62134
 30
0.0
 11
50.0
 21
-78.631572
 31
0.0
  0
MTEXT
  5
85A
330
7E2
100
AcDbEntity
  8
1
  6
Continuous
 62
    18
370
    13
100
AcDbMText
 10
1.275
 20
-76.126457
 30
0.0
 40
2.5
 41
0.0
 71
     4
 72
     5
  1
\fArial Unicode MS|b0|i0;\W1.0000;7
  7
Arial Unicode MS
 73
     2
 44
1.047437
  0
LINE
  5
85B
330
7E2
100
AcDbEntity
  8
1
  6
Continuous
 62
     6
370
    18
100
AcDbLine
 10
50.0
 20
-78.631572
 30
0.0
 11
100.0
 21
-78.631572
 31
0.0
  0
LINE
  5
85C
330
7E2
100
AcDbEntity
  8
1
  6
Continuous
 62
     6
370
    18
100
AcDbLine
 10
100.0
 20
-73.62134
 30
0.0
 11
100.0
 21
-78.631572
 31
0.0
  0
MTEXT
  5
85D
330
7E2
100
AcDbEntity
  8
1
  6
Continuous
 62
    18
370
    13
100
AcDbMText
 10
51.275
 20
-76.126457
 30
0.0
 40
2.5
 41
0.0
 71
     4
 72
     5
  1
\fArial Unicode MS|b0|i0;\W1.0000;45.746
  7
Arial Unicode MS
 73
     2
 44
1.047437
  0
LINE
  5
85E
330
7E2
100
AcDbEntity
  8
1
  6
Continuous
 62
     6
370
    18
100
AcDbLine
 10
100.0
 20
-78.631572
 30
0.0
 11
150.0
 21
-78.631572
 31
0.0
  0
LINE
  5
85F
330
7E2
100
AcDbEntity
  8
1
  6
Continuous
 62
     6
370
    18
100
AcDbLine
 10
150.0
 20
-73.62134
 30
0.0
 11
150.0
 21
-78.631572
 31
0.0
  0
MTEXT
  5
860
330
7E2
100
AcDbEntity
  8
1
  6
Continuous
 62
    18
370
    13
100
AcDbMText
 10
101.275
 20
-76.126457
 30
0.0
 40
2.5
 41
0.0
 71
     4
 72
     5
  1
\fArial Unicode MS|b0|i0;\W1.0000;21.600
  7
Arial Unicode MS
 73
     2
 44
1.047437
  0
LINE
  5
861
330
7E2
100
AcDbEntity
  8
1
  6
Continuous
 62
     6
370
    13
100
AcDbLine
 10
0.0
 20
-78.631572
 30
0.0
 11
0.0
 21
-83.641804
 31
0.0
  0
LINE
  5
862
330
7E2
100
AcDbEntity
  8
1
  6
Continuous
 62
     6
370
    18
100
AcDbLine
 10
0.0
 20
-83.641804
 30
0.0
 11
50.0
 21
-83.641804
 31
0.0
  0
LINE
  5
863
330
7E2
100
AcDbEntity
  8
1
  6
Continuous
 62
     6
370
    18
100
AcDbLine
 10
50.0
 20
-78.631572
 30
0.0
 11
50.0
 21
-83.641804
 31
0.0
  0
MTEXT
  5
864
330
7E2
100
AcDbEntity
  8
1
  6
Continuous
 62
    18
370
    13
100
AcDbMText
 10
1.275
 20
-81.136688
 30
0.0
 40
2.5
 41
0.0
 71
     4
 72
     5
  1
\fArial Unicode MS|b0|i0;\W1.0000;10
  7
Arial Unicode MS
 73
     2
 44
1.047437
  0
LINE
  5
865
330
7E2
100
AcDbEntity
  8
1
  6
Continuous
 62
     6
370
    18
100
AcDbLine
 10
50.0
 20
-83.641804
 30
0.0
 11
100.0
 21
-83.641804
 31
0.0
  0
LINE
  5
866
330
7E2
100
AcDbEntity
  8
1
  6
Continuous
 62
     6
370
    18
100
AcDbLine
 10
100.0
 20
-78.631572
 30
0.0
 11
100.0
 21
-83.641804
 31
0.0
  0
MTEXT
  5
867
330
7E2
100
AcDbEntity
  8
1
  6
Continuous
 62
    18
370
    13
100
AcDbMText
 10
51.275
 20
-81.136688
 30
0.0
 40
2.5
 41
0.0
 71
     4
 72
     5
  1
\fArial Unicode MS|b0|i0;\W1.0000;42.024
  7
Arial Unicode MS
 73
     2
 44
1.047437
  0
LINE
  5
868
330
7E2
100
AcDbEntity
  8
1
  6
Continuous
 62
     6
370
    18
100
AcDbLine
 10
100.0
 20
-83.641804
 30
0.0
 11
150.0
 21
-83.641804
 31
0.0
  0
LINE
  5
869
330
7E2
100
AcDbEntity
  8
1
  6
Continuous
 62
     6
370
    18
100
AcDbLine
 10
150.0
 20
-78.631572
 30
0.0
 11
150.0
 21
-83.641804
 31
0.0
  0
MTEXT
  5
86A
330
7E2
100
AcDbEntity
  8
1
  6
Continuous
 62
    18
370
    13
100
AcDbMText
 10
101.275
 20
-81.136688
 30
0.0
 40
2.5
 41
0.0
 71
     4
 72
     5
  1
\fArial Unicode MS|b0|i0;\W1.0000;12.400
  7
Arial Unicode MS
 73
     2
 44
1.047437
  0
LINE
  5
86B
330
7E2
100
AcDbEntity
  8
1
  6
Continuous
 62
     6
370
    13
100
AcDbLine
 10
0.0
 20
-83.641804
 30
0.0
 11
0.0
 21
-89.51559
 31
0.0
  0
LINE
  5
86C
330
7E2
100
AcDbEntity
  8
1
  6
Continuous
 62
     6
370
    18
100
AcDbLine
 10
0.0
 20
-89.51559
 30
0.0
 11
50.0
 21
-89.51559
 31
0.0
  0
MTEXT
  5
86D
330
7E2
100
AcDbEntity
  8
1
  6
Continuous
 62
    18
370
    13
100
AcDbMText
 10
1.275
 20
-86.57869
 30
0.0
 40
2.5
 41
0.0
 71
     4
 72
     5
  1
\fArial Unicode MS|b0|i0;\W1.0000;Counterbore %%c1.500 / %%c2.012 T1.610  fazka
  7
Arial Unicode MS
 73
     2
 44
1.047437
  0
LINE
  5
86E
330
7E2
100
AcDbEntity
  8
1
  6
Continuous
 62
     6
370
    18
100
AcDbLine
 10
50.0
 20
-89.51559
 30
0.0
 11
100.0
 21
-89.51559
 31
0.0
  0
LINE
  5
86F
330
7E2
100
AcDbEntity
  8
1
  6
Continuous
 62
     6
370
    18
100
AcDbLine
 10
100.0
 20
-89.51559
 30
0.0
 11
150.0
 21
-89.51559
 31
0.0
  0
LINE
  5
870
330
7E2
100
AcDbEntity
  8
1
  6
Continuous
 62
     6
370
    18
100
AcDbLine
 10
150.0
 20
-83.641804
 30
0.0
 11
150.0
 21
-89.51559
 31
0.0
  0
LINE
  5
871
330
7E2
100
AcDbEntity
  8
1
  6
Continuous
 62
     6
370
    13
100
AcDbLine
 10
0.0
 20
-89.51559
 30
0.0
 11
0.0
 21
-94.525822
 31
0.0
  0
LINE
  5
872
330
7E2
100
AcDbEntity
  8
1
  6
Continuous
 62
     6
370
    18
100
AcDbLine
 10
0.0
 20
-94.525822
 30
0.0
 11
50.0
 21
-94.525822
 31
0.0
  0
LINE
  5
873
330
7E2
100
AcDbEntity
  8
1
  6
Continuous
 62
     6
370
    18
100
AcDbLine
 10
50.0
 20
-89.51559
 30
0.0
 11
50.0
 21
-94.525822
 31
0.0
  0
MTEXT
  5
874
330
7E2
100
AcDbEntity
  8
1
  6
Continuous
 62
    18
370
    13
100
AcDbMText
 10
1.275
 20
-92.020706
 30
0.0
 40
2.5
 41
0.0
 71
     4
 72
     5
  1
\fArial Unicode MS|b0|i0;\W1.0000;8
  7
Arial Unicode MS
 73
     2
 44
1.047437
  0
LINE
  5
875
330
7E2
100
AcDbEntity
  8
1
  6
Continuous
 62
     6
370
    18
100
AcDbLine
 10
50.0
 20
-94.525822
 30
0.0
 11
100.0
 21
-94.525822
 31
0.0
  0
LINE
  5
876
330
7E2
100
AcDbEntity
  8
1
  6
Continuous
 62
     6
370
    18
100
AcDbLine
 10
100.0
 20
-89.51559
 30
0.0
 11
100.0
 21
-94.525822
 31
0.0
  0
MTEXT
  5
877
330
7E2
100
AcDbEntity
  8
1
  6
Continuous
 62
    18
370
    13
100
AcDbMText
 10
51.275
 20
-92.020706
 30
0.0
 40
2.5
 41
0.0
 71
     4
 72
     5
  1
\fArial Unicode MS|b0|i0;\W1.0000;42.024
  7
Arial Unicode MS
 73
     2
 44
1.047437
  0
LINE
  5
878
330
7E2
100
AcDbEntity
  8
1
  6
Continuous
 62
     6
370
    18
100
AcDbLine
 10
100.0
 20
-94.525822
 30
0.0
 11
150.0
 21
-94.525822
 31
0.0
  0
LINE
  5
879
330
7E2
100
AcDbEntity
  8
1
  6
Continuous
 62
     6
370
    18
100
AcDbLine
 10
150.0
 20
-89.51559
 30
0.0
 11
150.0
 21
-94.525822
 31
0.0
  0
MTEXT
  5
87A
330
7E2
100
AcDbEntity
  8
1
  6
Continuous
 62
    18
370
    13
100
AcDbMText
 10
101.275
 20
-92.020706
 30
0.0
 40
2.5
 41
0.0
 71
     4
 72
     5
  1
\fArial Unicode MS|b0|i0;\W1.0000;19.716
  7
Arial Unicode MS
 73
     2
 44
1.047437
  0
LINE
  5
87B
330
7E2
100
AcDbEntity
  8
1
  6
Continuous
 62
     6
370
    13
100
AcDbLine
 10
0.0
 20
-94.525822
 30
0.0
 11
0.0
 21
-99.536054
 31
0.0
  0
LINE
  5
87C
330
7E2
100
AcDbEntity
  8
1
  6
Continuous
 62
     6
370
    18
100
AcDbLine
 10
0.0
 20
-99.536054
 30
0.0
 11
50.0
 21
-99.536054
 31
0.0
  0
LINE
  5
87D
330
7E2
100
AcDbEntity
  8
1
  6
Continuous
 62
     6
370
    18
100
AcDbLine
 10
50.0
 20
-94.525822
 30
0.0
 11
50.0
 21
-99.536054
 31
0.0
  0
MTEXT
  5
87E
330
7E2
100
AcDbEntity
  8
1
  6
Continuous
 62
    18
370
    13
100
AcDbMText
 10
1.275
 20
-97.030937
 30
0.0
 40
2.5
 41
0.0
 71
     4
 72
     5
  1
\fArial Unicode MS|b0|i0;\W1.0000;9
  7
Arial Unicode MS
 73
     2
 44
1.047437
  0
LINE
  5
87F
330
7E2
100
AcDbEntity
  8
1
  6
Continuous
 62
     6
370
    18
100
AcDbLine
 10
50.0
 20
-99.536054
 30
0.0
 11
100.0
 21
-99.536054
 31
0.0
  0
LINE
  5
880
330
7E2
100
AcDbEntity
  8
1
  6
Continuous
 62
     6
370
    18
100
AcDbLine
 10
100.0
 20
-94.525822
 30
0.0
 11
100.0
 21
-99.536054
 31
0.0
  0
MTEXT
  5
881
330
7E2
100
AcDbEntity
  8
1
  6
Continuous
 62
    18
370
    13
100
AcDbMText
 10
51.275
 20
-97.030937
 30
0.0
 40
2.5
 41
0.0
 71
     4
 72
     5
  1
\fArial Unicode MS|b0|i0;\W1.0000;45.746
  7
Arial Unicode MS
 73
     2
 44
1.047437
  0
LINE
  5
882
330
7E2
100
AcDbEntity
  8
1
  6
Continuous
 62
     6
370
    18
100
AcDbLine
 10
100.0
 20
-99.536054
 30
0.0
 11
150.0
 21
-99.536054
 31
0.0
  0
LINE
  5
883
330
7E2
100
AcDbEntity
  8
1
  6
Continuous
 62
     6
370
    18
100
AcDbLine
 10
150.0
 20
-94.525822
 30
0.0
 11
150.0
 21
-99.536054
 31
0.0
  0
MTEXT
  5
884
330
7E2
100
AcDbEntity
  8
1
  6
Continuous
 62
    18
370
    13
100
AcDbMText
 10
101.275
 20
-97.030937
 30
0.0
 40
2.5
 41
0.0
 71
     4
 72
     5
  1
\fArial Unicode MS|b0|i0;\W1.0000;14.284
  7
Arial Unicode MS
 73
     2
 44
1.047437
  0
LINE
  5
885
330
7E2
100
AcDbEntity
  8
1
  6
Continuous
 62
     6
370
    13
100
AcDbLine
 10
0.0
 20
-99.536054
 30
0.0
 11
0.0
 21
-105.409841
 31
0.0
  0
LINE
  5
886
330
7E2
100
AcDbEntity
  8
1
  6
Continuous
 62
     6
370
    18
100
AcDbLine
 10
0.0
 20
-105.409841
 30
0.0
 11
50.0
 21
-105.409841
 31
0.0
  0
MTEXT
  5
887
330
7E2
100
AcDbEntity
  8
1
  6
Continuous
 62
    18
370
    13
100
AcDbMText
 10
1.275
 20
-102.472939
 30
0.0
 40
2.5
 41
0.0
 71
     4
 72
     5
  1
\fArial Unicode MS|b0|i0;\W1.0000;Thread Hole   GWINT_M4_L7.000 R / %%c3.400 T8.000 R  --> od do³u
  7
Arial Unicode MS
 73
     2
 44
1.047437
  0
LINE
  5
888
330
7E2
100
AcDbEntity
  8
1
  6
Continuous
 62
     6
370
    18
100
AcDbLine
 10
50.0
 20
-105.409841
 30
0.0
 11
100.0
 21
-105.409841
 31
0.0
  0
LINE
  5
889
330
7E2
100
AcDbEntity
  8
1
  6
Continuous
 62
     6
370
    18
100
AcDbLine
 10
100.0
 20
-105.409841
 30
0.0
 11
150.0
 21
-105.409841
 31
0.0
  0
LINE
  5
88A
330
7E2
100
AcDbEntity
  8
1
  6
Continuous
 62
     6
370
    18
100
AcDbLine
 10
150.0
 20
-99.536054
 30
0.0
 11
150.0
 21
-105.409841
 31
0.0
  0
LINE
  5
88B
330
7E2
100
AcDbEntity
  8
1
  6
Continuous
 62
     6
370
    13
100
AcDbLine
 10
0.0
 20
-105.409841
 30
0.0
 11
0.0
 21
-110.420073
 31
0.0
  0
LINE
  5
88C
330
7E2
100
AcDbEntity
  8
1
  6
Continuous
 62
     6
370
    18
100
AcDbLine
 10
0.0
 20
-110.420073
 30
0.0
 11
50.0
 21
-110.420073
 31
0.0
  0
LINE
  5
88D
330
7E2
100
AcDbEntity
  8
1
  6
Continuous
 62
     6
370
    18
100
AcDbLine
 10
50.0
 20
-105.409841
 30
0.0
 11
50.0
 21
-110.420073
 31
0.0
  0
MTEXT
  5
88E
330
7E2
100
AcDbEntity
  8
1
  6
Continuous
 62
    18
370
    13
100
AcDbMText
 10
1.275
 20
-107.914955
 30
0.0
 40
2.5
 41
0.0
 71
     4
 72
     5
  1
\fArial Unicode MS|b0|i0;\W1.0000;11
  7
Arial Unicode MS
 73
     2
 44
1.047437
  0
LINE
  5
88F
330
7E2
100
AcDbEntity
  8
1
  6
Continuous
 62
     6
370
    18
100
AcDbLine
 10
50.0
 20
-110.420073
 30
0.0
 11
100.0
 21
-110.420073
 31
0.0
  0
LINE
  5
890
330
7E2
100
AcDbEntity
  8
1
  6
Continuous
 62
     6
370
    18
100
AcDbLine
 10
100.0
 20
-105.409841
 30
0.0
 11
100.0
 21
-110.420073
 31
0.0
  0
MTEXT
  5
891
330
7E2
100
AcDbEntity
  8
1
  6
Continuous
 62
    18
370
    13
100
AcDbMText
 10
51.275
 20
-107.914955
 30
0.0
 40
2.5
 41
0.0
 71
     4
 72
     5
  1
\fArial Unicode MS|b0|i0;\W1.0000;45.000
  7
Arial Unicode MS
 73
     2
 44
1.047437
  0
LINE
  5
892
330
7E2
100
AcDbEntity
  8
1
  6
Continuous
 62
     6
370
    18
100
AcDbLine
 10
100.0
 20
-110.420073
 30
0.0
 11
150.0
 21
-110.420073
 31
0.0
  0
LINE
  5
893
330
7E2
100
AcDbEntity
  8
1
  6
Continuous
 62
     6
370
    18
100
AcDbLine
 10
150.0
 20
-105.409841
 30
0.0
 11
150.0
 21
-110.420073
 31
0.0
  0
MTEXT
  5
894
330
7E2
100
AcDbEntity
  8
1
  6
Continuous
 62
    18
370
    13
100
AcDbMText
 10
101.275
 20
-107.914955
 30
0.0
 40
2.5
 41
0.0
 71
     4
 72
     5
  1
\fArial Unicode MS|b0|i0;\W1.0000;27.500
  7
Arial Unicode MS
 73
     2
 44
1.047437
  0
LINE
  5
895
330
7E2
100
AcDbEntity
  8
1
  6
Continuous
 62
     6
370
    13
100
AcDbLine
 10
0.0
 20
-110.420073
 30
0.0
 11
0.0
 21
-115.430305
 31
0.0
  0
LINE
  5
896
330
7E2
100
AcDbEntity
  8
1
  6
Continuous
 62
     6
370
    18
100
AcDbLine
 10
0.0
 20
-115.430305
 30
0.0
 11
50.0
 21
-115.430305
 31
0.0
  0
LINE
  5
897
330
7E2
100
AcDbEntity
  8
1
  6
Continuous
 62
     6
370
    18
100
AcDbLine
 10
50.0
 20
-110.420073
 30
0.0
 11
50.0
 21
-115.430305
 31
0.0
  0
MTEXT
  5
898
330
7E2
100
AcDbEntity
  8
1
  6
Continuous
 62
    18
370
    13
100
AcDbMText
 10
1.275
 20
-112.925186
 30
0.0
 40
2.5
 41
0.0
 71
     4
 72
     5
  1
\fArial Unicode MS|b0|i0;\W1.0000;12
  7
Arial Unicode MS
 73
     2
 44
1.047437
  0
LINE
  5
899
330
7E2
100
AcDbEntity
  8
1
  6
Continuous
 62
     6
370
    18
100
AcDbLine
 10
50.0
 20
-115.430305
 30
0.0
 11
100.0
 21
-115.430305
 31
0.0
  0
LINE
  5
89A
330
7E2
100
AcDbEntity
  8
1
  6
Continuous
 62
     6
370
    18
100
AcDbLine
 10
100.0
 20
-110.420073
 30
0.0
 11
100.0
 21
-115.430305
 31
0.0
  0
MTEXT
  5
89B
330
7E2
100
AcDbEntity
  8
1
  6
Continuous
 62
    18
370
    13
100
AcDbMText
 10
51.275
 20
-112.925186
 30
0.0
 40
2.5
 41
0.0
 71
     4
 72
     5
  1
\fArial Unicode MS|b0|i0;\W1.0000;45.000
  7
Arial Unicode MS
 73
     2
 44
1.047437
  0
LINE
  5
89C
330
7E2
100
AcDbEntity
  8
1
  6
Continuous
 62
     6
370
    18
100
AcDbLine
 10
100.0
 20
-115.430305
 30
0.0
 11
150.0
 21
-115.430305
 31
0.0
  0
LINE
  5
89D
330
7E2
100
AcDbEntity
  8
1
  6
Continuous
 62
     6
370
    18
100
AcDbLine
 10
150.0
 20
-110.420073
 30
0.0
 11
150.0
 21
-115.430305
 31
0.0
  0
MTEXT
  5
89E
330
7E2
100
AcDbEntity
  8
1
  6
Continuous
 62
    18
370
    13
100
AcDbMText
 10
101.275
 20
-112.925186
 30
0.0
 40
2.5
 41
0.0
 71
     4
 72
     5
  1
\fArial Unicode MS|b0|i0;\W1.0000;6.500
  7
Arial Unicode MS
 73
     2
 44
1.047437
  0
LINE
  5
89F
330
7E2
100
AcDbEntity
  8
1
  6
Continuous
 62
     6
370
    13
100
AcDbLine
 10
0.0
 20
-115.430305
 30
0.0
 11
0.0
 21
-120.440536
 31
0.0
  0
LINE
  5
8A0
330
7E2
100
AcDbEntity
  8
1
  6
Continuous
 62
     6
370
    18
100
AcDbLine
 10
0.0
 20
-120.440536
 30
0.0
 11
50.0
 21
-120.440536
 31
0.0
  0
MTEXT
  5
8A1
330
7E2
100
AcDbEntity
  8
1
  6
Continuous
 62
    18
370
    13
100
AcDbMText
 10
1.275
 20
-117.935417
 30
0.0
 40
2.5
 41
0.0
 71
     4
 72
     5
  1
\fArial Unicode MS|b0|i0;\W1.0000;Part : 7318321_041576863_01 - Body : 041576863_01
  7
Arial Unicode MS
 73
     2
 44
1.047437
  0
LINE
  5
8A2
330
7E2
100
AcDbEntity
  8
1
  6
Continuous
 62
     6
370
    18
100
AcDbLine
 10
50.0
 20
-120.440536
 30
0.0
 11
100.0
 21
-120.440536
 31
0.0
  0
LINE
  5
8A3
330
7E2
100
AcDbEntity
  8
1
  6
Continuous
 62
     6
370
    18
100
AcDbLine
 10
100.0
 20
-120.440536
 30
0.0
 11
150.0
 21
-120.440536
 31
0.0
  0
LINE
  5
8A4
330
7E2
100
AcDbEntity
  8
1
  6
Continuous
 62
     6
370
    18
100
AcDbLine
 10
150.0
 20
-115.430305
 30
0.0
 11
150.0
 21
-120.440536
 31
0.0
  0
LINE
  5
8A5
330
7E2
100
AcDbEntity
  8
1
  6
Continuous
 62
     6
370
    13
100
AcDbLine
 10
0.0
 20
-120.440536
 30
0.0
 11
0.0
 21
-126.314323
 31
0.0
  0
LINE
  5
8A6
330
7E2
100
AcDbEntity
  8
1
  6
Continuous
 62
     6
370
    18
100
AcDbLine
 10
0.0
 20
-126.314323
 30
0.0
 11
50.0
 21
-126.314323
 31
0.0
  0
MTEXT
  5
8A7
330
7E2
100
AcDbEntity
  8
1
  6
Continuous
 62
    18
370
    13
100
AcDbMText
 10
1.275
 20
-123.377419
 30
0.0
 40
2.5
 41
0.0
 71
     4
 72
     5
  1
\fArial Unicode MS|b0|i0;\W1.0000;Through Hole %%c1.5H7 przelotowe
  7
Arial Unicode MS
 73
     2
 44
1.047437
  0
LINE
  5
8A8
330
7E2
100
AcDbEntity
  8
1
  6
Continuous
 62
     6
370
    18
100
AcDbLine
 10
50.0
 20
-126.314323
 30
0.0
 11
100.0
 21
-126.314323
 31
0.0
  0
LINE
  5
8A9
330
7E2
100
AcDbEntity
  8
1
  6
Continuous
 62
     6
370
    18
100
AcDbLine
 10
100.0
 20
-126.314323
 30
0.0
 11
150.0
 21
-126.314323
 31
0.0
  0
LINE
  5
8AA
330
7E2
100
AcDbEntity
  8
1
  6
Continuous
 62
     6
370
    18
100
AcDbLine
 10
150.0
 20
-120.440536
 30
0.0
 11
150.0
 21
-126.314323
 31
0.0
  0
LINE
  5
8AB
330
7E2
100
AcDbEntity
  8
1
  6
Continuous
 62
     6
370
    13
100
AcDbLine
 10
0.0
 20
-126.314323
 30
0.0
 11
0.0
 21
-131.324555
 31
0.0
  0
LINE
  5
8AC
330
7E2
100
AcDbEntity
  8
1
  6
Continuous
 62
     6
370
    18
100
AcDbLine
 10
0.0
 20
-131.324555
 30
0.0
 11
50.0
 21
-131.324555
 31
0.0
  0
LINE
  5
8AD
330
7E2
100
AcDbEntity
  8
1
  6
Continuous
 62
     6
370
    18
100
AcDbLine
 10
50.0
 20
-126.314323
 30
0.0
 11
50.0
 21
-131.324555
 31
0.0
  0
MTEXT
  5
8AE
330
7E2
100
AcDbEntity
  8
1
  6
Continuous
 62
    18
370
    13
100
AcDbMText
 10
1.275
 20
-128.819427
 30
0.0
 40
2.5
 41
0.0
 71
     4
 72
     5
  1
\fArial Unicode MS|b0|i0;\W1.0000;13
  7
Arial Unicode MS
 73
     2
 44
1.047437
  0
LINE
  5
8AF
330
7E2
100
AcDbEntity
  8
1
  6
Continuous
 62
     6
370
    18
100
AcDbLine
 10
50.0
 20
-131.324555
 30
0.0
 11
100.0
 21
-131.324555
 31
0.0
  0
LINE
  5
8B0
330
7E2
100
AcDbEntity
  8
1
  6
Continuous
 62
     6
370
    18
100
AcDbLine
 10
100.0
 20
-126.314323
 30
0.0
 11
100.0
 21
-131.324555
 31
0.0
  0
MTEXT
  5
8B1
330
7E2
100
AcDbEntity
  8
1
  6
Continuous
 62
    18
370
    13
100
AcDbMText
 10
51.275
 20
-128.819427
 30
0.0
 40
2.5
 41
0.0
 71
     4
 72
     5
  1
\fArial Unicode MS|b0|i0;\W1.0000;30.746
  7
Arial Unicode MS
 73
     2
 44
1.047437
  0
LINE
  5
8B2
330
7E2
100
AcDbEntity
  8
1
  6
Continuous
 62
     6
370
    18
100
AcDbLine
 10
100.0
 20
-131.324555
 30
0.0
 11
150.0
 21
-131.324555
 31
0.0
  0
LINE
  5
8B3
330
7E2
100
AcDbEntity
  8
1
  6
Continuous
 62
     6
370
    18
100
AcDbLine
 10
150.0
 20
-126.314323
 30
0.0
 11
150.0
 21
-131.324555
 31
0.0
  0
MTEXT
  5
8B4
330
7E2
100
AcDbEntity
  8
1
  6
Continuous
 62
    18
370
    13
100
AcDbMText
 10
101.275
 20
-128.819427
 30
0.0
 40
2.5
 41
0.0
 71
     4
 72
     5
  1
\fArial Unicode MS|b0|i0;\W1.0000;21.600
  7
Arial Unicode MS
 73
     2
 44
1.047437
  0
LINE
  5
8B5
330
7E2
100
AcDbEntity
  8
1
  6
Continuous
 62
     6
370
    13
100
AcDbLine
 10
0.0
 20
-131.324555
 30
0.0
 11
0.0
 21
-136.334787
 31
0.0
  0
LINE
  5
8B6
330
7E2
100
AcDbEntity
  8
1
  6
Continuous
 62
     6
370
    18
100
AcDbLine
 10
0.0
 20
-136.334787
 30
0.0
 11
50.0
 21
-136.334787
 31
0.0
  0
LINE
  5
8B7
330
7E2
100
AcDbEntity
  8
1
  6
Continuous
 62
     6
370
    18
100
AcDbLine
 10
50.0
 20
-131.324555
 30
0.0
 11
50.0
 21
-136.334787
 31
0.0
  0
MTEXT
  5
8B8
330
7E2
100
AcDbEntity
  8
1
  6
Continuous
 62
    18
370
    13
100
AcDbMText
 10
1.275
 20
-133.829666
 30
0.0
 40
2.5
 41
0.0
 71
     4
 72
     5
  1
\fArial Unicode MS|b0|i0;\W1.0000;16
  7
Arial Unicode MS
 73
     2
 44
1.047437
  0
LINE
  5
8B9
330
7E2
100
AcDbEntity
  8
1
  6
Continuous
 62
     6
370
    18
100
AcDbLine
 10
50.0
 20
-136.334787
 30
0.0
 11
100.0
 21
-136.334787
 31
0.0
  0
LINE
  5
8BA
330
7E2
100
AcDbEntity
  8
1
  6
Continuous
 62
     6
370
    18
100
AcDbLine
 10
100.0
 20
-131.324555
 30
0.0
 11
100.0
 21
-136.334787
 31
0.0
  0
MTEXT
  5
8BB
330
7E2
100
AcDbEntity
  8
1
  6
Continuous
 62
    18
370
    13
100
AcDbMText
 10
51.275
 20
-133.829666
 30
0.0
 40
2.5
 41
0.0
 71
     4
 72
     5
  1
\fArial Unicode MS|b0|i0;\W1.0000;27.024
  7
Arial Unicode MS
 73
     2
 44
1.047437
  0
LINE
  5
8BC
330
7E2
100
AcDbEntity
  8
1
  6
Continuous
 62
     6
370
    18
100
AcDbLine
 10
100.0
 20
-136.334787
 30
0.0
 11
150.0
 21
-136.334787
 31
0.0
  0
LINE
  5
8BD
330
7E2
100
AcDbEntity
  8
1
  6
Continuous
 62
     6
370
    18
100
AcDbLine
 10
150.0
 20
-131.324555
 30
0.0
 11
150.0
 21
-136.334787
 31
0.0
  0
MTEXT
  5
8BE
330
7E2
100
AcDbEntity
  8
1
  6
Continuous
 62
    18
370
    13
100
AcDbMText
 10
101.275
 20
-133.829666
 30
0.0
 40
2.5
 41
0.0
 71
     4
 72
     5
  1
\fArial Unicode MS|b0|i0;\W1.0000;12.400
  7
Arial Unicode MS
 73
     2
 44
1.047437
  0
LINE
  5
8BF
330
7E2
100
AcDbEntity
  8
1
  6
Continuous
 62
     6
370
    13
100
AcDbLine
 10
0.0
 20
-136.334787
 30
0.0
 11
0.0
 21
-142.208573
 31
0.0
  0
LINE
  5
8C0
330
7E2
100
AcDbEntity
  8
1
  6
Continuous
 62
     6
370
    18
100
AcDbLine
 10
0.0
 20
-142.208573
 30
0.0
 11
50.0
 21
-142.208573
 31
0.0
  0
MTEXT
  5
8C1
330
7E2
100
AcDbEntity
  8
1
  6
Continuous
 62
    18
370
    13
100
AcDbMText
 10
1.275
 20
-139.271683
 30
0.0
 40
2.5
 41
0.0
 71
     4
 72
     5
  1
\fArial Unicode MS|b0|i0;\W1.0000;Counterbore %%c1.500 / %%c2.012 T1.610  fazka
  7
Arial Unicode MS
 73
     2
 44
1.047437
  0
LINE
  5
8C2
330
7E2
100
AcDbEntity
  8
1
  6
Continuous
 62
     6
370
    18
100
AcDbLine
 10
50.0
 20
-142.208573
 30
0.0
 11
100.0
 21
-142.208573
 31
0.0
  0
LINE
  5
8C3
330
7E2
100
AcDbEntity
  8
1
  6
Continuous
 62
     6
370
    18
100
AcDbLine
 10
100.0
 20
-142.208573
 30
0.0
 11
150.0
 21
-142.208573
 31
0.0
  0
LINE
  5
8C4
330
7E2
100
AcDbEntity
  8
1
  6
Continuous
 62
     6
370
    18
100
AcDbLine
 10
150.0
 20
-136.334787
 30
0.0
 11
150.0
 21
-142.208573
 31
0.0
  0
LINE
  5
8C5
330
7E2
100
AcDbEntity
  8
1
  6
Continuous
 62
     6
370
    13
100
AcDbLine
 10
0.0
 20
-142.208573
 30
0.0
 11
0.0
 21
-147.218805
 31
0.0
  0
LINE
  5
8C6
330
7E2
100
AcDbEntity
  8
1
  6
Continuous
 62
     6
370
    18
100
AcDbLine
 10
0.0
 20
-147.218805
 30
0.0
 11
50.0
 21
-147.218805
 31
0.0
  0
LINE
  5
8C7
330
7E2
100
AcDbEntity
  8
1
  6
Continuous
 62
     6
370
    18
100
AcDbLine
 10
50.0
 20
-142.208573
 30
0.0
 11
50.0
 21
-147.218805
 31
0.0
  0
MTEXT
  5
8C8
330
7E2
100
AcDbEntity
  8
1
  6
Continuous
 62
    18
370
    13
100
AcDbMText
 10
1.275
 20
-144.713684
 30
0.0
 40
2.5
 41
0.0
 71
     4
 72
     5
  1
\fArial Unicode MS|b0|i0;\W1.0000;14
  7
Arial Unicode MS
 73
     2
 44
1.047437
  0
LINE
  5
8C9
330
7E2
100
AcDbEntity
  8
1
  6
Continuous
 62
     6
370
    18
100
AcDbLine
 10
50.0
 20
-147.218805
 30
0.0
 11
100.0
 21
-147.218805
 31
0.0
  0
LINE
  5
8CA
330
7E2
100
AcDbEntity
  8
1
  6
Continuous
 62
     6
370
    18
100
AcDbLine
 10
100.0
 20
-142.208573
 30
0.0
 11
100.0
 21
-147.218805
 31
0.0
  0
MTEXT
  5
8CB
330
7E2
100
AcDbEntity
  8
1
  6
Continuous
 62
    18
370
    13
100
AcDbMText
 10
51.275
 20
-144.713684
 30
0.0
 40
2.5
 41
0.0
 71
     4
 72
     5
  1
\fArial Unicode MS|b0|i0;\W1.0000;27.024
  7
Arial Unicode MS
 73
     2
 44
1.047437
  0
LINE
  5
8CC
330
7E2
100
AcDbEntity
  8
1
  6
Continuous
 62
     6
370
    18
100
AcDbLine
 10
100.0
 20
-147.218805
 30
0.0
 11
150.0
 21
-147.218805
 31
0.0
  0
LINE
  5
8CD
330
7E2
100
AcDbEntity
  8
1
  6
Continuous
 62
     6
370
    18
100
AcDbLine
 10
150.0
 20
-142.208573
 30
0.0
 11
150.0
 21
-147.218805
 31
0.0
  0
MTEXT
  5
8CE
330
7E2
100
AcDbEntity
  8
1
  6
Continuous
 62
    18
370
    13
100
AcDbMText
 10
101.275
 20
-144.713684
 30
0.0
 40
2.5
 41
0.0
 71
     4
 72
     5
  1
\fArial Unicode MS|b0|i0;\W1.0000;19.716
  7
Arial Unicode MS
 73
     2
 44
1.047437
  0
LINE
  5
8CF
330
7E2
100
AcDbEntity
  8
1
  6
Continuous
 62
     6
370
    13
100
AcDbLine
 10
0.0
 20
-147.218805
 30
0.0
 11
0.0
 21
-152.229037
 31
0.0
  0
LINE
  5
8D0
330
7E2
100
AcDbEntity
  8
1
  6
Continuous
 62
     6
370
    18
100
AcDbLine
 10
0.0
 20
-152.229037
 30
0.0
 11
50.0
 21
-152.229037
 31
0.0
  0
LINE
  5
8D1
330
7E2
100
AcDbEntity
  8
1
  6
Continuous
 62
     6
370
    18
100
AcDbLine
 10
50.0
 20
-147.218805
 30
0.0
 11
50.0
 21
-152.229037
 31
0.0
  0
MTEXT
  5
8D2
330
7E2
100
AcDbEntity
  8
1
  6
Continuous
 62
    18
370
    13
100
AcDbMText
 10
1.275
 20
-149.723923
 30
0.0
 40
2.5
 41
0.0
 71
     4
 72
     5
  1
\fArial Unicode MS|b0|i0;\W1.0000;15
  7
Arial Unicode MS
 73
     2
 44
1.047437
  0
LINE
  5
8D3
330
7E2
100
AcDbEntity
  8
1
  6
Continuous
 62
     6
370
    18
100
AcDbLine
 10
50.0
 20
-152.229037
 30
0.0
 11
100.0
 21
-152.229037
 31
0.0
  0
LINE
  5
8D4
330
7E2
100
AcDbEntity
  8
1
  6
Continuous
 62
     6
370
    18
100
AcDbLine
 10
100.0
 20
-147.218805
 30
0.0
 11
100.0
 21
-152.229037
 31
0.0
  0
MTEXT
  5
8D5
330
7E2
100
AcDbEntity
  8
1
  6
Continuous
 62
    18
370
    13
100
AcDbMText
 10
51.275
 20
-149.723923
 30
0.0
 40
2.5
 41
0.0
 71
     4
 72
     5
  1
\fArial Unicode MS|b0|i0;\W1.0000;30.746
  7
Arial Unicode MS
 73
     2
 44
1.047437
  0
LINE
  5
8D6
330
7E2
100
AcDbEntity
  8
1
  6
Continuous
 62
     6
370
    18
100
AcDbLine
 10
100.0
 20
-152.229037
 30
0.0
 11
150.0
 21
-152.229037
 31
0.0
  0
LINE
  5
8D7
330
7E2
100
AcDbEntity
  8
1
  6
Continuous
 62
     6
370
    18
100
AcDbLine
 10
150.0
 20
-147.218805
 30
0.0
 11
150.0
 21
-152.229037
 31
0.0
  0
MTEXT
  5
8D8
330
7E2
100
AcDbEntity
  8
1
  6
Continuous
 62
    18
370
    13
100
AcDbMText
 10
101.275
 20
-149.723923
 30
0.0
 40
2.5
 41
0.0
 71
     4
 72
     5
  1
\fArial Unicode MS|b0|i0;\W1.0000;14.284
  7
Arial Unicode MS
 73
     2
 44
1.047437
  0
LINE
  5
8D9
330
7E2
100
AcDbEntity
  8
1
  6
Continuous
 62
     6
370
    13
100
AcDbLine
 10
0.0
 20
-152.229037
 30
0.0
 11
0.0
 21
-158.102824
 31
0.0
  0
LINE
  5
8DA
330
7E2
100
AcDbEntity
  8
1
  6
Continuous
 62
     6
370
    18
100
AcDbLine
 10
0.0
 20
-158.102824
 30
0.0
 11
50.0
 21
-158.102824
 31
0.0
  0
MTEXT
  5
8DB
330
7E2
100
AcDbEntity
  8
1
  6
Continuous
 62
    18
370
    13
100
AcDbMText
 10
1.275
 20
-155.165939
 30
0.0
 40
2.5
 41
0.0
 71
     4
 72
     5
  1
\fArial Unicode MS|b0|i0;\W1.0000;Thread Hole   GWINT_M4_L7.000 R / %%c3.400 T8.000 R  --> od do³u
  7
Arial Unicode MS
 73
     2
 44
1.047437
  0
LINE
  5
8DC
330
7E2
100
AcDbEntity
  8
1
  6
Continuous
 62
     6
370
    18
100
AcDbLine
 10
50.0
 20
-158.102824
 30
0.0
 11
100.0
 21
-158.102824
 31
0.0
  0
LINE
  5
8DD
330
7E2
100
AcDbEntity
  8
1
  6
Continuous
 62
     6
370
    18
100
AcDbLine
 10
100.0
 20
-158.102824
 30
0.0
 11
150.0
 21
-158.102824
 31
0.0
  0
LINE
  5
8DE
330
7E2
100
AcDbEntity
  8
1
  6
Continuous
 62
     6
370
    18
100
AcDbLine
 10
150.0
 20
-152.229037
 30
0.0
 11
150.0
 21
-158.102824
 31
0.0
  0
LINE
  5
8DF
330
7E2
100
AcDbEntity
  8
1
  6
Continuous
 62
     6
370
    13
100
AcDbLine
 10
0.0
 20
-158.102824
 30
0.0
 11
0.0
 21
-163.113056
 31
0.0
  0
LINE
  5
8E0
330
7E2
100
AcDbEntity
  8
1
  6
Continuous
 62
     6
370
    18
100
AcDbLine
 10
0.0
 20
-163.113056
 30
0.0
 11
50.0
 21
-163.113056
 31
0.0
  0
LINE
  5
8E1
330
7E2
100
AcDbEntity
  8
1
  6
Continuous
 62
     6
370
    18
100
AcDbLine
 10
50.0
 20
-158.102824
 30
0.0
 11
50.0
 21
-163.113056
 31
0.0
  0
MTEXT
  5
8E2
330
7E2
100
AcDbEntity
  8
1
  6
Continuous
 62
    18
370
    13
100
AcDbMText
 10
1.275
 20
-160.607941
 30
0.0
 40
2.5
 41
0.0
 71
     4
 72
     5
  1
\fArial Unicode MS|b0|i0;\W1.0000;17
  7
Arial Unicode MS
 73
     2
 44
1.047437
  0
LINE
  5
8E3
330
7E2
100
AcDbEntity
  8
1
  6
Continuous
 62
     6
370
    18
100
AcDbLine
 10
50.0
 20
-163.113056
 30
0.0
 11
100.0
 21
-163.113056
 31
0.0
  0
LINE
  5
8E4
330
7E2
100
AcDbEntity
  8
1
  6
Continuous
 62
     6
370
    18
100
AcDbLine
 10
100.0
 20
-158.102824
 30
0.0
 11
100.0
 21
-163.113056
 31
0.0
  0
MTEXT
  5
8E5
330
7E2
100
AcDbEntity
  8
1
  6
Continuous
 62
    18
370
    13
100
AcDbMText
 10
51.275
 20
-160.607941
 30
0.0
 40
2.5
 41
0.0
 71
     4
 72
     5
  1
\fArial Unicode MS|b0|i0;\W1.0000;30.000
  7
Arial Unicode MS
 73
     2
 44
1.047437
  0
LINE
  5
8E6
330
7E2
100
AcDbEntity
  8
1
  6
Continuous
 62
     6
370
    18
100
AcDbLine
 10
100.0
 20
-163.113056
 30
0.0
 11
150.0
 21
-163.113056
 31
0.0
  0
LINE
  5
8E7
330
7E2
100
AcDbEntity
  8
1
  6
Continuous
 62
     6
370
    18
100
AcDbLine
 10
150.0
 20
-158.102824
 30
0.0
 11
150.0
 21
-163.113056
 31
0.0
  0
MTEXT
  5
8E8
330
7E2
100
AcDbEntity
  8
1
  6
Continuous
 62
    18
370
    13
100
AcDbMText
 10
101.275
 20
-160.607941
 30
0.0
 40
2.5
 41
0.0
 71
     4
 72
     5
  1
\fArial Unicode MS|b0|i0;\W1.0000;27.500
  7
Arial Unicode MS
 73
     2
 44
1.047437
  0
LINE
  5
8E9
330
7E2
100
AcDbEntity
  8
1
  6
Continuous
 62
     6
370
    13
100
AcDbLine
 10
0.0
 20
-163.113056
 30
0.0
 11
0.0
 21
-168.123288
 31
0.0
  0
LINE
  5
8EA
330
7E2
100
AcDbEntity
  8
1
  6
Continuous
 62
     6
370
    18
100
AcDbLine
 10
0.0
 20
-168.123288
 30
0.0
 11
50.0
 21
-168.123288
 31
0.0
  0
LINE
  5
8EB
330
7E2
100
AcDbEntity
  8
1
  6
Continuous
 62
     6
370
    18
100
AcDbLine
 10
50.0
 20
-163.113056
 30
0.0
 11
50.0
 21
-168.123288
 31
0.0
  0
MTEXT
  5
8EC
330
7E2
100
AcDbEntity
  8
1
  6
Continuous
 62
    18
370
    13
100
AcDbMText
 10
1.275
 20
-165.618179
 30
0.0
 40
2.5
 41
0.0
 71
     4
 72
     5
  1
\fArial Unicode MS|b0|i0;\W1.0000;18
  7
Arial Unicode MS
 73
     2
 44
1.047437
  0
LINE
  5
8ED
330
7E2
100
AcDbEntity
  8
1
  6
Continuous
 62
     6
370
    18
100
AcDbLine
 10
50.0
 20
-168.123288
 30
0.0
 11
100.0
 21
-168.123288
 31
0.0
  0
LINE
  5
8EE
330
7E2
100
AcDbEntity
  8
1
  6
Continuous
 62
     6
370
    18
100
AcDbLine
 10
100.0
 20
-163.113056
 30
0.0
 11
100.0
 21
-168.123288
 31
0.0
  0
MTEXT
  5
8EF
330
7E2
100
AcDbEntity
  8
1
  6
Continuous
 62
    18
370
    13
100
AcDbMText
 10
51.275
 20
-165.618179
 30
0.0
 40
2.5
 41
0.0
 71
     4
 72
     5
  1
\fArial Unicode MS|b0|i0;\W1.0000;30.000
  7
Arial Unicode MS
 73
     2
 44
1.047437
  0
LINE
  5
8F0
330
7E2
100
AcDbEntity
  8
1
  6
Continuous
 62
     6
370
    18
100
AcDbLine
 10
100.0
 20
-168.123288
 30
0.0
 11
150.0
 21
-168.123288
 31
0.0
  0
LINE
  5
8F1
330
7E2
100
AcDbEntity
  8
1
  6
Continuous
 62
     6
370
    18
100
AcDbLine
 10
150.0
 20
-163.113056
 30
0.0
 11
150.0
 21
-168.123288
 31
0.0
  0
MTEXT
  5
8F2
330
7E2
100
AcDbEntity
  8
1
  6
Continuous
 62
    18
370
    13
100
AcDbMText
 10
101.275
 20
-165.618179
 30
0.0
 40
2.5
 41
0.0
 71
     4
 72
     5
  1
\fArial Unicode MS|b0|i0;\W1.0000;6.500
  7
Arial Unicode MS
 73
     2
 44
1.047437
  0
LINE
  5
8F3
330
7E2
100
AcDbEntity
  8
1
  6
Continuous
 62
     6
370
    13
100
AcDbLine
 10
0.0
 20
-168.123288
 30
0.0
 11
0.0
 21
-173.13352
 31
0.0
  0
LINE
  5
8F4
330
7E2
100
AcDbEntity
  8
1
  6
Continuous
 62
     6
370
    18
100
AcDbLine
 10
0.0
 20
-173.13352
 30
0.0
 11
50.0
 21
-173.13352
 31
0.0
  0
MTEXT
  5
8F5
330
7E2
100
AcDbEntity
  8
1
  6
Continuous
 62
    18
370
    13
100
AcDbMText
 10
1.275
 20
-170.628418
 30
0.0
 40
2.5
 41
0.0
 71
     4
 72
     5
  1
\fArial Unicode MS|b0|i0;\W1.0000;Part : 7318321_041576863_01 - Body : 041576863_01
  7
Arial Unicode MS
 73
     2
 44
1.047437
  0
LINE
  5
8F6
330
7E2
100
AcDbEntity
  8
1
  6
Continuous
 62
     6
370
    18
100
AcDbLine
 10
50.0
 20
-173.13352
 30
0.0
 11
100.0
 21
-173.13352
 31
0.0
  0
LINE
  5
8F7
330
7E2
100
AcDbEntity
  8
1
  6
Continuous
 62
     6
370
    18
100
AcDbLine
 10
100.0
 20
-173.13352
 30
0.0
 11
150.0
 21
-173.13352
 31
0.0
  0
LINE
  5
8F8
330
7E2
100
AcDbEntity
  8
1
  6
Continuous
 62
     6
370
    18
100
AcDbLine
 10
150.0
 20
-168.123288
 30
0.0
 11
150.0
 21
-173.13352
 31
0.0
  0
LINE
  5
8F9
330
7E2
100
AcDbEntity
  8
1
  6
Continuous
 62
     6
370
    13
100
AcDbLine
 10
0.0
 20
-173.13352
 30
0.0
 11
0.0
 21
-179.007306
 31
0.0
  0
LINE
  5
8FA
330
7E2
100
AcDbEntity
  8
1
  6
Continuous
 62
     6
370
    18
100
AcDbLine
 10
0.0
 20
-179.007306
 30
0.0
 11
50.0
 21
-179.007306
 31
0.0
  0
MTEXT
  5
8FB
330
7E2
100
AcDbEntity
  8
1
  6
Continuous
 62
    18
370
    13
100
AcDbMText
 10
1.275
 20
-176.070435
 30
0.0
 40
2.5
 41
0.0
 71
     4
 72
     5
  1
\fArial Unicode MS|b0|i0;\W1.0000;Through Hole %%c1.5H7 przelotowe
  7
Arial Unicode MS
 73
     2
 44
1.047437
  0
LINE
  5
8FC
330
7E2
100
AcDbEntity
  8
1
  6
Continuous
 62
     6
370
    18
100
AcDbLine
 10
50.0
 20
-179.007306
 30
0.0
 11
100.0
 21
-179.007306
 31
0.0
  0
LINE
  5
8FD
330
7E2
100
AcDbEntity
  8
1
  6
Continuous
 62
     6
370
    18
100
AcDbLine
 10
100.0
 20
-179.007306
 30
0.0
 11
150.0
 21
-179.007306
 31
0.0
  0
LINE
  5
8FE
330
7E2
100
AcDbEntity
  8
1
  6
Continuous
 62
     6
370
    18
100
AcDbLine
 10
150.0
 20
-173.13352
 30
0.0
 11
150.0
 21
-179.007306
 31
0.0
  0
LINE
  5
8FF
330
7E2
100
AcDbEntity
  8
1
  6
Continuous
 62
     6
370
    13
100
AcDbLine
 10
0.0
 20
-179.007306
 30
0.0
 11
0.0
 21
-184.017538
 31
0.0
  0
LINE
  5
900
330
7E2
100
AcDbEntity
  8
1
  6
Continuous
 62
     6
370
    18
100
AcDbLine
 10
0.0
 20
-184.017538
 30
0.0
 11
50.0
 21
-184.017538
 31
0.0
  0
LINE
  5
901
330
7E2
100
AcDbEntity
  8
1
  6
Continuous
 62
     6
370
    18
100
AcDbLine
 10
50.0
 20
-179.007306
 30
0.0
 11
50.0
 21
-184.017538
 31
0.0
  0
MTEXT
  5
902
330
7E2
100
AcDbEntity
  8
1
  6
Continuous
 62
    18
370
    13
100
AcDbMText
 10
1.275
 20
-181.512436
 30
0.0
 40
2.5
 41
0.0
 71
     4
 72
     5
  1
\fArial Unicode MS|b0|i0;\W1.0000;19
  7
Arial Unicode MS
 73
     2
 44
1.047437
  0
LINE
  5
903
330
7E2
100
AcDbEntity
  8
1
  6
Continuous
 62
     6
370
    18
100
AcDbLine
 10
50.0
 20
-184.017538
 30
0.0
 11
100.0
 21
-184.017538
 31
0.0
  0
LINE
  5
904
330
7E2
100
AcDbEntity
  8
1
  6
Continuous
 62
     6
370
    18
100
AcDbLine
 10
100.0
 20
-179.007306
 30
0.0
 11
100.0
 21
-184.017538
 31
0.0
  0
MTEXT
  5
905
330
7E2
100
AcDbEntity
  8
1
  6
Continuous
 62
    18
370
    13
100
AcDbMText
 10
51.275
 20
-181.512436
 30
0.0
 40
2.5
 41
0.0
 71
     4
 72
     5
  1
\fArial Unicode MS|b0|i0;\W1.0000;60.746
  7
Arial Unicode MS
 73
     2
 44
1.047437
  0
LINE
  5
906
330
7E2
100
AcDbEntity
  8
1
  6
Continuous
 62
     6
370
    18
100
AcDbLine
 10
100.0
 20
-184.017538
 30
0.0
 11
150.0
 21
-184.017538
 31
0.0
  0
LINE
  5
907
330
7E2
100
AcDbEntity
  8
1
  6
Continuous
 62
     6
370
    18
100
AcDbLine
 10
150.0
 20
-179.007306
 30
0.0
 11
150.0
 21
-184.017538
 31
0.0
  0
MTEXT
  5
908
330
7E2
100
AcDbEntity
  8
1
  6
Continuous
 62
    18
370
    13
100
AcDbMText
 10
101.275
 20
-181.512436
 30
0.0
 40
2.5
 41
0.0
 71
     4
 72
     5
  1
\fArial Unicode MS|b0|i0;\W1.0000;21.600
  7
Arial Unicode MS
 73
     2
 44
1.047437
  0
LINE
  5
909
330
7E2
100
AcDbEntity
  8
1
  6
Continuous
 62
     6
370
    13
100
AcDbLine
 10
0.0
 20
-184.017538
 30
0.0
 11
0.0
 21
-189.02777
 31
0.0
  0
LINE
  5
90A
330
7E2
100
AcDbEntity
  8
1
  6
Continuous
 62
     6
370
    18
100
AcDbLine
 10
0.0
 20
-189.02777
 30
0.0
 11
50.0
 21
-189.02777
 31
0.0
  0
LINE
  5
90B
330
7E2
100
AcDbEntity
  8
1
  6
Continuous
 62
     6
370
    18
100
AcDbLine
 10
50.0
 20
-184.017538
 30
0.0
 11
50.0
 21
-189.02777
 31
0.0
  0
MTEXT
  5
90C
330
7E2
100
AcDbEntity
  8
1
  6
Continuous
 62
    18
370
    13
100
AcDbMText
 10
1.275
 20
-186.522675
 30
0.0
 40
2.5
 41
0.0
 71
     4
 72
     5
  1
\fArial Unicode MS|b0|i0;\W1.0000;22
  7
Arial Unicode MS
 73
     2
 44
1.047437
  0
LINE
  5
90D
330
7E2
100
AcDbEntity
  8
1
  6
Continuous
 62
     6
370
    18
100
AcDbLine
 10
50.0
 20
-189.02777
 30
0.0
 11
100.0
 21
-189.02777
 31
0.0
  0
LINE
  5
90E
330
7E2
100
AcDbEntity
  8
1
  6
Continuous
 62
     6
370
    18
100
AcDbLine
 10
100.0
 20
-184.017538
 30
0.0
 11
100.0
 21
-189.02777
 31
0.0
  0
MTEXT
  5
90F
330
7E2
100
AcDbEntity
  8
1
  6
Continuous
 62
    18
370
    13
100
AcDbMText
 10
51.275
 20
-186.522675
 30
0.0
 40
2.5
 41
0.0
 71
     4
 72
     5
  1
\fArial Unicode MS|b0|i0;\W1.0000;57.024
  7
Arial Unicode MS
 73
     2
 44
1.047437
  0
LINE
  5
910
330
7E2
100
AcDbEntity
  8
1
  6
Continuous
 62
     6
370
    18
100
AcDbLine
 10
100.0
 20
-189.02777
 30
0.0
 11
150.0
 21
-189.02777
 31
0.0
  0
LINE
  5
911
330
7E2
100
AcDbEntity
  8
1
  6
Continuous
 62
     6
370
    18
100
AcDbLine
 10
150.0
 20
-184.017538
 30
0.0
 11
150.0
 21
-189.02777
 31
0.0
  0
MTEXT
  5
912
330
7E2
100
AcDbEntity
  8
1
  6
Continuous
 62
    18
370
    13
100
AcDbMText
 10
101.275
 20
-186.522675
 30
0.0
 40
2.5
 41
0.0
 71
     4
 72
     5
  1
\fArial Unicode MS|b0|i0;\W1.0000;12.400
  7
Arial Unicode MS
 73
     2
 44
1.047437
  0
LINE
  5
913
330
7E2
100
AcDbEntity
  8
1
  6
Continuous
 62
     6
370
    13
100
AcDbLine
 10
0.0
 20
-189.02777
 30
0.0
 11
0.0
 21
-194.901556
 31
0.0
  0
LINE
  5
914
330
7E2
100
AcDbEntity
  8
1
  6
Continuous
 62
     6
370
    18
100
AcDbLine
 10
0.0
 20
-194.901556
 30
0.0
 11
50.0
 21
-194.901556
 31
0.0
  0
MTEXT
  5
915
330
7E2
100
AcDbEntity
  8
1
  6
Continuous
 62
    18
370
    13
100
AcDbMText
 10
1.275
 20
-191.964691
 30
0.0
 40
2.5
 41
0.0
 71
     4
 72
     5
  1
\fArial Unicode MS|b0|i0;\W1.0000;Counterbore %%c1.500 / %%c2.012 T1.610  fazka
  7
Arial Unicode MS
 73
     2
 44
1.047437
  0
LINE
  5
916
330
7E2
100
AcDbEntity
  8
1
  6
Continuous
 62
     6
370
    18
100
AcDbLine
 10
50.0
 20
-194.901556
 30
0.0
 11
100.0
 21
-194.901556
 31
0.0
  0
LINE
  5
917
330
7E2
100
AcDbEntity
  8
1
  6
Continuous
 62
     6
370
    18
100
AcDbLine
 10
100.0
 20
-194.901556
 30
0.0
 11
150.0
 21
-194.901556
 31
0.0
  0
LINE
  5
918
330
7E2
100
AcDbEntity
  8
1
  6
Continuous
 62
     6
370
    18
100
AcDbLine
 10
150.0
 20
-189.02777
 30
0.0
 11
150.0
 21
-194.901556
 31
0.0
  0
LINE
  5
919
330
7E2
100
AcDbEntity
  8
1
  6
Continuous
 62
     6
370
    13
100
AcDbLine
 10
0.0
 20
-194.901556
 30
0.0
 11
0.0
 21
-199.911788
 31
0.0
  0
LINE
  5
91A
330
7E2
100
AcDbEntity
  8
1
  6
Continuous
 62
     6
370
    18
100
AcDbLine
 10
0.0
 20
-199.911788
 30
0.0
 11
50.0
 21
-199.911788
 31
0.0
  0
LINE
  5
91B
330
7E2
100
AcDbEntity
  8
1
  6
Continuous
 62
     6
370
    18
100
AcDbLine
 10
50.0
 20
-194.901556
 30
0.0
 11
50.0
 21
-199.911788
 31
0.0
  0
MTEXT
  5
91C
330
7E2
100
AcDbEntity
  8
1
  6
Continuous
 62
    18
370
    13
100
AcDbMText
 10
1.275
 20
-197.406693
 30
0.0
 40
2.5
 41
0.0
 71
     4
 72
     5
  1
\fArial Unicode MS|b0|i0;\W1.0000;20
  7
Arial Unicode MS
 73
     2
 44
1.047437
  0
LINE
  5
91D
330
7E2
100
AcDbEntity
  8
1
  6
Continuous
 62
     6
370
    18
100
AcDbLine
 10
50.0
 20
-199.911788
 30
0.0
 11
100.0
 21
-199.911788
 31
0.0
  0
LINE
  5
91E
330
7E2
100
AcDbEntity
  8
1
  6
Continuous
 62
     6
370
    18
100
AcDbLine
 10
100.0
 20
-194.901556
 30
0.0
 11
100.0
 21
-199.911788
 31
0.0
  0
MTEXT
  5
91F
330
7E2
100
AcDbEntity
  8
1
  6
Continuous
 62
    18
370
    13
100
AcDbMText
 10
51.275
 20
-197.406693
 30
0.0
 40
2.5
 41
0.0
 71
     4
 72
     5
  1
\fArial Unicode MS|b0|i0;\W1.0000;57.024
  7
Arial Unicode MS
 73
     2
 44
1.047437
  0
LINE
  5
920
330
7E2
100
AcDbEntity
  8
1
  6
Continuous
 62
     6
370
    18
100
AcDbLine
 10
100.0
 20
-199.911788
 30
0.0
 11
150.0
 21
-199.911788
 31
0.0
  0
LINE
  5
921
330
7E2
100
AcDbEntity
  8
1
  6
Continuous
 62
     6
370
    18
100
AcDbLine
 10
150.0
 20
-194.901556
 30
0.0
 11
150.0
 21
-199.911788
 31
0.0
  0
MTEXT
  5
922
330
7E2
100
AcDbEntity
  8
1
  6
Continuous
 62
    18
370
    13
100
AcDbMText
 10
101.275
 20
-197.406693
 30
0.0
 40
2.5
 41
0.0
 71
     4
 72
     5
  1
\fArial Unicode MS|b0|i0;\W1.0000;19.716
  7
Arial Unicode MS
 73
     2
 44
1.047437
  0
LINE
  5
923
330
7E2
100
AcDbEntity
  8
1
  6
Continuous
 62
     6
370
    13
100
AcDbLine
 10
0.0
 20
-199.911788
 30
0.0
 11
0.0
 21
-204.92202
 31
0.0
  0
LINE
  5
924
330
7E2
100
AcDbEntity
  8
1
  6
Continuous
 62
     6
370
    18
100
AcDbLine
 10
0.0
 20
-204.92202
 30
0.0
 11
50.0
 21
-204.92202
 31
0.0
  0
LINE
  5
925
330
7E2
100
AcDbEntity
  8
1
  6
Continuous
 62
     6
370
    18
100
AcDbLine
 10
50.0
 20
-199.911788
 30
0.0
 11
50.0
 21
-204.92202
 31
0.0
  0
MTEXT
  5
926
330
7E2
100
AcDbEntity
  8
1
  6
Continuous
 62
    18
370
    13
100
AcDbMText
 10
1.275
 20
-202.416931
 30
0.0
 40
2.5
 41
0.0
 71
     4
 72
     5
  1
\fArial Unicode MS|b0|i0;\W1.0000;21
  7
Arial Unicode MS
 73
     2
 44
1.047437
  0
LINE
  5
927
330
7E2
100
AcDbEntity
  8
1
  6
Continuous
 62
     6
370
    18
100
AcDbLine
 10
50.0
 20
-204.92202
 30
0.0
 11
100.0
 21
-204.92202
 31
0.0
  0
LINE
  5
928
330
7E2
100
AcDbEntity
  8
1
  6
Continuous
 62
     6
370
    18
100
AcDbLine
 10
100.0
 20
-199.911788
 30
0.0
 11
100.0
 21
-204.92202
 31
0.0
  0
MTEXT
  5
929
330
7E2
100
AcDbEntity
  8
1
  6
Continuous
 62
    18
370
    13
100
AcDbMText
 10
51.275
 20
-202.416931
 30
0.0
 40
2.5
 41
0.0
 71
     4
 72
     5
  1
\fArial Unicode MS|b0|i0;\W1.0000;60.746
  7
Arial Unicode MS
 73
     2
 44
1.047437
  0
LINE
  5
92A
330
7E2
100
AcDbEntity
  8
1
  6
Continuous
 62
     6
370
    18
100
AcDbLine
 10
100.0
 20
-204.92202
 30
0.0
 11
150.0
 21
-204.92202
 31
0.0
  0
LINE
  5
92B
330
7E2
100
AcDbEntity
  8
1
  6
Continuous
 62
     6
370
    18
100
AcDbLine
 10
150.0
 20
-199.911788
 30
0.0
 11
150.0
 21
-204.92202
 31
0.0
  0
MTEXT
  5
92C
330
7E2
100
AcDbEntity
  8
1
  6
Continuous
 62
    18
370
    13
100
AcDbMText
 10
101.275
 20
-202.416931
 30
0.0
 40
2.5
 41
0.0
 71
     4
 72
     5
  1
\fArial Unicode MS|b0|i0;\W1.0000;14.284
  7
Arial Unicode MS
 73
     2
 44
1.047437
  0
LINE
  5
92D
330
7E2
100
AcDbEntity
  8
1
  6
Continuous
 62
     6
370
    13
100
AcDbLine
 10
0.0
 20
-204.92202
 30
0.0
 11
0.0
 21
-210.795807
 31
0.0
  0
LINE
  5
92E
330
7E2
100
AcDbEntity
  8
1
  6
Continuous
 62
     6
370
    18
100
AcDbLine
 10
0.0
 20
-210.795807
 30
0.0
 11
50.0
 21
-210.795807
 31
0.0
  0
MTEXT
  5
92F
330
7E2
100
AcDbEntity
  8
1
  6
Continuous
 62
    18
370
    13
100
AcDbMText
 10
1.275
 20
-207.858948
 30
0.0
 40
2.5
 41
0.0
 71
     4
 72
     5
  1
\fArial Unicode MS|b0|i0;\W1.0000;Thread Hole   GWINT_M4_L7.000 R / %%c3.400 T8.000 R  --> od do³u
  7
Arial Unicode MS
 73
     2
 44
1.047437
  0
LINE
  5
930
330
7E2
100
AcDbEntity
  8
1
  6
Continuous
 62
     6
370
    18
100
AcDbLine
 10
50.0
 20
-210.795807
 30
0.0
 11
100.0
 21
-210.795807
 31
0.0
  0
LINE
  5
931
330
7E2
100
AcDbEntity
  8
1
  6
Continuous
 62
     6
370
    18
100
AcDbLine
 10
100.0
 20
-210.795807
 30
0.0
 11
150.0
 21
-210.795807
 31
0.0
  0
LINE
  5
932
330
7E2
100
AcDbEntity
  8
1
  6
Continuous
 62
     6
370
    18
100
AcDbLine
 10
150.0
 20
-204.92202
 30
0.0
 11
150.0
 21
-210.795807
 31
0.0
  0
LINE
  5
933
330
7E2
100
AcDbEntity
  8
1
  6
Continuous
 62
     6
370
    13
100
AcDbLine
 10
0.0
 20
-210.795807
 30
0.0
 11
0.0
 21
-215.806039
 31
0.0
  0
LINE
  5
934
330
7E2
100
AcDbEntity
  8
1
  6
Continuous
 62
     6
370
    18
100
AcDbLine
 10
0.0
 20
-215.806039
 30
0.0
 11
50.0
 21
-215.806039
 31
0.0
  0
LINE
  5
935
330
7E2
100
AcDbEntity
  8
1
  6
Continuous
 62
     6
370
    18
100
AcDbLine
 10
50.0
 20
-210.795807
 30
0.0
 11
50.0
 21
-215.806039
 31
0.0
  0
MTEXT
  5
936
330
7E2
100
AcDbEntity
  8
1
  6
Continuous
 62
    18
370
    13
100
AcDbMText
 10
1.275
 20
-213.300949
 30
0.0
 40
2.5
 41
0.0
 71
     4
 72
     5
  1
\fArial Unicode MS|b0|i0;\W1.0000;23
  7
Arial Unicode MS
 73
     2
 44
1.047437
  0
LINE
  5
937
330
7E2
100
AcDbEntity
  8
1
  6
Continuous
 62
     6
370
    18
100
AcDbLine
 10
50.0
 20
-215.806039
 30
0.0
 11
100.0
 21
-215.806039
 31
0.0
  0
LINE
  5
938
330
7E2
100
AcDbEntity
  8
1
  6
Continuous
 62
     6
370
    18
100
AcDbLine
 10
100.0
 20
-210.795807
 30
0.0
 11
100.0
 21
-215.806039
 31
0.0
  0
MTEXT
  5
939
330
7E2
100
AcDbEntity
  8
1
  6
Continuous
 62
    18
370
    13
100
AcDbMText
 10
51.275
 20
-213.300949
 30
0.0
 40
2.5
 41
0.0
 71
     4
 72
     5
  1
\fArial Unicode MS|b0|i0;\W1.0000;60.000
  7
Arial Unicode MS
 73
     2
 44
1.047437
  0
LINE
  5
93A
330
7E2
100
AcDbEntity
  8
1
  6
Continuous
 62
     6
370
    18
100
AcDbLine
 10
100.0
 20
-215.806039
 30
0.0
 11
150.0
 21
-215.806039
 31
0.0
  0
LINE
  5
93B
330
7E2
100
AcDbEntity
  8
1
  6
Continuous
 62
     6
370
    18
100
AcDbLine
 10
150.0
 20
-210.795807
 30
0.0
 11
150.0
 21
-215.806039
 31
0.0
  0
MTEXT
  5
93C
330
7E2
100
AcDbEntity
  8
1
  6
Continuous
 62
    18
370
    13
100
AcDbMText
 10
101.275
 20
-213.300949
 30
0.0
 40
2.5
 41
0.0
 71
     4
 72
     5
  1
\fArial Unicode MS|b0|i0;\W1.0000;27.500
  7
Arial Unicode MS
 73
     2
 44
1.047437
  0
LINE
  5
93D
330
7E2
100
AcDbEntity
  8
1
  6
Continuous
 62
     6
370
    13
100
AcDbLine
 10
0.0
 20
-215.806039
 30
0.0
 11
0.0
 21
-220.816271
 31
0.0
  0
LINE
  5
93E
330
7E2
100
AcDbEntity
  8
1
  6
Continuous
 62
     6
370
    18
100
AcDbLine
 10
0.0
 20
-220.816271
 30
0.0
 11
50.0
 21
-220.816271
 31
0.0
  0
LINE
  5
93F
330
7E2
100
AcDbEntity
  8
1
  6
Continuous
 62
     6
370
    18
100
AcDbLine
 10
50.0
 20
-215.806039
 30
0.0
 11
50.0
 21
-220.816271
 31
0.0
  0
MTEXT
  5
940
330
7E2
100
AcDbEntity
  8
1
  6
Continuous
 62
    18
370
    13
100
AcDbMText
 10
1.275
 20
-218.311188
 30
0.0
 40
2.5
 41
0.0
 71
     4
 72
     5
  1
\fArial Unicode MS|b0|i0;\W1.0000;24
  7
Arial Unicode MS
 73
     2
 44
1.047437
  0
LINE
  5
941
330
7E2
100
AcDbEntity
  8
1
  6
Continuous
 62
     6
370
    18
100
AcDbLine
 10
50.0
 20
-220.816271
 30
0.0
 11
100.0
 21
-220.816271
 31
0.0
  0
LINE
  5
942
330
7E2
100
AcDbEntity
  8
1
  6
Continuous
 62
     6
370
    18
100
AcDbLine
 10
100.0
 20
-215.806039
 30
0.0
 11
100.0
 21
-220.816271
 31
0.0
  0
MTEXT
  5
943
330
7E2
100
AcDbEntity
  8
1
  6
Continuous
 62
    18
370
    13
100
AcDbMText
 10
51.275
 20
-218.311188
 30
0.0
 40
2.5
 41
0.0
 71
     4
 72
     5
  1
\fArial Unicode MS|b0|i0;\W1.0000;60.000
  7
Arial Unicode MS
 73
     2
 44
1.047437
  0
LINE
  5
944
330
7E2
100
AcDbEntity
  8
1
  6
Continuous
 62
     6
370
    18
100
AcDbLine
 10
100.0
 20
-220.816271
 30
0.0
 11
150.0
 21
-220.816271
 31
0.0
  0
LINE
  5
945
330
7E2
100
AcDbEntity
  8
1
  6
Continuous
 62
     6
370
    18
100
AcDbLine
 10
150.0
 20
-215.806039
 30
0.0
 11
150.0
 21
-220.816271
 31
0.0
  0
MTEXT
  5
946
330
7E2
100
AcDbEntity
  8
1
  6
Continuous
 62
    18
370
    13
100
AcDbMText
 10
101.275
 20
-218.311188
 30
0.0
 40
2.5
 41
0.0
 71
     4
 72
     5
  1
\fArial Unicode MS|b0|i0;\W1.0000;6.500
  7
Arial Unicode MS
 73
     2
 44
1.047437
  0
ENDBLK
  5
947
330
7E2
100
AcDbEntity
  8
0
100
AcDbBlockEnd
  0
BLOCK
  5
94A
330
949
100
AcDbEntity
  8
0
100
AcDbBlockBegin
  2
Block
 70
     0
 10
0.0
 20
0.0
 30
0.0
  3
Block
  1

  0
MTEXT
  5
94B
330
949
100
AcDbEntity
  8
221
  6
Continuous
 62
    18
370
    13
100
AcDbMText
 10
369.729534
 20
5.622923
 30
0.0
 40
2.0
 41
0.0
 71
     7
 72
     5
  1
\fArial Unicode MS|b0|i0;\W1.0000;Name
  7
Arial Unicode MS
 73
     2
 44
1.047437
  0
MTEXT
  5
94C
330
949
100
AcDbEntity
  8
221
  6
Continuous
 62
    18
370
    13
100
AcDbMText
 10
305.305998
 20
5.60587
 30
0.0
 40
2.0
 41
0.0
 71
     7
 72
     5
  1
\fArial Unicode MS|b0|i0;\W1.0000;Change Text
  7
Arial Unicode MS
 73
     2
 44
1.047437
  0
MTEXT
  5
94D
330
949
100
AcDbEntity
  8
221
  6
Continuous
 62
    18
370
    13
100
AcDbMText
 10
288.255114
 20
5.622923
 30
0.0
 40
2.0
 41
0.0
 71
     7
 72
     5
  1
\fArial Unicode MS|b0|i0;\W1.0000;Date
  7
Arial Unicode MS
 73
     2
 44
1.047437
  0
MTEXT
  5
94E
330
949
100
AcDbEntity
  8
221
  6
Continuous
 62
    18
370
    13
100
AcDbMText
 10
272.087236
 20
5.622923
 30
0.0
 40
2.0
 41
0.0
 71
     7
 72
     5
  1
\fArial Unicode MS|b0|i0;\W1.0000;Rev.
  7
Arial Unicode MS
 73
     2
 44
1.047437
  0
MTEXT
  5
94F
330
949
100
AcDbEntity
  8
221
  6
Continuous
 62
    18
370
    13
100
AcDbMText
 10
240.606001
 20
5.60587
 30
0.0
 40
2.0
 41
0.0
 71
     7
 72
     5
  1
\fArial Unicode MS|b0|i0;\W1.0000;Confidential (II)
  7
Arial Unicode MS
 73
     2
 44
1.047437
  0
MTEXT
  5
950
330
949
100
AcDbEntity
  8
221
  6
Continuous
 62
    18
370
    13
100
AcDbMText
 10
222.606001
 20
5.60587
 30
0.0
 40
2.0
 41
0.0
 71
     7
 72
     5
  1
\fArial Unicode MS|b0|i0;\W1.0000;Page 1 of 1
  7
Arial Unicode MS
 73
     2
 44
1.047437
  0
MTEXT
  5
951
330
949
100
AcDbEntity
  8
221
  6
Continuous
 62
    18
370
    13
100
AcDbMText
 10
381.106001
 20
9.997923
 30
0.0
 40
2.0
 41
0.0
 71
     7
 72
     5
  1
\fArial Unicode MS|b0|i0;\W1.0000;Allowable Tolerance
  7
Arial Unicode MS
 73
     2
 44
1.047437
  0
MTEXT
  5
952
330
949
100
AcDbEntity
  8
221
  6
Continuous
 62
    18
370
    13
100
AcDbMText
 10
369.574009
 20
9.86883
 30
0.0
 40
2.0
 41
0.0
 71
     7
 72
     5
  1
\fArial Unicode MS|b0|i0;\W1.0000;oj9iwz
  7
Arial Unicode MS
 73
     2
 44
1.047437
  0
MTEXT
  5
953
330
949
100
AcDbEntity
  8
221
  6
Continuous
 62
    18
370
    13
100
AcDbMText
 10
305.305998
 20
9.872923
 30
0.0
 40
2.0
 41
0.0
 71
     7
 72
     5
  1
\fArial Unicode MS|b0|i0;\W1.0000;{\H0.10x;_}
  7
Arial Unicode MS
 73
     2
 44
1.047437
  0
MTEXT
  5
954
330
949
100
AcDbEntity
  8
221
  6
Continuous
 62
    18
370
    13
100
AcDbMText
 10
284.163709
 20
9.86883
 30
0.0
 40
2.0
 41
0.0
 71
     7
 72
     5
  1
\fArial Unicode MS|b0|i0;\W1.0000;2023-11-16
  7
Arial Unicode MS
 73
     2
 44
1.047437
  0
MTEXT
  5
955
330
949
100
AcDbEntity
  8
221
  6
Continuous
 62
    18
370
    13
100
AcDbMText
 10
273.302107
 20
9.86883
 30
0.0
 40
2.0
 41
0.0
 71
     7
 72
     5
  1
\fArial Unicode MS|b0|i0;\W1.0000;01
  7
Arial Unicode MS
 73
     2
 44
1.047437
  0
MTEXT
  5
956
330
949
100
AcDbEntity
  8
221
  6
Continuous
 62
    18
370
    13
100
AcDbMText
 10
380.882078
 20
14.213816
 30
0.0
 40
2.0
 41
0.0
 71
     7
 72
     5
  1
\fArial Unicode MS|b0|i0;\W0.7761;MSY_Template_Drawing_A3 / 01
  7
Arial Unicode MS
 73
     2
 44
1.047437
  0
MTEXT
  5
957
330
949
100
AcDbEntity
  8
221
  6
Continuous
 62
    18
370
    13
100
AcDbMText
 10
272.606001
 20
14.10587
 30
0.0
 40
2.0
 41
0.0
 71
     7
 72
     5
  1
\fArial Unicode MS|b0|i0;\W1.0000;Status
  7
Arial Unicode MS
 73
     2
 44
1.047437
  0
MTEXT
  5
958
330
949
100
AcDbEntity
  8
221
  6
Continuous
 62
    18
370
    13
100
AcDbMText
 10
176.106001
 20
14.213816
 30
0.0
 40
2.0
 41
0.0
 71
     7
 72
     5
  1
\fArial Unicode MS|b0|i0;\W1.0000;Surface Coating
  7
Arial Unicode MS
 73
     2
 44
1.047437
  0
MTEXT
  5
959
330
949
100
AcDbEntity
  8
221
  6
Continuous
 62
    18
370
    13
100
AcDbMText
 10
129.106001
 20
14.213816
 30
0.0
 40
2.0
 41
0.0
 71
     7
 72
     5
  1
\fArial Unicode MS|b0|i0;\W1.0000;Surface
  7
Arial Unicode MS
 73
     2
 44
1.047437
  0
MTEXT
  5
95A
330
949
100
AcDbEntity
  8
221
  6
Continuous
 62
    18
370
    13
100
AcDbMText
 10
381.106001
 20
18.463816
 30
0.0
 40
2.0
 41
0.0
 71
     7
 72
     5
  1
\fArial Unicode MS|b0|i0;\W1.0000;Design / Rev.
  7
Arial Unicode MS
 73
     2
 44
1.047437
  0
MTEXT
  5
95B
330
949
100
AcDbEntity
  8
221
  6
Continuous
 62
    18
370
    13
100
AcDbMText
 10
260.280353
 20
18.36883
 30
0.0
 40
2.0
 41
0.0
 71
     7
 72
     5
  1
\fArial Unicode MS|b0|i0;\W1.0000;DIN A3
  7
Arial Unicode MS
 73
     2
 44
1.047437
  0
MTEXT
  5
95C
330
949
100
AcDbEntity
  8
221
  6
Continuous
 62
    18
370
    13
100
AcDbMText
 10
222.606001
 20
18.35587
 30
0.0
 40
2.0
 41
0.0
 71
     7
 72
     5
  1
\fArial Unicode MS|b0|i0;\W1.0000;Scale 2:1
  7
Arial Unicode MS
 73
     2
 44
1.047437
  0
MTEXT
  5
95D
330
949
100
AcDbEntity
  8
221
  6
Continuous
 62
    18
370
    13
100
AcDbMText
 10
381.106001
 20
22.713816
 30
0.0
 40
2.0
 41
0.0
 71
     7
 72
     5
  1
\fArial Unicode MS|b0|i0;\W1.0000; /
  7
Arial Unicode MS
 73
     2
 44
1.047437
  0
MTEXT
  5
95E
330
949
100
AcDbEntity
  8
221
  6
Continuous
 62
    18
370
    13
100
AcDbMText
 10
272.606001
 20
20.497923
 30
0.0
 40
2.0
 41
0.0
 71
     7
 72
     5
  1
\fArial Unicode MS|b0|i0;\W1.0000;No Value
  7
Arial Unicode MS
 73
     2
 44
1.047437
  0
MTEXT
  5
95F
330
949
100
AcDbEntity
  8
221
  6
Continuous
 62
    18
370
    13
100
AcDbMText
 10
222.606001
 20
22.60587
 30
0.0
 40
2.0
 41
0.0
 71
     7
 72
     5
  1
\fArial Unicode MS|b0|i0;\W1.0000;Check.
  7
Arial Unicode MS
 73
     2
 44
1.047437
  0
MTEXT
  5
960
330
949
100
AcDbEntity
  8
221
  6
Continuous
 62
    18
370
    13
100
AcDbMText
 10
202.606001
 20
22.747923
 30
0.0
 40
2.0
 41
0.0
 71
     7
 72
     5
  1
\fArial Unicode MS|b0|i0;\W1.0000;Hardness
  7
Arial Unicode MS
 73
     2
 44
1.047437
  0
MTEXT
  5
961
330
949
100
AcDbEntity
  8
221
  6
Continuous
 62
    18
370
    13
100
AcDbMText
 10
129.106001
 20
22.747923
 30
0.0
 40
2.0
 41
0.0
 71
     7
 72
     5
  1
\fArial Unicode MS|b0|i0;\W1.0000;Heat Treatment
  7
Arial Unicode MS
 73
     2
 44
1.047437
  0
MTEXT
  5
962
330
949
100
AcDbEntity
  8
221
  6
Continuous
 62
    18
370
    13
100
AcDbMText
 10
381.106001
 20
26.963816
 30
0.0
 40
2.0
 41
0.0
 71
     7
 72
     5
  1
\fArial Unicode MS|b0|i0;\W1.0000;Part / Rev.
  7
Arial Unicode MS
 73
     2
 44
1.047437
  0
MTEXT
  5
963
330
949
100
AcDbEntity
  8
221
  6
Continuous
 62
    18
370
    13
100
AcDbMText
 10
272.606001
 20
26.872923
 30
0.0
 40
2.0
 41
0.0
 71
     7
 72
     5
  1
\fArial Unicode MS|b0|i0;\W1.0000;Description
  7
Arial Unicode MS
 73
     2
 44
1.047437
  0
MTEXT
  5
964
330
949
100
AcDbEntity
  8
221
  6
Continuous
 62
    18
370
    13
100
AcDbMText
 10
260.821963
 20
26.85587
 30
0.0
 40
2.0
 41
0.0
 71
     7
 72
     5
  1
\fArial Unicode MS|b0|i0;\W1.0000;pbft10
  7
Arial Unicode MS
 73
     2
 44
1.047437
  0
MTEXT
  5
965
330
949
100
AcDbEntity
  8
221
  6
Continuous
 62
    18
370
    13
100
AcDbMText
 10
237.560026
 20
26.86883
 30
0.0
 40
2.0
 41
0.0
 71
     7
 72
     5
  1
\fArial Unicode MS|b0|i0;\W1.0000;2023-04-05
  7
Arial Unicode MS
 73
     2
 44
1.047437
  0
MTEXT
  5
966
330
949
100
AcDbEntity
  8
221
  6
Continuous
 62
    18
370
    13
100
AcDbMText
 10
222.606001
 20
26.85587
 30
0.0
 40
2.0
 41
0.0
 71
     7
 72
     5
  1
\fArial Unicode MS|b0|i0;\W1.0000;Creat.
  7
Arial Unicode MS
 73
     2
 44
1.047437
  0
MTEXT
  5
967
330
949
100
AcDbEntity
  8
221
  6
Continuous
 62
    18
370
    13
100
AcDbMText
 10
272.606001
 20
31.10587
 30
0.0
 40
2.0
 41
0.0
 71
     7
 72
     5
  1
\fArial Unicode MS|b0|i0;\W1.0000;Name: MSY_Template_Drawing_A3
  7
Arial Unicode MS
 73
     2
 44
1.047437
  0
MTEXT
  5
968
330
949
100
AcDbEntity
  8
221
  6
Continuous
 62
    18
370
    13
100
AcDbMText
 10
260.979534
 20
31.122923
 30
0.0
 40
2.0
 41
0.0
 71
     7
 72
     5
  1
\fArial Unicode MS|b0|i0;\W1.0000;Name
  7
Arial Unicode MS
 73
     2
 44
1.047437
  0
MTEXT
  5
969
330
949
100
AcDbEntity
  8
221
  6
Continuous
 62
    18
370
    13
100
AcDbMText
 10
241.755114
 20
31.122923
 30
0.0
 40
2.0
 41
0.0
 71
     7
 72
     5
  1
\fArial Unicode MS|b0|i0;\W1.0000;Date
  7
Arial Unicode MS
 73
     2
 44
1.047437
  0
MTEXT
  5
96A
330
949
100
AcDbEntity
  8
221
  6
Continuous
 62
    18
370
    13
100
AcDbMText
 10
129.106001
 20
31.247923
 30
0.0
 40
2.0
 41
0.0
 71
     7
 72
     5
  1
\fArial Unicode MS|b0|i0;\W1.0000;Raw Material
  7
Arial Unicode MS
 73
     2
 44
1.047437
  0
MTEXT
  5
96B
330
949
100
AcDbEntity
  8
221
  6
Continuous
 62
    18
370
    13
100
AcDbMText
 10
129.500001
 20
36.738404
 30
0.0
 40
2.0
 41
0.0
 71
     7
 72
     5
  3
\fArial Unicode MS|b0|i0;\W1.0000;Transfer or duplication of this document as well as the utilisation or communication of its content are not permitted unless express consent is granted. Violations give rise to claims for damages. All rights reserve
  1
d\Pin case of patent, utility model or design patent registrations.
  7
Arial Unicode MS
 73
     1
 44
1.047437
  0
LINE
  5
96C
330
949
100
AcDbEntity
  8
1
  6
Continuous
 62
     6
370
    18
100
AcDbLine
 10
415.0
 20
9.25
 30
0.0
 11
415.0
 21
5.0
 31
0.0
  0
LINE
  5
96D
330
949
100
AcDbEntity
  8
1
  6
Continuous
 62
     6
370
    18
100
AcDbLine
 10
405.0
 20
5.0
 30
0.0
 11
415.0
 21
5.0
 31
0.0
  0
LINE
  5
96E
330
949
100
AcDbEntity
  8
1
  6
Continuous
 62
     6
370
    18
100
AcDbLine
 10
389.0
 20
5.0
 30
0.0
 11
405.0
 21
5.0
 31
0.0
  0
LINE
  5
96F
330
949
100
AcDbEntity
  8
1
  6
Continuous
 62
     6
370
    18
100
AcDbLine
 10
380.0
 20
5.0
 30
0.0
 11
389.0
 21
5.0
 31
0.0
  0
LINE
  5
970
330
949
100
AcDbEntity
  8
1
  6
Continuous
 62
     6
370
    18
100
AcDbLine
 10
380.0
 20
9.25
 30
0.0
 11
380.0
 21
5.0
 31
0.0
  0
LINE
  5
971
330
949
100
AcDbEntity
  8
1
  6
Continuous
 62
     6
370
    18
100
AcDbLine
 10
366.5
 20
5.0
 30
0.0
 11
380.0
 21
5.0
 31
0.0
  0
LINE
  5
972
330
949
100
AcDbEntity
  8
1
  6
Continuous
 62
     6
370
    18
100
AcDbLine
 10
366.5
 20
9.25
 30
0.0
 11
366.5
 21
5.0
 31
0.0
  0
LINE
  5
973
330
949
100
AcDbEntity
  8
1
  6
Continuous
 62
     6
370
    18
100
AcDbLine
 10
356.5
 20
5.0
 30
0.0
 11
366.5
 21
5.0
 31
0.0
  0
LINE
  5
974
330
949
100
AcDbEntity
  8
1
  6
Continuous
 62
     6
370
    18
100
AcDbLine
 10
304.200001
 20
5.0
 30
0.0
 11
356.5
 21
5.0
 31
0.0
  0
LINE
  5
975
330
949
100
AcDbEntity
  8
1
  6
Continuous
 62
     6
370
    18
100
AcDbLine
 10
304.200001
 20
9.25
 30
0.0
 11
304.200001
 21
5.0
 31
0.0
  0
LINE
  5
976
330
949
100
AcDbEntity
  8
1
  6
Continuous
 62
     6
370
    18
100
AcDbLine
 10
277.800001
 20
5.0
 30
0.0
 11
304.200001
 21
5.0
 31
0.0
  0
LINE
  5
977
330
949
100
AcDbEntity
  8
1
  6
Continuous
 62
     6
370
    18
100
AcDbLine
 10
277.800001
 20
9.25
 30
0.0
 11
277.800001
 21
5.0
 31
0.0
  0
LINE
  5
978
330
949
100
AcDbEntity
  8
1
  6
Continuous
 62
     6
370
    18
100
AcDbLine
 10
271.500001
 20
5.0
 30
0.0
 11
277.800001
 21
5.0
 31
0.0
  0
LINE
  5
979
330
949
100
AcDbEntity
  8
1
  6
Continuous
 62
     6
370
    18
100
AcDbLine
 10
271.500001
 20
9.25
 30
0.0
 11
271.500001
 21
5.0
 31
0.0
  0
LINE
  5
97A
330
949
100
AcDbEntity
  8
1
  6
Continuous
 62
     6
370
    18
100
AcDbLine
 10
257.500001
 20
5.0
 30
0.0
 11
271.500001
 21
5.0
 31
0.0
  0
LINE
  5
97B
330
949
100
AcDbEntity
  8
1
  6
Continuous
 62
     6
370
    18
100
AcDbLine
 10
239.500001
 20
5.0
 30
0.0
 11
257.500001
 21
5.0
 31
0.0
  0
LINE
  5
97C
330
949
100
AcDbEntity
  8
1
  6
Continuous
 62
     6
370
    18
100
AcDbLine
 10
239.500001
 20
9.25
 30
0.0
 11
239.500001
 21
5.0
 31
0.0
  0
LINE
  5
97D
330
949
100
AcDbEntity
  8
1
  6
Continuous
 62
     6
370
    18
100
AcDbLine
 10
231.500001
 20
5.0
 30
0.0
 11
239.500001
 21
5.0
 31
0.0
  0
LINE
  5
97E
330
949
100
AcDbEntity
  8
1
  6
Continuous
 62
     6
370
    18
100
AcDbLine
 10
221.500001
 20
5.0
 30
0.0
 11
231.500001
 21
5.0
 31
0.0
  0
LINE
  5
97F
330
949
100
AcDbEntity
  8
1
  6
Continuous
 62
     6
370
    18
100
AcDbLine
 10
221.500001
 20
9.25
 30
0.0
 11
221.500001
 21
5.0
 31
0.0
  0
LINE
  5
980
330
949
100
AcDbEntity
  8
1
  6
Continuous
 62
     6
370
    18
100
AcDbLine
 10
211.500001
 20
5.0
 30
0.0
 11
221.500001
 21
5.0
 31
0.0
  0
LINE
  5
981
330
949
100
AcDbEntity
  8
1
  6
Continuous
 62
     6
370
    18
100
AcDbLine
 10
201.500001
 20
5.0
 30
0.0
 11
211.500001
 21
5.0
 31
0.0
  0
LINE
  5
982
330
949
100
AcDbEntity
  8
1
  6
Continuous
 62
     6
370
    18
100
AcDbLine
 10
175.000001
 20
5.0
 30
0.0
 11
201.500001
 21
5.0
 31
0.0
  0
LINE
  5
983
330
949
100
AcDbEntity
  8
1
  6
Continuous
 62
     6
370
    18
100
AcDbLine
 10
175.000001
 20
9.25
 30
0.0
 11
175.000001
 21
5.0
 31
0.0
  0
LINE
  5
984
330
949
100
AcDbEntity
  8
1
  6
Continuous
 62
     6
370
    18
100
AcDbLine
 10
165.000001
 20
5.0
 30
0.0
 11
175.000001
 21
5.0
 31
0.0
  0
LINE
  5
985
330
949
100
AcDbEntity
  8
1
  6
Continuous
 62
     6
370
    18
100
AcDbLine
 10
155.000001
 20
5.0
 30
0.0
 11
165.000001
 21
5.0
 31
0.0
  0
LINE
  5
986
330
949
100
AcDbEntity
  8
1
  6
Continuous
 62
     6
370
    18
100
AcDbLine
 10
128.000001
 20
5.0
 30
0.0
 11
155.000001
 21
5.0
 31
0.0
  0
LINE
  5
987
330
949
100
AcDbEntity
  8
1
  6
Continuous
 62
     6
370
    18
100
AcDbLine
 10
128.000001
 20
9.25
 30
0.0
 11
128.000001
 21
5.0
 31
0.0
  0
LINE
  5
988
330
949
100
AcDbEntity
  8
1
  6
Continuous
 62
     6
370
    18
100
AcDbLine
 10
415.0
 20
13.5
 30
0.0
 11
415.0
 21
9.25
 31
0.0
  0
LINE
  5
989
330
949
100
AcDbEntity
  8
1
  6
Continuous
 62
     6
370
    18
100
AcDbLine
 10
380.0
 20
13.5
 30
0.0
 11
380.0
 21
9.25
 31
0.0
  0
LINE
  5
98A
330
949
100
AcDbEntity
  8
1
  6
Continuous
 62
     6
370
    18
100
AcDbLine
 10
366.5
 20
9.25
 30
0.0
 11
380.0
 21
9.25
 31
0.0
  0
LINE
  5
98B
330
949
100
AcDbEntity
  8
1
  6
Continuous
 62
     6
370
    18
100
AcDbLine
 10
366.5
 20
13.5
 30
0.0
 11
366.5
 21
9.25
 31
0.0
  0
LINE
  5
98C
330
949
100
AcDbEntity
  8
1
  6
Continuous
 62
     6
370
    18
100
AcDbLine
 10
356.5
 20
9.25
 30
0.0
 11
366.5
 21
9.25
 31
0.0
  0
LINE
  5
98D
330
949
100
AcDbEntity
  8
1
  6
Continuous
 62
     6
370
    18
100
AcDbLine
 10
304.200001
 20
9.25
 30
0.0
 11
356.5
 21
9.25
 31
0.0
  0
LINE
  5
98E
330
949
100
AcDbEntity
  8
1
  6
Continuous
 62
     6
370
    18
100
AcDbLine
 10
304.200001
 20
13.5
 30
0.0
 11
304.200001
 21
9.25
 31
0.0
  0
LINE
  5
98F
330
949
100
AcDbEntity
  8
1
  6
Continuous
 62
     6
370
    18
100
AcDbLine
 10
277.800001
 20
9.25
 30
0.0
 11
304.200001
 21
9.25
 31
0.0
  0
LINE
  5
990
330
949
100
AcDbEntity
  8
1
  6
Continuous
 62
     6
370
    18
100
AcDbLine
 10
277.800001
 20
13.5
 30
0.0
 11
277.800001
 21
9.25
 31
0.0
  0
LINE
  5
991
330
949
100
AcDbEntity
  8
1
  6
Continuous
 62
     6
370
    18
100
AcDbLine
 10
271.500001
 20
9.25
 30
0.0
 11
277.800001
 21
9.25
 31
0.0
  0
LINE
  5
992
330
949
100
AcDbEntity
  8
1
  6
Continuous
 62
     6
370
    18
100
AcDbLine
 10
271.500001
 20
13.5
 30
0.0
 11
271.500001
 21
9.25
 31
0.0
  0
LINE
  5
993
330
949
100
AcDbEntity
  8
1
  6
Continuous
 62
     6
370
    18
100
AcDbLine
 10
257.500001
 20
9.25
 30
0.0
 11
271.500001
 21
9.25
 31
0.0
  0
LINE
  5
994
330
949
100
AcDbEntity
  8
1
  6
Continuous
 62
     6
370
    18
100
AcDbLine
 10
239.500001
 20
9.25
 30
0.0
 11
257.500001
 21
9.25
 31
0.0
  0
LINE
  5
995
330
949
100
AcDbEntity
  8
1
  6
Continuous
 62
     6
370
    18
100
AcDbLine
 10
231.500001
 20
9.25
 30
0.0
 11
239.500001
 21
9.25
 31
0.0
  0
LINE
  5
996
330
949
100
AcDbEntity
  8
1
  6
Continuous
 62
     6
370
    18
100
AcDbLine
 10
221.500001
 20
9.25
 30
0.0
 11
231.500001
 21
9.25
 31
0.0
  0
LINE
  5
997
330
949
100
AcDbEntity
  8
1
  6
Continuous
 62
     6
370
    18
100
AcDbLine
 10
221.500001
 20
13.5
 30
0.0
 11
221.500001
 21
9.25
 31
0.0
  0
LINE
  5
998
330
949
100
AcDbEntity
  8
1
  6
Continuous
 62
     6
370
    18
100
AcDbLine
 10
175.000001
 20
13.5
 30
0.0
 11
175.000001
 21
9.25
 31
0.0
  0
LINE
  5
999
330
949
100
AcDbEntity
  8
1
  6
Continuous
 62
     6
370
    18
100
AcDbLine
 10
128.000001
 20
13.5
 30
0.0
 11
128.000001
 21
9.25
 31
0.0
  0
LINE
  5
99A
330
949
100
AcDbEntity
  8
1
  6
Continuous
 62
     6
370
    18
100
AcDbLine
 10
415.0
 20
17.75
 30
0.0
 11
415.0
 21
13.5
 31
0.0
  0
LINE
  5
99B
330
949
100
AcDbEntity
  8
1
  6
Continuous
 62
     6
370
    18
100
AcDbLine
 10
405.0
 20
13.5
 30
0.0
 11
415.0
 21
13.5
 31
0.0
  0
LINE
  5
99C
330
949
100
AcDbEntity
  8
1
  6
Continuous
 62
     6
370
    18
100
AcDbLine
 10
389.0
 20
13.5
 30
0.0
 11
405.0
 21
13.5
 31
0.0
  0
LINE
  5
99D
330
949
100
AcDbEntity
  8
1
  6
Continuous
 62
     6
370
    18
100
AcDbLine
 10
380.0
 20
13.5
 30
0.0
 11
389.0
 21
13.5
 31
0.0
  0
LINE
  5
99E
330
949
100
AcDbEntity
  8
1
  6
Continuous
 62
     6
370
    18
100
AcDbLine
 10
380.0
 20
17.75
 30
0.0
 11
380.0
 21
13.5
 31
0.0
  0
LINE
  5
99F
330
949
100
AcDbEntity
  8
1
  6
Continuous
 62
     6
370
    18
100
AcDbLine
 10
366.5
 20
13.5
 30
0.0
 11
380.0
 21
13.5
 31
0.0
  0
LINE
  5
9A0
330
949
100
AcDbEntity
  8
1
  6
Continuous
 62
     6
370
    18
100
AcDbLine
 10
356.5
 20
13.5
 30
0.0
 11
366.5
 21
13.5
 31
0.0
  0
LINE
  5
9A1
330
949
100
AcDbEntity
  8
1
  6
Continuous
 62
     6
370
    18
100
AcDbLine
 10
304.200001
 20
13.5
 30
0.0
 11
356.5
 21
13.5
 31
0.0
  0
LINE
  5
9A2
330
949
100
AcDbEntity
  8
1
  6
Continuous
 62
     6
370
    18
100
AcDbLine
 10
277.800001
 20
13.5
 30
0.0
 11
304.200001
 21
13.5
 31
0.0
  0
LINE
  5
9A3
330
949
100
AcDbEntity
  8
1
  6
Continuous
 62
     6
370
    18
100
AcDbLine
 10
271.500001
 20
13.5
 30
0.0
 11
277.800001
 21
13.5
 31
0.0
  0
LINE
  5
9A4
330
949
100
AcDbEntity
  8
1
  6
Continuous
 62
     6
370
    18
100
AcDbLine
 10
271.500001
 20
17.75
 30
0.0
 11
271.500001
 21
13.5
 31
0.0
  0
LINE
  5
9A5
330
949
100
AcDbEntity
  8
1
  6
Continuous
 62
    18
370
    25
100
AcDbLine
 10
256.77071
 20
13.669104
 30
0.0
 11
258.22643
 21
15.315288
 31
0.0
  0
LINE
  5
9A6
330
949
100
AcDbEntity
  8
1
  6
Continuous
 62
    18
370
    25
100
AcDbLine
 10
253.825753
 20
11.443104
 30
0.0
 11
254.45089
 21
11.443104
 31
0.0
  0
LINE
  5
9A7
330
949
100
AcDbEntity
  8
1
  6
Continuous
 62
    18
370
    25
100
AcDbLine
 10
251.081976
 20
13.669104
 30
0.0
 11
251.081976
 21
14.395962
 31
0.0
  0
LINE
  5
9A8
330
949
100
AcDbEntity
  8
1
  6
Continuous
 62
    18
370
    25
100
AcDbLine
 10
243.728853
 20
14.850247
 30
0.0
 11
243.728853
 21
13.669104
 31
0.0
  0
LINE
  5
9A9
330
949
100
AcDbEntity
  8
1
  6
Continuous
 62
    18
370
    25
100
AcDbLine
 10
232.531727
 20
16.849104
 30
0.0
 11
238.207559
 21
16.849104
 31
0.0
  0
LINE
  5
9AA
330
949
100
AcDbEntity
  8
1
  6
Continuous
 62
    18
370
    25
100
AcDbLine
 10
240.449757
 20
14.651153
 30
0.0
 11
241.239879
 21
14.651153
 31
0.0
  0
LINE
  5
9AB
330
949
100
AcDbEntity
  8
1
  6
Continuous
 62
    18
370
    25
100
AcDbLine
 10
242.486771
 20
16.849104
 30
0.0
 11
243.728853
 21
16.849104
 31
0.0
  0
LINE
  5
9AC
330
949
100
AcDbEntity
  8
1
  6
Continuous
 62
    18
370
    25
100
AcDbLine
 10
248.398923
 20
10.171104
 30
0.0
 11
249.641004
 21
10.171104
 31
0.0
  0
LINE
  5
9AD
330
949
100
AcDbEntity
  8
1
  6
Continuous
 62
    18
370
    25
100
AcDbLine
 10
249.641004
 20
10.171104
 30
0.0
 11
249.641004
 21
13.351104
 31
0.0
  0
LINE
  5
9AE
330
949
100
AcDbEntity
  8
1
  6
Continuous
 62
    18
370
    25
100
AcDbLine
 10
253.492439
 20
13.351104
 30
0.0
 11
252.03672
 21
10.171104
 31
0.0
  0
LINE
  5
9AF
330
949
100
AcDbEntity
  8
1
  6
Continuous
 62
    18
370
    25
100
AcDbLine
 10
259.682149
 20
13.669104
 30
0.0
 11
261.142837
 21
13.669104
 31
0.0
  0
LINE
  5
9B0
330
949
100
AcDbEntity
  8
1
  6
Continuous
 62
    18
370
    25
100
AcDbLine
 10
260.298222
 20
10.171104
 30
0.0
 11
260.298222
 21
12.53339
 31
0.0
  0
LINE
  5
9B1
330
949
100
AcDbEntity
  8
1
  6
Continuous
 62
    18
370
    25
100
AcDbLine
 10
241.940255
 20
12.260819
 30
0.0
 11
241.940255
 21
13.16939
 31
0.0
  0
LINE
  5
9B2
330
949
100
AcDbEntity
  8
1
  6
Continuous
 62
    18
370
    25
100
AcDbLine
 10
258.231398
 20
13.669104
 30
0.0
 11
258.956774
 21
14.489387
 31
0.0
  0
LINE
  5
9B3
330
949
100
AcDbEntity
  8
1
  6
Continuous
 62
    18
370
    25
100
AcDbLine
 10
254.784204
 20
13.351104
 30
0.0
 11
256.239924
 21
10.171104
 31
0.0
  0
LINE
  5
9B4
330
949
100
AcDbEntity
  8
1
  6
Continuous
 62
    18
370
    25
100
AcDbLine
 10
247.107158
 20
10.171104
 30
0.0
 11
247.107158
 21
11.533962
 31
0.0
  0
LINE
  5
9B5
330
949
100
AcDbEntity
  8
1
  6
Continuous
 62
    18
370
    25
100
AcDbLine
 10
251.081976
 20
16.122247
 30
0.0
 11
251.081976
 21
16.849104
 31
0.0
  0
LINE
  5
9B6
330
949
100
AcDbEntity
  8
1
  6
Continuous
 62
    18
370
    25
100
AcDbLine
 10
239.157992
 20
13.669104
 30
0.0
 11
240.449757
 21
13.669104
 31
0.0
  0
LINE
  5
9B7
330
949
100
AcDbEntity
  8
1
  6
Continuous
 62
    18
370
    25
100
AcDbLine
 10
235.003919
 20
11.247004
 30
0.0
 11
235.003919
 21
12.835893
 31
0.0
  0
LINE
  5
9B8
330
949
100
AcDbEntity
  8
1
  6
Continuous
 62
    18
370
    25
100
AcDbLine
 10
240.449757
 20
15.423708
 30
0.0
 11
240.780164
 21
15.423708
 31
0.0
  0
LINE
  5
9B9
330
949
100
AcDbEntity
  8
1
  6
Continuous
 62
    18
370
    25
100
AcDbLine
 10
248.398923
 20
11.988247
 30
0.0
 11
247.107158
 21
13.351104
 31
0.0
  0
LINE
  5
9BA
330
949
100
AcDbEntity
  8
1
  6
Continuous
 62
    18
370
    25
100
AcDbLine
 10
246.063966
 20
13.669104
 30
0.0
 11
244.821885
 21
13.669104
 31
0.0
  0
LINE
  5
9BB
330
949
100
AcDbEntity
  8
1
  6
Continuous
 62
    18
370
    25
100
AcDbLine
 10
253.864239
 20
15.486247
 30
0.0
 11
252.572474
 21
16.849104
 31
0.0
  0
LINE
  5
9BC
330
949
100
AcDbEntity
  8
1
  6
Continuous
 62
    18
370
    25
100
AcDbLine
 10
252.572474
 20
15.031962
 30
0.0
 11
253.864239
 21
13.669104
 31
0.0
  0
LINE
  5
9BD
330
949
100
AcDbEntity
  8
1
  6
Continuous
 62
    18
370
    25
100
AcDbLine
 10
252.721367
 20
13.351104
 30
0.0
 11
249.790054
 21
13.351104
 31
0.0
  0
LINE
  5
9BE
330
949
100
AcDbEntity
  8
1
  6
Continuous
 62
    18
370
    25
100
AcDbLine
 10
255.354737
 20
13.669104
 30
0.0
 11
255.354737
 21
16.849104
 31
0.0
  0
LINE
  5
9BF
330
949
100
AcDbEntity
  8
1
  6
Continuous
 62
    18
370
    25
100
AcDbLine
 10
258.956774
 20
16.141189
 30
0.0
 11
259.582783
 21
16.849104
 31
0.0
  0
LINE
  5
9C0
330
949
100
AcDbEntity
  8
1
  6
Continuous
 62
    18
370
    25
100
AcDbLine
 10
257.618018
 20
13.351104
 30
0.0
 11
261.142837
 21
13.351104
 31
0.0
  0
LINE
  5
9C1
330
949
100
AcDbEntity
  8
1
  6
Continuous
 62
    18
370
    25
100
AcDbLine
 10
258.708357
 20
11.26139
 30
0.0
 11
258.708357
 21
10.352819
 31
0.0
  0
LINE
  5
9C2
330
949
100
AcDbEntity
  8
1
  6
Continuous
 62
    18
370
    25
100
AcDbLine
 10
254.45089
 20
11.443104
 30
0.0
 11
254.138322
 21
12.242647
 31
0.0
  0
LINE
  5
9C3
330
949
100
AcDbEntity
  8
1
  6
Continuous
 62
    18
370
    25
100
AcDbLine
 10
250.634669
 20
12.53339
 30
0.0
 11
250.634669
 21
10.171104
 31
0.0
  0
LINE
  5
9C4
330
949
100
AcDbEntity
  8
1
  6
Continuous
 62
    18
370
    25
100
AcDbLine
 10
251.081976
 20
14.395962
 30
0.0
 11
249.690845
 21
14.395962
 31
0.0
  0
LINE
  5
9C5
330
949
100
AcDbEntity
  8
1
  6
Continuous
 62
    18
370
    25
100
AcDbLine
 10
244.821885
 20
14.850247
 30
0.0
 11
243.728853
 21
14.850247
 31
0.0
  0
LINE
  5
9C6
330
949
100
AcDbEntity
  8
1
  6
Continuous
 62
    18
370
    25
100
AcDbLine
 10
232.078127
 20
16.395504
 30
0.0
 11
232.078127
 21
10.624704
 31
0.0
  0
LINE
  5
9C7
330
949
100
AcDbEntity
  8
1
  6
Continuous
 62
    18
370
    25
100
AcDbLine
 10
232.809575
 20
15.773204
 30
0.0
 11
232.809575
 21
11.247004
 31
0.0
  0
LINE
  5
9C8
330
949
100
AcDbEntity
  8
1
  6
Continuous
 62
    18
370
    25
100
AcDbLine
 10
243.728853
 20
16.849104
 30
0.0
 11
243.728853
 21
15.736104
 31
0.0
  0
LINE
  5
9C9
330
949
100
AcDbEntity
  8
1
  6
Continuous
 62
    18
370
    25
100
AcDbLine
 10
251.081976
 20
14.895676
 30
0.0
 11
251.081976
 21
15.622533
 31
0.0
  0
LINE
  5
9CA
330
949
100
AcDbEntity
  8
1
  6
Continuous
 62
    18
370
    25
100
AcDbLine
 10
238.207559
 20
10.171104
 30
0.0
 11
232.531727
 21
10.171104
 31
0.0
  0
LINE
  5
9CB
330
949
100
AcDbEntity
  8
1
  6
Continuous
 62
    18
370
    25
100
AcDbLine
 10
248.398923
 20
13.351104
 30
0.0
 11
248.398923
 21
11.988247
 31
0.0
  0
LINE
  5
9CC
330
949
100
AcDbEntity
  8
1
  6
Continuous
 62
    18
370
    25
100
AcDbLine
 10
245.865076
 20
10.171104
 30
0.0
 11
247.107158
 21
10.171104
 31
0.0
  0
LINE
  5
9CD
330
949
100
AcDbEntity
  8
1
  6
Continuous
 62
    18
370
    25
100
AcDbLine
 10
252.572474
 20
13.669104
 30
0.0
 11
252.572474
 21
15.031962
 31
0.0
  0
LINE
  5
9CE
330
949
100
AcDbEntity
  8
1
  6
Continuous
 62
    18
370
    25
100
AcDbLine
 10
256.239924
 20
10.171104
 30
0.0
 11
254.948159
 21
10.171104
 31
0.0
  0
LINE
  5
9CF
330
949
100
AcDbEntity
  8
1
  6
Continuous
 62
    18
370
    25
100
AcDbLine
 10
258.956774
 20
14.489387
 30
0.0
 11
259.682149
 21
13.669104
 31
0.0
  0
LINE
  5
9D0
330
949
100
AcDbEntity
  8
1
  6
Continuous
 62
    18
370
    25
100
AcDbLine
 10
259.05614
 20
10.171104
 30
0.0
 11
260.298222
 21
10.171104
 31
0.0
  0
LINE
  5
9D1
330
949
100
AcDbEntity
  8
1
  6
Continuous
 62
    18
370
    25
100
AcDbLine
 10
235.491551
 20
15.147599
 30
0.0
 11
235.491551
 21
15.778157
 31
0.0
  0
LINE
  5
9D2
330
949
100
AcDbEntity
  8
1
  6
Continuous
 62
    18
370
    25
100
AcDbLine
 10
255.106321
 20
13.669104
 30
0.0
 11
255.106321
 21
16.849104
 31
0.0
  0
LINE
  5
9D3
330
949
100
AcDbEntity
  8
1
  6
Continuous
 62
    18
370
    25
100
AcDbLine
 10
255.106321
 20
16.849104
 30
0.0
 11
253.864239
 21
16.849104
 31
0.0
  0
LINE
  5
9D4
330
949
100
AcDbEntity
  8
1
  6
Continuous
 62
    18
370
    25
100
AcDbLine
 10
259.582783
 20
16.849104
 30
0.0
 11
261.043471
 21
16.849104
 31
0.0
  0
LINE
  5
9D5
330
949
100
AcDbEntity
  8
1
  6
Continuous
 62
    18
370
    25
100
AcDbLine
 10
253.492439
 20
13.351104
 30
0.0
 11
254.784204
 21
13.351104
 31
0.0
  0
LINE
  5
9D6
330
949
100
AcDbEntity
  8
1
  6
Continuous
 62
    18
370
    25
100
AcDbLine
 10
247.107158
 20
11.533962
 30
0.0
 11
248.398923
 21
10.171104
 31
0.0
  0
LINE
  5
9D7
330
949
100
AcDbEntity
  8
1
  6
Continuous
 62
    18
370
    25
100
AcDbLine
 10
247.801478
 20
16.849104
 30
0.0
 11
251.081976
 21
16.849104
 31
0.0
  0
LINE
  5
9D8
330
949
100
AcDbEntity
  8
1
  6
Continuous
 62
    18
370
    25
100
AcDbLine
 10
240.449757
 20
15.423708
 30
0.0
 11
240.449757
 21
16.158598
 31
0.0
  0
LINE
  5
9D9
330
949
100
AcDbEntity
  8
1
  6
Continuous
 62
    18
370
    25
100
AcDbLine
 10
251.876751
 20
10.171104
 30
0.0
 11
251.876751
 21
12.53339
 31
0.0
  0
LINE
  5
9DA
330
949
100
AcDbEntity
  8
1
  6
Continuous
 62
    18
370
    25
100
AcDbLine
 10
239.157992
 20
16.849104
 30
0.0
 11
239.157992
 21
13.669104
 31
0.0
  0
LINE
  5
9DB
330
949
100
AcDbEntity
  8
1
  6
Continuous
 62
    18
370
    25
100
AcDbLine
 10
244.821885
 20
13.669104
 30
0.0
 11
244.821885
 21
14.850247
 31
0.0
  0
LINE
  5
9DC
330
949
100
AcDbEntity
  8
1
  6
Continuous
 62
    18
370
    25
100
AcDbLine
 10
245.865076
 20
13.351104
 30
0.0
 11
245.865076
 21
10.171104
 31
0.0
  0
LINE
  5
9DD
330
949
100
AcDbEntity
  8
1
  6
Continuous
 62
    18
370
    25
100
AcDbLine
 10
253.864239
 20
13.669104
 30
0.0
 11
255.106321
 21
13.669104
 31
0.0
  0
LINE
  5
9DE
330
949
100
AcDbEntity
  8
1
  6
Continuous
 62
    18
370
    25
100
AcDbLine
 10
252.721367
 20
12.53339
 30
0.0
 11
252.721367
 21
13.351104
 31
0.0
  0
LINE
  5
9DF
330
949
100
AcDbEntity
  8
1
  6
Continuous
 62
    18
370
    25
100
AcDbLine
 10
253.825753
 20
11.443104
 30
0.0
 11
254.138322
 21
12.242647
 31
0.0
  0
LINE
  5
9E0
330
949
100
AcDbEntity
  8
1
  6
Continuous
 62
    18
370
    25
100
AcDbLine
 10
259.687118
 20
15.315288
 30
0.0
 11
261.043471
 21
16.849104
 31
0.0
  0
LINE
  5
9E1
330
949
100
AcDbEntity
  8
1
  6
Continuous
 62
    18
370
    25
100
AcDbLine
 10
261.142837
 20
12.53339
 30
0.0
 11
261.142837
 21
13.351104
 31
0.0
  0
LINE
  5
9E2
330
949
100
AcDbEntity
  8
1
  6
Continuous
 62
    18
370
    25
100
AcDbLine
 10
249.641004
 20
13.351104
 30
0.0
 11
248.398923
 21
13.351104
 31
0.0
  0
LINE
  5
9E3
330
949
100
AcDbEntity
  8
1
  6
Continuous
 62
    18
370
    25
100
AcDbLine
 10
257.906896
 20
12.53339
 30
0.0
 11
259.05614
 21
12.53339
 31
0.0
  0
LINE
  5
9E4
330
949
100
AcDbEntity
  8
1
  6
Continuous
 62
    18
370
    25
100
AcDbLine
 10
256.646502
 20
13.669104
 30
0.0
 11
255.354737
 21
13.669104
 31
0.0
  0
LINE
  5
9E5
330
949
100
AcDbEntity
  8
1
  6
Continuous
 62
    18
370
    25
100
AcDbLine
 10
250.634669
 20
10.171104
 30
0.0
 11
251.876751
 21
10.171104
 31
0.0
  0
LINE
  5
9E6
330
949
100
AcDbEntity
  8
1
  6
Continuous
 62
    18
370
    25
100
AcDbLine
 10
238.661159
 20
16.395504
 30
0.0
 11
238.661159
 21
10.624704
 31
0.0
  0
LINE
  5
9E7
330
949
100
AcDbEntity
  8
1
  6
Continuous
 62
    18
370
    25
100
AcDbLine
 10
249.690845
 20
14.395962
 30
0.0
 11
249.690845
 21
14.895676
 31
0.0
  0
LINE
  5
9E8
330
949
100
AcDbEntity
  8
1
  6
Continuous
 62
    18
370
    25
100
AcDbLine
 10
244.821885
 20
16.849104
 30
0.0
 11
246.063966
 21
16.849104
 31
0.0
  0
LINE
  5
9E9
330
949
100
AcDbEntity
  8
1
  6
Continuous
 62
    18
370
    25
100
AcDbLine
 10
234.670019
 20
10.913104
 30
0.0
 11
233.143475
 21
10.913104
 31
0.0
  0
LINE
  5
9EA
330
949
100
AcDbEntity
  8
1
  6
Continuous
 62
    18
370
    25
100
AcDbLine
 10
233.143475
 20
16.107104
 30
0.0
 11
234.670019
 21
16.107104
 31
0.0
  0
LINE
  5
9EB
330
949
100
AcDbEntity
  8
1
  6
Continuous
 62
    18
370
    25
100
AcDbLine
 10
243.728853
 20
15.736104
 30
0.0
 11
244.821885
 21
15.736104
 31
0.0
  0
LINE
  5
9EC
330
949
100
AcDbEntity
  8
1
  6
Continuous
 62
    18
370
    25
100
AcDbLine
 10
249.690845
 20
14.895676
 30
0.0
 11
251.081976
 21
14.895676
 31
0.0
  0
LINE
  5
9ED
330
949
100
AcDbEntity
  8
1
  6
Continuous
 62
    18
370
    25
100
AcDbLine
 10
251.330392
 20
13.669104
 30
0.0
 11
252.572474
 21
13.669104
 31
0.0
  0
LINE
  5
9EE
330
949
100
AcDbEntity
  8
1
  6
Continuous
 62
    18
370
    25
100
AcDbLine
 10
251.330392
 20
16.849104
 30
0.0
 11
251.330392
 21
13.669104
 31
0.0
  0
LINE
  5
9EF
330
949
100
AcDbEntity
  8
1
  6
Continuous
 62
    18
370
    25
100
AcDbLine
 10
253.548703
 20
10.734419
 30
0.0
 11
254.72794
 21
10.734419
 31
0.0
  0
LINE
  5
9F0
330
949
100
AcDbEntity
  8
1
  6
Continuous
 62
    18
370
    25
100
AcDbLine
 10
255.354737
 20
16.849104
 30
0.0
 11
256.646502
 21
16.849104
 31
0.0
  0
LINE
  5
9F1
330
949
100
AcDbEntity
  8
1
  6
Continuous
 62
    18
370
    25
100
AcDbLine
 10
258.330765
 20
16.849104
 30
0.0
 11
256.870077
 21
16.849104
 31
0.0
  0
LINE
  5
9F2
330
949
100
AcDbEntity
  8
1
  6
Continuous
 62
    18
370
    25
100
AcDbLine
 10
235.491551
 20
12.231757
 30
0.0
 11
235.491551
 21
12.837651
 31
0.0
  0
LINE
  5
9F3
330
949
100
AcDbEntity
  8
1
  6
Continuous
 62
    18
370
    25
100
AcDbLine
 10
253.864239
 20
16.849104
 30
0.0
 11
253.864239
 21
15.486247
 31
0.0
  0
LINE
  5
9F4
330
949
100
AcDbEntity
  8
1
  6
Continuous
 62
    18
370
    25
100
AcDbLine
 10
256.870077
 20
16.849104
 30
0.0
 11
258.22643
 21
15.315288
 31
0.0
  0
LINE
  5
9F5
330
949
100
AcDbEntity
  8
1
  6
Continuous
 62
    18
370
    25
100
AcDbLine
 10
252.03672
 20
10.171104
 30
0.0
 11
253.328484
 21
10.171104
 31
0.0
  0
LINE
  5
9F6
330
949
100
AcDbEntity
  8
1
  6
Continuous
 62
    18
370
    25
100
AcDbLine
 10
247.801478
 20
13.669104
 30
0.0
 11
251.081976
 21
13.669104
 31
0.0
  0
LINE
  5
9F7
330
949
100
AcDbEntity
  8
1
  6
Continuous
 62
    18
370
    25
100
AcDbLine
 10
242.486771
 20
16.849104
 30
0.0
 11
242.486771
 21
13.669104
 31
0.0
  0
LINE
  5
9F8
330
949
100
AcDbEntity
  8
1
  6
Continuous
 62
    18
370
    25
100
AcDbLine
 10
249.690845
 20
15.622533
 30
0.0
 11
249.690845
 21
16.122247
 31
0.0
  0
LINE
  5
9F9
330
949
100
AcDbEntity
  8
1
  6
Continuous
 62
    18
370
    25
100
AcDbLine
 10
239.157992
 20
16.849104
 30
0.0
 11
241.239879
 21
16.849104
 31
0.0
  0
LINE
  5
9FA
330
949
100
AcDbEntity
  8
1
  6
Continuous
 62
    18
370
    25
100
AcDbLine
 10
243.728853
 20
13.669104
 30
0.0
 11
242.486771
 21
13.669104
 31
0.0
  0
LINE
  5
9FB
330
949
100
AcDbEntity
  8
1
  6
Continuous
 62
    18
370
    25
100
AcDbLine
 10
247.107158
 20
13.351104
 30
0.0
 11
245.865076
 21
13.351104
 31
0.0
  0
LINE
  5
9FC
330
949
100
AcDbEntity
  8
1
  6
Continuous
 62
    18
370
    25
100
AcDbLine
 10
251.876751
 20
12.53339
 30
0.0
 11
252.721367
 21
12.53339
 31
0.0
  0
LINE
  5
9FD
330
949
100
AcDbEntity
  8
1
  6
Continuous
 62
    18
370
    25
100
AcDbLine
 10
253.328484
 20
10.171104
 30
0.0
 11
253.548703
 21
10.734419
 31
0.0
  0
LINE
  5
9FE
330
949
100
AcDbEntity
  8
1
  6
Continuous
 62
    18
370
    25
100
AcDbLine
 10
259.687118
 20
15.315288
 30
0.0
 11
261.142837
 21
13.669104
 31
0.0
  0
LINE
  5
9FF
330
949
100
AcDbEntity
  8
1
  6
Continuous
 62
    18
370
    25
100
AcDbLine
 10
260.298222
 20
12.53339
 30
0.0
 11
261.142837
 21
12.53339
 31
0.0
  0
LINE
  5
A00
330
949
100
AcDbEntity
  8
1
  6
Continuous
 62
    18
370
    25
100
AcDbLine
 10
249.790054
 20
13.351104
 30
0.0
 11
249.790054
 21
12.53339
 31
0.0
  0
LINE
  5
A01
330
949
100
AcDbEntity
  8
1
  6
Continuous
 62
    18
370
    25
100
AcDbLine
 10
241.940255
 20
11.26139
 30
0.0
 11
241.940255
 21
10.352819
 31
0.0
  0
LINE
  5
A02
330
949
100
AcDbEntity
  8
1
  6
Continuous
 62
    18
370
    25
100
AcDbLine
 10
258.231398
 20
13.669104
 30
0.0
 11
256.77071
 21
13.669104
 31
0.0
  0
LINE
  5
A03
330
949
100
AcDbEntity
  8
1
  6
Continuous
 62
    18
370
    25
100
AcDbLine
 10
254.948159
 20
10.171104
 30
0.0
 11
254.72794
 21
10.734419
 31
0.0
  0
LINE
  5
A04
330
949
100
AcDbEntity
  8
1
  6
Continuous
 62
    18
370
    25
100
AcDbLine
 10
249.690845
 20
16.122247
 30
0.0
 11
251.081976
 21
16.122247
 31
0.0
  0
LINE
  5
A05
330
949
100
AcDbEntity
  8
1
  6
Continuous
 62
    18
370
    25
100
AcDbLine
 10
244.821885
 20
15.736104
 30
0.0
 11
244.821885
 21
16.849104
 31
0.0
  0
LINE
  5
A06
330
949
100
AcDbEntity
  8
1
  6
Continuous
 62
    18
370
    25
100
AcDbLine
 10
240.449757
 20
13.669104
 30
0.0
 11
240.449757
 21
14.651153
 31
0.0
  0
LINE
  5
A07
330
949
100
AcDbEntity
  8
1
  6
Continuous
 62
    18
370
    25
100
AcDbLine
 10
235.003919
 20
15.149357
 30
0.0
 11
235.003919
 21
15.773204
 31
0.0
  0
LINE
  5
A08
330
949
100
AcDbEntity
  8
1
  6
Continuous
 62
    18
370
    25
100
AcDbLine
 10
240.449757
 20
16.158598
 30
0.0
 11
240.780164
 21
16.158598
 31
0.0
  0
LINE
  5
A09
330
949
100
AcDbEntity
  8
1
  6
Continuous
 62
    18
370
    25
100
AcDbLine
 10
246.063966
 20
16.849104
 30
0.0
 11
246.063966
 21
13.669104
 31
0.0
  0
LINE
  5
A0A
330
949
100
AcDbEntity
  8
1
  6
Continuous
 62
    18
370
    25
100
AcDbLine
 10
251.081976
 20
15.622533
 30
0.0
 11
249.690845
 21
15.622533
 31
0.0
  0
LINE
  5
A0B
330
949
100
AcDbEntity
  8
1
  6
Continuous
 62
    18
370
    25
100
AcDbLine
 10
252.572474
 20
16.849104
 30
0.0
 11
251.330392
 21
16.849104
 31
0.0
  0
LINE
  5
A0C
330
949
100
AcDbEntity
  8
1
  6
Continuous
 62
    18
370
    25
100
AcDbLine
 10
249.790054
 20
12.53339
 30
0.0
 11
250.634669
 21
12.53339
 31
0.0
  0
LINE
  5
A0D
330
949
100
AcDbEntity
  8
1
  6
Continuous
 62
    18
370
    25
100
AcDbLine
 10
256.646502
 20
16.849104
 30
0.0
 11
256.646502
 21
13.669104
 31
0.0
  0
LINE
  5
A0E
330
949
100
AcDbEntity
  8
1
  6
Continuous
 62
    18
370
    25
100
AcDbLine
 10
258.330765
 20
16.849104
 30
0.0
 11
258.956774
 21
16.141189
 31
0.0
  0
LINE
  5
A0F
330
949
100
AcDbEntity
  8
1
  6
Continuous
 62
    18
370
    25
100
AcDbLine
 10
259.05614
 20
12.53339
 30
0.0
 11
259.05614
 21
10.171104
 31
0.0
  0
LINE
  5
A10
330
949
100
AcDbEntity
  8
1
  6
Continuous
 62
     6
370
    18
100
AcDbLine
 10
221.500001
 20
17.75
 30
0.0
 11
221.500001
 21
13.5
 31
0.0
  0
LINE
  5
A11
330
949
100
AcDbEntity
  8
1
  6
Continuous
 62
     6
370
    18
100
AcDbLine
 10
175.000001
 20
17.75
 30
0.0
 11
175.000001
 21
13.5
 31
0.0
  0
LINE
  5
A12
330
949
100
AcDbEntity
  8
1
  6
Continuous
 62
     6
370
    18
100
AcDbLine
 10
128.000001
 20
17.75
 30
0.0
 11
128.000001
 21
13.5
 31
0.0
  0
LINE
  5
A13
330
949
100
AcDbEntity
  8
1
  6
Continuous
 62
     6
370
    18
100
AcDbLine
 10
415.0
 20
22.0
 30
0.0
 11
415.0
 21
17.75
 31
0.0
  0
LINE
  5
A14
330
949
100
AcDbEntity
  8
1
  6
Continuous
 62
     6
370
    18
100
AcDbLine
 10
380.0
 20
22.0
 30
0.0
 11
380.0
 21
17.75
 31
0.0
  0
LINE
  5
A15
330
949
100
AcDbEntity
  8
1
  6
Continuous
 62
     6
370
    18
100
AcDbLine
 10
366.5
 20
17.75
 30
0.0
 11
380.0
 21
17.75
 31
0.0
  0
LINE
  5
A16
330
949
100
AcDbEntity
  8
1
  6
Continuous
 62
     6
370
    18
100
AcDbLine
 10
356.5
 20
17.75
 30
0.0
 11
366.5
 21
17.75
 31
0.0
  0
LINE
  5
A17
330
949
100
AcDbEntity
  8
1
  6
Continuous
 62
     6
370
    18
100
AcDbLine
 10
304.200001
 20
17.75
 30
0.0
 11
356.5
 21
17.75
 31
0.0
  0
LINE
  5
A18
330
949
100
AcDbEntity
  8
1
  6
Continuous
 62
     6
370
    18
100
AcDbLine
 10
277.800001
 20
17.75
 30
0.0
 11
304.200001
 21
17.75
 31
0.0
  0
LINE
  5
A19
330
949
100
AcDbEntity
  8
1
  6
Continuous
 62
     6
370
    18
100
AcDbLine
 10
271.500001
 20
17.75
 30
0.0
 11
277.800001
 21
17.75
 31
0.0
  0
LINE
  5
A1A
330
949
100
AcDbEntity
  8
1
  6
Continuous
 62
     6
370
    18
100
AcDbLine
 10
271.500001
 20
22.0
 30
0.0
 11
271.500001
 21
17.75
 31
0.0
  0
LINE
  5
A1B
330
949
100
AcDbEntity
  8
1
  6
Continuous
 62
     6
370
    18
100
AcDbLine
 10
257.500001
 20
17.75
 30
0.0
 11
271.500001
 21
17.75
 31
0.0
  0
LINE
  5
A1C
330
949
100
AcDbEntity
  8
1
  6
Continuous
 62
     6
370
    18
100
AcDbLine
 10
239.500001
 20
17.75
 30
0.0
 11
257.500001
 21
17.75
 31
0.0
  0
LINE
  5
A1D
330
949
100
AcDbEntity
  8
1
  6
Continuous
 62
    18
370
    25
100
AcDbLine
 10
249.020823
 20
20.875
 30
0.0
 11
249.020823
 21
18.875
 31
0.0
  0
LINE
  5
A1E
330
949
100
AcDbEntity
  8
1
  6
Continuous
 62
    18
370
    25
100
AcDbLine
 10
245.020823
 20
19.875
 30
0.0
 11
249.020823
 21
19.875
 31
0.0
  0
LINE
  5
A1F
330
949
100
AcDbEntity
  8
1
  6
Continuous
 62
    18
370
    25
100
AcDbLine
 10
243.482814
 20
19.875
 30
0.0
 11
240.182814
 21
19.875
 31
0.0
  0
LINE
  5
A20
330
949
100
AcDbEntity
  8
1
  6
Continuous
 62
    18
370
    25
100
AcDbLine
 10
241.832814
 20
21.525
 30
0.0
 11
241.832814
 21
18.225
 31
0.0
  0
LINE
  5
A21
330
949
100
AcDbEntity
  8
1
  6
Continuous
 62
    18
370
    25
100
AcDbLine
 10
245.020823
 20
18.375
 30
0.0
 11
245.020823
 21
21.375
 31
0.0
  0
LINE
  5
A22
330
949
100
AcDbEntity
  8
1
  6
Continuous
 62
    18
370
    25
100
AcDbLine
 10
249.020823
 20
18.875
 30
0.0
 11
245.020823
 21
18.375
 31
0.0
  0
LINE
  5
A23
330
949
100
AcDbEntity
  8
1
  6
Continuous
 62
    18
370
    25
100
AcDbLine
 10
245.020823
 20
21.375
 30
0.0
 11
249.020823
 21
20.875
 31
0.0
  0
LINE
  5
A24
330
949
100
AcDbEntity
  8
1
  6
Continuous
 62
     6
370
    18
100
AcDbLine
 10
231.500001
 20
17.75
 30
0.0
 11
239.500001
 21
17.75
 31
0.0
  0
LINE
  5
A25
330
949
100
AcDbEntity
  8
1
  6
Continuous
 62
     6
370
    18
100
AcDbLine
 10
221.500001
 20
17.75
 30
0.0
 11
231.500001
 21
17.75
 31
0.0
  0
LINE
  5
A26
330
949
100
AcDbEntity
  8
1
  6
Continuous
 62
     6
370
    18
100
AcDbLine
 10
221.500001
 20
22.0
 30
0.0
 11
221.500001
 21
17.75
 31
0.0
  0
LINE
  5
A27
330
949
100
AcDbEntity
  8
1
  6
Continuous
 62
     6
370
    18
100
AcDbLine
 10
211.500001
 20
17.75
 30
0.0
 11
221.500001
 21
17.75
 31
0.0
  0
LINE
  5
A28
330
949
100
AcDbEntity
  8
1
  6
Continuous
 62
     6
370
    18
100
AcDbLine
 10
201.500001
 20
17.75
 30
0.0
 11
211.500001
 21
17.75
 31
0.0
  0
LINE
  5
A29
330
949
100
AcDbEntity
  8
1
  6
Continuous
 62
     6
370
    18
100
AcDbLine
 10
201.500001
 20
22.0
 30
0.0
 11
201.500001
 21
17.75
 31
0.0
  0
LINE
  5
A2A
330
949
100
AcDbEntity
  8
1
  6
Continuous
 62
     6
370
    18
100
AcDbLine
 10
175.000001
 20
17.75
 30
0.0
 11
201.500001
 21
17.75
 31
0.0
  0
LINE
  5
A2B
330
949
100
AcDbEntity
  8
1
  6
Continuous
 62
     6
370
    18
100
AcDbLine
 10
165.000001
 20
17.75
 30
0.0
 11
175.000001
 21
17.75
 31
0.0
  0
LINE
  5
A2C
330
949
100
AcDbEntity
  8
1
  6
Continuous
 62
     6
370
    18
100
AcDbLine
 10
155.000001
 20
17.75
 30
0.0
 11
165.000001
 21
17.75
 31
0.0
  0
LINE
  5
A2D
330
949
100
AcDbEntity
  8
1
  6
Continuous
 62
     6
370
    18
100
AcDbLine
 10
128.000001
 20
17.75
 30
0.0
 11
155.000001
 21
17.75
 31
0.0
  0
LINE
  5
A2E
330
949
100
AcDbEntity
  8
1
  6
Continuous
 62
     6
370
    18
100
AcDbLine
 10
128.000001
 20
22.0
 30
0.0
 11
128.000001
 21
17.75
 31
0.0
  0
LINE
  5
A2F
330
949
100
AcDbEntity
  8
1
  6
Continuous
 62
     6
370
    18
100
AcDbLine
 10
415.0
 20
26.25
 30
0.0
 11
415.0
 21
22.0
 31
0.0
  0
LINE
  5
A30
330
949
100
AcDbEntity
  8
1
  6
Continuous
 62
     6
370
    18
100
AcDbLine
 10
405.0
 20
22.0
 30
0.0
 11
415.0
 21
22.0
 31
0.0
  0
LINE
  5
A31
330
949
100
AcDbEntity
  8
1
  6
Continuous
 62
     6
370
    18
100
AcDbLine
 10
389.0
 20
22.0
 30
0.0
 11
405.0
 21
22.0
 31
0.0
  0
LINE
  5
A32
330
949
100
AcDbEntity
  8
1
  6
Continuous
 62
     6
370
    18
100
AcDbLine
 10
380.0
 20
22.0
 30
0.0
 11
389.0
 21
22.0
 31
0.0
  0
LINE
  5
A33
330
949
100
AcDbEntity
  8
1
  6
Continuous
 62
     6
370
    18
100
AcDbLine
 10
380.0
 20
26.25
 30
0.0
 11
380.0
 21
22.0
 31
0.0
  0
LINE
  5
A34
330
949
100
AcDbEntity
  8
1
  6
Continuous
 62
     6
370
    18
100
AcDbLine
 10
271.500001
 20
26.25
 30
0.0
 11
271.500001
 21
22.0
 31
0.0
  0
LINE
  5
A35
330
949
100
AcDbEntity
  8
1
  6
Continuous
 62
     6
370
    18
100
AcDbLine
 10
257.500001
 20
22.0
 30
0.0
 11
271.500001
 21
22.0
 31
0.0
  0
LINE
  5
A36
330
949
100
AcDbEntity
  8
1
  6
Continuous
 62
     6
370
    18
100
AcDbLine
 10
257.500001
 20
26.25
 30
0.0
 11
257.500001
 21
22.0
 31
0.0
  0
LINE
  5
A37
330
949
100
AcDbEntity
  8
1
  6
Continuous
 62
     6
370
    18
100
AcDbLine
 10
239.500001
 20
22.0
 30
0.0
 11
257.500001
 21
22.0
 31
0.0
  0
LINE
  5
A38
330
949
100
AcDbEntity
  8
1
  6
Continuous
 62
     6
370
    18
100
AcDbLine
 10
231.500001
 20
22.0
 30
0.0
 11
239.500001
 21
22.0
 31
0.0
  0
LINE
  5
A39
330
949
100
AcDbEntity
  8
1
  6
Continuous
 62
     6
370
    18
100
AcDbLine
 10
231.500001
 20
26.25
 30
0.0
 11
231.500001
 21
22.0
 31
0.0
  0
LINE
  5
A3A
330
949
100
AcDbEntity
  8
1
  6
Continuous
 62
     6
370
    18
100
AcDbLine
 10
221.500001
 20
22.0
 30
0.0
 11
231.500001
 21
22.0
 31
0.0
  0
LINE
  5
A3B
330
949
100
AcDbEntity
  8
1
  6
Continuous
 62
     6
370
    18
100
AcDbLine
 10
221.500001
 20
26.25
 30
0.0
 11
221.500001
 21
22.0
 31
0.0
  0
LINE
  5
A3C
330
949
100
AcDbEntity
  8
1
  6
Continuous
 62
     6
370
    18
100
AcDbLine
 10
201.500001
 20
26.25
 30
0.0
 11
201.500001
 21
22.0
 31
0.0
  0
LINE
  5
A3D
330
949
100
AcDbEntity
  8
1
  6
Continuous
 62
     6
370
    18
100
AcDbLine
 10
128.000001
 20
26.25
 30
0.0
 11
128.000001
 21
22.0
 31
0.0
  0
LINE
  5
A3E
330
949
100
AcDbEntity
  8
1
  6
Continuous
 62
     6
370
    18
100
AcDbLine
 10
415.0
 20
30.5
 30
0.0
 11
415.0
 21
26.25
 31
0.0
  0
LINE
  5
A3F
330
949
100
AcDbEntity
  8
1
  6
Continuous
 62
     6
370
    18
100
AcDbLine
 10
380.0
 20
30.5
 30
0.0
 11
380.0
 21
26.25
 31
0.0
  0
LINE
  5
A40
330
949
100
AcDbEntity
  8
1
  6
Continuous
 62
     6
370
    18
100
AcDbLine
 10
271.500001
 20
30.5
 30
0.0
 11
271.500001
 21
26.25
 31
0.0
  0
LINE
  5
A41
330
949
100
AcDbEntity
  8
1
  6
Continuous
 62
     6
370
    18
100
AcDbLine
 10
257.500001
 20
26.25
 30
0.0
 11
271.500001
 21
26.25
 31
0.0
  0
LINE
  5
A42
330
949
100
AcDbEntity
  8
1
  6
Continuous
 62
     6
370
    18
100
AcDbLine
 10
257.500001
 20
30.5
 30
0.0
 11
257.500001
 21
26.25
 31
0.0
  0
LINE
  5
A43
330
949
100
AcDbEntity
  8
1
  6
Continuous
 62
     6
370
    18
100
AcDbLine
 10
239.500001
 20
26.25
 30
0.0
 11
257.500001
 21
26.25
 31
0.0
  0
LINE
  5
A44
330
949
100
AcDbEntity
  8
1
  6
Continuous
 62
     6
370
    18
100
AcDbLine
 10
231.500001
 20
26.25
 30
0.0
 11
239.500001
 21
26.25
 31
0.0
  0
LINE
  5
A45
330
949
100
AcDbEntity
  8
1
  6
Continuous
 62
     6
370
    18
100
AcDbLine
 10
231.500001
 20
30.5
 30
0.0
 11
231.500001
 21
26.25
 31
0.0
  0
LINE
  5
A46
330
949
100
AcDbEntity
  8
1
  6
Continuous
 62
     6
370
    18
100
AcDbLine
 10
221.500001
 20
26.25
 30
0.0
 11
231.500001
 21
26.25
 31
0.0
  0
LINE
  5
A47
330
949
100
AcDbEntity
  8
1
  6
Continuous
 62
     6
370
    18
100
AcDbLine
 10
221.500001
 20
30.5
 30
0.0
 11
221.500001
 21
26.25
 31
0.0
  0
LINE
  5
A48
330
949
100
AcDbEntity
  8
1
  6
Continuous
 62
     6
370
    18
100
AcDbLine
 10
211.500001
 20
26.25
 30
0.0
 11
221.500001
 21
26.25
 31
0.0
  0
LINE
  5
A49
330
949
100
AcDbEntity
  8
1
  6
Continuous
 62
     6
370
    18
100
AcDbLine
 10
201.500001
 20
26.25
 30
0.0
 11
211.500001
 21
26.25
 31
0.0
  0
LINE
  5
A4A
330
949
100
AcDbEntity
  8
1
  6
Continuous
 62
     6
370
    18
100
AcDbLine
 10
175.000001
 20
26.25
 30
0.0
 11
201.500001
 21
26.25
 31
0.0
  0
LINE
  5
A4B
330
949
100
AcDbEntity
  8
1
  6
Continuous
 62
     6
370
    18
100
AcDbLine
 10
165.000001
 20
26.25
 30
0.0
 11
175.000001
 21
26.25
 31
0.0
  0
LINE
  5
A4C
330
949
100
AcDbEntity
  8
1
  6
Continuous
 62
     6
370
    18
100
AcDbLine
 10
155.000001
 20
26.25
 30
0.0
 11
165.000001
 21
26.25
 31
0.0
  0
LINE
  5
A4D
330
949
100
AcDbEntity
  8
1
  6
Continuous
 62
     6
370
    18
100
AcDbLine
 10
128.000001
 20
26.25
 30
0.0
 11
155.000001
 21
26.25
 31
0.0
  0
LINE
  5
A4E
330
949
100
AcDbEntity
  8
1
  6
Continuous
 62
     6
370
    18
100
AcDbLine
 10
128.000001
 20
30.5
 30
0.0
 11
128.000001
 21
26.25
 31
0.0
  0
LINE
  5
A4F
330
949
100
AcDbEntity
  8
1
  6
Continuous
 62
     6
370
    18
100
AcDbLine
 10
415.0
 20
34.75
 30
0.0
 11
415.0
 21
30.5
 31
0.0
  0
LINE
  5
A50
330
949
100
AcDbEntity
  8
1
  6
Continuous
 62
     6
370
    18
100
AcDbLine
 10
405.0
 20
30.5
 30
0.0
 11
415.0
 21
30.5
 31
0.0
  0
LINE
  5
A51
330
949
100
AcDbEntity
  8
1
  6
Continuous
 62
     6
370
    18
100
AcDbLine
 10
389.0
 20
30.5
 30
0.0
 11
405.0
 21
30.5
 31
0.0
  0
LINE
  5
A52
330
949
100
AcDbEntity
  8
1
  6
Continuous
 62
     6
370
    18
100
AcDbLine
 10
380.0
 20
30.5
 30
0.0
 11
389.0
 21
30.5
 31
0.0
  0
LINE
  5
A53
330
949
100
AcDbEntity
  8
1
  6
Continuous
 62
     6
370
    18
100
AcDbLine
 10
366.5
 20
30.5
 30
0.0
 11
380.0
 21
30.5
 31
0.0
  0
LINE
  5
A54
330
949
100
AcDbEntity
  8
1
  6
Continuous
 62
     6
370
    18
100
AcDbLine
 10
356.5
 20
30.5
 30
0.0
 11
366.5
 21
30.5
 31
0.0
  0
LINE
  5
A55
330
949
100
AcDbEntity
  8
1
  6
Continuous
 62
     6
370
    18
100
AcDbLine
 10
304.200001
 20
30.5
 30
0.0
 11
356.5
 21
30.5
 31
0.0
  0
LINE
  5
A56
330
949
100
AcDbEntity
  8
1
  6
Continuous
 62
     6
370
    18
100
AcDbLine
 10
277.800001
 20
30.5
 30
0.0
 11
304.200001
 21
30.5
 31
0.0
  0
LINE
  5
A57
330
949
100
AcDbEntity
  8
1
  6
Continuous
 62
     6
370
    18
100
AcDbLine
 10
271.500001
 20
30.5
 30
0.0
 11
277.800001
 21
30.5
 31
0.0
  0
LINE
  5
A58
330
949
100
AcDbEntity
  8
1
  6
Continuous
 62
     6
370
    18
100
AcDbLine
 10
271.500001
 20
34.75
 30
0.0
 11
271.500001
 21
30.5
 31
0.0
  0
LINE
  5
A59
330
949
100
AcDbEntity
  8
1
  6
Continuous
 62
     6
370
    18
100
AcDbLine
 10
257.500001
 20
30.5
 30
0.0
 11
271.500001
 21
30.5
 31
0.0
  0
LINE
  5
A5A
330
949
100
AcDbEntity
  8
1
  6
Continuous
 62
     6
370
    18
100
AcDbLine
 10
257.500001
 20
34.75
 30
0.0
 11
257.500001
 21
30.5
 31
0.0
  0
LINE
  5
A5B
330
949
100
AcDbEntity
  8
1
  6
Continuous
 62
     6
370
    18
100
AcDbLine
 10
239.500001
 20
30.5
 30
0.0
 11
257.500001
 21
30.5
 31
0.0
  0
LINE
  5
A5C
330
949
100
AcDbEntity
  8
1
  6
Continuous
 62
     6
370
    18
100
AcDbLine
 10
231.500001
 20
30.5
 30
0.0
 11
239.500001
 21
30.5
 31
0.0
  0
LINE
  5
A5D
330
949
100
AcDbEntity
  8
1
  6
Continuous
 62
     6
370
    18
100
AcDbLine
 10
231.500001
 20
34.75
 30
0.0
 11
231.500001
 21
30.5
 31
0.0
  0
LINE
  5
A5E
330
949
100
AcDbEntity
  8
1
  6
Continuous
 62
     6
370
    18
100
AcDbLine
 10
221.500001
 20
30.5
 30
0.0
 11
231.500001
 21
30.5
 31
0.0
  0
LINE
  5
A5F
330
949
100
AcDbEntity
  8
1
  6
Continuous
 62
     6
370
    18
100
AcDbLine
 10
221.500001
 20
34.75
 30
0.0
 11
221.500001
 21
30.5
 31
0.0
  0
LINE
  5
A60
330
949
100
AcDbEntity
  8
1
  6
Continuous
 62
     6
370
    18
100
AcDbLine
 10
128.000001
 20
34.75
 30
0.0
 11
128.000001
 21
30.5
 31
0.0
  0
LINE
  5
A61
330
949
100
AcDbEntity
  8
1
  6
Continuous
 62
     6
370
    18
100
AcDbLine
 10
415.0
 20
39.0
 30
0.0
 11
415.0
 21
34.75
 31
0.0
  0
LINE
  5
A62
330
949
100
AcDbEntity
  8
1
  6
Continuous
 62
     6
370
    18
100
AcDbLine
 10
405.0
 20
34.75
 30
0.0
 11
415.0
 21
34.75
 31
0.0
  0
LINE
  5
A63
330
949
100
AcDbEntity
  8
1
  6
Continuous
 62
     6
370
    18
100
AcDbLine
 10
389.0
 20
34.75
 30
0.0
 11
405.0
 21
34.75
 31
0.0
  0
LINE
  5
A64
330
949
100
AcDbEntity
  8
1
  6
Continuous
 62
     6
370
    18
100
AcDbLine
 10
380.0
 20
34.75
 30
0.0
 11
389.0
 21
34.75
 31
0.0
  0
LINE
  5
A65
330
949
100
AcDbEntity
  8
1
  6
Continuous
 62
     6
370
    18
100
AcDbLine
 10
366.5
 20
34.75
 30
0.0
 11
380.0
 21
34.75
 31
0.0
  0
LINE
  5
A66
330
949
100
AcDbEntity
  8
1
  6
Continuous
 62
     6
370
    18
100
AcDbLine
 10
356.5
 20
34.75
 30
0.0
 11
366.5
 21
34.75
 31
0.0
  0
LINE
  5
A67
330
949
100
AcDbEntity
  8
1
  6
Continuous
 62
     6
370
    18
100
AcDbLine
 10
304.200001
 20
34.75
 30
0.0
 11
356.5
 21
34.75
 31
0.0
  0
LINE
  5
A68
330
949
100
AcDbEntity
  8
1
  6
Continuous
 62
     6
370
    18
100
AcDbLine
 10
277.800001
 20
34.75
 30
0.0
 11
304.200001
 21
34.75
 31
0.0
  0
LINE
  5
A69
330
949
100
AcDbEntity
  8
1
  6
Continuous
 62
     6
370
    18
100
AcDbLine
 10
271.500001
 20
34.75
 30
0.0
 11
277.800001
 21
34.75
 31
0.0
  0
LINE
  5
A6A
330
949
100
AcDbEntity
  8
1
  6
Continuous
 62
     6
370
    18
100
AcDbLine
 10
257.500001
 20
34.75
 30
0.0
 11
271.500001
 21
34.75
 31
0.0
  0
LINE
  5
A6B
330
949
100
AcDbEntity
  8
1
  6
Continuous
 62
     6
370
    18
100
AcDbLine
 10
239.500001
 20
34.75
 30
0.0
 11
257.500001
 21
34.75
 31
0.0
  0
LINE
  5
A6C
330
949
100
AcDbEntity
  8
1
  6
Continuous
 62
     6
370
    18
100
AcDbLine
 10
231.500001
 20
34.75
 30
0.0
 11
239.500001
 21
34.75
 31
0.0
  0
LINE
  5
A6D
330
949
100
AcDbEntity
  8
1
  6
Continuous
 62
     6
370
    18
100
AcDbLine
 10
221.500001
 20
34.75
 30
0.0
 11
231.500001
 21
34.75
 31
0.0
  0
LINE
  5
A6E
330
949
100
AcDbEntity
  8
1
  6
Continuous
 62
     6
370
    18
100
AcDbLine
 10
211.500001
 20
34.75
 30
0.0
 11
221.500001
 21
34.75
 31
0.0
  0
LINE
  5
A6F
330
949
100
AcDbEntity
  8
1
  6
Continuous
 62
     6
370
    18
100
AcDbLine
 10
201.500001
 20
34.75
 30
0.0
 11
211.500001
 21
34.75
 31
0.0
  0
LINE
  5
A70
330
949
100
AcDbEntity
  8
1
  6
Continuous
 62
     6
370
    18
100
AcDbLine
 10
175.000001
 20
34.75
 30
0.0
 11
201.500001
 21
34.75
 31
0.0
  0
LINE
  5
A71
330
949
100
AcDbEntity
  8
1
  6
Continuous
 62
     6
370
    18
100
AcDbLine
 10
165.000001
 20
34.75
 30
0.0
 11
175.000001
 21
34.75
 31
0.0
  0
LINE
  5
A72
330
949
100
AcDbEntity
  8
1
  6
Continuous
 62
     6
370
    18
100
AcDbLine
 10
155.000001
 20
34.75
 30
0.0
 11
165.000001
 21
34.75
 31
0.0
  0
LINE
  5
A73
330
949
100
AcDbEntity
  8
1
  6
Continuous
 62
     6
370
    18
100
AcDbLine
 10
128.000001
 20
34.75
 30
0.0
 11
155.000001
 21
34.75
 31
0.0
  0
LINE
  5
A74
330
949
100
AcDbEntity
  8
1
  6
Continuous
 62
     6
370
    18
100
AcDbLine
 10
128.000001
 20
39.0
 30
0.0
 11
128.000001
 21
34.75
 31
0.0
  0
LINE
  5
A75
330
949
100
AcDbEntity
  8
1
  6
Continuous
 62
     6
370
    18
100
AcDbLine
 10
415.0
 20
43.25
 30
0.0
 11
415.0
 21
39.0
 31
0.0
  0
LINE
  5
A76
330
949
100
AcDbEntity
  8
1
  6
Continuous
 62
     6
370
    18
100
AcDbLine
 10
405.0
 20
43.25
 30
0.0
 11
415.0
 21
43.25
 31
0.0
  0
LINE
  5
A77
330
949
100
AcDbEntity
  8
1
  6
Continuous
 62
     6
370
    18
100
AcDbLine
 10
389.0
 20
43.25
 30
0.0
 11
405.0
 21
43.25
 31
0.0
  0
LINE
  5
A78
330
949
100
AcDbEntity
  8
1
  6
Continuous
 62
     6
370
    18
100
AcDbLine
 10
380.0
 20
43.25
 30
0.0
 11
389.0
 21
43.25
 31
0.0
  0
LINE
  5
A79
330
949
100
AcDbEntity
  8
1
  6
Continuous
 62
     6
370
    18
100
AcDbLine
 10
366.5
 20
43.25
 30
0.0
 11
380.0
 21
43.25
 31
0.0
  0
LINE
  5
A7A
330
949
100
AcDbEntity
  8
1
  6
Continuous
 62
     6
370
    18
100
AcDbLine
 10
356.5
 20
43.25
 30
0.0
 11
366.5
 21
43.25
 31
0.0
  0
LINE
  5
A7B
330
949
100
AcDbEntity
  8
1
  6
Continuous
 62
     6
370
    18
100
AcDbLine
 10
304.200001
 20
43.25
 30
0.0
 11
356.5
 21
43.25
 31
0.0
  0
LINE
  5
A7C
330
949
100
AcDbEntity
  8
1
  6
Continuous
 62
     6
370
    18
100
AcDbLine
 10
277.800001
 20
43.25
 30
0.0
 11
304.200001
 21
43.25
 31
0.0
  0
LINE
  5
A7D
330
949
100
AcDbEntity
  8
1
  6
Continuous
 62
     6
370
    18
100
AcDbLine
 10
271.500001
 20
43.25
 30
0.0
 11
277.800001
 21
43.25
 31
0.0
  0
LINE
  5
A7E
330
949
100
AcDbEntity
  8
1
  6
Continuous
 62
     6
370
    18
100
AcDbLine
 10
257.500001
 20
43.25
 30
0.0
 11
271.500001
 21
43.25
 31
0.0
  0
LINE
  5
A7F
330
949
100
AcDbEntity
  8
1
  6
Continuous
 62
     6
370
    18
100
AcDbLine
 10
239.500001
 20
43.25
 30
0.0
 11
257.500001
 21
43.25
 31
0.0
  0
LINE
  5
A80
330
949
100
AcDbEntity
  8
1
  6
Continuous
 62
     6
370
    18
100
AcDbLine
 10
231.500001
 20
43.25
 30
0.0
 11
239.500001
 21
43.25
 31
0.0
  0
LINE
  5
A81
330
949
100
AcDbEntity
  8
1
  6
Continuous
 62
     6
370
    18
100
AcDbLine
 10
221.500001
 20
43.25
 30
0.0
 11
231.500001
 21
43.25
 31
0.0
  0
LINE
  5
A82
330
949
100
AcDbEntity
  8
1
  6
Continuous
 62
     6
370
    18
100
AcDbLine
 10
211.500001
 20
43.25
 30
0.0
 11
221.500001
 21
43.25
 31
0.0
  0
LINE
  5
A83
330
949
100
AcDbEntity
  8
1
  6
Continuous
 62
     6
370
    18
100
AcDbLine
 10
201.500001
 20
43.25
 30
0.0
 11
211.500001
 21
43.25
 31
0.0
  0
LINE
  5
A84
330
949
100
AcDbEntity
  8
1
  6
Continuous
 62
     6
370
    18
100
AcDbLine
 10
175.000001
 20
43.25
 30
0.0
 11
201.500001
 21
43.25
 31
0.0
  0
LINE
  5
A85
330
949
100
AcDbEntity
  8
1
  6
Continuous
 62
     6
370
    18
100
AcDbLine
 10
165.000001
 20
43.25
 30
0.0
 11
175.000001
 21
43.25
 31
0.0
  0
LINE
  5
A86
330
949
100
AcDbEntity
  8
1
  6
Continuous
 62
     6
370
    18
100
AcDbLine
 10
155.000001
 20
43.25
 30
0.0
 11
165.000001
 21
43.25
 31
0.0
  0
LINE
  5
A87
330
949
100
AcDbEntity
  8
1
  6
Continuous
 62
     6
370
    18
100
AcDbLine
 10
128.000001
 20
43.25
 30
0.0
 11
128.000001
 21
39.0
 31
0.0
  0
LINE
  5
A88
330
949
100
AcDbEntity
  8
1
  6
Continuous
 62
     6
370
    18
100
AcDbLine
 10
128.000001
 20
43.25
 30
0.0
 11
155.000001
 21
43.25
 31
0.0
  0
ARC
  5
A89
330
949
100
AcDbEntity
  8
1
  6
Continuous
 62
    18
370
    25
100
AcDbCircle
 10
235.825451
 20
15.147599
 30
0.0
 40
0.3339000000062946
100
AcDbArc
 50
180.0
 51
237.8867
  0
ARC
  5
A8A
330
949
100
AcDbEntity
  8
1
  6
Continuous
 62
    18
370
    25
100
AcDbCircle
 10
248.014599
 20
15.091873
 30
0.0
 40
0.5355000000063055
100
AcDbArc
 50
218.12042
 51
321.87958
  0
ARC
  5
A8B
330
949
100
AcDbEntity
  8
1
  6
Continuous
 62
    18
370
    25
100
AcDbCircle
 10
243.609515
 20
11.761104
 30
0.0
 40
1.5183000000063
100
AcDbArc
 50
117.548148
 51
242.451852
  0
ARC
  5
A8C
330
949
100
AcDbEntity
  8
1
  6
Continuous
 62
    18
370
    25
100
AcDbCircle
 10
240.850316
 20
11.878449
 30
0.0
 40
1.707300000006317
100
AcDbArc
 50
194.920164
 51
275.163136
  0
ARC
  5
A8D
330
949
100
AcDbEntity
  8
1
  6
Continuous
 62
    18
370
    25
100
AcDbCircle
 10
238.207559
 20
10.624704
 30
0.0
 40
0.453600000006301
100
AcDbArc
 50
270.0
 51
0.0
  0
ARC
  5
A8E
330
949
100
AcDbEntity
  8
1
  6
Continuous
 62
    18
370
    25
100
AcDbCircle
 10
240.780164
 20
15.791153
 30
0.0
 40
0.3674449744510849
100
AcDbArc
 50
270.0
 51
90.0
  0
ARC
  5
A8F
330
949
100
AcDbEntity
  8
1
  6
Continuous
 62
    18
370
    25
100
AcDbCircle
 10
243.900886
 20
11.202532
 30
0.0
 40
2.1483000000063
100
AcDbArc
 50
62.451852
 51
117.548148
  0
ARC
  5
A90
330
949
100
AcDbEntity
  8
1
  6
Continuous
 62
    18
370
    25
100
AcDbCircle
 10
257.910789
 20
11.944092
 30
0.0
 40
0.9639000000063012
100
AcDbArc
 50
246.627722
 51
288.448076
  0
ARC
  5
A91
330
949
100
AcDbEntity
  8
1
  6
Continuous
 62
    18
370
    25
100
AcDbCircle
 10
240.972739
 20
11.550843
 30
0.0
 40
0.5355000000062405
100
AcDbArc
 50
209.393563
 51
246.627722
  0
ARC
  5
A92
330
949
100
AcDbEntity
  8
1
  6
Continuous
 62
    18
370
    25
100
AcDbCircle
 10
257.765983
 20
11.974052
 30
0.0
 40
0.5355000000063057
100
AcDbArc
 50
109.203803
 51
146.942923
  0
ARC
  5
A93
330
949
100
AcDbEntity
  8
1
  6
Continuous
 62
    18
370
    25
100
AcDbCircle
 10
235.825451
 20
12.837651
 30
0.0
 40
0.3339000000063004
100
AcDbArc
 50
122.1133
 51
180.0
  0
ARC
  5
A94
330
949
100
AcDbEntity
  8
1
  6
Continuous
 62
    18
370
    25
100
AcDbCircle
 10
240.549266
 20
15.210176
 30
0.0
 40
5.052600000006302
100
AcDbArc
 50
275.163136
 51
285.979991
  0
ARC
  5
A95
330
949
100
AcDbEntity
  8
1
  6
Continuous
 62
    18
370
    25
100
AcDbCircle
 10
243.907191
 20
11.928335
 30
0.0
 40
0.5355000000062993
100
AcDbArc
 50
38.12042
 51
141.87958
  0
ARC
  5
A96
330
949
100
AcDbEntity
  8
1
  6
Continuous
 62
    18
370
    25
100
AcDbCircle
 10
240.850025
 20
11.643786
 30
0.0
 40
1.707300000006299
100
AcDbArc
 50
84.841855
 51
164.938108
  0
ARC
  5
A97
330
949
100
AcDbEntity
  8
1
  6
Continuous
 62
    18
370
    25
100
AcDbCircle
 10
243.907191
 20
11.593873
 30
0.0
 40
0.5355000000062949
100
AcDbArc
 50
218.12042
 51
321.87958
  0
ARC
  5
A98
330
949
100
AcDbEntity
  8
1
  6
Continuous
 62
    18
370
    25
100
AcDbCircle
 10
233.143475
 20
11.247004
 30
0.0
 40
0.3339000000062946
100
AcDbArc
 50
180.0
 51
270.0
  0
ARC
  5
A99
330
949
100
AcDbEntity
  8
1
  6
Continuous
 62
    18
370
    25
100
AcDbCircle
 10
238.207559
 20
16.395504
 30
0.0
 40
0.4536000000063066
100
AcDbArc
 50
0.0
 51
90.0
  0
ARC
  5
A9A
330
949
100
AcDbEntity
  8
1
  6
Continuous
 62
    18
370
    25
100
AcDbCircle
 10
235.825451
 20
15.778157
 30
0.0
 40
0.3339000000062989
100
AcDbArc
 50
79.067284
 51
180.0
  0
ARC
  5
A9B
330
949
100
AcDbEntity
  8
1
  6
Continuous
 62
    18
370
    25
100
AcDbCircle
 10
241.345991
 20
11.761104
 30
0.0
 40
0.9639000000063115
100
AcDbArc
 50
150.606437
 51
209.393563
  0
ARC
  5
A9C
330
949
100
AcDbEntity
  8
1
  6
Continuous
 62
    18
370
    25
100
AcDbCircle
 10
248.22772
 20
15.259104
 30
0.0
 40
0.8064000000063033
100
AcDbArc
 50
141.87958
 51
218.12042
  0
ARC
  5
A9D
330
949
100
AcDbEntity
  8
1
  6
Continuous
 62
    18
370
    25
100
AcDbCircle
 10
240.412008
 20
11.761659
 30
0.0
 40
1.253700000006295
100
AcDbArc
 50
164.938108
 51
194.920164
  0
ARC
  5
A9E
330
949
100
AcDbEntity
  8
1
  6
Continuous
 62
    18
370
    25
100
AcDbCircle
 10
232.531727
 20
10.624704
 30
0.0
 40
0.4536000000062841
100
AcDbArc
 50
180.0
 51
270.0
  0
ARC
  5
A9F
330
949
100
AcDbEntity
  8
1
  6
Continuous
 62
    18
370
    25
100
AcDbCircle
 10
241.239879
 20
15.750129
 30
0.0
 40
1.098975791802004
100
AcDbArc
 50
270.0
 51
90.0
  0
ARC
  5
AA0
330
949
100
AcDbEntity
  8
1
  6
Continuous
 62
    18
370
    25
100
AcDbCircle
 10
257.482164
 20
13.228985
 30
0.0
 40
2.318400000006299
100
AcDbArc
 50
288.448076
 51
301.930909
  0
ARC
  5
AA1
330
949
100
AcDbEntity
  8
1
  6
Continuous
 62
    18
370
    25
100
AcDbCircle
 10
241.142687
 20
11.944092
 30
0.0
 40
0.9639000000063008
100
AcDbArc
 50
246.627722
 51
288.448076
  0
ARC
  5
AA2
330
949
100
AcDbEntity
  8
1
  6
Continuous
 62
    18
370
    25
100
AcDbCircle
 10
235.825451
 20
12.231757
 30
0.0
 40
0.3339000000062946
100
AcDbArc
 50
180.0
 51
259.021318
  0
ARC
  5
AA3
330
949
100
AcDbEntity
  8
1
  6
Continuous
 62
    18
370
    25
100
AcDbCircle
 10
247.801478
 20
15.259104
 30
0.0
 40
0.8064000000063041
100
AcDbArc
 50
321.87958
 51
38.12042
  0
ARC
  5
AA4
330
949
100
AcDbEntity
  8
1
  6
Continuous
 62
    18
370
    25
100
AcDbCircle
 10
248.014599
 20
15.426335
 30
0.0
 40
0.5355000000063028
100
AcDbArc
 50
38.12042
 51
141.87958
  0
ARC
  5
AA5
330
949
100
AcDbEntity
  8
1
  6
Continuous
 62
    18
370
    25
100
AcDbCircle
 10
244.192257
 20
11.761104
 30
0.0
 40
1.518300000006299
100
AcDbArc
 50
297.548148
 51
62.451852
  0
ARC
  5
AA6
330
949
100
AcDbEntity
  8
1
  6
Continuous
 62
    18
370
    25
100
AcDbCircle
 10
234.670019
 20
15.773204
 30
0.0
 40
0.3339000000063169
100
AcDbArc
 50
0.0
 51
90.0
  0
ARC
  5
AA7
330
949
100
AcDbEntity
  8
1
  6
Continuous
 62
    18
370
    25
100
AcDbCircle
 10
233.143475
 20
15.773204
 30
0.0
 40
0.3339000000063002
100
AcDbArc
 50
90.0
 51
180.0
  0
ARC
  5
AA8
330
949
100
AcDbEntity
  8
1
  6
Continuous
 62
    18
370
    25
100
AcDbCircle
 10
257.906896
 20
11.56949
 30
0.0
 40
0.9639000000063007
100
AcDbArc
 50
90.0
 51
109.203803
  0
ARC
  5
AA9
330
949
100
AcDbEntity
  8
1
  6
Continuous
 62
    18
370
    25
100
AcDbCircle
 10
240.549266
 20
8.312033
 30
0.0
 40
5.052600000006301
100
AcDbArc
 50
74.020009
 51
84.841855
  0
ARC
  5
AAA
330
949
100
AcDbEntity
  8
1
  6
Continuous
 62
    18
370
    25
100
AcDbCircle
 10
240.972739
 20
11.971366
 30
0.0
 40
0.5355000000063012
100
AcDbArc
 50
113.372278
 51
150.606437
  0
ARC
  5
AAB
330
949
100
AcDbEntity
  8
1
  6
Continuous
 62
    18
370
    25
100
AcDbCircle
 10
243.69407
 20
11.761104
 30
0.0
 40
0.8064000000063001
100
AcDbArc
 50
321.87958
 51
38.12042
  0
ARC
  5
AAC
330
949
100
AcDbEntity
  8
1
  6
Continuous
 62
    18
370
    25
100
AcDbCircle
 10
234.670019
 20
11.247004
 30
0.0
 40
0.3339000000063002
100
AcDbArc
 50
270.0
 51
0.0
  0
ARC
  5
AAD
330
949
100
AcDbEntity
  8
1
  6
Continuous
 62
    18
370
    25
100
AcDbCircle
 10
234.670019
 20
12.835893
 30
0.0
 40
0.3339000000062946
100
AcDbArc
 50
0.0
 51
58.049724
  0
ARC
  5
AAE
330
949
100
AcDbEntity
  8
1
  6
Continuous
 62
    18
370
    25
100
AcDbCircle
 10
240.714062
 20
10.293224
 30
0.0
 40
2.318400000006299
100
AcDbArc
 50
58.069091
 51
71.551924
  0
ARC
  5
AAF
330
949
100
AcDbEntity
  8
1
  6
Continuous
 62
    18
370
    25
100
AcDbCircle
 10
257.317367
 20
15.210175
 30
0.0
 40
5.052600000006302
100
AcDbArc
 50
275.161398
 51
285.980003
  0
ARC
  5
AB0
330
949
100
AcDbEntity
  8
1
  6
Continuous
 62
    18
370
    25
100
AcDbCircle
 10
257.618316
 20
11.87844
 30
0.0
 40
1.707300000006328
100
AcDbArc
 50
194.916513
 51
275.161398
  0
ARC
  5
AB1
330
949
100
AcDbEntity
  8
1
  6
Continuous
 62
    18
370
    25
100
AcDbCircle
 10
247.801478
 20
15.259104
 30
0.0
 40
1.590000000001074
100
AcDbArc
 50
90.0
 51
270.0
  0
ARC
  5
AB2
330
949
100
AcDbEntity
  8
1
  6
Continuous
 62
    18
370
    25
100
AcDbCircle
 10
244.120312
 20
11.761104
 30
0.0
 40
0.8064000000062972
100
AcDbArc
 50
141.87958
 51
218.12042
  0
ARC
  5
AB3
330
949
100
AcDbEntity
  8
1
  6
Continuous
 62
    18
370
    25
100
AcDbCircle
 10
257.180001
 20
11.761678
 30
0.0
 40
1.253700000006307
100
AcDbArc
 50
164.938108
 51
194.916513
  0
ARC
  5
AB4
330
949
100
AcDbEntity
  8
1
  6
Continuous
 62
    18
370
    25
100
AcDbCircle
 10
240.714062
 20
13.228985
 30
0.0
 40
2.318400000006301
100
AcDbArc
 50
288.448076
 51
301.930909
  0
CIRCLE
  5
AB5
330
949
100
AcDbEntity
  8
1
  6
Continuous
 62
    18
370
    25
100
AcDbCircle
 10
235.247735
 20
13.992625
 30
0.0
 40
0.4536000000063001
  0
ARC
  5
AB6
330
949
100
AcDbEntity
  8
1
  6
Continuous
 62
    18
370
    25
100
AcDbCircle
 10
232.531727
 20
16.395504
 30
0.0
 40
0.4536000000063037
100
AcDbArc
 50
90.0
 51
180.0
  0
ARC
  5
AB7
330
949
100
AcDbEntity
  8
1
  6
Continuous
 62
    18
370
    25
100
AcDbCircle
 10
234.670019
 20
15.149357
 30
0.0
 40
0.3339000000063004
100
AcDbArc
 50
301.950276
 51
360.0
  0
ARC
  5
AB8
330
949
100
AcDbEntity
  8
1
  6
Continuous
 62
    18
370
    25
100
AcDbCircle
 10
258.125037
 20
11.74037
 30
0.0
 40
0.9639000000063208
100
AcDbArc
 50
146.942923
 51
206.257575
  0
ARC
  5
AB9
330
949
100
AcDbEntity
  8
1
  6
Continuous
 62
    18
370
    25
100
AcDbCircle
 10
241.142687
 20
11.578117
 30
0.0
 40
0.9639000000062999
100
AcDbArc
 50
71.551924
 51
113.372278
  0
ARC
  5
ABA
330
949
100
AcDbEntity
  8
1
  6
Continuous
 62
    18
370
    25
100
AcDbCircle
 10
257.740841
 20
11.550843
 30
0.0
 40
0.5355000000062909
100
AcDbArc
 50
206.257575
 51
246.627722
  0
ARC
  5
ABB
330
949
100
AcDbEntity
  8
1
  6
Continuous
 62
    18
370
    25
100
AcDbCircle
 10
243.900886
 20
12.319677
 30
0.0
 40
2.148300000006301
100
AcDbArc
 50
242.451852
 51
297.548148
  0
ARC
  5
ABC
330
949
100
AcDbEntity
  8
1
  6
Continuous
 62
    18
370
    25
100
AcDbCircle
 10
257.618018
 20
11.643804
 30
0.0
 40
1.7073000000063
100
AcDbArc
 50
90.0
 51
164.938108
  0
ARC
  5
ABD
330
949
100
AcDbEntity
  8
1
  6
Continuous
 62
    18
370
    25
100
AcDbCircle
 10
235.826162
 20
14.004957
 30
0.0
 40
2.101972748955313
100
AcDbArc
 50
268.247018
 51
88.292985
  0
ARC
  5
ABE
330
949
100
AcDbEntity
  8
1
  6
Continuous
 62
    18
370
    25
100
AcDbCircle
 10
235.219335
 20
13.992625
 30
0.0
 40
0.9495792394072338
100
AcDbArc
 50
113.104353
 51
246.895647
  0
ARC
  5
ABF
330
949
100
AcDbEntity
  8
1
  6
Continuous
 62
    18
370
    25
100
AcDbCircle
 10
235.272534
 20
13.992625
 30
0.0
 40
0.9495278257702469
100
AcDbArc
 50
293.289214
 51
66.710786
  0
CIRCLE
  5
AC0
330
949
100
AcDbEntity
  8
1
  6
Continuous
 62
    18
370
    25
100
AcDbCircle
 10
241.832814
 20
19.875
 30
0.0
 40
1.0
  0
CIRCLE
  5
AC1
330
949
100
AcDbEntity
  8
1
  6
Continuous
 62
    18
370
    25
100
AcDbCircle
 10
241.832814
 20
19.875
 30
0.0
 40
1.5
  0
ENDBLK
  5
AC2
330
949
100
AcDbEntity
  8
0
100
AcDbBlockEnd
  0
BLOCK
  5
AC4
330
AC3
100
AcDbEntity
  8
0
100
AcDbBlockBegin
  2
*D53
 70
     1
 10
0.0
 20
0.0
 30
0.0
  3
*D53
  1

  0
LINE
  5
AC5
330
AC3
100
AcDbEntity
  8
0
  6
Continuous
 62
    18
370
    -2
100
AcDbLine
 10
105.060286
 20
159.250852
 30
0.0
 11
105.060286
 21
173.917869
 31
0.0
  0
LINE
  5
AC6
330
AC3
100
AcDbEntity
  8
0
  6
Continuous
 62
    18
370
    -2
100
AcDbLine
 10
115.060286
 20
158.720153
 30
0.0
 11
115.060286
 21
173.917869
 31
0.0
  0
LINE
  5
AC7
330
AC3
100
AcDbEntity
  8
0
  6
Continuous
 62
    18
370
    -2
100
AcDbLine
 10
115.060286
 20
171.917869
 30
0.0
 11
134.226953
 21
171.917869
 31
0.0
  0
LINE
  5
AC8
330
AC3
100
AcDbEntity
  8
0
  6
Continuous
 62
    18
370
    -2
100
AcDbLine
 10
105.060286
 20
171.917869
 30
0.0
 11
115.060286
 21
171.917869
 31
0.0
  0
LINE
  5
AC9
330
AC3
100
AcDbEntity
  8
0
  6
Continuous
 62
    18
370
    -2
100
AcDbLine
 10
101.560286
 20
171.917869
 30
0.0
 11
98.060286
 21
171.917869
 31
0.0
  0
LINE
  5
ACA
330
AC3
100
AcDbEntity
  8
0
  6
Continuous
 62
    18
370
    -2
100
AcDbLine
 10
118.560286
 20
171.917869
 30
0.0
 11
122.060286
 21
171.917869
 31
0.0
  0
SOLID
  5
ACB
330
AC3
100
AcDbEntity
  8
0
 62
    18
100
AcDbTrace
 10
101.560286
 20
171.334536
 30
0.0
 11
101.560286
 21
172.501202
 31
0.0
 12
105.060286
 22
171.917869
 32
0.0
 13
105.060286
 23
171.917869
 33
0.0
  0
SOLID
  5
ACC
330
AC3
100
AcDbEntity
  8
0
 62
    18
100
AcDbTrace
 10
118.560286
 20
172.501202
 30
0.0
 11
118.560286
 21
171.334536
 31
0.0
 12
115.060286
 22
171.917869
 32
0.0
 13
115.060286
 23
171.917869
 33
0.0
  0
MTEXT
  5
ACD
330
AC3
100
AcDbEntity
  8
0
 62
    18
370
    18
100
AcDbMText
 10
127.310286
 20
177.167869
 30
0.0
 40
3.5
 41
0.0
 71
     1
 72
     1
  1
\A1;10
  7
Arial Unicode MS
 73
     1
 44
1.0
  0
POINT
  5
ACE
330
AC3
100
AcDbEntity
  8
Defpoints
 62
     0
100
AcDbPoint
 10
105.060286
 20
159.250852
 30
0.0
  0
POINT
  5
ACF
330
AC3
100
AcDbEntity
  8
Defpoints
 62
     0
100
AcDbPoint
 10
115.060286
 20
158.720153
 30
0.0
  0
POINT
  5
AD0
330
AC3
100
AcDbEntity
  8
Defpoints
 62
     0
100
AcDbPoint
 10
115.060286
 20
171.917869
 30
0.0
  0
ENDBLK
  5
AD1
330
AC3
100
AcDbEntity
  8
0
100
AcDbBlockEnd
  0
ENDSEC
  0
SECTION
  2
ENTITIES
  0
POINT
  5
8D
330
1F
100
AcDbEntity
  8
1
  6
Continuous
 62
   163
 60
     1
370
    18
100
AcDbPoint
 10
17.530143
 20
50.940577
 30
0.0
  0
POINT
  5
8E
102
{ACAD_REACTORS
330
698
102
}
330
1F
100
AcDbEntity
  8
1
  6
Continuous
 62
   163
 60
     1
370
    18
100
AcDbPoint
 10
33.276343
 20
72.540577
 30
0.0
  0
POINT
  5
8F
102
{ACAD_REACTORS
330
6A1
102
}
330
1F
100
AcDbEntity
  8
1
  6
Continuous
 62
   163
 60
     1
370
    18
100
AcDbPoint
 10
29.554143
 20
63.340577
 30
0.0
  0
POINT
  5
90
102
{ACAD_REACTORS
330
6AA
102
}
330
1F
100
AcDbEntity
  8
1
  6
Continuous
 62
   163
 60
     1
370
    18
100
AcDbPoint
 10
29.554143
 20
70.656777
 30
0.0
  0
POINT
  5
91
102
{ACAD_REACTORS
330
6B3
102
}
330
1F
100
AcDbEntity
  8
1
  6
Continuous
 62
   163
 60
     1
370
    18
100
AcDbPoint
 10
33.276343
 20
65.224377
 30
0.0
  0
POINT
  5
92
102
{ACAD_REACTORS
330
6BC
102
}
330
1F
100
AcDbEntity
  8
1
  6
Continuous
 62
   163
 60
     1
370
    18
100
AcDbPoint
 10
47.530143
 20
57.440577
 30
0.0
  0
POINT
  5
93
102
{ACAD_REACTORS
330
6C5
102
}
330
1F
100
AcDbEntity
  8
1
  6
Continuous
 62
   163
 60
     1
370
    18
100
AcDbPoint
 10
32.530143
 20
78.440577
 30
0.0
  0
POINT
  5
94
102
{ACAD_REACTORS
330
6CE
102
}
330
1F
100
AcDbEntity
  8
1
  6
Continuous
 62
   163
 60
     1
370
    18
100
AcDbPoint
 10
32.530143
 20
57.440577
 30
0.0
  0
POINT
  5
95
102
{ACAD_REACTORS
330
6D7
102
}
330
1F
100
AcDbEntity
  8
1
  6
Continuous
 62
   163
 60
     1
370
    18
100
AcDbPoint
 10
62.530143
 20
78.440577
 30
0.0
  0
POINT
  5
96
102
{ACAD_REACTORS
330
6E0
102
}
330
1F
100
AcDbEntity
  8
1
  6
Continuous
 62
   163
 60
     1
370
    18
100
AcDbPoint
 10
62.530143
 20
57.440577
 30
0.0
  0
POINT
  5
97
102
{ACAD_REACTORS
330
6E9
102
}
330
1F
100
AcDbEntity
  8
1
  6
Continuous
 62
   163
 60
     1
370
    18
100
AcDbPoint
 10
48.276343
 20
65.224377
 30
0.0
  0
POINT
  5
98
102
{ACAD_REACTORS
330
6F3
102
}
330
1F
100
AcDbEntity
  8
1
  6
Continuous
 62
   163
 60
     1
370
    18
100
AcDbPoint
 10
74.554143
 20
70.656777
 30
0.0
  0
POINT
  5
99
102
{ACAD_REACTORS
330
6FC
102
}
330
1F
100
AcDbEntity
  8
1
  6
Continuous
 62
   163
 60
     1
370
    18
100
AcDbPoint
 10
78.276343
 20
65.224377
 30
0.0
  0
POINT
  5
9A
102
{ACAD_REACTORS
330
705
102
}
330
1F
100
AcDbEntity
  8
1
  6
Continuous
 62
   163
 60
     1
370
    18
100
AcDbPoint
 10
48.276343
 20
72.540577
 30
0.0
  0
POINT
  5
9B
102
{ACAD_REACTORS
330
70E
102
}
330
1F
100
AcDbEntity
  8
1
  6
Continuous
 62
   163
 60
     1
370
    18
100
AcDbPoint
 10
47.530143
 20
78.440577
 30
0.0
  0
POINT
  5
9C
102
{ACAD_REACTORS
330
717
102
}
330
1F
100
AcDbEntity
  8
1
  6
Continuous
 62
   163
 60
     1
370
    18
100
AcDbPoint
 10
44.554143
 20
70.656777
 30
0.0
  0
POINT
  5
9D
102
{ACAD_REACTORS
330
720
102
}
330
1F
100
AcDbEntity
  8
1
  6
Continuous
 62
   163
 60
     1
370
    18
100
AcDbPoint
 10
78.276343
 20
72.540577
 30
0.0
  0
POINT
  5
9E
102
{ACAD_REACTORS
330
729
102
}
330
1F
100
AcDbEntity
  8
1
  6
Continuous
 62
   163
 60
     1
370
    18
100
AcDbPoint
 10
63.276343
 20
72.540577
 30
0.0
  0
POINT
  5
9F
102
{ACAD_REACTORS
330
732
102
}
330
1F
100
AcDbEntity
  8
1
  6
Continuous
 62
   163
 60
     1
370
    18
100
AcDbPoint
 10
59.554143
 20
70.656777
 30
0.0
  0
POINT
  5
A0
102
{ACAD_REACTORS
330
73B
102
}
330
1F
100
AcDbEntity
  8
1
  6
Continuous
 62
   163
 60
     1
370
    18
100
AcDbPoint
 10
77.530143
 20
57.440577
 30
0.0
  0
POINT
  5
A1
102
{ACAD_REACTORS
330
744
102
}
330
1F
100
AcDbEntity
  8
1
  6
Continuous
 62
   163
 60
     1
370
    18
100
AcDbPoint
 10
63.276343
 20
65.224377
 30
0.0
  0
POINT
  5
A2
102
{ACAD_REACTORS
330
74D
102
}
330
1F
100
AcDbEntity
  8
1
  6
Continuous
 62
   163
 60
     1
370
    18
100
AcDbPoint
 10
59.554143
 20
63.340577
 30
0.0
  0
POINT
  5
A3
102
{ACAD_REACTORS
330
756
102
}
330
1F
100
AcDbEntity
  8
1
  6
Continuous
 62
   163
 60
     1
370
    18
100
AcDbPoint
 10
74.554143
 20
63.340577
 30
0.0
  0
POINT
  5
A4
102
{ACAD_REACTORS
330
75F
102
}
330
1F
100
AcDbEntity
  8
1
  6
Continuous
 62
   163
 60
     1
370
    18
100
AcDbPoint
 10
77.530143
 20
78.440577
 30
0.0
  0
POINT
  5
A5
102
{ACAD_REACTORS
330
768
102
}
330
1F
100
AcDbEntity
  8
1
  6
Continuous
 62
   163
 60
     1
370
    18
100
AcDbPoint
 10
44.554143
 20
63.340577
 30
0.0
  0
LINE
  5
A6
330
1F
100
AcDbEntity
  8
1
  6
Continuous
 62
     8
370
    18
100
AcDbLine
 10
14.355143
 20
47.765577
 30
0.0
 11
14.355143
 21
99.115577
 31
0.0
  0
LINE
  5
A7
330
1F
100
AcDbEntity
  8
1
  6
Continuous
 62
     8
370
    18
100
AcDbLine
 10
95.705143
 20
99.115577
 30
0.0
 11
14.355143
 21
99.115577
 31
0.0
  0
LINE
  5
A8
330
1F
100
AcDbEntity
  8
1
  6
Continuous
 62
     8
370
    18
100
AcDbLine
 10
95.705143
 20
99.115577
 30
0.0
 11
95.705143
 21
47.765577
 31
0.0
  0
LINE
  5
A9
330
1F
100
AcDbEntity
  8
1
  6
Continuous
 62
     8
370
    18
100
AcDbLine
 10
14.355143
 20
47.765577
 30
0.0
 11
95.705143
 21
47.765577
 31
0.0
  0
LINE
  5
AA
330
1F
100
AcDbEntity
  8
1
  6
Continuous
 62
     8
 60
     1
370
    18
100
AcDbLine
 10
0.0
 20
0.0
 30
0.0
 11
0.0
 21
148.5
 31
0.0
  0
LINE
  5
AB
330
1F
100
AcDbEntity
  8
1
  6
Continuous
 62
     8
 60
     1
370
    18
100
AcDbLine
 10
210.0
 20
148.5
 30
0.0
 11
0.0
 21
148.5
 31
0.0
  0
LINE
  5
AC
330
1F
100
AcDbEntity
  8
1
  6
Continuous
 62
     8
 60
     1
370
    18
100
AcDbLine
 10
210.0
 20
148.5
 30
0.0
 11
210.0
 21
0.0
 31
0.0
  0
LINE
  5
AD
330
1F
100
AcDbEntity
  8
1
  6
Continuous
 62
     8
 60
     1
370
    18
100
AcDbLine
 10
0.0
 20
0.0
 30
0.0
 11
210.0
 21
0.0
 31
0.0
  0
LINE
  5
AE
102
{ACAD_REACTORS
330
783
102
}
330
1F
100
AcDbEntity
  8
1
  6
CENTER
 62
   163
370
    18
100
AcDbLine
 10
35.030143
 20
52.940577
 30
0.0
 11
28.030143
 21
52.940577
 31
0.0
  0
LINE
  5
AF
102
{ACAD_REACTORS
330
79B
102
}
330
1F
100
AcDbEntity
  8
1
  6
CENTER
 62
   163
370
    18
100
AcDbLine
 10
27.530143
 20
53.440577
 30
0.0
 11
27.530143
 21
57.601577
 31
0.0
  0
LINE
  5
B0
330
1F
100
AcDbEntity
  8
1
  6
Continuous
 62
   155
370
    70
100
AcDbLine
 10
37.530143
 20
62.119577
 30
0.0
 11
37.530143
 21
73.761577
 31
0.0
  0
LINE
  5
B1
330
1F
100
AcDbEntity
  8
1
  6
Continuous
 62
   155
370
    70
100
AcDbLine
 10
37.530143
 20
60.619577
 30
0.0
 11
37.530143
 21
62.119577
 31
0.0
  0
LINE
  5
B2
330
1F
100
AcDbEntity
  8
1
  6
DASHED
 62
   155
370
    13
100
AcDbLine
 10
37.030143
 20
62.119577
 30
0.0
 11
37.525135
 21
62.119577
 31
0.0
  0
LINE
  5
B3
330
1F
100
AcDbEntity
  8
1
  6
Continuous
 62
   155
370
    35
100
AcDbLine
 10
37.525135
 20
62.119577
 30
0.0
 11
37.530143
 21
62.119577
 31
0.0
  0
LINE
  5
B4
330
1F
100
AcDbEntity
  8
1
  6
Continuous
 62
   155
370
    70
100
AcDbLine
 10
37.530143
 20
73.761577
 30
0.0
 11
37.530143
 21
75.261577
 31
0.0
  0
LINE
  5
B5
330
1F
100
AcDbEntity
  8
1
  6
Continuous
 62
   155
370
    35
100
AcDbLine
 10
37.530143
 20
73.761577
 30
0.0
 11
37.525143
 21
73.761577
 31
0.0
  0
LINE
  5
B6
330
1F
100
AcDbEntity
  8
1
  6
DASHED
 62
   155
370
    13
100
AcDbLine
 10
37.525143
 20
73.761577
 30
0.0
 11
37.030143
 21
73.761577
 31
0.0
  0
LINE
  5
B7
330
1F
100
AcDbEntity
  8
1
  6
Continuous
 62
   155
370
    70
100
AcDbLine
 10
27.530143
 20
75.944405
 30
0.0
 11
27.530143
 21
72.467492
 31
0.0
  0
LINE
  5
B8
330
1F
100
AcDbEntity
  8
1
  6
Continuous
 62
   155
370
    70
100
AcDbLine
 10
27.530143
 20
63.413661
 30
0.0
 11
27.530143
 21
59.936748
 31
0.0
  0
LINE
  5
B9
330
1F
100
AcDbEntity
  8
1
  6
Continuous
 62
   155
370
    70
100
AcDbLine
 10
37.530143
 20
75.261577
 30
0.0
 11
37.530143
 21
76.855768
 31
0.0
  0
LINE
  5
BA
330
1F
100
AcDbEntity
  8
1
  6
DASHED
 62
   155
370
    13
100
AcDbLine
 10
37.030143
 20
75.261577
 30
0.0
 11
37.243143
 21
75.261577
 31
0.0
  0
LINE
  5
BB
330
1F
100
AcDbEntity
  8
1
  6
Continuous
 62
   155
370
    70
100
AcDbLine
 10
37.243143
 20
75.261577
 30
0.0
 11
37.530143
 21
75.261577
 31
0.0
  0
LINE
  5
BC
330
1F
100
AcDbEntity
  8
1
  6
Continuous
 62
   155
370
    70
100
AcDbLine
 10
37.530143
 20
59.025385
 30
0.0
 11
37.530143
 21
60.619577
 31
0.0
  0
LINE
  5
BD
330
1F
100
AcDbEntity
  8
1
  6
DASHED
 62
   155
370
    13
100
AcDbLine
 10
37.030143
 20
60.619577
 30
0.0
 11
37.243151
 21
60.619577
 31
0.0
  0
LINE
  5
BE
330
1F
100
AcDbEntity
  8
1
  6
Continuous
 62
   155
370
    70
100
AcDbLine
 10
37.243151
 20
60.619577
 30
0.0
 11
37.530143
 21
60.619577
 31
0.0
  0
LINE
  5
BF
330
1F
100
AcDbEntity
  8
1
  6
Continuous
 62
   155
370
    70
100
AcDbLine
 10
37.525143
 20
71.461577
 30
0.0
 11
37.525143
 21
70.254377
 31
0.0
  0
LINE
  5
C0
330
1F
100
AcDbEntity
  8
1
  6
Continuous
 62
   155
370
    70
100
AcDbLine
 10
37.525143
 20
65.626777
 30
0.0
 11
37.525143
 21
64.419577
 31
0.0
  0
LINE
  5
C1
330
1F
100
AcDbEntity
  8
1
  6
Continuous
 62
   155
370
    70
100
AcDbLine
 10
37.525143
 20
68.544177
 30
0.0
 11
37.525143
 21
67.336977
 31
0.0
  0
LINE
  5
C2
330
1F
100
AcDbEntity
  8
1
  6
Continuous
 62
   155
370
    70
100
AcDbLine
 10
27.530143
 20
77.273577
 30
0.0
 11
27.530143
 21
75.944405
 31
0.0
  0
LINE
  5
C3
330
1F
100
AcDbEntity
  8
1
  6
Continuous
 62
   155
370
    35
100
AcDbLine
 10
28.030143
 20
75.944405
 30
0.0
 11
27.530143
 21
75.944405
 31
0.0
  0
LINE
  5
C4
330
1F
100
AcDbEntity
  8
1
  6
Continuous
 62
   155
370
    70
100
AcDbLine
 10
27.530143
 20
59.936748
 30
0.0
 11
27.530143
 21
58.607577
 31
0.0
  0
LINE
  5
C5
330
1F
100
AcDbEntity
  8
1
  6
Continuous
 62
   155
370
    35
100
AcDbLine
 10
27.530143
 20
59.936748
 30
0.0
 11
28.030143
 21
59.936748
 31
0.0
  0
LINE
  5
C6
330
1F
100
AcDbEntity
  8
1
  6
Continuous
 62
   155
370
    70
100
AcDbLine
 10
37.530143
 20
76.855768
 30
0.0
 11
37.530143
 21
77.273577
 31
0.0
  0
LINE
  5
C7
330
1F
100
AcDbEntity
  8
1
  6
Continuous
 62
   155
370
    35
100
AcDbLine
 10
37.530143
 20
76.855768
 30
0.0
 11
37.030143
 21
76.855768
 31
0.0
  0
LINE
  5
C8
330
1F
100
AcDbEntity
  8
1
  6
Continuous
 62
   155
370
    70
100
AcDbLine
 10
37.530143
 20
58.607577
 30
0.0
 11
37.530143
 21
59.025385
 31
0.0
  0
LINE
  5
C9
330
1F
100
AcDbEntity
  8
1
  6
Continuous
 62
   155
370
    35
100
AcDbLine
 10
37.030143
 20
59.025385
 30
0.0
 11
37.530143
 21
59.025385
 31
0.0
  0
LINE
  5
CA
330
1F
100
AcDbEntity
  8
1
  6
Continuous
 62
   155
370
    70
100
AcDbLine
 10
37.525143
 20
64.419577
 30
0.0
 11
37.525143
 21
62.910577
 31
0.0
  0
LINE
  5
CB
330
1F
100
AcDbEntity
  8
1
  6
Continuous
 62
   155
370
    70
100
AcDbLine
 10
36.797343
 20
64.419577
 30
0.0
 11
37.525143
 21
64.419577
 31
0.0
  0
LINE
  5
CC
330
1F
100
AcDbEntity
  8
1
  6
Continuous
 62
   155
370
    70
100
AcDbLine
 10
37.525143
 20
71.461577
 30
0.0
 11
37.525143
 21
72.970577
 31
0.0
  0
LINE
  5
CD
330
1F
100
AcDbEntity
  8
1
  6
Continuous
 62
   155
370
    70
100
AcDbLine
 10
37.525143
 20
71.461577
 30
0.0
 11
36.797343
 21
71.461577
 31
0.0
  0
LINE
  5
CE
330
1F
100
AcDbEntity
  8
1
  6
Continuous
 62
   155
370
    70
100
AcDbLine
 10
37.525143
 20
70.254377
 30
0.0
 11
37.525143
 21
68.544177
 31
0.0
  0
LINE
  5
CF
330
1F
100
AcDbEntity
  8
1
  6
Continuous
 62
   155
370
    70
100
AcDbLine
 10
35.791343
 20
68.544177
 30
0.0
 11
37.525143
 21
68.544177
 31
0.0
  0
LINE
  5
D0
330
1F
100
AcDbEntity
  8
1
  6
Continuous
 62
   155
370
    70
100
AcDbLine
 10
37.525143
 20
70.254377
 30
0.0
 11
35.791343
 21
70.254377
 31
0.0
  0
LINE
  5
D1
330
1F
100
AcDbEntity
  8
1
  6
Continuous
 62
   155
370
    35
100
AcDbLine
 10
36.964023
 20
64.419577
 30
0.0
 11
36.964023
 21
65.626777
 31
0.0
  0
LINE
  5
D2
330
1F
100
AcDbEntity
  8
1
  6
Continuous
 62
   155
370
    35
100
AcDbLine
 10
36.964023
 20
70.254377
 30
0.0
 11
36.964023
 21
71.461577
 31
0.0
  0
LINE
  5
D3
330
1F
100
AcDbEntity
  8
1
  6
Continuous
 62
   155
370
    70
100
AcDbLine
 10
36.698849
 20
60.886352
 30
0.0
 11
36.816807
 21
60.601577
 31
0.0
  0
LINE
  5
D4
330
1F
100
AcDbEntity
  8
1
  6
Continuous
 62
   155
370
    70
100
AcDbLine
 10
36.816807
 20
60.601577
 30
0.0
 11
37.225143
 21
60.601577
 31
0.0
  0
LINE
  5
D5
330
1F
100
AcDbEntity
  8
1
  6
Continuous
 62
   155
370
    35
100
AcDbLine
 10
36.633964
 20
74.479577
 30
0.0
 11
36.633964
 21
74.979577
 31
0.0
  0
LINE
  5
D6
330
1F
100
AcDbEntity
  8
1
  6
Continuous
 62
   155
370
    70
100
AcDbLine
 10
36.633964
 20
74.479577
 30
0.0
 11
36.775386
 21
74.479577
 31
0.0
  0
LINE
  5
D7
330
1F
100
AcDbEntity
  8
1
  6
Continuous
 62
   155
370
    35
100
AcDbLine
 10
36.775386
 20
74.979577
 30
0.0
 11
36.775386
 21
74.479577
 31
0.0
  0
LINE
  5
D8
330
1F
100
AcDbEntity
  8
1
  6
Continuous
 62
   155
370
    70
100
AcDbLine
 10
37.525143
 20
74.979577
 30
0.0
 11
37.225143
 21
75.279577
 31
0.0
  0
LINE
  5
D9
330
1F
100
AcDbEntity
  8
1
  6
Continuous
 62
   155
370
    70
100
AcDbLine
 10
37.225143
 20
75.279577
 30
0.0
 11
36.816807
 21
75.279577
 31
0.0
  0
LINE
  5
DA
330
1F
100
AcDbEntity
  8
1
  6
Continuous
 62
   155
370
    70
100
AcDbLine
 10
36.698849
 20
74.994801
 30
0.0
 11
36.816807
 21
75.279577
 31
0.0
  0
LINE
  5
DB
330
1F
100
AcDbEntity
  8
1
  6
Continuous
 62
   155
370
    70
100
AcDbLine
 10
37.525143
 20
74.979577
 30
0.0
 11
36.775386
 21
74.979577
 31
0.0
  0
LINE
  5
DC
330
1F
100
AcDbEntity
  8
1
  6
Continuous
 62
   155
370
    70
100
AcDbLine
 10
36.775386
 20
60.901577
 30
0.0
 11
37.525143
 21
60.901577
 31
0.0
  0
LINE
  5
DD
330
1F
100
AcDbEntity
  8
1
  6
Continuous
 62
   155
370
    70
100
AcDbLine
 10
37.525143
 20
61.401577
 30
0.0
 11
37.525143
 21
60.901577
 31
0.0
  0
LINE
  5
DE
330
1F
100
AcDbEntity
  8
1
  6
Continuous
 62
   155
370
    70
100
AcDbLine
 10
36.775386
 20
61.401577
 30
0.0
 11
37.525143
 21
61.401577
 31
0.0
  0
LINE
  5
DF
330
1F
100
AcDbEntity
  8
1
  6
Continuous
 62
   155
370
    35
100
AcDbLine
 10
36.775386
 20
61.401577
 30
0.0
 11
36.775386
 21
60.901577
 31
0.0
  0
LINE
  5
E0
330
1F
100
AcDbEntity
  8
1
  6
Continuous
 62
   155
370
    70
100
AcDbLine
 10
36.775386
 20
61.401577
 30
0.0
 11
36.633964
 21
61.401577
 31
0.0
  0
LINE
  5
E1
330
1F
100
AcDbEntity
  8
1
  6
Continuous
 62
   155
370
    35
100
AcDbLine
 10
36.633964
 20
60.901577
 30
0.0
 11
36.633964
 21
61.401577
 31
0.0
  0
LINE
  5
E2
330
1F
100
AcDbEntity
  8
1
  6
Continuous
 62
   155
370
    35
100
AcDbLine
 10
35.41927
 20
72.467577
 30
0.0
 11
35.41927
 21
71.95737
 31
0.0
  0
LINE
  5
E3
330
1F
100
AcDbEntity
  8
1
  6
Continuous
 62
   155
370
    70
100
AcDbLine
 10
27.535143
 20
62.407577
 30
0.0
 11
27.535143
 21
61.401577
 31
0.0
  0
LINE
  5
E4
330
1F
100
AcDbEntity
  8
1
  6
Continuous
 62
   155
370
    70
100
AcDbLine
 10
27.535143
 20
62.407577
 30
0.0
 11
29.956543
 21
62.407577
 31
0.0
  0
LINE
  5
E5
330
1F
100
AcDbEntity
  8
1
  6
Continuous
 62
   155
370
    70
100
AcDbLine
 10
27.535143
 20
74.479577
 30
0.0
 11
27.535143
 21
73.473577
 31
0.0
  0
LINE
  5
E6
330
1F
100
AcDbEntity
  8
1
  6
Continuous
 62
   155
370
    70
100
AcDbLine
 10
27.535143
 20
73.473577
 30
0.0
 11
29.956543
 21
73.473577
 31
0.0
  0
LINE
  5
E7
330
1F
100
AcDbEntity
  8
1
  6
Continuous
 62
   155
370
    70
100
AcDbLine
 10
37.525143
 20
74.479577
 30
0.0
 11
37.525143
 21
73.473577
 31
0.0
  0
LINE
  5
E8
330
1F
100
AcDbEntity
  8
1
  6
Continuous
 62
   155
370
    70
100
AcDbLine
 10
35.938632
 20
73.473577
 30
0.0
 11
37.525143
 21
73.473577
 31
0.0
  0
LINE
  5
E9
330
1F
100
AcDbEntity
  8
1
  6
Continuous
 62
   155
370
    70
100
AcDbLine
 10
37.525143
 20
62.407577
 30
0.0
 11
37.525143
 21
61.401577
 31
0.0
  0
LINE
  5
EA
330
1F
100
AcDbEntity
  8
1
  6
Continuous
 62
   155
370
    70
100
AcDbLine
 10
35.938632
 20
62.407577
 30
0.0
 11
37.525143
 21
62.407577
 31
0.0
  0
LINE
  5
EB
330
1F
100
AcDbEntity
  8
1
  6
Continuous
 62
   155
370
    70
100
AcDbLine
 10
28.030143
 20
60.601577
 30
0.0
 11
28.030143
 21
57.601577
 31
0.0
  0
LINE
  5
EC
330
1F
100
AcDbEntity
  8
1
  6
Continuous
 62
   155
370
    70
100
AcDbLine
 10
37.030143
 20
60.601577
 30
0.0
 11
37.030143
 21
57.601577
 31
0.0
  0
LINE
  5
ED
330
1F
100
AcDbEntity
  8
1
  6
Continuous
 62
   155
370
    70
100
AcDbLine
 10
28.030143
 20
78.279577
 30
0.0
 11
28.030143
 21
75.279577
 31
0.0
  0
LINE
  5
EE
330
1F
100
AcDbEntity
  8
1
  6
Continuous
 62
   155
370
    70
100
AcDbLine
 10
37.030143
 20
78.279577
 30
0.0
 11
37.030143
 21
75.279577
 31
0.0
  0
LINE
  5
EF
330
1F
100
AcDbEntity
  8
1
  6
Continuous
 62
   155
370
    70
100
AcDbLine
 10
35.938632
 20
62.407577
 30
0.0
 11
35.590143
 21
62.407577
 31
0.0
  0
LINE
  5
F0
330
1F
100
AcDbEntity
  8
1
  6
Continuous
 62
   155
370
    70
100
AcDbLine
 10
35.938632
 20
62.407577
 30
0.0
 11
35.938632
 21
61.401577
 31
0.0
  0
LINE
  5
F1
330
1F
100
AcDbEntity
  8
1
  6
Continuous
 62
   155
370
    70
100
AcDbLine
 10
35.590143
 20
73.473577
 30
0.0
 11
35.938632
 21
73.473577
 31
0.0
  0
LINE
  5
F2
330
1F
100
AcDbEntity
  8
1
  6
Continuous
 62
   155
370
    70
100
AcDbLine
 10
35.938632
 20
73.473577
 30
0.0
 11
35.938632
 21
74.479577
 31
0.0
  0
LINE
  5
F3
330
1F
100
AcDbEntity
  8
1
  6
Continuous
 62
   155
370
    70
100
AcDbLine
 10
35.219544
 20
72.467577
 30
0.0
 11
35.155054
 21
72.467577
 31
0.0
  0
LINE
  5
F4
330
1F
100
AcDbEntity
  8
1
  6
Continuous
 62
   155
370
    70
100
AcDbLine
 10
35.155054
 20
63.413577
 30
0.0
 11
35.219544
 21
63.413577
 31
0.0
  0
LINE
  5
F5
330
1F
100
AcDbEntity
  8
1
  6
Continuous
 62
   155
370
    35
100
AcDbLine
 10
35.219544
 20
63.413577
 30
0.0
 11
35.219544
 21
63.923871
 31
0.0
  0
LINE
  5
F6
330
1F
100
AcDbEntity
  8
1
  6
Continuous
 62
   155
370
    35
100
AcDbLine
 10
35.298686
 20
64.382511
 30
0.0
 11
35.239414
 21
64.32324
 31
0.0
  0
LINE
  5
F7
330
1F
100
AcDbEntity
  8
1
  6
Continuous
 62
   155
370
    35
100
AcDbLine
 10
36.348722
 20
57.601577
 30
0.0
 11
36.348722
 21
54.259155
 31
0.0
  0
LINE
  5
F8
330
1F
100
AcDbEntity
  8
1
  6
Continuous
 62
   155
370
    70
100
AcDbLine
 10
36.348722
 20
81.621998
 30
0.0
 11
36.633964
 21
81.336755
 31
0.0
  0
LINE
  5
F9
330
1F
100
AcDbEntity
  8
1
  6
Continuous
 62
   155
370
    70
100
AcDbLine
 10
36.348722
 20
78.279577
 30
0.0
 11
36.633964
 21
78.279577
 31
0.0
  0
LINE
  5
FA
330
1F
100
AcDbEntity
  8
1
  6
Continuous
 62
   155
370
    35
100
AcDbLine
 10
36.348722
 20
81.621998
 30
0.0
 11
36.348722
 21
78.279577
 31
0.0
  0
LINE
  5
FB
330
1F
100
AcDbEntity
  8
1
  6
Continuous
 62
   155
370
    70
100
AcDbLine
 10
36.348722
 20
74.479577
 30
0.0
 11
36.633964
 21
74.479577
 31
0.0
  0
LINE
  5
FC
330
1F
100
AcDbEntity
  8
1
  6
Continuous
 62
   155
370
    35
100
AcDbLine
 10
36.348722
 20
74.979577
 30
0.0
 11
36.348722
 21
74.479577
 31
0.0
  0
LINE
  5
FD
330
1F
100
AcDbEntity
  8
1
  6
Continuous
 62
   155
370
    70
100
AcDbLine
 10
36.633964
 20
61.401577
 30
0.0
 11
36.348722
 21
61.401577
 31
0.0
  0
LINE
  5
FE
330
1F
100
AcDbEntity
  8
1
  6
Continuous
 62
   155
370
    35
100
AcDbLine
 10
36.348722
 20
61.401577
 30
0.0
 11
36.348722
 21
60.901577
 31
0.0
  0
LINE
  5
FF
330
1F
100
AcDbEntity
  8
1
  6
Continuous
 62
   155
370
    70
100
AcDbLine
 10
36.775386
 20
57.601577
 30
0.0
 11
37.530143
 21
57.601577
 31
0.0
  0
LINE
  5
100
330
1F
100
AcDbEntity
  8
1
  6
Continuous
 62
   155
370
    70
100
AcDbLine
 10
37.530143
 20
55.440577
 30
0.0
 11
36.775386
 21
54.685819
 31
0.0
  0
LINE
  5
101
330
1F
100
AcDbEntity
  8
1
  6
Continuous
 62
   155
370
    70
100
AcDbLine
 10
37.530143
 20
57.601577
 30
0.0
 11
37.530143
 21
55.440577
 31
0.0
  0
LINE
  5
102
330
1F
100
AcDbEntity
  8
1
  6
Continuous
 62
   155
370
    70
100
AcDbLine
 10
36.775386
 20
57.601577
 30
0.0
 11
36.633964
 21
57.601577
 31
0.0
  0
LINE
  5
103
330
1F
100
AcDbEntity
  8
1
  6
Continuous
 62
   155
370
    35
100
AcDbLine
 10
36.633964
 20
54.544398
 30
0.0
 11
36.633964
 21
57.601577
 31
0.0
  0
LINE
  5
104
330
1F
100
AcDbEntity
  8
1
  6
Continuous
 62
   155
370
    70
100
AcDbLine
 10
36.633964
 20
54.544398
 30
0.0
 11
36.775386
 21
54.685819
 31
0.0
  0
LINE
  5
105
330
1F
100
AcDbEntity
  8
1
  6
Continuous
 62
   155
370
    35
100
AcDbLine
 10
36.775386
 20
57.601577
 30
0.0
 11
36.775386
 21
54.685819
 31
0.0
  0
LINE
  5
106
330
1F
100
AcDbEntity
  8
1
  6
Continuous
 62
   155
370
    70
100
AcDbLine
 10
36.775386
 20
81.195334
 30
0.0
 11
36.633964
 21
81.336755
 31
0.0
  0
LINE
  5
107
330
1F
100
AcDbEntity
  8
1
  6
Continuous
 62
   155
370
    35
100
AcDbLine
 10
36.633964
 20
78.279577
 30
0.0
 11
36.633964
 21
81.336755
 31
0.0
  0
LINE
  5
108
330
1F
100
AcDbEntity
  8
1
  6
Continuous
 62
   155
370
    70
100
AcDbLine
 10
36.633964
 20
78.279577
 30
0.0
 11
36.775386
 21
78.279577
 31
0.0
  0
LINE
  5
109
330
1F
100
AcDbEntity
  8
1
  6
Continuous
 62
   155
370
    35
100
AcDbLine
 10
36.775386
 20
81.195334
 30
0.0
 11
36.775386
 21
78.279577
 31
0.0
  0
LINE
  5
10A
330
1F
100
AcDbEntity
  8
1
  6
Continuous
 62
   155
370
    70
100
AcDbLine
 10
37.530143
 20
78.279577
 30
0.0
 11
36.775386
 21
78.279577
 31
0.0
  0
LINE
  5
10B
330
1F
100
AcDbEntity
  8
1
  6
Continuous
 62
   155
370
    70
100
AcDbLine
 10
37.530143
 20
80.440577
 30
0.0
 11
37.530143
 21
78.279577
 31
0.0
  0
LINE
  5
10C
330
1F
100
AcDbEntity
  8
1
  6
Continuous
 62
   155
370
    70
100
AcDbLine
 10
36.775386
 20
81.195334
 30
0.0
 11
37.530143
 21
80.440577
 31
0.0
  0
LINE
  5
10D
330
1F
100
AcDbEntity
  8
1
  6
Continuous
 62
   155
370
    70
100
AcDbLine
 10
36.633964
 20
60.901577
 30
0.0
 11
36.348722
 21
60.901577
 31
0.0
  0
LINE
  5
10E
330
1F
100
AcDbEntity
  8
1
  6
Continuous
 62
   155
370
    35
100
AcDbLine
 10
36.348722
 20
60.901577
 30
0.0
 11
36.560854
 21
60.601577
 31
0.0
  0
LINE
  5
10F
330
1F
100
AcDbEntity
  8
1
  6
Continuous
 62
   155
370
    70
100
AcDbLine
 10
36.560854
 20
60.601577
 30
0.0
 11
36.816807
 21
60.601577
 31
0.0
  0
LINE
  5
110
330
1F
100
AcDbEntity
  8
1
  6
Continuous
 62
   155
370
    70
100
AcDbLine
 10
36.816807
 20
75.279577
 30
0.0
 11
36.560854
 21
75.279577
 31
0.0
  0
LINE
  5
111
330
1F
100
AcDbEntity
  8
1
  6
Continuous
 62
   155
370
    35
100
AcDbLine
 10
36.560854
 20
75.279577
 30
0.0
 11
36.348722
 21
74.979577
 31
0.0
  0
LINE
  5
112
330
1F
100
AcDbEntity
  8
1
  6
Continuous
 62
   155
370
    70
100
AcDbLine
 10
36.348722
 20
74.979577
 30
0.0
 11
36.633964
 21
74.979577
 31
0.0
  0
LINE
  5
113
330
1F
100
AcDbEntity
  8
1
  6
Continuous
 62
   155
370
    70
100
AcDbLine
 10
36.775386
 20
74.479577
 30
0.0
 11
37.525143
 21
74.479577
 31
0.0
  0
LINE
  5
114
330
1F
100
AcDbEntity
  8
1
  6
Continuous
 62
   155
370
    70
100
AcDbLine
 10
37.525143
 20
74.979577
 30
0.0
 11
37.525143
 21
74.479577
 31
0.0
  0
LINE
  5
115
330
1F
100
AcDbEntity
  8
1
  6
Continuous
 62
   155
370
    70
100
AcDbLine
 10
37.225143
 20
60.601576
 30
0.0
 11
37.525143
 21
60.901577
 31
0.0
  0
LINE
  5
116
330
1F
100
AcDbEntity
  8
1
  6
Continuous
 62
   155
370
    35
100
AcDbLine
 10
35.298686
 20
64.382511
 30
0.0
 11
35.298686
 21
71.498642
 31
0.0
  0
LINE
  5
117
330
1F
100
AcDbEntity
  8
1
  6
Continuous
 62
   155
370
    35
100
AcDbLine
 10
35.239414
 20
71.557913
 30
0.0
 11
35.298686
 21
71.498642
 31
0.0
  0
LINE
  5
118
330
1F
100
AcDbEntity
  8
1
  6
Continuous
 62
   155
370
    35
100
AcDbLine
 10
35.219544
 20
71.957282
 30
0.0
 11
35.219544
 21
72.467577
 31
0.0
  0
LINE
  5
119
330
1F
100
AcDbEntity
  8
1
  6
Continuous
 62
   155
370
    70
100
AcDbLine
 10
36.2073
 20
57.601577
 30
0.0
 11
27.530143
 21
57.601577
 31
0.0
  0
LINE
  5
11A
330
1F
100
AcDbEntity
  8
1
  6
Continuous
 62
   155
370
    70
100
AcDbLine
 10
36.2073
 20
54.117734
 30
0.0
 11
35.330143
 21
53.240577
 31
0.0
  0
LINE
  5
11B
330
1F
100
AcDbEntity
  8
1
  6
Continuous
 62
   155
370
    70
100
AcDbLine
 10
27.530143
 20
53.440577
 30
0.0
 11
27.530143
 21
57.601577
 31
0.0
  0
LINE
  5
11C
330
1F
100
AcDbEntity
  8
1
  6
Continuous
 62
   155
370
    70
100
AcDbLine
 10
27.730143
 20
53.240577
 30
0.0
 11
27.530143
 21
53.440577
 31
0.0
  0
LINE
  5
11D
330
1F
100
AcDbEntity
  8
1
  6
Continuous
 62
   155
370
    70
100
AcDbLine
 10
35.330143
 20
82.640577
 30
0.0
 11
36.2073
 21
81.763419
 31
0.0
  0
LINE
  5
11E
330
1F
100
AcDbEntity
  8
1
  6
Continuous
 62
   155
370
    70
100
AcDbLine
 10
36.2073
 20
78.279577
 30
0.0
 11
27.530143
 21
78.279577
 31
0.0
  0
LINE
  5
11F
330
1F
100
AcDbEntity
  8
1
  6
Continuous
 62
   155
370
    70
100
AcDbLine
 10
27.530143
 20
78.279577
 30
0.0
 11
27.530143
 21
80.440577
 31
0.0
  0
LINE
  5
120
330
1F
100
AcDbEntity
  8
1
  6
Continuous
 62
   155
370
    70
100
AcDbLine
 10
27.530143
 20
80.440577
 30
0.0
 11
29.730143
 21
82.640577
 31
0.0
  0
LINE
  5
121
330
1F
100
AcDbEntity
  8
1
  6
Continuous
 62
   155
370
    70
100
AcDbLine
 10
35.030143
 20
52.940577
 30
0.0
 11
35.330143
 21
53.240577
 31
0.0
  0
LINE
  5
122
330
1F
100
AcDbEntity
  8
1
  6
Continuous
 62
   155
370
    70
100
AcDbLine
 10
35.330143
 20
53.240577
 30
0.0
 11
27.730143
 21
53.240577
 31
0.0
  0
LINE
  5
123
330
1F
100
AcDbEntity
  8
1
  6
Continuous
 62
   155
370
    70
100
AcDbLine
 10
27.730143
 20
53.240577
 30
0.0
 11
28.030143
 21
52.940577
 31
0.0
  0
LINE
  5
124
330
1F
100
AcDbEntity
  8
1
  6
Continuous
 62
   155
370
    70
100
AcDbLine
 10
35.030143
 20
52.940577
 30
0.0
 11
28.030143
 21
52.940577
 31
0.0
  0
LINE
  5
125
330
1F
100
AcDbEntity
  8
1
  6
Continuous
 62
   155
370
    70
100
AcDbLine
 10
35.330143
 20
82.640577
 30
0.0
 11
35.030143
 21
82.940577
 31
0.0
  0
LINE
  5
126
330
1F
100
AcDbEntity
  8
1
  6
Continuous
 62
   155
370
    70
100
AcDbLine
 10
30.030143
 20
82.940577
 30
0.0
 11
29.730143
 21
82.640577
 31
0.0
  0
LINE
  5
127
330
1F
100
AcDbEntity
  8
1
  6
Continuous
 62
   155
370
    70
100
AcDbLine
 10
29.730143
 20
82.640577
 30
0.0
 11
35.330143
 21
82.640577
 31
0.0
  0
LINE
  5
128
102
{ACAD_REACTORS
330
7A7
102
}
330
1F
100
AcDbEntity
  8
1
  6
Continuous
 62
   155
370
    70
100
AcDbLine
 10
30.030143
 20
82.940577
 30
0.0
 11
35.030143
 21
82.940577
 31
0.0
  0
LINE
  5
129
330
1F
100
AcDbEntity
  8
1
  6
Continuous
 62
   155
370
    70
100
AcDbLine
 10
35.155054
 20
72.467577
 30
0.0
 11
34.955328
 21
72.467577
 31
0.0
  0
LINE
  5
12A
330
1F
100
AcDbEntity
  8
1
  6
Continuous
 62
   155
370
    70
100
AcDbLine
 10
34.955328
 20
63.413577
 30
0.0
 11
35.155054
 21
63.413577
 31
0.0
  0
LINE
  5
12B
330
1F
100
AcDbEntity
  8
1
  6
Continuous
 62
   155
370
    35
100
AcDbLine
 10
35.155054
 20
72.467577
 30
0.0
 11
35.155054
 21
63.413577
 31
0.0
  0
LINE
  5
12C
330
1F
100
AcDbEntity
  8
1
  6
Continuous
 62
   155
370
    70
100
AcDbLine
 10
27.530143
 20
72.467577
 30
0.0
 11
31.796294
 21
72.467577
 31
0.0
  0
LINE
  5
12D
330
1F
100
AcDbEntity
  8
1
  6
Continuous
 62
   155
370
    70
100
AcDbLine
 10
27.530143
 20
72.467577
 30
0.0
 11
27.530143
 21
63.413577
 31
0.0
  0
LINE
  5
12E
330
1F
100
AcDbEntity
  8
1
  6
Continuous
 62
   155
370
    70
100
AcDbLine
 10
27.530143
 20
63.413577
 30
0.0
 11
28.074094
 21
63.413577
 31
0.0
  0
LINE
  5
12F
330
1F
100
AcDbEntity
  8
1
  6
Continuous
 62
   155
370
    70
100
AcDbLine
 10
29.125175
 20
69.195693
 30
0.0
 11
28.877918
 21
64.17876
 31
0.0
  0
LINE
  5
130
330
1F
100
AcDbEntity
  8
1
  6
Continuous
 62
   155
370
    70
100
AcDbLine
 10
30.230368
 20
64.17876
 30
0.0
 11
29.983111
 21
69.195694
 31
0.0
  0
LINE
  5
131
330
1F
100
AcDbEntity
  8
1
  6
Continuous
 62
   155
370
    70
100
AcDbLine
 10
34.955328
 20
63.413577
 30
0.0
 11
31.034192
 21
63.413577
 31
0.0
  0
LINE
  5
132
330
1F
100
AcDbEntity
  8
1
  6
Continuous
 62
   155
370
    35
100
AcDbLine
 10
34.955328
 20
63.413577
 30
0.0
 11
34.955328
 21
72.467577
 31
0.0
  0
LINE
  5
133
330
1F
100
AcDbEntity
  8
1
  6
Continuous
 62
   155
370
    70
100
AcDbLine
 10
34.955328
 20
72.467577
 30
0.0
 11
34.756392
 21
72.467577
 31
0.0
  0
LINE
  5
134
330
1F
100
AcDbEntity
  8
1
  6
Continuous
 62
   155
370
    70
100
AcDbLine
 10
33.705311
 20
66.68546
 30
0.0
 11
33.952568
 21
71.702393
 31
0.0
  0
LINE
  5
135
330
1F
100
AcDbEntity
  8
1
  6
Continuous
 62
   155
370
    70
100
AcDbLine
 10
32.600118
 20
71.702393
 30
0.0
 11
32.847375
 21
66.68546
 31
0.0
  0
LINE
  5
136
330
1F
100
AcDbEntity
  8
1
  6
Continuous
 62
   155
370
    70
100
AcDbLine
 10
27.835145
 20
60.601577
 30
0.0
 11
36.2073
 21
60.601577
 31
0.0
  0
LINE
  5
137
330
1F
100
AcDbEntity
  8
1
  6
Continuous
 62
   155
370
    70
100
AcDbLine
 10
27.537919
 20
60.8988
 30
0.0
 11
27.835145
 21
60.601575
 31
0.0
  0
LINE
  5
138
330
1F
100
AcDbEntity
  8
1
  6
Continuous
 62
   155
370
    70
100
AcDbLine
 10
36.2073
 20
74.479577
 30
0.0
 11
36.1073
 21
74.479577
 31
0.0
  0
LINE
  5
139
330
1F
100
AcDbEntity
  8
1
  6
Continuous
 62
   155
370
    70
100
AcDbLine
 10
36.2073
 20
61.401577
 30
0.0
 11
36.1073
 21
61.401577
 31
0.0
  0
LINE
  5
13A
330
1F
100
AcDbEntity
  8
1
  6
Continuous
 62
   155
370
    70
100
AcDbLine
 10
36.2073
 20
60.901577
 30
0.0
 11
36.1073
 21
60.901577
 31
0.0
  0
LINE
  5
13B
330
1F
100
AcDbEntity
  8
1
  6
Continuous
 62
   155
370
    70
100
AcDbLine
 10
36.2073
 20
75.279577
 30
0.0
 11
27.835143
 21
75.279577
 31
0.0
  0
LINE
  5
13C
330
1F
100
AcDbEntity
  8
1
  6
Continuous
 62
   155
370
    70
100
AcDbLine
 10
36.1073
 20
74.979577
 30
0.0
 11
36.2073
 21
74.979577
 31
0.0
  0
LINE
  5
13D
330
1F
100
AcDbEntity
  8
1
  6
Continuous
 62
   155
370
    70
100
AcDbLine
 10
27.835143
 20
75.279577
 30
0.0
 11
27.537644
 21
74.982078
 31
0.0
  0
LINE
  5
13E
330
1F
100
AcDbEntity
  8
1
  6
Continuous
 62
   155
370
    70
100
AcDbLine
 10
36.1073
 20
61.401577
 30
0.0
 11
35.938632
 21
61.401577
 31
0.0
  0
LINE
  5
13F
330
1F
100
AcDbEntity
  8
1
  6
Continuous
 62
   155
370
    70
100
AcDbLine
 10
27.536807
 20
60.896577
 30
0.0
 11
36.1073
 21
60.896577
 31
0.0
  0
LINE
  5
140
330
1F
100
AcDbEntity
  8
1
  6
Continuous
 62
   155
370
    70
100
AcDbLine
 10
35.590143
 20
61.602777
 30
0.0
 11
35.938632
 21
61.401577
 31
0.0
  0
LINE
  5
141
330
1F
100
AcDbEntity
  8
1
  6
Continuous
 62
   155
370
    70
100
AcDbLine
 10
35.590143
 20
62.407577
 30
0.0
 11
35.590143
 21
61.602777
 31
0.0
  0
LINE
  5
142
330
1F
100
AcDbEntity
  8
1
  6
Continuous
 62
   155
370
    70
100
AcDbLine
 10
35.590143
 20
62.407577
 30
0.0
 11
29.956543
 21
62.407577
 31
0.0
  0
LINE
  5
143
330
1F
100
AcDbEntity
  8
1
  6
Continuous
 62
   155
370
    70
100
AcDbLine
 10
29.956543
 20
62.407577
 30
0.0
 11
29.956543
 21
61.401577
 31
0.0
  0
LINE
  5
144
330
1F
100
AcDbEntity
  8
1
  6
Continuous
 62
   155
370
    35
100
AcDbLine
 10
51.2073
 20
78.279577
 30
0.0
 11
51.2073
 21
81.763419
 31
0.0
  0
LINE
  5
145
330
1F
100
AcDbEntity
  8
1
  6
Continuous
 62
   155
370
    70
100
AcDbLine
 10
51.348722
 20
57.601577
 30
0.0
 11
51.2073
 21
57.601577
 31
0.0
  0
LINE
  5
146
330
1F
100
AcDbEntity
  8
1
  6
Continuous
 62
   155
370
    70
100
AcDbLine
 10
51.2073
 20
54.117734
 30
0.0
 11
51.348722
 21
54.259155
 31
0.0
  0
LINE
  5
147
330
1F
100
AcDbEntity
  8
1
  6
Continuous
 62
   155
370
    35
100
AcDbLine
 10
51.2073
 20
54.117734
 30
0.0
 11
51.2073
 21
57.601577
 31
0.0
  0
LINE
  5
148
330
1F
100
AcDbEntity
  8
1
  6
Continuous
 62
   155
370
    70
100
AcDbLine
 10
51.348722
 20
61.401577
 30
0.0
 11
51.2073
 21
61.401577
 31
0.0
  0
LINE
  5
149
330
1F
100
AcDbEntity
  8
1
  6
Continuous
 62
   155
370
    35
100
AcDbLine
 10
51.2073
 20
60.901577
 30
0.0
 11
51.2073
 21
61.401577
 31
0.0
  0
LINE
  5
14A
330
1F
100
AcDbEntity
  8
1
  6
Continuous
 62
   155
370
    70
100
AcDbLine
 10
51.2073
 20
60.601577
 30
0.0
 11
51.560854
 21
60.601577
 31
0.0
  0
LINE
  5
14B
330
1F
100
AcDbEntity
  8
1
  6
Continuous
 62
   155
370
    35
100
AcDbLine
 10
51.2073
 20
60.601577
 30
0.0
 11
51.2073
 21
60.901577
 31
0.0
  0
LINE
  5
14C
330
1F
100
AcDbEntity
  8
1
  6
Continuous
 62
   155
370
    70
100
AcDbLine
 10
51.2073
 20
60.901577
 30
0.0
 11
51.348722
 21
60.901577
 31
0.0
  0
LINE
  5
14D
330
1F
100
AcDbEntity
  8
1
  6
Continuous
 62
   155
370
    70
100
AcDbLine
 10
51.2073
 20
74.479577
 30
0.0
 11
51.348722
 21
74.479577
 31
0.0
  0
LINE
  5
14E
330
1F
100
AcDbEntity
  8
1
  6
Continuous
 62
   155
370
    70
100
AcDbLine
 10
51.348722
 20
74.979577
 30
0.0
 11
51.2073
 21
74.979577
 31
0.0
  0
LINE
  5
14F
330
1F
100
AcDbEntity
  8
1
  6
Continuous
 62
   155
370
    35
100
AcDbLine
 10
51.2073
 20
74.479577
 30
0.0
 11
51.2073
 21
74.979577
 31
0.0
  0
LINE
  5
150
330
1F
100
AcDbEntity
  8
1
  6
Continuous
 62
   155
370
    70
100
AcDbLine
 10
51.633964
 20
57.601577
 30
0.0
 11
51.348722
 21
57.601577
 31
0.0
  0
LINE
  5
151
330
1F
100
AcDbEntity
  8
1
  6
Continuous
 62
   155
370
    70
100
AcDbLine
 10
51.633964
 20
54.544398
 30
0.0
 11
51.348722
 21
54.259155
 31
0.0
  0
LINE
  5
152
330
1F
100
AcDbEntity
  8
1
  6
Continuous
 62
   155
370
    35
100
AcDbLine
 10
51.348722
 20
57.601577
 30
0.0
 11
51.348722
 21
54.259155
 31
0.0
  0
LINE
  5
153
330
1F
100
AcDbEntity
  8
1
  6
Continuous
 62
   155
370
    70
100
AcDbLine
 10
51.348722
 20
81.621998
 30
0.0
 11
51.633964
 21
81.336755
 31
0.0
  0
LINE
  5
154
330
1F
100
AcDbEntity
  8
1
  6
Continuous
 62
   155
370
    70
100
AcDbLine
 10
51.348722
 20
78.279577
 30
0.0
 11
51.633964
 21
78.279577
 31
0.0
  0
LINE
  5
155
330
1F
100
AcDbEntity
  8
1
  6
Continuous
 62
   155
370
    35
100
AcDbLine
 10
51.348722
 20
81.621998
 30
0.0
 11
51.348722
 21
78.279577
 31
0.0
  0
LINE
  5
156
330
1F
100
AcDbEntity
  8
1
  6
Continuous
 62
   155
370
    70
100
AcDbLine
 10
51.348722
 20
74.479577
 30
0.0
 11
51.633964
 21
74.479577
 31
0.0
  0
LINE
  5
157
330
1F
100
AcDbEntity
  8
1
  6
Continuous
 62
   155
370
    35
100
AcDbLine
 10
51.348722
 20
74.979577
 30
0.0
 11
51.348722
 21
74.479577
 31
0.0
  0
LINE
  5
158
330
1F
100
AcDbEntity
  8
1
  6
Continuous
 62
   155
370
    70
100
AcDbLine
 10
51.633964
 20
61.401577
 30
0.0
 11
51.348722
 21
61.401577
 31
0.0
  0
LINE
  5
159
330
1F
100
AcDbEntity
  8
1
  6
Continuous
 62
   155
370
    35
100
AcDbLine
 10
51.348722
 20
61.401577
 30
0.0
 11
51.348722
 21
60.901577
 31
0.0
  0
LINE
  5
15A
330
1F
100
AcDbEntity
  8
1
  6
Continuous
 62
   155
370
    70
100
AcDbLine
 10
51.775386
 20
57.601577
 30
0.0
 11
52.530143
 21
57.601577
 31
0.0
  0
LINE
  5
15B
330
1F
100
AcDbEntity
  8
1
  6
Continuous
 62
   155
370
    70
100
AcDbLine
 10
52.530143
 20
55.440577
 30
0.0
 11
51.775386
 21
54.685819
 31
0.0
  0
LINE
  5
15C
330
1F
100
AcDbEntity
  8
1
  6
Continuous
 62
   155
370
    70
100
AcDbLine
 10
52.530143
 20
57.601577
 30
0.0
 11
52.530143
 21
55.440577
 31
0.0
  0
LINE
  5
15D
330
1F
100
AcDbEntity
  8
1
  6
Continuous
 62
   155
370
    70
100
AcDbLine
 10
51.775386
 20
57.601577
 30
0.0
 11
51.633964
 21
57.601577
 31
0.0
  0
LINE
  5
15E
330
1F
100
AcDbEntity
  8
1
  6
Continuous
 62
   155
370
    35
100
AcDbLine
 10
51.633964
 20
54.544398
 30
0.0
 11
51.633964
 21
57.601577
 31
0.0
  0
LINE
  5
15F
330
1F
100
AcDbEntity
  8
1
  6
Continuous
 62
   155
370
    70
100
AcDbLine
 10
51.633964
 20
54.544398
 30
0.0
 11
51.775386
 21
54.685819
 31
0.0
  0
LINE
  5
160
330
1F
100
AcDbEntity
  8
1
  6
Continuous
 62
   155
370
    35
100
AcDbLine
 10
51.775386
 20
57.601577
 30
0.0
 11
51.775386
 21
54.685819
 31
0.0
  0
LINE
  5
161
330
1F
100
AcDbEntity
  8
1
  6
Continuous
 62
   155
370
    70
100
AcDbLine
 10
51.775386
 20
81.195334
 30
0.0
 11
51.633964
 21
81.336755
 31
0.0
  0
LINE
  5
162
330
1F
100
AcDbEntity
  8
1
  6
Continuous
 62
   155
370
    35
100
AcDbLine
 10
51.633964
 20
78.279577
 30
0.0
 11
51.633964
 21
81.336755
 31
0.0
  0
LINE
  5
163
330
1F
100
AcDbEntity
  8
1
  6
Continuous
 62
   155
370
    70
100
AcDbLine
 10
51.633964
 20
78.279577
 30
0.0
 11
51.775386
 21
78.279577
 31
0.0
  0
LINE
  5
164
330
1F
100
AcDbEntity
  8
1
  6
Continuous
 62
   155
370
    35
100
AcDbLine
 10
51.775386
 20
81.195334
 30
0.0
 11
51.775386
 21
78.279577
 31
0.0
  0
LINE
  5
165
330
1F
100
AcDbEntity
  8
1
  6
Continuous
 62
   155
370
    70
100
AcDbLine
 10
52.530143
 20
78.279577
 30
0.0
 11
51.775386
 21
78.279577
 31
0.0
  0
LINE
  5
166
102
{ACAD_REACTORS
330
7D7
102
}
330
1F
100
AcDbEntity
  8
1
  6
Continuous
 62
   155
370
    70
100
AcDbLine
 10
52.530143
 20
80.440577
 30
0.0
 11
52.530143
 21
78.279577
 31
0.0
  0
LINE
  5
167
330
1F
100
AcDbEntity
  8
1
  6
Continuous
 62
   155
370
    70
100
AcDbLine
 10
51.775386
 20
81.195334
 30
0.0
 11
52.530143
 21
80.440577
 31
0.0
  0
LINE
  5
168
330
1F
100
AcDbEntity
  8
1
  6
Continuous
 62
   155
370
    70
100
AcDbLine
 10
51.633964
 20
60.901577
 30
0.0
 11
51.348722
 21
60.901577
 31
0.0
  0
LINE
  5
169
330
1F
100
AcDbEntity
  8
1
  6
Continuous
 62
   155
370
    35
100
AcDbLine
 10
51.348722
 20
60.901577
 30
0.0
 11
51.560854
 21
60.601577
 31
0.0
  0
LINE
  5
16A
330
1F
100
AcDbEntity
  8
1
  6
Continuous
 62
   155
370
    70
100
AcDbLine
 10
51.560854
 20
60.601577
 30
0.0
 11
51.816807
 21
60.601577
 31
0.0
  0
LINE
  5
16B
330
1F
100
AcDbEntity
  8
1
  6
Continuous
 62
   155
370
    70
100
AcDbLine
 10
51.816807
 20
75.279577
 30
0.0
 11
51.560854
 21
75.279577
 31
0.0
  0
LINE
  5
16C
330
1F
100
AcDbEntity
  8
1
  6
Continuous
 62
   155
370
    35
100
AcDbLine
 10
51.560854
 20
75.279577
 30
0.0
 11
51.348722
 21
74.979577
 31
0.0
  0
LINE
  5
16D
330
1F
100
AcDbEntity
  8
1
  6
Continuous
 62
   155
370
    70
100
AcDbLine
 10
51.348722
 20
74.979577
 30
0.0
 11
51.633964
 21
74.979577
 31
0.0
  0
LINE
  5
16E
330
1F
100
AcDbEntity
  8
1
  6
Continuous
 62
   155
370
    35
100
AcDbLine
 10
51.775386
 20
61.401577
 30
0.0
 11
51.775386
 21
60.901577
 31
0.0
  0
LINE
  5
16F
330
1F
100
AcDbEntity
  8
1
  6
Continuous
 62
   155
370
    70
100
AcDbLine
 10
51.775386
 20
61.401577
 30
0.0
 11
51.633964
 21
61.401577
 31
0.0
  0
LINE
  5
170
330
1F
100
AcDbEntity
  8
1
  6
Continuous
 62
   155
370
    35
100
AcDbLine
 10
51.633964
 20
60.901577
 30
0.0
 11
51.633964
 21
61.401577
 31
0.0
  0
LINE
  5
171
330
1F
100
AcDbEntity
  8
1
  6
Continuous
 62
   155
370
    70
100
AcDbLine
 10
51.775386
 20
74.479577
 30
0.0
 11
52.525143
 21
74.479577
 31
0.0
  0
LINE
  5
172
330
1F
100
AcDbEntity
  8
1
  6
Continuous
 62
   155
370
    70
100
AcDbLine
 10
52.525143
 20
74.979577
 30
0.0
 11
52.525143
 21
74.479577
 31
0.0
  0
LINE
  5
173
330
1F
100
AcDbEntity
  8
1
  6
Continuous
 62
   155
370
    70
100
AcDbLine
 10
52.225143
 20
60.601576
 30
0.0
 11
52.525143
 21
60.901577
 31
0.0
  0
LINE
  5
174
330
1F
100
AcDbEntity
  8
1
  6
Continuous
 62
   155
370
    70
100
AcDbLine
 10
51.698849
 20
60.886352
 30
0.0
 11
51.816807
 21
60.601577
 31
0.0
  0
LINE
  5
175
330
1F
100
AcDbEntity
  8
1
  6
Continuous
 62
   155
370
    70
100
AcDbLine
 10
51.816807
 20
60.601577
 30
0.0
 11
52.225143
 21
60.601577
 31
0.0
  0
LINE
  5
176
330
1F
100
AcDbEntity
  8
1
  6
Continuous
 62
   155
370
    70
100
AcDbLine
 10
51.775386
 20
60.901577
 30
0.0
 11
52.525143
 21
60.901577
 31
0.0
  0
LINE
  5
177
330
1F
100
AcDbEntity
  8
1
  6
Continuous
 62
   155
370
    70
100
AcDbLine
 10
52.525143
 20
61.401577
 30
0.0
 11
52.525143
 21
60.901577
 31
0.0
  0
LINE
  5
178
330
1F
100
AcDbEntity
  8
1
  6
Continuous
 62
   155
370
    70
100
AcDbLine
 10
51.775386
 20
61.401577
 30
0.0
 11
52.525143
 21
61.401577
 31
0.0
  0
LINE
  5
179
330
1F
100
AcDbEntity
  8
1
  6
Continuous
 62
   155
370
    35
100
AcDbLine
 10
51.633964
 20
74.479577
 30
0.0
 11
51.633964
 21
74.979577
 31
0.0
  0
LINE
  5
17A
330
1F
100
AcDbEntity
  8
1
  6
Continuous
 62
   155
370
    70
100
AcDbLine
 10
51.633964
 20
74.479577
 30
0.0
 11
51.775386
 21
74.479577
 31
0.0
  0
LINE
  5
17B
330
1F
100
AcDbEntity
  8
1
  6
Continuous
 62
   155
370
    35
100
AcDbLine
 10
51.775386
 20
74.979577
 30
0.0
 11
51.775386
 21
74.479577
 31
0.0
  0
LINE
  5
17C
330
1F
100
AcDbEntity
  8
1
  6
Continuous
 62
   155
370
    70
100
AcDbLine
 10
52.525143
 20
74.979577
 30
0.0
 11
52.225143
 21
75.279577
 31
0.0
  0
LINE
  5
17D
330
1F
100
AcDbEntity
  8
1
  6
Continuous
 62
   155
370
    70
100
AcDbLine
 10
52.225143
 20
75.279577
 30
0.0
 11
51.816807
 21
75.279577
 31
0.0
  0
LINE
  5
17E
330
1F
100
AcDbEntity
  8
1
  6
Continuous
 62
   155
370
    70
100
AcDbLine
 10
51.698849
 20
74.994801
 30
0.0
 11
51.816807
 21
75.279577
 31
0.0
  0
LINE
  5
17F
330
1F
100
AcDbEntity
  8
1
  6
Continuous
 62
   155
370
    70
100
AcDbLine
 10
52.525143
 20
74.979577
 30
0.0
 11
51.775386
 21
74.979577
 31
0.0
  0
LINE
  5
180
330
1F
100
AcDbEntity
  8
1
  6
Continuous
 62
   155
370
    70
100
AcDbLine
 10
36.797343
 20
71.56697
 30
0.0
 11
36.797343
 21
71.717309
 31
0.0
  0
LINE
  5
181
330
1F
100
AcDbEntity
  8
1
  6
Continuous
 62
   155
370
    35
100
AcDbLine
 10
35.536543
 20
71.549265
 30
0.0
 11
36.797343
 21
71.56697
 31
0.0
  0
LINE
  5
182
330
1F
100
AcDbEntity
  8
1
  6
Continuous
 62
   155
370
    70
100
AcDbLine
 10
36.797343
 20
64.12351
 30
0.0
 11
36.797343
 21
64.163844
 31
0.0
  0
LINE
  5
183
330
1F
100
AcDbEntity
  8
1
  6
Continuous
 62
   155
370
    70
100
AcDbLine
 10
35.49772
 20
64.182094
 30
0.0
 11
36.797343
 21
64.163844
 31
0.0
  0
LINE
  5
184
330
1F
100
AcDbEntity
  8
1
  6
Continuous
 62
   155
370
    35
100
AcDbLine
 10
35.439136
 20
64.12351
 30
0.0
 11
35.49772
 21
64.182094
 31
0.0
  0
LINE
  5
185
330
1F
100
AcDbEntity
  8
1
  6
Continuous
 62
   155
370
    70
100
AcDbLine
 10
36.797343
 20
71.717309
 30
0.0
 11
36.797343
 21
71.757644
 31
0.0
  0
LINE
  5
186
330
1F
100
AcDbEntity
  8
1
  6
Continuous
 62
   155
370
    70
100
AcDbLine
 10
36.797343
 20
71.717309
 30
0.0
 11
35.49772
 21
71.699059
 31
0.0
  0
LINE
  5
187
330
1F
100
AcDbEntity
  8
1
  6
Continuous
 62
   155
370
    35
100
AcDbLine
 10
35.49772
 20
71.699059
 30
0.0
 11
35.439136
 21
71.757644
 31
0.0
  0
LINE
  5
188
330
1F
100
AcDbEntity
  8
1
  6
Continuous
 62
   155
370
    70
100
AcDbLine
 10
27.535143
 20
62.407577
 30
0.0
 11
27.535143
 21
63.413577
 31
0.0
  0
LINE
  5
189
330
1F
100
AcDbEntity
  8
1
  6
Continuous
 62
   155
370
    70
100
AcDbLine
 10
36.797343
 20
63.923784
 30
0.0
 11
36.797343
 21
62.407577
 31
0.0
  0
LINE
  5
18A
330
1F
100
AcDbEntity
  8
1
  6
Continuous
 62
   155
370
    70
100
AcDbLine
 10
27.535143
 20
72.467577
 30
0.0
 11
27.535143
 21
73.473577
 31
0.0
  0
LINE
  5
18B
330
1F
100
AcDbEntity
  8
1
  6
Continuous
 62
   155
370
    70
100
AcDbLine
 10
36.797343
 20
73.473577
 30
0.0
 11
36.797343
 21
71.95737
 31
0.0
  0
LINE
  5
18C
330
1F
100
AcDbEntity
  8
1
  6
Continuous
 62
   155
370
    70
100
AcDbLine
 10
36.797343
 20
63.923784
 30
0.0
 11
36.797343
 21
64.12351
 31
0.0
  0
LINE
  5
18D
330
1F
100
AcDbEntity
  8
1
  6
Continuous
 62
   155
370
    70
100
AcDbLine
 10
35.439136
 20
64.12351
 30
0.0
 11
36.797343
 21
64.12351
 31
0.0
  0
LINE
  5
18E
330
1F
100
AcDbEntity
  8
1
  6
Continuous
 62
   155
370
    35
100
AcDbLine
 10
36.797343
 20
63.923784
 30
0.0
 11
35.41927
 21
63.923784
 31
0.0
  0
LINE
  5
18F
330
1F
100
AcDbEntity
  8
1
  6
Continuous
 62
   155
370
    70
100
AcDbLine
 10
36.797343
 20
71.757644
 30
0.0
 11
36.797343
 21
71.95737
 31
0.0
  0
LINE
  5
190
330
1F
100
AcDbEntity
  8
1
  6
Continuous
 62
   155
370
    35
100
AcDbLine
 10
35.41927
 20
71.95737
 30
0.0
 11
36.797343
 21
71.95737
 31
0.0
  0
LINE
  5
191
330
1F
100
AcDbEntity
  8
1
  6
Continuous
 62
   155
370
    70
100
AcDbLine
 10
36.797343
 20
71.757644
 30
0.0
 11
35.439136
 21
71.757644
 31
0.0
  0
LINE
  5
192
330
1F
100
AcDbEntity
  8
1
  6
Continuous
 62
   155
370
    70
100
AcDbLine
 10
35.219544
 20
63.413577
 30
0.0
 11
35.41927
 21
63.413577
 31
0.0
  0
LINE
  5
193
330
1F
100
AcDbEntity
  8
1
  6
Continuous
 62
   155
370
    35
100
AcDbLine
 10
35.41927
 20
63.923784
 30
0.0
 11
35.41927
 21
63.413577
 31
0.0
  0
LINE
  5
194
330
1F
100
AcDbEntity
  8
1
  6
Continuous
 62
   155
370
    70
100
AcDbLine
 10
35.41927
 20
72.467577
 30
0.0
 11
35.219544
 21
72.467577
 31
0.0
  0
LINE
  5
195
330
1F
100
AcDbEntity
  8
1
  6
Continuous
 62
   155
370
    70
100
AcDbLine
 10
29.956543
 20
61.401577
 30
0.0
 11
27.535143
 21
61.401577
 31
0.0
  0
LINE
  5
196
330
1F
100
AcDbEntity
  8
1
  6
Continuous
 62
   155
370
    70
100
AcDbLine
 10
27.535143
 20
61.401577
 30
0.0
 11
27.535143
 21
60.899912
 31
0.0
  0
LINE
  5
197
330
1F
100
AcDbEntity
  8
1
  6
Continuous
 62
   155
370
    70
100
AcDbLine
 10
36.1073
 20
74.479577
 30
0.0
 11
35.938632
 21
74.479577
 31
0.0
  0
LINE
  5
198
330
1F
100
AcDbEntity
  8
1
  6
Continuous
 62
   155
370
    70
100
AcDbLine
 10
36.1073
 20
74.984577
 30
0.0
 11
27.53556
 21
74.984577
 31
0.0
  0
LINE
  5
199
330
1F
100
AcDbEntity
  8
1
  6
Continuous
 62
   155
370
    70
100
AcDbLine
 10
27.535143
 20
74.982079
 30
0.0
 11
27.535143
 21
74.479577
 31
0.0
  0
LINE
  5
19A
330
1F
100
AcDbEntity
  8
1
  6
Continuous
 62
   155
370
    70
100
AcDbLine
 10
27.535143
 20
74.479577
 30
0.0
 11
29.956543
 21
74.479577
 31
0.0
  0
LINE
  5
19B
330
1F
100
AcDbEntity
  8
1
  6
Continuous
 62
   155
370
    70
100
AcDbLine
 10
29.956543
 20
74.479577
 30
0.0
 11
29.956543
 21
73.473577
 31
0.0
  0
LINE
  5
19C
330
1F
100
AcDbEntity
  8
1
  6
Continuous
 62
   155
370
    70
100
AcDbLine
 10
35.590143
 20
73.473577
 30
0.0
 11
29.956543
 21
73.473577
 31
0.0
  0
LINE
  5
19D
330
1F
100
AcDbEntity
  8
1
  6
Continuous
 62
   155
370
    70
100
AcDbLine
 10
35.590143
 20
74.278377
 30
0.0
 11
35.590143
 21
73.473577
 31
0.0
  0
LINE
  5
19E
330
1F
100
AcDbEntity
  8
1
  6
Continuous
 62
   155
370
    70
100
AcDbLine
 10
35.938632
 20
74.479577
 30
0.0
 11
35.590143
 21
74.278377
 31
0.0
  0
LINE
  5
19F
330
1F
100
AcDbEntity
  8
1
  6
Continuous
 62
   155
370
    70
100
AcDbLine
 10
36.560854
 20
75.279577
 30
0.0
 11
36.2073
 21
75.279577
 31
0.0
  0
LINE
  5
1A0
330
1F
100
AcDbEntity
  8
1
  6
Continuous
 62
   155
370
    35
100
AcDbLine
 10
36.2073
 20
74.979577
 30
0.0
 11
36.2073
 21
75.279577
 31
0.0
  0
LINE
  5
1A1
330
1F
100
AcDbEntity
  8
1
  6
Continuous
 62
   155
370
    70
100
AcDbLine
 10
36.348722
 20
81.621998
 30
0.0
 11
36.2073
 21
81.763419
 31
0.0
  0
LINE
  5
1A2
330
1F
100
AcDbEntity
  8
1
  6
Continuous
 62
   155
370
    70
100
AcDbLine
 10
36.2073
 20
78.279577
 30
0.0
 11
36.348722
 21
78.279577
 31
0.0
  0
LINE
  5
1A3
330
1F
100
AcDbEntity
  8
1
  6
Continuous
 62
   155
370
    35
100
AcDbLine
 10
36.2073
 20
78.279577
 30
0.0
 11
36.2073
 21
81.763419
 31
0.0
  0
LINE
  5
1A4
330
1F
100
AcDbEntity
  8
1
  6
Continuous
 62
   155
370
    70
100
AcDbLine
 10
36.348722
 20
57.601577
 30
0.0
 11
36.2073
 21
57.601577
 31
0.0
  0
LINE
  5
1A5
330
1F
100
AcDbEntity
  8
1
  6
Continuous
 62
   155
370
    70
100
AcDbLine
 10
36.2073
 20
54.117734
 30
0.0
 11
36.348722
 21
54.259155
 31
0.0
  0
LINE
  5
1A6
330
1F
100
AcDbEntity
  8
1
  6
Continuous
 62
   155
370
    35
100
AcDbLine
 10
36.2073
 20
54.117734
 30
0.0
 11
36.2073
 21
57.601577
 31
0.0
  0
LINE
  5
1A7
330
1F
100
AcDbEntity
  8
1
  6
Continuous
 62
   155
370
    70
100
AcDbLine
 10
36.348722
 20
61.401577
 30
0.0
 11
36.2073
 21
61.401577
 31
0.0
  0
LINE
  5
1A8
330
1F
100
AcDbEntity
  8
1
  6
Continuous
 62
   155
370
    35
100
AcDbLine
 10
36.2073
 20
60.901577
 30
0.0
 11
36.2073
 21
61.401577
 31
0.0
  0
LINE
  5
1A9
330
1F
100
AcDbEntity
  8
1
  6
Continuous
 62
   155
370
    70
100
AcDbLine
 10
36.2073
 20
60.601577
 30
0.0
 11
36.560854
 21
60.601577
 31
0.0
  0
LINE
  5
1AA
330
1F
100
AcDbEntity
  8
1
  6
Continuous
 62
   155
370
    35
100
AcDbLine
 10
36.2073
 20
60.601577
 30
0.0
 11
36.2073
 21
60.901577
 31
0.0
  0
LINE
  5
1AB
330
1F
100
AcDbEntity
  8
1
  6
Continuous
 62
   155
370
    70
100
AcDbLine
 10
36.2073
 20
60.901577
 30
0.0
 11
36.348722
 21
60.901577
 31
0.0
  0
LINE
  5
1AC
330
1F
100
AcDbEntity
  8
1
  6
Continuous
 62
   155
370
    70
100
AcDbLine
 10
36.2073
 20
74.479577
 30
0.0
 11
36.348722
 21
74.479577
 31
0.0
  0
LINE
  5
1AD
330
1F
100
AcDbEntity
  8
1
  6
Continuous
 62
   155
370
    70
100
AcDbLine
 10
36.348722
 20
74.979577
 30
0.0
 11
36.2073
 21
74.979577
 31
0.0
  0
LINE
  5
1AE
330
1F
100
AcDbEntity
  8
1
  6
Continuous
 62
   155
370
    35
100
AcDbLine
 10
36.2073
 20
74.479577
 30
0.0
 11
36.2073
 21
74.979577
 31
0.0
  0
LINE
  5
1AF
330
1F
100
AcDbEntity
  8
1
  6
Continuous
 62
   155
370
    70
100
AcDbLine
 10
36.633964
 20
57.601577
 30
0.0
 11
36.348722
 21
57.601577
 31
0.0
  0
LINE
  5
1B0
330
1F
100
AcDbEntity
  8
1
  6
Continuous
 62
   155
370
    70
100
AcDbLine
 10
36.633964
 20
54.544398
 30
0.0
 11
36.348722
 21
54.259155
 31
0.0
  0
LINE
  5
1B1
330
1F
100
AcDbEntity
  8
1
  6
Continuous
 62
   155
370
    70
100
AcDbLine
 10
51.2073
 20
54.117734
 30
0.0
 11
50.330143
 21
53.240577
 31
0.0
  0
LINE
  5
1B2
102
{ACAD_REACTORS
330
7B3
102
}
330
1F
100
AcDbEntity
  8
1
  6
Continuous
 62
   155
370
    70
100
AcDbLine
 10
42.530143
 20
53.440577
 30
0.0
 11
42.530143
 21
57.601577
 31
0.0
  0
LINE
  5
1B3
330
1F
100
AcDbEntity
  8
1
  6
Continuous
 62
   155
370
    70
100
AcDbLine
 10
42.730143
 20
53.240577
 30
0.0
 11
42.530143
 21
53.440577
 31
0.0
  0
LINE
  5
1B4
330
1F
100
AcDbEntity
  8
1
  6
Continuous
 62
   155
370
    70
100
AcDbLine
 10
50.330143
 20
82.640577
 30
0.0
 11
50.030143
 21
82.940577
 31
0.0
  0
LINE
  5
1B5
330
1F
100
AcDbEntity
  8
1
  6
Continuous
 62
   155
370
    70
100
AcDbLine
 10
45.030143
 20
82.940577
 30
0.0
 11
44.730143
 21
82.640577
 31
0.0
  0
LINE
  5
1B6
330
1F
100
AcDbEntity
  8
1
  6
Continuous
 62
   155
370
    70
100
AcDbLine
 10
44.730143
 20
82.640577
 30
0.0
 11
50.330143
 21
82.640577
 31
0.0
  0
LINE
  5
1B7
330
1F
100
AcDbEntity
  8
1
  6
Continuous
 62
   155
370
    70
100
AcDbLine
 10
45.030143
 20
82.940577
 30
0.0
 11
50.030143
 21
82.940577
 31
0.0
  0
LINE
  5
1B8
330
1F
100
AcDbEntity
  8
1
  6
Continuous
 62
   155
370
    70
100
AcDbLine
 10
50.030143
 20
52.940577
 30
0.0
 11
50.330143
 21
53.240577
 31
0.0
  0
LINE
  5
1B9
330
1F
100
AcDbEntity
  8
1
  6
Continuous
 62
   155
370
    70
100
AcDbLine
 10
50.330143
 20
53.240577
 30
0.0
 11
42.730143
 21
53.240577
 31
0.0
  0
LINE
  5
1BA
330
1F
100
AcDbEntity
  8
1
  6
Continuous
 62
   155
370
    70
100
AcDbLine
 10
42.730143
 20
53.240577
 30
0.0
 11
43.030143
 21
52.940577
 31
0.0
  0
LINE
  5
1BB
330
1F
100
AcDbEntity
  8
1
  6
Continuous
 62
   155
370
    70
100
AcDbLine
 10
50.030143
 20
52.940577
 30
0.0
 11
43.030143
 21
52.940577
 31
0.0
  0
LINE
  5
1BC
330
1F
100
AcDbEntity
  8
1
  6
Continuous
 62
   155
370
    70
100
AcDbLine
 10
50.155054
 20
72.467577
 30
0.0
 11
49.955328
 21
72.467577
 31
0.0
  0
LINE
  5
1BD
330
1F
100
AcDbEntity
  8
1
  6
Continuous
 62
   155
370
    70
100
AcDbLine
 10
49.955328
 20
63.413577
 30
0.0
 11
50.155054
 21
63.413577
 31
0.0
  0
LINE
  5
1BE
330
1F
100
AcDbEntity
  8
1
  6
Continuous
 62
   155
370
    35
100
AcDbLine
 10
50.155054
 20
72.467577
 30
0.0
 11
50.155054
 21
63.413577
 31
0.0
  0
LINE
  5
1BF
330
1F
100
AcDbEntity
  8
1
  6
Continuous
 62
   155
370
    70
100
AcDbLine
 10
42.530143
 20
72.467577
 30
0.0
 11
46.796294
 21
72.467577
 31
0.0
  0
LINE
  5
1C0
330
1F
100
AcDbEntity
  8
1
  6
Continuous
 62
   155
370
    70
100
AcDbLine
 10
42.530143
 20
72.467577
 30
0.0
 11
42.530143
 21
63.413577
 31
0.0
  0
LINE
  5
1C1
330
1F
100
AcDbEntity
  8
1
  6
Continuous
 62
   155
370
    70
100
AcDbLine
 10
42.530143
 20
63.413577
 30
0.0
 11
43.074094
 21
63.413577
 31
0.0
  0
LINE
  5
1C2
330
1F
100
AcDbEntity
  8
1
  6
Continuous
 62
   155
370
    70
100
AcDbLine
 10
44.125175
 20
69.195693
 30
0.0
 11
43.877918
 21
64.17876
 31
0.0
  0
LINE
  5
1C3
330
1F
100
AcDbEntity
  8
1
  6
Continuous
 62
   155
370
    70
100
AcDbLine
 10
45.230368
 20
64.17876
 30
0.0
 11
44.983111
 21
69.195694
 31
0.0
  0
LINE
  5
1C4
330
1F
100
AcDbEntity
  8
1
  6
Continuous
 62
   155
370
    70
100
AcDbLine
 10
49.955328
 20
63.413577
 30
0.0
 11
46.034192
 21
63.413577
 31
0.0
  0
LINE
  5
1C5
330
1F
100
AcDbEntity
  8
1
  6
Continuous
 62
   155
370
    35
100
AcDbLine
 10
49.955328
 20
63.413577
 30
0.0
 11
49.955328
 21
72.467577
 31
0.0
  0
LINE
  5
1C6
330
1F
100
AcDbEntity
  8
1
  6
Continuous
 62
   155
370
    70
100
AcDbLine
 10
49.955328
 20
72.467577
 30
0.0
 11
49.756392
 21
72.467577
 31
0.0
  0
LINE
  5
1C7
330
1F
100
AcDbEntity
  8
1
  6
Continuous
 62
   155
370
    70
100
AcDbLine
 10
48.705311
 20
66.68546
 30
0.0
 11
48.952568
 21
71.702393
 31
0.0
  0
LINE
  5
1C8
330
1F
100
AcDbEntity
  8
1
  6
Continuous
 62
   155
370
    70
100
AcDbLine
 10
47.600118
 20
71.702393
 30
0.0
 11
47.847375
 21
66.68546
 31
0.0
  0
LINE
  5
1C9
330
1F
100
AcDbEntity
  8
1
  6
Continuous
 62
   155
370
    70
100
AcDbLine
 10
42.835145
 20
60.601577
 30
0.0
 11
51.2073
 21
60.601577
 31
0.0
  0
LINE
  5
1CA
330
1F
100
AcDbEntity
  8
1
  6
Continuous
 62
   155
370
    70
100
AcDbLine
 10
42.537919
 20
60.8988
 30
0.0
 11
42.835145
 21
60.601575
 31
0.0
  0
LINE
  5
1CB
330
1F
100
AcDbEntity
  8
1
  6
Continuous
 62
   155
370
    70
100
AcDbLine
 10
51.1073
 20
74.479577
 30
0.0
 11
50.938632
 21
74.479577
 31
0.0
  0
LINE
  5
1CC
330
1F
100
AcDbEntity
  8
1
  6
Continuous
 62
   155
370
    70
100
AcDbLine
 10
51.1073
 20
74.984577
 30
0.0
 11
42.53556
 21
74.984577
 31
0.0
  0
LINE
  5
1CD
330
1F
100
AcDbEntity
  8
1
  6
Continuous
 62
   155
370
    70
100
AcDbLine
 10
42.535143
 20
74.982079
 30
0.0
 11
42.535143
 21
74.479577
 31
0.0
  0
LINE
  5
1CE
330
1F
100
AcDbEntity
  8
1
  6
Continuous
 62
   155
370
    70
100
AcDbLine
 10
42.535143
 20
74.479577
 30
0.0
 11
44.956543
 21
74.479577
 31
0.0
  0
LINE
  5
1CF
330
1F
100
AcDbEntity
  8
1
  6
Continuous
 62
   155
370
    70
100
AcDbLine
 10
44.956543
 20
74.479577
 30
0.0
 11
44.956543
 21
73.473577
 31
0.0
  0
LINE
  5
1D0
330
1F
100
AcDbEntity
  8
1
  6
Continuous
 62
   155
370
    70
100
AcDbLine
 10
50.590143
 20
73.473577
 30
0.0
 11
44.956543
 21
73.473577
 31
0.0
  0
LINE
  5
1D1
330
1F
100
AcDbEntity
  8
1
  6
Continuous
 62
   155
370
    70
100
AcDbLine
 10
50.590143
 20
74.278377
 30
0.0
 11
50.590143
 21
73.473577
 31
0.0
  0
LINE
  5
1D2
330
1F
100
AcDbEntity
  8
1
  6
Continuous
 62
   155
370
    70
100
AcDbLine
 10
50.938632
 20
74.479577
 30
0.0
 11
50.590143
 21
74.278377
 31
0.0
  0
LINE
  5
1D3
330
1F
100
AcDbEntity
  8
1
  6
Continuous
 62
   155
370
    70
100
AcDbLine
 10
51.2073
 20
75.279577
 30
0.0
 11
42.835143
 21
75.279577
 31
0.0
  0
LINE
  5
1D4
330
1F
100
AcDbEntity
  8
1
  6
Continuous
 62
   155
370
    70
100
AcDbLine
 10
51.1073
 20
74.979577
 30
0.0
 11
51.2073
 21
74.979577
 31
0.0
  0
LINE
  5
1D5
330
1F
100
AcDbEntity
  8
1
  6
Continuous
 62
   155
370
    70
100
AcDbLine
 10
42.835143
 20
75.279577
 30
0.0
 11
42.537644
 21
74.982078
 31
0.0
  0
LINE
  5
1D6
330
1F
100
AcDbEntity
  8
1
  6
Continuous
 62
   155
370
    70
100
AcDbLine
 10
51.1073
 20
61.401577
 30
0.0
 11
50.938632
 21
61.401577
 31
0.0
  0
LINE
  5
1D7
330
1F
100
AcDbEntity
  8
1
  6
Continuous
 62
   155
370
    70
100
AcDbLine
 10
42.536807
 20
60.896577
 30
0.0
 11
51.1073
 21
60.896577
 31
0.0
  0
LINE
  5
1D8
330
1F
100
AcDbEntity
  8
1
  6
Continuous
 62
   155
370
    70
100
AcDbLine
 10
50.590143
 20
61.602777
 30
0.0
 11
50.938632
 21
61.401577
 31
0.0
  0
LINE
  5
1D9
330
1F
100
AcDbEntity
  8
1
  6
Continuous
 62
   155
370
    70
100
AcDbLine
 10
50.590143
 20
62.407577
 30
0.0
 11
50.590143
 21
61.602777
 31
0.0
  0
LINE
  5
1DA
330
1F
100
AcDbEntity
  8
1
  6
Continuous
 62
   155
370
    70
100
AcDbLine
 10
50.590143
 20
62.407577
 30
0.0
 11
44.956543
 21
62.407577
 31
0.0
  0
LINE
  5
1DB
330
1F
100
AcDbEntity
  8
1
  6
Continuous
 62
   155
370
    70
100
AcDbLine
 10
44.956543
 20
62.407577
 30
0.0
 11
44.956543
 21
61.401577
 31
0.0
  0
LINE
  5
1DC
330
1F
100
AcDbEntity
  8
1
  6
Continuous
 62
   155
370
    70
100
AcDbLine
 10
44.956543
 20
61.401577
 30
0.0
 11
42.535143
 21
61.401577
 31
0.0
  0
LINE
  5
1DD
330
1F
100
AcDbEntity
  8
1
  6
Continuous
 62
   155
370
    70
100
AcDbLine
 10
42.535143
 20
61.401577
 30
0.0
 11
42.535143
 21
60.899912
 31
0.0
  0
LINE
  5
1DE
330
1F
100
AcDbEntity
  8
1
  6
Continuous
 62
   155
370
    70
100
AcDbLine
 10
51.2073
 20
74.479577
 30
0.0
 11
51.1073
 21
74.479577
 31
0.0
  0
LINE
  5
1DF
330
1F
100
AcDbEntity
  8
1
  6
Continuous
 62
   155
370
    70
100
AcDbLine
 10
51.2073
 20
61.401577
 30
0.0
 11
51.1073
 21
61.401577
 31
0.0
  0
LINE
  5
1E0
330
1F
100
AcDbEntity
  8
1
  6
Continuous
 62
   155
370
    70
100
AcDbLine
 10
51.2073
 20
60.901577
 30
0.0
 11
51.1073
 21
60.901577
 31
0.0
  0
LINE
  5
1E1
330
1F
100
AcDbEntity
  8
1
  6
Continuous
 62
   155
370
    70
100
AcDbLine
 10
51.560854
 20
75.279577
 30
0.0
 11
51.2073
 21
75.279577
 31
0.0
  0
LINE
  5
1E2
330
1F
100
AcDbEntity
  8
1
  6
Continuous
 62
   155
370
    35
100
AcDbLine
 10
51.2073
 20
74.979577
 30
0.0
 11
51.2073
 21
75.279577
 31
0.0
  0
LINE
  5
1E3
330
1F
100
AcDbEntity
  8
1
  6
Continuous
 62
   155
370
    70
100
AcDbLine
 10
51.348722
 20
81.621998
 30
0.0
 11
51.2073
 21
81.763419
 31
0.0
  0
LINE
  5
1E4
330
1F
100
AcDbEntity
  8
1
  6
Continuous
 62
   155
370
    70
100
AcDbLine
 10
51.2073
 20
78.279577
 30
0.0
 11
51.348722
 21
78.279577
 31
0.0
  0
LINE
  5
1E5
330
1F
100
AcDbEntity
  8
1
  6
Continuous
 62
   155
370
    70
100
AcDbLine
 10
37.525143
 20
67.336977
 30
0.0
 11
37.525143
 21
65.626777
 31
0.0
  0
LINE
  5
1E6
330
1F
100
AcDbEntity
  8
1
  6
Continuous
 62
   155
370
    70
100
AcDbLine
 10
35.791343
 20
67.336977
 30
0.0
 11
37.525143
 21
67.336977
 31
0.0
  0
LINE
  5
1E7
330
1F
100
AcDbEntity
  8
1
  6
Continuous
 62
   155
370
    70
100
AcDbLine
 10
35.791343
 20
65.626777
 30
0.0
 11
37.525143
 21
65.626777
 31
0.0
  0
LINE
  5
1E8
330
1F
100
AcDbEntity
  8
1
  6
Continuous
 62
   155
370
    35
100
AcDbLine
 10
36.964023
 20
67.336977
 30
0.0
 11
36.964023
 21
68.544177
 31
0.0
  0
LINE
  5
1E9
330
1F
100
AcDbEntity
  8
1
  6
Continuous
 62
   155
370
    70
100
AcDbLine
 10
37.525143
 20
72.970577
 30
0.0
 11
37.525143
 21
73.473577
 31
0.0
  0
LINE
  5
1EA
330
1F
100
AcDbEntity
  8
1
  6
Continuous
 62
   155
370
    70
100
AcDbLine
 10
36.797343
 20
72.970577
 30
0.0
 11
37.525143
 21
72.970577
 31
0.0
  0
LINE
  5
1EB
330
1F
100
AcDbEntity
  8
1
  6
Continuous
 62
   155
370
    70
100
AcDbLine
 10
37.525143
 20
62.407577
 30
0.0
 11
37.525143
 21
62.910577
 31
0.0
  0
LINE
  5
1EC
330
1F
100
AcDbEntity
  8
1
  6
Continuous
 62
   155
370
    70
100
AcDbLine
 10
36.797343
 20
62.910577
 30
0.0
 11
37.525143
 21
62.910577
 31
0.0
  0
LINE
  5
1ED
330
1F
100
AcDbEntity
  8
1
  6
Continuous
 62
   155
370
    70
100
AcDbLine
 10
27.530143
 20
78.279577
 30
0.0
 11
27.530143
 21
77.273577
 31
0.0
  0
LINE
  5
1EE
330
1F
100
AcDbEntity
  8
1
  6
Continuous
 62
   155
370
    70
100
AcDbLine
 10
28.030143
 20
77.273577
 30
0.0
 11
27.530143
 21
77.273577
 31
0.0
  0
LINE
  5
1EF
330
1F
100
AcDbEntity
  8
1
  6
Continuous
 62
   155
370
    70
100
AcDbLine
 10
27.530143
 20
58.607577
 30
0.0
 11
27.530143
 21
57.601577
 31
0.0
  0
LINE
  5
1F0
330
1F
100
AcDbEntity
  8
1
  6
Continuous
 62
   155
370
    70
100
AcDbLine
 10
28.030143
 20
58.607577
 30
0.0
 11
27.530143
 21
58.607577
 31
0.0
  0
LINE
  5
1F1
330
1F
100
AcDbEntity
  8
1
  6
Continuous
 62
   155
370
    70
100
AcDbLine
 10
37.530143
 20
77.273577
 30
0.0
 11
37.530143
 21
78.279577
 31
0.0
  0
LINE
  5
1F2
330
1F
100
AcDbEntity
  8
1
  6
Continuous
 62
   155
370
    70
100
AcDbLine
 10
37.030143
 20
77.273577
 30
0.0
 11
37.530143
 21
77.273577
 31
0.0
  0
LINE
  5
1F3
330
1F
100
AcDbEntity
  8
1
  6
Continuous
 62
   155
370
    70
100
AcDbLine
 10
37.530143
 20
57.601577
 30
0.0
 11
37.530143
 21
58.607577
 31
0.0
  0
LINE
  5
1F4
330
1F
100
AcDbEntity
  8
1
  6
Continuous
 62
   155
370
    70
100
AcDbLine
 10
37.030143
 20
58.607577
 30
0.0
 11
37.530143
 21
58.607577
 31
0.0
  0
LINE
  5
1F5
330
1F
100
AcDbEntity
  8
1
  6
Continuous
 62
   155
370
    35
100
AcDbLine
 10
35.298686
 20
64.382511
 30
0.0
 11
35.487303
 21
64.382511
 31
0.0
  0
LINE
  5
1F6
330
1F
100
AcDbEntity
  8
1
  6
Continuous
 62
   155
370
    35
100
AcDbLine
 10
35.487303
 20
71.498642
 30
0.0
 11
35.298686
 21
71.498642
 31
0.0
  0
LINE
  5
1F7
330
1F
100
AcDbEntity
  8
1
  6
Continuous
 62
   155
370
    70
100
AcDbLine
 10
36.797343
 20
64.419577
 30
0.0
 11
36.797343
 21
64.314184
 31
0.0
  0
LINE
  5
1F8
330
1F
100
AcDbEntity
  8
1
  6
Continuous
 62
   155
370
    70
100
AcDbLine
 10
36.797343
 20
71.56697
 30
0.0
 11
36.797343
 21
71.461577
 31
0.0
  0
LINE
  5
1F9
330
1F
100
AcDbEntity
  8
1
  6
Continuous
 62
   155
370
    70
100
AcDbLine
 10
35.791343
 20
71.461577
 30
0.0
 11
36.797343
 21
71.461577
 31
0.0
  0
LINE
  5
1FA
330
1F
100
AcDbEntity
  8
1
  6
Continuous
 62
   155
370
    35
100
AcDbLine
 10
35.487303
 20
71.498642
 30
0.0
 11
35.487303
 21
64.382511
 31
0.0
  0
LINE
  5
1FB
330
1F
100
AcDbEntity
  8
1
  6
Continuous
 62
   155
370
    70
100
AcDbLine
 10
36.797343
 20
64.419577
 30
0.0
 11
35.791343
 21
64.419577
 31
0.0
  0
LINE
  5
1FC
330
1F
100
AcDbEntity
  8
1
  6
Continuous
 62
   155
370
    70
100
AcDbLine
 10
35.791343
 20
64.419577
 30
0.0
 11
35.791343
 21
71.461577
 31
0.0
  0
LINE
  5
1FD
330
1F
100
AcDbEntity
  8
1
  6
Continuous
 62
   155
370
    70
100
AcDbLine
 10
36.797343
 20
64.314184
 30
0.0
 11
36.797343
 21
64.163844
 31
0.0
  0
LINE
  5
1FE
330
1F
100
AcDbEntity
  8
1
  6
Continuous
 62
   155
370
    35
100
AcDbLine
 10
36.797343
 20
64.314184
 30
0.0
 11
35.536543
 21
64.331888
 31
0.0
  0
LINE
  5
1FF
330
1F
100
AcDbEntity
  8
1
  6
DASHED
 62
   155
370
    13
100
AcDbLine
 10
82.230143
 20
55.564841
 30
0.0
 11
82.230143
 21
80.316312
 31
0.0
  0
LINE
  5
200
330
1F
100
AcDbEntity
  8
1
  6
DASHED
 62
   155
370
    13
100
AcDbLine
 10
79.905879
 20
53.240577
 30
0.0
 11
82.230143
 21
55.564841
 31
0.0
  0
LINE
  5
201
330
1F
100
AcDbEntity
  8
1
  6
DASHED
 62
   155
370
    13
100
AcDbLine
 10
75.154407
 20
82.640577
 30
0.0
 11
72.830143
 21
80.316312
 31
0.0
  0
LINE
  5
202
330
1F
100
AcDbEntity
  8
1
  6
DASHED
 62
   155
370
    13
100
AcDbLine
 10
82.230143
 20
80.316312
 30
0.0
 11
79.905879
 21
82.640577
 31
0.0
  0
LINE
  5
203
330
1F
100
AcDbEntity
  8
1
  6
DASHED
 62
   155
370
    13
100
AcDbLine
 10
72.830143
 20
80.316312
 30
0.0
 11
72.830143
 21
53.240577
 31
0.0
  0
LINE
  5
204
330
1F
100
AcDbEntity
  8
1
  6
DASHED
 62
   155
370
    13
100
AcDbLine
 10
72.530143
 20
80.440577
 30
0.0
 11
72.830143
 21
80.316312
 31
0.0
  0
LINE
  5
205
330
1F
100
AcDbEntity
  8
1
  6
DASHED
 62
   155
370
    13
100
AcDbLine
 10
72.780143
 20
53.190577
 30
0.0
 11
72.830143
 21
53.240577
 31
0.0
  0
LINE
  5
206
330
1F
100
AcDbEntity
  8
1
  6
DASHED
 62
   155
370
    13
100
AcDbLine
 10
82.230143
 20
80.316312
 30
0.0
 11
82.530143
 21
80.440577
 31
0.0
  0
LINE
  5
207
330
1F
100
AcDbEntity
  8
1
  6
DASHED
 62
   155
370
    13
100
AcDbLine
 10
80.030143
 20
82.940577
 30
0.0
 11
79.905879
 21
82.640577
 31
0.0
  0
LINE
  5
208
330
1F
100
AcDbEntity
  8
1
  6
Continuous
 62
   155
370
    35
100
AcDbLine
 10
66.2073
 20
78.279577
 30
0.0
 11
66.2073
 21
81.763419
 31
0.0
  0
LINE
  5
209
330
1F
100
AcDbEntity
  8
1
  6
Continuous
 62
   155
370
    70
100
AcDbLine
 10
66.348722
 20
57.601577
 30
0.0
 11
66.2073
 21
57.601577
 31
0.0
  0
LINE
  5
20A
330
1F
100
AcDbEntity
  8
1
  6
Continuous
 62
   155
370
    70
100
AcDbLine
 10
66.2073
 20
54.117734
 30
0.0
 11
66.348722
 21
54.259155
 31
0.0
  0
LINE
  5
20B
330
1F
100
AcDbEntity
  8
1
  6
Continuous
 62
   155
370
    35
100
AcDbLine
 10
66.2073
 20
54.117734
 30
0.0
 11
66.2073
 21
57.601577
 31
0.0
  0
LINE
  5
20C
330
1F
100
AcDbEntity
  8
1
  6
Continuous
 62
   155
370
    70
100
AcDbLine
 10
66.348722
 20
61.401577
 30
0.0
 11
66.2073
 21
61.401577
 31
0.0
  0
LINE
  5
20D
330
1F
100
AcDbEntity
  8
1
  6
Continuous
 62
   155
370
    35
100
AcDbLine
 10
66.2073
 20
60.901577
 30
0.0
 11
66.2073
 21
61.401577
 31
0.0
  0
LINE
  5
20E
330
1F
100
AcDbEntity
  8
1
  6
Continuous
 62
   155
370
    70
100
AcDbLine
 10
66.2073
 20
60.601577
 30
0.0
 11
66.560854
 21
60.601577
 31
0.0
  0
LINE
  5
20F
330
1F
100
AcDbEntity
  8
1
  6
Continuous
 62
   155
370
    35
100
AcDbLine
 10
66.2073
 20
60.601577
 30
0.0
 11
66.2073
 21
60.901577
 31
0.0
  0
LINE
  5
210
330
1F
100
AcDbEntity
  8
1
  6
Continuous
 62
   155
370
    70
100
AcDbLine
 10
66.2073
 20
60.901577
 30
0.0
 11
66.348722
 21
60.901577
 31
0.0
  0
LINE
  5
211
330
1F
100
AcDbEntity
  8
1
  6
Continuous
 62
   155
370
    70
100
AcDbLine
 10
66.2073
 20
74.479577
 30
0.0
 11
66.348722
 21
74.479577
 31
0.0
  0
LINE
  5
212
330
1F
100
AcDbEntity
  8
1
  6
Continuous
 62
   155
370
    70
100
AcDbLine
 10
66.348722
 20
74.979577
 30
0.0
 11
66.2073
 21
74.979577
 31
0.0
  0
LINE
  5
213
330
1F
100
AcDbEntity
  8
1
  6
Continuous
 62
   155
370
    35
100
AcDbLine
 10
66.2073
 20
74.479577
 30
0.0
 11
66.2073
 21
74.979577
 31
0.0
  0
LINE
  5
214
330
1F
100
AcDbEntity
  8
1
  6
Continuous
 62
   155
370
    70
100
AcDbLine
 10
66.633964
 20
57.601577
 30
0.0
 11
66.348722
 21
57.601577
 31
0.0
  0
LINE
  5
215
330
1F
100
AcDbEntity
  8
1
  6
Continuous
 62
   155
370
    70
100
AcDbLine
 10
66.633964
 20
54.544398
 30
0.0
 11
66.348722
 21
54.259155
 31
0.0
  0
LINE
  5
216
330
1F
100
AcDbEntity
  8
1
  6
Continuous
 62
   155
370
    35
100
AcDbLine
 10
66.348722
 20
57.601577
 30
0.0
 11
66.348722
 21
54.259155
 31
0.0
  0
LINE
  5
217
330
1F
100
AcDbEntity
  8
1
  6
Continuous
 62
   155
370
    70
100
AcDbLine
 10
66.348722
 20
81.621998
 30
0.0
 11
66.633964
 21
81.336755
 31
0.0
  0
LINE
  5
218
330
1F
100
AcDbEntity
  8
1
  6
Continuous
 62
   155
370
    70
100
AcDbLine
 10
66.348722
 20
78.279577
 30
0.0
 11
66.633964
 21
78.279577
 31
0.0
  0
LINE
  5
219
330
1F
100
AcDbEntity
  8
1
  6
Continuous
 62
   155
370
    35
100
AcDbLine
 10
66.348722
 20
81.621998
 30
0.0
 11
66.348722
 21
78.279577
 31
0.0
  0
LINE
  5
21A
330
1F
100
AcDbEntity
  8
1
  6
Continuous
 62
   155
370
    70
100
AcDbLine
 10
66.348722
 20
74.479577
 30
0.0
 11
66.633964
 21
74.479577
 31
0.0
  0
LINE
  5
21B
330
1F
100
AcDbEntity
  8
1
  6
Continuous
 62
   155
370
    35
100
AcDbLine
 10
66.348722
 20
74.979577
 30
0.0
 11
66.348722
 21
74.479577
 31
0.0
  0
LINE
  5
21C
330
1F
100
AcDbEntity
  8
1
  6
Continuous
 62
   155
370
    70
100
AcDbLine
 10
66.633964
 20
61.401577
 30
0.0
 11
66.348722
 21
61.401577
 31
0.0
  0
LINE
  5
21D
330
1F
100
AcDbEntity
  8
1
  6
Continuous
 62
   155
370
    35
100
AcDbLine
 10
66.348722
 20
61.401577
 30
0.0
 11
66.348722
 21
60.901577
 31
0.0
  0
LINE
  5
21E
330
1F
100
AcDbEntity
  8
1
  6
Continuous
 62
   155
370
    70
100
AcDbLine
 10
66.775386
 20
57.601577
 30
0.0
 11
67.530143
 21
57.601577
 31
0.0
  0
LINE
  5
21F
330
1F
100
AcDbEntity
  8
1
  6
Continuous
 62
   155
370
    70
100
AcDbLine
 10
67.530143
 20
55.440577
 30
0.0
 11
66.775386
 21
54.685819
 31
0.0
  0
LINE
  5
220
330
1F
100
AcDbEntity
  8
1
  6
Continuous
 62
   155
370
    70
100
AcDbLine
 10
67.530143
 20
57.601577
 30
0.0
 11
67.530143
 21
55.440577
 31
0.0
  0
LINE
  5
221
330
1F
100
AcDbEntity
  8
1
  6
Continuous
 62
   155
370
    70
100
AcDbLine
 10
66.775386
 20
57.601577
 30
0.0
 11
66.633964
 21
57.601577
 31
0.0
  0
LINE
  5
222
330
1F
100
AcDbEntity
  8
1
  6
Continuous
 62
   155
370
    35
100
AcDbLine
 10
66.633964
 20
54.544398
 30
0.0
 11
66.633964
 21
57.601577
 31
0.0
  0
LINE
  5
223
330
1F
100
AcDbEntity
  8
1
  6
Continuous
 62
   155
370
    70
100
AcDbLine
 10
66.633964
 20
54.544398
 30
0.0
 11
66.775386
 21
54.685819
 31
0.0
  0
LINE
  5
224
330
1F
100
AcDbEntity
  8
1
  6
Continuous
 62
   155
370
    35
100
AcDbLine
 10
66.775386
 20
57.601577
 30
0.0
 11
66.775386
 21
54.685819
 31
0.0
  0
LINE
  5
225
330
1F
100
AcDbEntity
  8
1
  6
Continuous
 62
   155
370
    70
100
AcDbLine
 10
66.775386
 20
81.195334
 30
0.0
 11
66.633964
 21
81.336755
 31
0.0
  0
LINE
  5
226
330
1F
100
AcDbEntity
  8
1
  6
Continuous
 62
   155
370
    35
100
AcDbLine
 10
66.633964
 20
78.279577
 30
0.0
 11
66.633964
 21
81.336755
 31
0.0
  0
LINE
  5
227
330
1F
100
AcDbEntity
  8
1
  6
Continuous
 62
   155
370
    70
100
AcDbLine
 10
66.633964
 20
78.279577
 30
0.0
 11
66.775386
 21
78.279577
 31
0.0
  0
LINE
  5
228
330
1F
100
AcDbEntity
  8
1
  6
Continuous
 62
   155
370
    35
100
AcDbLine
 10
66.775386
 20
81.195334
 30
0.0
 11
66.775386
 21
78.279577
 31
0.0
  0
LINE
  5
229
330
1F
100
AcDbEntity
  8
1
  6
Continuous
 62
   155
370
    70
100
AcDbLine
 10
67.530143
 20
78.279577
 30
0.0
 11
66.775386
 21
78.279577
 31
0.0
  0
LINE
  5
22A
330
1F
100
AcDbEntity
  8
1
  6
Continuous
 62
   155
370
    70
100
AcDbLine
 10
67.530143
 20
80.440577
 30
0.0
 11
67.530143
 21
78.279577
 31
0.0
  0
LINE
  5
22B
330
1F
100
AcDbEntity
  8
1
  6
Continuous
 62
   155
370
    70
100
AcDbLine
 10
66.775386
 20
81.195334
 30
0.0
 11
67.530143
 21
80.440577
 31
0.0
  0
LINE
  5
22C
330
1F
100
AcDbEntity
  8
1
  6
Continuous
 62
   155
370
    70
100
AcDbLine
 10
66.633964
 20
60.901577
 30
0.0
 11
66.348722
 21
60.901577
 31
0.0
  0
LINE
  5
22D
330
1F
100
AcDbEntity
  8
1
  6
Continuous
 62
   155
370
    35
100
AcDbLine
 10
66.348722
 20
60.901577
 30
0.0
 11
66.560854
 21
60.601577
 31
0.0
  0
LINE
  5
22E
330
1F
100
AcDbEntity
  8
1
  6
Continuous
 62
   155
370
    70
100
AcDbLine
 10
66.560854
 20
60.601577
 30
0.0
 11
66.816807
 21
60.601577
 31
0.0
  0
LINE
  5
22F
330
1F
100
AcDbEntity
  8
1
  6
Continuous
 62
   155
370
    70
100
AcDbLine
 10
66.816807
 20
75.279577
 30
0.0
 11
66.560854
 21
75.279577
 31
0.0
  0
LINE
  5
230
330
1F
100
AcDbEntity
  8
1
  6
Continuous
 62
   155
370
    35
100
AcDbLine
 10
66.560854
 20
75.279577
 30
0.0
 11
66.348722
 21
74.979577
 31
0.0
  0
LINE
  5
231
330
1F
100
AcDbEntity
  8
1
  6
Continuous
 62
   155
370
    70
100
AcDbLine
 10
66.348722
 20
74.979577
 30
0.0
 11
66.633964
 21
74.979577
 31
0.0
  0
LINE
  5
232
330
1F
100
AcDbEntity
  8
1
  6
Continuous
 62
   155
370
    35
100
AcDbLine
 10
66.775386
 20
61.401577
 30
0.0
 11
66.775386
 21
60.901577
 31
0.0
  0
LINE
  5
233
330
1F
100
AcDbEntity
  8
1
  6
Continuous
 62
   155
370
    70
100
AcDbLine
 10
66.775386
 20
61.401577
 30
0.0
 11
66.633964
 21
61.401577
 31
0.0
  0
LINE
  5
234
330
1F
100
AcDbEntity
  8
1
  6
Continuous
 62
   155
370
    35
100
AcDbLine
 10
66.633964
 20
60.901577
 30
0.0
 11
66.633964
 21
61.401577
 31
0.0
  0
LINE
  5
235
330
1F
100
AcDbEntity
  8
1
  6
Continuous
 62
   155
370
    70
100
AcDbLine
 10
66.775386
 20
74.479577
 30
0.0
 11
67.525143
 21
74.479577
 31
0.0
  0
LINE
  5
236
330
1F
100
AcDbEntity
  8
1
  6
Continuous
 62
   155
370
    70
100
AcDbLine
 10
67.525143
 20
74.979577
 30
0.0
 11
67.525143
 21
74.479577
 31
0.0
  0
LINE
  5
237
330
1F
100
AcDbEntity
  8
1
  6
Continuous
 62
   155
370
    70
100
AcDbLine
 10
67.225143
 20
60.601576
 30
0.0
 11
67.525143
 21
60.901577
 31
0.0
  0
LINE
  5
238
330
1F
100
AcDbEntity
  8
1
  6
Continuous
 62
   155
370
    70
100
AcDbLine
 10
66.698849
 20
60.886352
 30
0.0
 11
66.816807
 21
60.601577
 31
0.0
  0
LINE
  5
239
330
1F
100
AcDbEntity
  8
1
  6
Continuous
 62
   155
370
    70
100
AcDbLine
 10
66.816807
 20
60.601577
 30
0.0
 11
67.225143
 21
60.601577
 31
0.0
  0
LINE
  5
23A
330
1F
100
AcDbEntity
  8
1
  6
Continuous
 62
   155
370
    70
100
AcDbLine
 10
67.525143
 20
74.979577
 30
0.0
 11
67.225143
 21
75.279577
 31
0.0
  0
LINE
  5
23B
330
1F
100
AcDbEntity
  8
1
  6
Continuous
 62
   155
370
    70
100
AcDbLine
 10
67.225143
 20
75.279577
 30
0.0
 11
66.816807
 21
75.279577
 31
0.0
  0
LINE
  5
23C
330
1F
100
AcDbEntity
  8
1
  6
Continuous
 62
   155
370
    70
100
AcDbLine
 10
66.698849
 20
74.994801
 30
0.0
 11
66.816807
 21
75.279577
 31
0.0
  0
LINE
  5
23D
330
1F
100
AcDbEntity
  8
1
  6
Continuous
 62
   155
370
    70
100
AcDbLine
 10
67.525143
 20
74.979577
 30
0.0
 11
66.775386
 21
74.979577
 31
0.0
  0
LINE
  5
23E
330
1F
100
AcDbEntity
  8
1
  6
Continuous
 62
   155
370
    70
100
AcDbLine
 10
66.775386
 20
60.901577
 30
0.0
 11
67.525143
 21
60.901577
 31
0.0
  0
LINE
  5
23F
330
1F
100
AcDbEntity
  8
1
  6
Continuous
 62
   155
370
    70
100
AcDbLine
 10
67.525143
 20
61.401577
 30
0.0
 11
67.525143
 21
60.901577
 31
0.0
  0
LINE
  5
240
330
1F
100
AcDbEntity
  8
1
  6
Continuous
 62
   155
370
    70
100
AcDbLine
 10
66.775386
 20
61.401577
 30
0.0
 11
67.525143
 21
61.401577
 31
0.0
  0
LINE
  5
241
330
1F
100
AcDbEntity
  8
1
  6
Continuous
 62
   155
370
    35
100
AcDbLine
 10
66.633964
 20
74.479577
 30
0.0
 11
66.633964
 21
74.979577
 31
0.0
  0
LINE
  5
242
330
1F
100
AcDbEntity
  8
1
  6
Continuous
 62
   155
370
    70
100
AcDbLine
 10
66.633964
 20
74.479577
 30
0.0
 11
66.775386
 21
74.479577
 31
0.0
  0
LINE
  5
243
330
1F
100
AcDbEntity
  8
1
  6
Continuous
 62
   155
370
    35
100
AcDbLine
 10
66.775386
 20
74.979577
 30
0.0
 11
66.775386
 21
74.479577
 31
0.0
  0
LINE
  5
244
330
1F
100
AcDbEntity
  8
1
  6
Continuous
 62
   155
370
    70
100
AcDbLine
 10
66.2073
 20
54.117734
 30
0.0
 11
65.330143
 21
53.240577
 31
0.0
  0
LINE
  5
245
102
{ACAD_REACTORS
330
78F
102
}
330
1F
100
AcDbEntity
  8
1
  6
Continuous
 62
   155
370
    70
100
AcDbLine
 10
57.530143
 20
53.440577
 30
0.0
 11
57.530143
 21
57.601577
 31
0.0
  0
LINE
  5
246
330
1F
100
AcDbEntity
  8
1
  6
Continuous
 62
   155
370
    70
100
AcDbLine
 10
57.730143
 20
53.240577
 30
0.0
 11
57.530143
 21
53.440577
 31
0.0
  0
LINE
  5
247
330
1F
100
AcDbEntity
  8
1
  6
Continuous
 62
   155
370
    70
100
AcDbLine
 10
65.330143
 20
82.640577
 30
0.0
 11
66.2073
 21
81.763419
 31
0.0
  0
LINE
  5
248
330
1F
100
AcDbEntity
  8
1
  6
Continuous
 62
   155
370
    70
100
AcDbLine
 10
66.2073
 20
78.279577
 30
0.0
 11
57.530143
 21
78.279577
 31
0.0
  0
LINE
  5
249
102
{ACAD_REACTORS
330
7D7
102
}
330
1F
100
AcDbEntity
  8
1
  6
Continuous
 62
   155
370
    70
100
AcDbLine
 10
57.530143
 20
78.279577
 30
0.0
 11
57.530143
 21
80.440577
 31
0.0
  0
LINE
  5
24A
330
1F
100
AcDbEntity
  8
1
  6
Continuous
 62
   155
370
    70
100
AcDbLine
 10
57.530143
 20
80.440577
 30
0.0
 11
59.730143
 21
82.640577
 31
0.0
  0
LINE
  5
24B
330
1F
100
AcDbEntity
  8
1
  6
Continuous
 62
   155
370
    70
100
AcDbLine
 10
65.330143
 20
82.640577
 30
0.0
 11
65.030143
 21
82.940577
 31
0.0
  0
LINE
  5
24C
330
1F
100
AcDbEntity
  8
1
  6
Continuous
 62
   155
370
    70
100
AcDbLine
 10
60.030143
 20
82.940577
 30
0.0
 11
59.730143
 21
82.640577
 31
0.0
  0
LINE
  5
24D
330
1F
100
AcDbEntity
  8
1
  6
Continuous
 62
   155
370
    70
100
AcDbLine
 10
59.730143
 20
82.640577
 30
0.0
 11
65.330143
 21
82.640577
 31
0.0
  0
LINE
  5
24E
330
1F
100
AcDbEntity
  8
1
  6
Continuous
 62
   155
370
    70
100
AcDbLine
 10
60.030143
 20
82.940577
 30
0.0
 11
65.030143
 21
82.940577
 31
0.0
  0
LINE
  5
24F
330
1F
100
AcDbEntity
  8
1
  6
Continuous
 62
   155
370
    70
100
AcDbLine
 10
65.155054
 20
72.467577
 30
0.0
 11
64.955328
 21
72.467577
 31
0.0
  0
LINE
  5
250
330
1F
100
AcDbEntity
  8
1
  6
Continuous
 62
   155
370
    70
100
AcDbLine
 10
64.955328
 20
63.413577
 30
0.0
 11
65.155054
 21
63.413577
 31
0.0
  0
LINE
  5
251
330
1F
100
AcDbEntity
  8
1
  6
Continuous
 62
   155
370
    35
100
AcDbLine
 10
65.155054
 20
72.467577
 30
0.0
 11
65.155054
 21
63.413577
 31
0.0
  0
LINE
  5
252
330
1F
100
AcDbEntity
  8
1
  6
Continuous
 62
   155
370
    70
100
AcDbLine
 10
57.530143
 20
72.467577
 30
0.0
 11
61.796294
 21
72.467577
 31
0.0
  0
LINE
  5
253
330
1F
100
AcDbEntity
  8
1
  6
Continuous
 62
   155
370
    70
100
AcDbLine
 10
57.530143
 20
72.467577
 30
0.0
 11
57.530143
 21
63.413577
 31
0.0
  0
LINE
  5
254
330
1F
100
AcDbEntity
  8
1
  6
Continuous
 62
   155
370
    70
100
AcDbLine
 10
57.530143
 20
63.413577
 30
0.0
 11
58.074094
 21
63.413577
 31
0.0
  0
LINE
  5
255
330
1F
100
AcDbEntity
  8
1
  6
Continuous
 62
   155
370
    70
100
AcDbLine
 10
59.125175
 20
69.195693
 30
0.0
 11
58.877918
 21
64.17876
 31
0.0
  0
LINE
  5
256
330
1F
100
AcDbEntity
  8
1
  6
Continuous
 62
   155
370
    70
100
AcDbLine
 10
60.230368
 20
64.17876
 30
0.0
 11
59.983111
 21
69.195694
 31
0.0
  0
LINE
  5
257
330
1F
100
AcDbEntity
  8
1
  6
Continuous
 62
   155
370
    70
100
AcDbLine
 10
64.955328
 20
63.413577
 30
0.0
 11
61.034192
 21
63.413577
 31
0.0
  0
LINE
  5
258
330
1F
100
AcDbEntity
  8
1
  6
Continuous
 62
   155
370
    35
100
AcDbLine
 10
64.955328
 20
63.413577
 30
0.0
 11
64.955328
 21
72.467577
 31
0.0
  0
LINE
  5
259
330
1F
100
AcDbEntity
  8
1
  6
Continuous
 62
   155
370
    70
100
AcDbLine
 10
64.955328
 20
72.467577
 30
0.0
 11
64.756392
 21
72.467577
 31
0.0
  0
LINE
  5
25A
330
1F
100
AcDbEntity
  8
1
  6
Continuous
 62
   155
370
    70
100
AcDbLine
 10
63.705311
 20
66.68546
 30
0.0
 11
63.952568
 21
71.702393
 31
0.0
  0
LINE
  5
25B
330
1F
100
AcDbEntity
  8
1
  6
Continuous
 62
   155
370
    70
100
AcDbLine
 10
62.600118
 20
71.702393
 30
0.0
 11
62.847375
 21
66.68546
 31
0.0
  0
LINE
  5
25C
330
1F
100
AcDbEntity
  8
1
  6
Continuous
 62
   155
370
    70
100
AcDbLine
 10
57.835145
 20
60.601577
 30
0.0
 11
66.2073
 21
60.601577
 31
0.0
  0
LINE
  5
25D
330
1F
100
AcDbEntity
  8
1
  6
Continuous
 62
   155
370
    70
100
AcDbLine
 10
57.537919
 20
60.8988
 30
0.0
 11
57.835145
 21
60.601575
 31
0.0
  0
LINE
  5
25E
330
1F
100
AcDbEntity
  8
1
  6
Continuous
 62
   155
370
    70
100
AcDbLine
 10
66.1073
 20
61.401577
 30
0.0
 11
65.938632
 21
61.401577
 31
0.0
  0
LINE
  5
25F
330
1F
100
AcDbEntity
  8
1
  6
Continuous
 62
   155
370
    70
100
AcDbLine
 10
57.536807
 20
60.896577
 30
0.0
 11
66.1073
 21
60.896577
 31
0.0
  0
LINE
  5
260
330
1F
100
AcDbEntity
  8
1
  6
Continuous
 62
   155
370
    70
100
AcDbLine
 10
65.590143
 20
61.602777
 30
0.0
 11
65.938632
 21
61.401577
 31
0.0
  0
LINE
  5
261
330
1F
100
AcDbEntity
  8
1
  6
Continuous
 62
   155
370
    70
100
AcDbLine
 10
65.590143
 20
62.407577
 30
0.0
 11
65.590143
 21
61.602777
 31
0.0
  0
LINE
  5
262
330
1F
100
AcDbEntity
  8
1
  6
Continuous
 62
   155
370
    70
100
AcDbLine
 10
65.590143
 20
62.407577
 30
0.0
 11
59.956543
 21
62.407577
 31
0.0
  0
LINE
  5
263
330
1F
100
AcDbEntity
  8
1
  6
Continuous
 62
   155
370
    70
100
AcDbLine
 10
59.956543
 20
62.407577
 30
0.0
 11
59.956543
 21
61.401577
 31
0.0
  0
LINE
  5
264
330
1F
100
AcDbEntity
  8
1
  6
Continuous
 62
   155
370
    70
100
AcDbLine
 10
59.956543
 20
61.401577
 30
0.0
 11
57.535143
 21
61.401577
 31
0.0
  0
LINE
  5
265
330
1F
100
AcDbEntity
  8
1
  6
Continuous
 62
   155
370
    70
100
AcDbLine
 10
57.535143
 20
61.401577
 30
0.0
 11
57.535143
 21
60.899912
 31
0.0
  0
LINE
  5
266
330
1F
100
AcDbEntity
  8
1
  6
Continuous
 62
   155
370
    70
100
AcDbLine
 10
66.2073
 20
74.479577
 30
0.0
 11
66.1073
 21
74.479577
 31
0.0
  0
LINE
  5
267
330
1F
100
AcDbEntity
  8
1
  6
Continuous
 62
   155
370
    70
100
AcDbLine
 10
66.2073
 20
61.401577
 30
0.0
 11
66.1073
 21
61.401577
 31
0.0
  0
LINE
  5
268
330
1F
100
AcDbEntity
  8
1
  6
Continuous
 62
   155
370
    70
100
AcDbLine
 10
66.2073
 20
60.901577
 30
0.0
 11
66.1073
 21
60.901577
 31
0.0
  0
LINE
  5
269
330
1F
100
AcDbEntity
  8
1
  6
Continuous
 62
   155
370
    70
100
AcDbLine
 10
66.2073
 20
75.279577
 30
0.0
 11
57.835143
 21
75.279577
 31
0.0
  0
LINE
  5
26A
330
1F
100
AcDbEntity
  8
1
  6
Continuous
 62
   155
370
    70
100
AcDbLine
 10
66.1073
 20
74.979577
 30
0.0
 11
66.2073
 21
74.979577
 31
0.0
  0
LINE
  5
26B
330
1F
100
AcDbEntity
  8
1
  6
Continuous
 62
   155
370
    70
100
AcDbLine
 10
57.835143
 20
75.279577
 30
0.0
 11
57.537644
 21
74.982078
 31
0.0
  0
LINE
  5
26C
330
1F
100
AcDbEntity
  8
1
  6
Continuous
 62
   155
370
    70
100
AcDbLine
 10
66.1073
 20
74.479577
 30
0.0
 11
65.938632
 21
74.479577
 31
0.0
  0
LINE
  5
26D
330
1F
100
AcDbEntity
  8
1
  6
Continuous
 62
   155
370
    70
100
AcDbLine
 10
66.1073
 20
74.984577
 30
0.0
 11
57.53556
 21
74.984577
 31
0.0
  0
LINE
  5
26E
330
1F
100
AcDbEntity
  8
1
  6
Continuous
 62
   155
370
    70
100
AcDbLine
 10
57.535143
 20
74.982079
 30
0.0
 11
57.535143
 21
74.479577
 31
0.0
  0
LINE
  5
26F
330
1F
100
AcDbEntity
  8
1
  6
Continuous
 62
   155
370
    70
100
AcDbLine
 10
57.535143
 20
74.479577
 30
0.0
 11
59.956543
 21
74.479577
 31
0.0
  0
LINE
  5
270
330
1F
100
AcDbEntity
  8
1
  6
Continuous
 62
   155
370
    70
100
AcDbLine
 10
59.956543
 20
74.479577
 30
0.0
 11
59.956543
 21
73.473577
 31
0.0
  0
LINE
  5
271
330
1F
100
AcDbEntity
  8
1
  6
Continuous
 62
   155
370
    70
100
AcDbLine
 10
65.590143
 20
73.473577
 30
0.0
 11
59.956543
 21
73.473577
 31
0.0
  0
LINE
  5
272
330
1F
100
AcDbEntity
  8
1
  6
Continuous
 62
   155
370
    70
100
AcDbLine
 10
65.590143
 20
74.278377
 30
0.0
 11
65.590143
 21
73.473577
 31
0.0
  0
LINE
  5
273
330
1F
100
AcDbEntity
  8
1
  6
Continuous
 62
   155
370
    70
100
AcDbLine
 10
65.938632
 20
74.479577
 30
0.0
 11
65.590143
 21
74.278377
 31
0.0
  0
LINE
  5
274
330
1F
100
AcDbEntity
  8
1
  6
Continuous
 62
   155
370
    70
100
AcDbLine
 10
66.560854
 20
75.279577
 30
0.0
 11
66.2073
 21
75.279577
 31
0.0
  0
LINE
  5
275
330
1F
100
AcDbEntity
  8
1
  6
Continuous
 62
   155
370
    35
100
AcDbLine
 10
66.2073
 20
74.979577
 30
0.0
 11
66.2073
 21
75.279577
 31
0.0
  0
LINE
  5
276
330
1F
100
AcDbEntity
  8
1
  6
Continuous
 62
   155
370
    70
100
AcDbLine
 10
66.348722
 20
81.621998
 30
0.0
 11
66.2073
 21
81.763419
 31
0.0
  0
LINE
  5
277
330
1F
100
AcDbEntity
  8
1
  6
Continuous
 62
   155
370
    70
100
AcDbLine
 10
66.2073
 20
78.279577
 30
0.0
 11
66.348722
 21
78.279577
 31
0.0
  0
LINE
  5
278
330
1F
100
AcDbEntity
  8
1
  6
DASHED
 62
   155
370
    13
100
AcDbLine
 10
52.530143
 20
55.440577
 30
0.0
 11
52.230143
 21
55.564841
 31
0.0
  0
LINE
  5
279
330
1F
100
AcDbEntity
  8
1
  6
DASHED
 62
   155
370
    13
100
AcDbLine
 10
52.030143
 20
63.619576
 30
0.0
 11
52.030143
 21
72.261577
 31
0.0
  0
LINE
  5
27A
330
1F
100
AcDbEntity
  8
1
  6
DASHED
 62
   155
370
    13
100
AcDbLine
 10
52.225143
 20
63.619577
 30
0.0
 11
52.030143
 21
63.619577
 31
0.0
  0
LINE
  5
27B
330
1F
100
AcDbEntity
  8
1
  6
DASHED
 62
   155
370
    13
100
AcDbLine
 10
52.030143
 20
72.261577
 30
0.0
 11
52.225143
 21
72.261577
 31
0.0
  0
LINE
  5
27C
330
1F
100
AcDbEntity
  8
1
  6
DASHED
 62
   155
370
    13
100
AcDbLine
 10
52.225142
 20
63.619577
 30
0.0
 11
52.225142
 21
72.261577
 31
0.0
  0
LINE
  5
27D
330
1F
100
AcDbEntity
  8
1
  6
DASHED
 62
   155
370
    13
100
AcDbLine
 10
52.030143
 20
72.261577
 30
0.0
 11
52.030143
 21
73.301948
 31
0.0
  0
LINE
  5
27E
330
1F
100
AcDbEntity
  8
1
  6
DASHED
 62
   155
370
    13
100
AcDbLine
 10
52.225143
 20
73.301948
 30
0.0
 11
52.030143
 21
73.301948
 31
0.0
  0
LINE
  5
27F
330
1F
100
AcDbEntity
  8
1
  6
DASHED
 62
   155
370
    13
100
AcDbLine
 10
52.225143
 20
73.301948
 30
0.0
 11
52.225143
 21
72.261577
 31
0.0
  0
LINE
  5
280
330
1F
100
AcDbEntity
  8
1
  6
DASHED
 62
   155
370
    13
100
AcDbLine
 10
52.030143
 20
62.579206
 30
0.0
 11
52.030143
 21
63.619577
 31
0.0
  0
LINE
  5
281
330
1F
100
AcDbEntity
  8
1
  6
DASHED
 62
   155
370
    13
100
AcDbLine
 10
52.030143
 20
62.579206
 30
0.0
 11
52.225143
 21
62.579206
 31
0.0
  0
LINE
  5
282
330
1F
100
AcDbEntity
  8
1
  6
DASHED
 62
   155
370
    13
100
AcDbLine
 10
52.225143
 20
63.619577
 30
0.0
 11
52.225143
 21
62.579206
 31
0.0
  0
LINE
  5
283
330
1F
100
AcDbEntity
  8
1
  6
DASHED
 62
   155
370
    13
100
AcDbLine
 10
52.030143
 20
61.607577
 30
0.0
 11
52.030143
 21
62.579206
 31
0.0
  0
LINE
  5
284
330
1F
100
AcDbEntity
  8
1
  6
DASHED
 62
   155
370
    13
100
AcDbLine
 10
52.225143
 20
61.607577
 30
0.0
 11
52.225143
 21
62.579206
 31
0.0
  0
LINE
  5
285
330
1F
100
AcDbEntity
  8
1
  6
DASHED
 62
   155
370
    13
100
AcDbLine
 10
52.030143
 20
73.301948
 30
0.0
 11
52.030143
 21
74.273577
 31
0.0
  0
LINE
  5
286
330
1F
100
AcDbEntity
  8
1
  6
DASHED
 62
   155
370
    13
100
AcDbLine
 10
52.225143
 20
73.301948
 30
0.0
 11
52.225143
 21
74.273577
 31
0.0
  0
LINE
  5
287
330
1F
100
AcDbEntity
  8
1
  6
DASHED
 62
   155
370
    13
100
AcDbLine
 10
52.525143
 20
61.907577
 30
0.0
 11
52.525143
 21
61.907577
 31
0.0
  0
LINE
  5
288
330
1F
100
AcDbEntity
  8
1
  6
DASHED
 62
   155
370
    13
100
AcDbLine
 10
43.030143
 20
74.273577
 30
0.0
 11
43.030143
 21
61.607577
 31
0.0
  0
LINE
  5
289
330
1F
100
AcDbEntity
  8
1
  6
DASHED
 62
   155
370
    13
100
AcDbLine
 10
42.835143
 20
74.273577
 30
0.0
 11
43.030143
 21
74.273577
 31
0.0
  0
LINE
  5
28A
330
1F
100
AcDbEntity
  8
1
  6
DASHED
 62
   155
370
    13
100
AcDbLine
 10
43.030143
 20
61.607577
 30
0.0
 11
42.835143
 21
61.607577
 31
0.0
  0
LINE
  5
28B
330
1F
100
AcDbEntity
  8
1
  6
DASHED
 62
   155
370
    13
100
AcDbLine
 10
42.835143
 20
74.273577
 30
0.0
 11
42.835143
 21
61.607577
 31
0.0
  0
LINE
  5
28C
330
1F
100
AcDbEntity
  8
1
  6
DASHED
 62
   155
370
    13
100
AcDbLine
 10
43.030143
 20
61.607577
 30
0.0
 11
43.030143
 21
60.601577
 31
0.0
  0
LINE
  5
28D
330
1F
100
AcDbEntity
  8
1
  6
DASHED
 62
   155
370
    13
100
AcDbLine
 10
42.835143
 20
60.601577
 30
0.0
 11
42.835143
 21
61.607577
 31
0.0
  0
LINE
  5
28E
330
1F
100
AcDbEntity
  8
1
  6
DASHED
 62
   155
370
    13
100
AcDbLine
 10
37.230143
 20
55.564841
 30
0.0
 11
37.230143
 21
80.316312
 31
0.0
  0
LINE
  5
28F
330
1F
100
AcDbEntity
  8
1
  6
DASHED
 62
   155
370
    13
100
AcDbLine
 10
34.905879
 20
53.240577
 30
0.0
 11
37.230143
 21
55.564841
 31
0.0
  0
LINE
  5
290
330
1F
100
AcDbEntity
  8
1
  6
DASHED
 62
   155
370
    13
100
AcDbLine
 10
30.154407
 20
82.640577
 30
0.0
 11
27.830143
 21
80.316312
 31
0.0
  0
LINE
  5
291
330
1F
100
AcDbEntity
  8
1
  6
DASHED
 62
   155
370
    13
100
AcDbLine
 10
43.030143
 20
75.279581
 30
0.0
 11
43.030143
 21
74.273577
 31
0.0
  0
LINE
  5
292
330
1F
100
AcDbEntity
  8
1
  6
DASHED
 62
   155
370
    13
100
AcDbLine
 10
42.835143
 20
74.273577
 30
0.0
 11
42.835143
 21
75.279577
 31
0.0
  0
LINE
  5
293
330
1F
100
AcDbEntity
  8
1
  6
DASHED
 62
   155
370
    13
100
AcDbLine
 10
52.030143
 20
60.601577
 30
0.0
 11
52.030143
 21
61.607577
 31
0.0
  0
LINE
  5
294
330
1F
100
AcDbEntity
  8
1
  6
DASHED
 62
   155
370
    13
100
AcDbLine
 10
52.225143
 20
61.607577
 30
0.0
 11
52.030143
 21
61.607577
 31
0.0
  0
LINE
  5
295
330
1F
100
AcDbEntity
  8
1
  6
DASHED
 62
   155
370
    13
100
AcDbLine
 10
52.030143
 20
74.273577
 30
0.0
 11
52.030143
 21
75.279577
 31
0.0
  0
LINE
  5
296
330
1F
100
AcDbEntity
  8
1
  6
DASHED
 62
   155
370
    13
100
AcDbLine
 10
52.030143
 20
74.273577
 30
0.0
 11
52.225143
 21
74.273577
 31
0.0
  0
LINE
  5
297
330
1F
100
AcDbEntity
  8
1
  6
DASHED
 62
   155
370
    13
100
AcDbLine
 10
52.225143
 20
74.273577
 30
0.0
 11
52.525143
 21
73.973577
 31
0.0
  0
LINE
  5
298
330
1F
100
AcDbEntity
  8
1
  6
DASHED
 62
   155
370
    13
100
AcDbLine
 10
52.225143
 20
75.279577
 30
0.0
 11
52.225143
 21
74.273577
 31
0.0
  0
LINE
  5
299
330
1F
100
AcDbEntity
  8
1
  6
DASHED
 62
   155
370
    13
100
AcDbLine
 10
52.225143
 20
61.607577
 30
0.0
 11
52.225143
 21
60.601577
 31
0.0
  0
LINE
  5
29A
330
1F
100
AcDbEntity
  8
1
  6
DASHED
 62
   155
370
    13
100
AcDbLine
 10
52.525143
 20
61.907577
 30
0.0
 11
52.225143
 21
61.607577
 31
0.0
  0
LINE
  5
29B
330
1F
100
AcDbEntity
  8
1
  6
Continuous
 62
   155
370
    70
100
AcDbLine
 10
82.530143
 20
62.119577
 30
0.0
 11
82.530143
 21
73.761577
 31
0.0
  0
LINE
  5
29C
330
1F
100
AcDbEntity
  8
1
  6
Continuous
 62
   155
370
    70
100
AcDbLine
 10
82.530143
 20
60.619577
 30
0.0
 11
82.530143
 21
62.119577
 31
0.0
  0
LINE
  5
29D
330
1F
100
AcDbEntity
  8
1
  6
DASHED
 62
   155
370
    13
100
AcDbLine
 10
82.030143
 20
62.119577
 30
0.0
 11
82.525135
 21
62.119577
 31
0.0
  0
LINE
  5
29E
330
1F
100
AcDbEntity
  8
1
  6
Continuous
 62
   155
370
    35
100
AcDbLine
 10
82.525135
 20
62.119577
 30
0.0
 11
82.530143
 21
62.119577
 31
0.0
  0
LINE
  5
29F
330
1F
100
AcDbEntity
  8
1
  6
Continuous
 62
   155
370
    70
100
AcDbLine
 10
82.530143
 20
73.761577
 30
0.0
 11
82.530143
 21
75.261577
 31
0.0
  0
LINE
  5
2A0
330
1F
100
AcDbEntity
  8
1
  6
Continuous
 62
   155
370
    35
100
AcDbLine
 10
82.530143
 20
73.761577
 30
0.0
 11
82.525143
 21
73.761577
 31
0.0
  0
LINE
  5
2A1
330
1F
100
AcDbEntity
  8
1
  6
DASHED
 62
   155
370
    13
100
AcDbLine
 10
82.525143
 20
73.761577
 30
0.0
 11
82.030143
 21
73.761577
 31
0.0
  0
LINE
  5
2A2
330
1F
100
AcDbEntity
  8
1
  6
Continuous
 62
   155
370
    70
100
AcDbLine
 10
72.530143
 20
75.944405
 30
0.0
 11
72.530143
 21
72.467492
 31
0.0
  0
LINE
  5
2A3
330
1F
100
AcDbEntity
  8
1
  6
Continuous
 62
   155
370
    70
100
AcDbLine
 10
72.530143
 20
63.413661
 30
0.0
 11
72.530143
 21
59.936748
 31
0.0
  0
LINE
  5
2A4
330
1F
100
AcDbEntity
  8
1
  6
Continuous
 62
   155
370
    70
100
AcDbLine
 10
82.530143
 20
75.261577
 30
0.0
 11
82.530143
 21
76.855768
 31
0.0
  0
LINE
  5
2A5
330
1F
100
AcDbEntity
  8
1
  6
DASHED
 62
   155
370
    13
100
AcDbLine
 10
82.030143
 20
75.261577
 30
0.0
 11
82.243143
 21
75.261577
 31
0.0
  0
LINE
  5
2A6
330
1F
100
AcDbEntity
  8
1
  6
Continuous
 62
   155
370
    70
100
AcDbLine
 10
82.243143
 20
75.261577
 30
0.0
 11
82.530143
 21
75.261577
 31
0.0
  0
LINE
  5
2A7
330
1F
100
AcDbEntity
  8
1
  6
Continuous
 62
   155
370
    70
100
AcDbLine
 10
82.530143
 20
59.025385
 30
0.0
 11
82.530143
 21
60.619577
 31
0.0
  0
LINE
  5
2A8
330
1F
100
AcDbEntity
  8
1
  6
DASHED
 62
   155
370
    13
100
AcDbLine
 10
82.030143
 20
60.619577
 30
0.0
 11
82.243151
 21
60.619577
 31
0.0
  0
LINE
  5
2A9
330
1F
100
AcDbEntity
  8
1
  6
Continuous
 62
   155
370
    70
100
AcDbLine
 10
82.243151
 20
60.619577
 30
0.0
 11
82.530143
 21
60.619577
 31
0.0
  0
LINE
  5
2AA
330
1F
100
AcDbEntity
  8
1
  6
Continuous
 62
   155
370
    70
100
AcDbLine
 10
82.525143
 20
71.461577
 30
0.0
 11
82.525143
 21
70.254377
 31
0.0
  0
LINE
  5
2AB
330
1F
100
AcDbEntity
  8
1
  6
Continuous
 62
   155
370
    70
100
AcDbLine
 10
82.525143
 20
65.626777
 30
0.0
 11
82.525143
 21
64.419577
 31
0.0
  0
LINE
  5
2AC
330
1F
100
AcDbEntity
  8
1
  6
Continuous
 62
   155
370
    70
100
AcDbLine
 10
82.525143
 20
68.544177
 30
0.0
 11
82.525143
 21
67.336977
 31
0.0
  0
LINE
  5
2AD
330
1F
100
AcDbEntity
  8
1
  6
Continuous
 62
   155
370
    70
100
AcDbLine
 10
72.530143
 20
77.273577
 30
0.0
 11
72.530143
 21
75.944405
 31
0.0
  0
LINE
  5
2AE
330
1F
100
AcDbEntity
  8
1
  6
Continuous
 62
   155
370
    35
100
AcDbLine
 10
73.030143
 20
75.944405
 30
0.0
 11
72.530143
 21
75.944405
 31
0.0
  0
LINE
  5
2AF
330
1F
100
AcDbEntity
  8
1
  6
Continuous
 62
   155
370
    70
100
AcDbLine
 10
72.530143
 20
59.936748
 30
0.0
 11
72.530143
 21
58.607577
 31
0.0
  0
LINE
  5
2B0
330
1F
100
AcDbEntity
  8
1
  6
Continuous
 62
   155
370
    35
100
AcDbLine
 10
72.530143
 20
59.936748
 30
0.0
 11
73.030143
 21
59.936748
 31
0.0
  0
LINE
  5
2B1
330
1F
100
AcDbEntity
  8
1
  6
Continuous
 62
   155
370
    70
100
AcDbLine
 10
82.530143
 20
76.855768
 30
0.0
 11
82.530143
 21
77.273577
 31
0.0
  0
LINE
  5
2B2
330
1F
100
AcDbEntity
  8
1
  6
Continuous
 62
   155
370
    35
100
AcDbLine
 10
82.530143
 20
76.855768
 30
0.0
 11
82.030143
 21
76.855768
 31
0.0
  0
LINE
  5
2B3
330
1F
100
AcDbEntity
  8
1
  6
Continuous
 62
   155
370
    70
100
AcDbLine
 10
82.530143
 20
58.607577
 30
0.0
 11
82.530143
 21
59.025385
 31
0.0
  0
LINE
  5
2B4
330
1F
100
AcDbEntity
  8
1
  6
Continuous
 62
   155
370
    35
100
AcDbLine
 10
82.030143
 20
59.025385
 30
0.0
 11
82.530143
 21
59.025385
 31
0.0
  0
LINE
  5
2B5
330
1F
100
AcDbEntity
  8
1
  6
Continuous
 62
   155
370
    70
100
AcDbLine
 10
82.525143
 20
70.254377
 30
0.0
 11
82.525143
 21
68.544177
 31
0.0
  0
LINE
  5
2B6
330
1F
100
AcDbEntity
  8
1
  6
Continuous
 62
   155
370
    70
100
AcDbLine
 10
80.791343
 20
68.544177
 30
0.0
 11
82.525143
 21
68.544177
 31
0.0
  0
LINE
  5
2B7
330
1F
100
AcDbEntity
  8
1
  6
Continuous
 62
   155
370
    70
100
AcDbLine
 10
82.525143
 20
70.254377
 30
0.0
 11
80.791343
 21
70.254377
 31
0.0
  0
LINE
  5
2B8
330
1F
100
AcDbEntity
  8
1
  6
Continuous
 62
   155
370
    70
100
AcDbLine
 10
82.525143
 20
64.419577
 30
0.0
 11
82.525143
 21
62.910577
 31
0.0
  0
LINE
  5
2B9
330
1F
100
AcDbEntity
  8
1
  6
Continuous
 62
   155
370
    70
100
AcDbLine
 10
81.797343
 20
64.419577
 30
0.0
 11
82.525143
 21
64.419577
 31
0.0
  0
LINE
  5
2BA
330
1F
100
AcDbEntity
  8
1
  6
Continuous
 62
   155
370
    35
100
AcDbLine
 10
81.964023
 20
64.419577
 30
0.0
 11
81.964023
 21
65.626777
 31
0.0
  0
LINE
  5
2BB
330
1F
100
AcDbEntity
  8
1
  6
Continuous
 62
   155
370
    70
100
AcDbLine
 10
82.525143
 20
71.461577
 30
0.0
 11
82.525143
 21
72.970577
 31
0.0
  0
LINE
  5
2BC
330
1F
100
AcDbEntity
  8
1
  6
Continuous
 62
   155
370
    70
100
AcDbLine
 10
82.525143
 20
71.461577
 30
0.0
 11
81.797343
 21
71.461577
 31
0.0
  0
LINE
  5
2BD
330
1F
100
AcDbEntity
  8
1
  6
Continuous
 62
   155
370
    35
100
AcDbLine
 10
81.964023
 20
70.254377
 30
0.0
 11
81.964023
 21
71.461577
 31
0.0
  0
LINE
  5
2BE
330
1F
100
AcDbEntity
  8
1
  6
Continuous
 62
   155
370
    35
100
AcDbLine
 10
81.964023
 20
67.336977
 30
0.0
 11
81.964023
 21
68.544177
 31
0.0
  0
LINE
  5
2BF
330
1F
100
AcDbEntity
  8
1
  6
Continuous
 62
   155
370
    70
100
AcDbLine
 10
82.525143
 20
67.336977
 30
0.0
 11
82.525143
 21
65.626777
 31
0.0
  0
LINE
  5
2C0
330
1F
100
AcDbEntity
  8
1
  6
Continuous
 62
   155
370
    70
100
AcDbLine
 10
80.791343
 20
67.336977
 30
0.0
 11
82.525143
 21
67.336977
 31
0.0
  0
LINE
  5
2C1
330
1F
100
AcDbEntity
  8
1
  6
Continuous
 62
   155
370
    70
100
AcDbLine
 10
80.791343
 20
65.626777
 30
0.0
 11
82.525143
 21
65.626777
 31
0.0
  0
LINE
  5
2C2
330
1F
100
AcDbEntity
  8
1
  6
Continuous
 62
   155
370
    70
100
AcDbLine
 10
82.525143
 20
72.970577
 30
0.0
 11
82.525143
 21
73.473577
 31
0.0
  0
LINE
  5
2C3
330
1F
100
AcDbEntity
  8
1
  6
Continuous
 62
   155
370
    70
100
AcDbLine
 10
81.797343
 20
72.970577
 30
0.0
 11
82.525143
 21
72.970577
 31
0.0
  0
LINE
  5
2C4
330
1F
100
AcDbEntity
  8
1
  6
Continuous
 62
   155
370
    70
100
AcDbLine
 10
82.525143
 20
62.407577
 30
0.0
 11
82.525143
 21
62.910577
 31
0.0
  0
LINE
  5
2C5
330
1F
100
AcDbEntity
  8
1
  6
Continuous
 62
   155
370
    70
100
AcDbLine
 10
81.797343
 20
62.910577
 30
0.0
 11
82.525143
 21
62.910577
 31
0.0
  0
LINE
  5
2C6
330
1F
100
AcDbEntity
  8
1
  6
Continuous
 62
   155
370
    70
100
AcDbLine
 10
72.530143
 20
78.279577
 30
0.0
 11
72.530143
 21
77.273577
 31
0.0
  0
LINE
  5
2C7
330
1F
100
AcDbEntity
  8
1
  6
Continuous
 62
   155
370
    70
100
AcDbLine
 10
73.030143
 20
77.273577
 30
0.0
 11
72.530143
 21
77.273577
 31
0.0
  0
LINE
  5
2C8
330
1F
100
AcDbEntity
  8
1
  6
Continuous
 62
   155
370
    70
100
AcDbLine
 10
72.530143
 20
58.607577
 30
0.0
 11
72.530143
 21
57.601577
 31
0.0
  0
LINE
  5
2C9
330
1F
100
AcDbEntity
  8
1
  6
Continuous
 62
   155
370
    70
100
AcDbLine
 10
73.030143
 20
58.607577
 30
0.0
 11
72.530143
 21
58.607577
 31
0.0
  0
LINE
  5
2CA
330
1F
100
AcDbEntity
  8
1
  6
Continuous
 62
   155
370
    70
100
AcDbLine
 10
82.530143
 20
77.273577
 30
0.0
 11
82.530143
 21
78.279577
 31
0.0
  0
LINE
  5
2CB
330
1F
100
AcDbEntity
  8
1
  6
Continuous
 62
   155
370
    70
100
AcDbLine
 10
82.030143
 20
77.273577
 30
0.0
 11
82.530143
 21
77.273577
 31
0.0
  0
LINE
  5
2CC
330
1F
100
AcDbEntity
  8
1
  6
Continuous
 62
   155
370
    70
100
AcDbLine
 10
82.530143
 20
57.601577
 30
0.0
 11
82.530143
 21
58.607577
 31
0.0
  0
LINE
  5
2CD
330
1F
100
AcDbEntity
  8
1
  6
Continuous
 62
   155
370
    70
100
AcDbLine
 10
82.030143
 20
58.607577
 30
0.0
 11
82.530143
 21
58.607577
 31
0.0
  0
LINE
  5
2CE
330
1F
100
AcDbEntity
  8
1
  6
Continuous
 62
   155
370
    35
100
AcDbLine
 10
80.298686
 20
64.382511
 30
0.0
 11
80.487303
 21
64.382511
 31
0.0
  0
LINE
  5
2CF
330
1F
100
AcDbEntity
  8
1
  6
Continuous
 62
   155
370
    35
100
AcDbLine
 10
80.487303
 20
71.498642
 30
0.0
 11
80.298686
 21
71.498642
 31
0.0
  0
LINE
  5
2D0
330
1F
100
AcDbEntity
  8
1
  6
Continuous
 62
   155
370
    70
100
AcDbLine
 10
81.797343
 20
64.419577
 30
0.0
 11
81.797343
 21
64.314184
 31
0.0
  0
LINE
  5
2D1
330
1F
100
AcDbEntity
  8
1
  6
Continuous
 62
   155
370
    70
100
AcDbLine
 10
81.797343
 20
71.56697
 30
0.0
 11
81.797343
 21
71.461577
 31
0.0
  0
LINE
  5
2D2
330
1F
100
AcDbEntity
  8
1
  6
Continuous
 62
   155
370
    70
100
AcDbLine
 10
80.791343
 20
71.461577
 30
0.0
 11
81.797343
 21
71.461577
 31
0.0
  0
LINE
  5
2D3
330
1F
100
AcDbEntity
  8
1
  6
Continuous
 62
   155
370
    35
100
AcDbLine
 10
80.487303
 20
71.498642
 30
0.0
 11
80.487303
 21
64.382511
 31
0.0
  0
LINE
  5
2D4
330
1F
100
AcDbEntity
  8
1
  6
Continuous
 62
   155
370
    70
100
AcDbLine
 10
81.797343
 20
64.419577
 30
0.0
 11
80.791343
 21
64.419577
 31
0.0
  0
LINE
  5
2D5
330
1F
100
AcDbEntity
  8
1
  6
Continuous
 62
   155
370
    70
100
AcDbLine
 10
80.791343
 20
64.419577
 30
0.0
 11
80.791343
 21
71.461577
 31
0.0
  0
LINE
  5
2D6
330
1F
100
AcDbEntity
  8
1
  6
Continuous
 62
   155
370
    70
100
AcDbLine
 10
81.797343
 20
64.314184
 30
0.0
 11
81.797343
 21
64.163844
 31
0.0
  0
LINE
  5
2D7
330
1F
100
AcDbEntity
  8
1
  6
Continuous
 62
   155
370
    35
100
AcDbLine
 10
81.797343
 20
64.314184
 30
0.0
 11
80.536543
 21
64.331888
 31
0.0
  0
LINE
  5
2D8
330
1F
100
AcDbEntity
  8
1
  6
Continuous
 62
   155
370
    70
100
AcDbLine
 10
81.797343
 20
71.56697
 30
0.0
 11
81.797343
 21
71.717309
 31
0.0
  0
LINE
  5
2D9
330
1F
100
AcDbEntity
  8
1
  6
Continuous
 62
   155
370
    35
100
AcDbLine
 10
80.536543
 20
71.549265
 30
0.0
 11
81.797343
 21
71.56697
 31
0.0
  0
LINE
  5
2DA
330
1F
100
AcDbEntity
  8
1
  6
Continuous
 62
   155
370
    70
100
AcDbLine
 10
81.797343
 20
64.12351
 30
0.0
 11
81.797343
 21
64.163844
 31
0.0
  0
LINE
  5
2DB
330
1F
100
AcDbEntity
  8
1
  6
DASHED
 62
   155
370
    13
100
AcDbLine
 10
79.905879
 20
53.240577
 30
0.0
 11
80.030143
 21
52.940577
 31
0.0
  0
LINE
  5
2DC
330
1F
100
AcDbEntity
  8
1
  6
DASHED
 62
   155
370
    13
100
AcDbLine
 10
75.154407
 20
82.640577
 30
0.0
 11
75.030143
 21
82.940577
 31
0.0
  0
LINE
  5
2DD
330
1F
100
AcDbEntity
  8
1
  6
DASHED
 62
   155
370
    13
100
AcDbLine
 10
82.530143
 20
55.440577
 30
0.0
 11
82.230143
 21
55.564841
 31
0.0
  0
LINE
  5
2DE
330
1F
100
AcDbEntity
  8
1
  6
DASHED
 62
   155
370
    13
100
AcDbLine
 10
82.030143
 20
63.619576
 30
0.0
 11
82.030143
 21
72.261577
 31
0.0
  0
LINE
  5
2DF
330
1F
100
AcDbEntity
  8
1
  6
DASHED
 62
   155
370
    13
100
AcDbLine
 10
82.225143
 20
63.619577
 30
0.0
 11
82.030143
 21
63.619577
 31
0.0
  0
LINE
  5
2E0
330
1F
100
AcDbEntity
  8
1
  6
DASHED
 62
   155
370
    13
100
AcDbLine
 10
82.030143
 20
72.261577
 30
0.0
 11
82.225143
 21
72.261577
 31
0.0
  0
LINE
  5
2E1
330
1F
100
AcDbEntity
  8
1
  6
DASHED
 62
   155
370
    13
100
AcDbLine
 10
82.225142
 20
63.619577
 30
0.0
 11
82.225142
 21
72.261577
 31
0.0
  0
LINE
  5
2E2
330
1F
100
AcDbEntity
  8
1
  6
DASHED
 62
   155
370
    13
100
AcDbLine
 10
82.030143
 20
72.261577
 30
0.0
 11
82.030143
 21
73.301948
 31
0.0
  0
LINE
  5
2E3
330
1F
100
AcDbEntity
  8
1
  6
DASHED
 62
   155
370
    13
100
AcDbLine
 10
82.225143
 20
73.301948
 30
0.0
 11
82.030143
 21
73.301948
 31
0.0
  0
LINE
  5
2E4
330
1F
100
AcDbEntity
  8
1
  6
DASHED
 62
   155
370
    13
100
AcDbLine
 10
82.225143
 20
73.301948
 30
0.0
 11
82.225143
 21
72.261577
 31
0.0
  0
LINE
  5
2E5
330
1F
100
AcDbEntity
  8
1
  6
DASHED
 62
   155
370
    13
100
AcDbLine
 10
82.030143
 20
62.579206
 30
0.0
 11
82.030143
 21
63.619577
 31
0.0
  0
LINE
  5
2E6
330
1F
100
AcDbEntity
  8
1
  6
DASHED
 62
   155
370
    13
100
AcDbLine
 10
82.030143
 20
62.579206
 30
0.0
 11
82.225143
 21
62.579206
 31
0.0
  0
LINE
  5
2E7
330
1F
100
AcDbEntity
  8
1
  6
DASHED
 62
   155
370
    13
100
AcDbLine
 10
82.225143
 20
63.619577
 30
0.0
 11
82.225143
 21
62.579206
 31
0.0
  0
LINE
  5
2E8
330
1F
100
AcDbEntity
  8
1
  6
DASHED
 62
   155
370
    13
100
AcDbLine
 10
82.030143
 20
61.607577
 30
0.0
 11
82.030143
 21
62.579206
 31
0.0
  0
LINE
  5
2E9
330
1F
100
AcDbEntity
  8
1
  6
DASHED
 62
   155
370
    13
100
AcDbLine
 10
82.225143
 20
61.607577
 30
0.0
 11
82.225143
 21
62.579206
 31
0.0
  0
LINE
  5
2EA
330
1F
100
AcDbEntity
  8
1
  6
DASHED
 62
   155
370
    13
100
AcDbLine
 10
82.030143
 20
73.301948
 30
0.0
 11
82.030143
 21
74.273577
 31
0.0
  0
LINE
  5
2EB
330
1F
100
AcDbEntity
  8
1
  6
DASHED
 62
   155
370
    13
100
AcDbLine
 10
82.225143
 20
73.301948
 30
0.0
 11
82.225143
 21
74.273577
 31
0.0
  0
LINE
  5
2EC
330
1F
100
AcDbEntity
  8
1
  6
DASHED
 62
   155
370
    13
100
AcDbLine
 10
82.525143
 20
61.907577
 30
0.0
 11
82.525143
 21
61.907577
 31
0.0
  0
LINE
  5
2ED
330
1F
100
AcDbEntity
  8
1
  6
DASHED
 62
   155
370
    13
100
AcDbLine
 10
73.030143
 20
74.273577
 30
0.0
 11
73.030143
 21
61.607577
 31
0.0
  0
LINE
  5
2EE
330
1F
100
AcDbEntity
  8
1
  6
DASHED
 62
   155
370
    13
100
AcDbLine
 10
72.835143
 20
74.273577
 30
0.0
 11
73.030143
 21
74.273577
 31
0.0
  0
LINE
  5
2EF
330
1F
100
AcDbEntity
  8
1
  6
DASHED
 62
   155
370
    13
100
AcDbLine
 10
73.030143
 20
61.607577
 30
0.0
 11
72.835143
 21
61.607577
 31
0.0
  0
LINE
  5
2F0
330
1F
100
AcDbEntity
  8
1
  6
DASHED
 62
   155
370
    13
100
AcDbLine
 10
72.835143
 20
74.273577
 30
0.0
 11
72.835143
 21
61.607577
 31
0.0
  0
LINE
  5
2F1
330
1F
100
AcDbEntity
  8
1
  6
DASHED
 62
   155
370
    13
100
AcDbLine
 10
73.030143
 20
61.607577
 30
0.0
 11
73.030143
 21
60.601577
 31
0.0
  0
LINE
  5
2F2
330
1F
100
AcDbEntity
  8
1
  6
DASHED
 62
   155
370
    13
100
AcDbLine
 10
72.835143
 20
60.601577
 30
0.0
 11
72.835143
 21
61.607577
 31
0.0
  0
LINE
  5
2F3
330
1F
100
AcDbEntity
  8
1
  6
DASHED
 62
   155
370
    13
100
AcDbLine
 10
73.030143
 20
75.279581
 30
0.0
 11
73.030143
 21
74.273577
 31
0.0
  0
LINE
  5
2F4
330
1F
100
AcDbEntity
  8
1
  6
DASHED
 62
   155
370
    13
100
AcDbLine
 10
72.835143
 20
74.273577
 30
0.0
 11
72.835143
 21
75.279577
 31
0.0
  0
LINE
  5
2F5
330
1F
100
AcDbEntity
  8
1
  6
DASHED
 62
   155
370
    13
100
AcDbLine
 10
82.030143
 20
60.601577
 30
0.0
 11
82.030143
 21
61.607577
 31
0.0
  0
LINE
  5
2F6
330
1F
100
AcDbEntity
  8
1
  6
DASHED
 62
   155
370
    13
100
AcDbLine
 10
82.225143
 20
61.607577
 30
0.0
 11
82.030143
 21
61.607577
 31
0.0
  0
LINE
  5
2F7
330
1F
100
AcDbEntity
  8
1
  6
DASHED
 62
   155
370
    13
100
AcDbLine
 10
82.030143
 20
74.273577
 30
0.0
 11
82.030143
 21
75.279577
 31
0.0
  0
LINE
  5
2F8
330
1F
100
AcDbEntity
  8
1
  6
DASHED
 62
   155
370
    13
100
AcDbLine
 10
82.030143
 20
74.273577
 30
0.0
 11
82.225143
 21
74.273577
 31
0.0
  0
LINE
  5
2F9
330
1F
100
AcDbEntity
  8
1
  6
DASHED
 62
   155
370
    13
100
AcDbLine
 10
82.225143
 20
61.607577
 30
0.0
 11
82.225143
 21
60.601577
 31
0.0
  0
LINE
  5
2FA
330
1F
100
AcDbEntity
  8
1
  6
DASHED
 62
   155
370
    13
100
AcDbLine
 10
82.525143
 20
61.907577
 30
0.0
 11
82.225143
 21
61.607577
 31
0.0
  0
LINE
  5
2FB
330
1F
100
AcDbEntity
  8
1
  6
DASHED
 62
   155
370
    13
100
AcDbLine
 10
82.225143
 20
74.273577
 30
0.0
 11
82.525143
 21
73.973577
 31
0.0
  0
LINE
  5
2FC
330
1F
100
AcDbEntity
  8
1
  6
DASHED
 62
   155
370
    13
100
AcDbLine
 10
82.225143
 20
75.279577
 30
0.0
 11
82.225143
 21
74.273577
 31
0.0
  0
LINE
  5
2FD
330
1F
100
AcDbEntity
  8
1
  6
DASHED
 62
   155
370
    13
100
AcDbLine
 10
67.230143
 20
55.564841
 30
0.0
 11
67.230143
 21
80.316312
 31
0.0
  0
LINE
  5
2FE
330
1F
100
AcDbEntity
  8
1
  6
DASHED
 62
   155
370
    13
100
AcDbLine
 10
64.905879
 20
53.240577
 30
0.0
 11
67.230143
 21
55.564841
 31
0.0
  0
LINE
  5
2FF
330
1F
100
AcDbEntity
  8
1
  6
DASHED
 62
   155
370
    13
100
AcDbLine
 10
60.154407
 20
82.640577
 30
0.0
 11
57.830143
 21
80.316312
 31
0.0
  0
LINE
  5
300
330
1F
100
AcDbEntity
  8
1
  6
DASHED
 62
   155
370
    13
100
AcDbLine
 10
67.230143
 20
80.316312
 30
0.0
 11
64.905879
 21
82.640577
 31
0.0
  0
LINE
  5
301
330
1F
100
AcDbEntity
  8
1
  6
DASHED
 62
   155
370
    13
100
AcDbLine
 10
57.830143
 20
80.316312
 30
0.0
 11
57.830143
 21
53.240577
 31
0.0
  0
LINE
  5
302
330
1F
100
AcDbEntity
  8
1
  6
DASHED
 62
   155
370
    13
100
AcDbLine
 10
57.530143
 20
80.440577
 30
0.0
 11
57.830143
 21
80.316312
 31
0.0
  0
LINE
  5
303
330
1F
100
AcDbEntity
  8
1
  6
DASHED
 62
   155
370
    13
100
AcDbLine
 10
57.780143
 20
53.190577
 30
0.0
 11
57.830143
 21
53.240577
 31
0.0
  0
LINE
  5
304
330
1F
100
AcDbEntity
  8
1
  6
DASHED
 62
   155
370
    13
100
AcDbLine
 10
64.905879
 20
53.240577
 30
0.0
 11
65.030143
 21
52.940577
 31
0.0
  0
LINE
  5
305
330
1F
100
AcDbEntity
  8
1
  6
DASHED
 62
   155
370
    13
100
AcDbLine
 10
67.230143
 20
80.316312
 30
0.0
 11
67.530143
 21
80.440577
 31
0.0
  0
LINE
  5
306
330
1F
100
AcDbEntity
  8
1
  6
DASHED
 62
   155
370
    13
100
AcDbLine
 10
65.030143
 20
82.940577
 30
0.0
 11
64.905879
 21
82.640577
 31
0.0
  0
LINE
  5
307
330
1F
100
AcDbEntity
  8
1
  6
Continuous
 62
   155
370
    70
100
AcDbLine
 10
80.49772
 20
64.182094
 30
0.0
 11
81.797343
 21
64.163844
 31
0.0
  0
LINE
  5
308
330
1F
100
AcDbEntity
  8
1
  6
Continuous
 62
   155
370
    35
100
AcDbLine
 10
80.439136
 20
64.12351
 30
0.0
 11
80.49772
 21
64.182094
 31
0.0
  0
LINE
  5
309
330
1F
100
AcDbEntity
  8
1
  6
Continuous
 62
   155
370
    35
100
AcDbLine
 10
80.49772
 20
71.699059
 30
0.0
 11
80.439136
 21
71.757644
 31
0.0
  0
LINE
  5
30A
330
1F
100
AcDbEntity
  8
1
  6
Continuous
 62
   155
370
    70
100
AcDbLine
 10
81.797343
 20
71.717309
 30
0.0
 11
81.797343
 21
71.757644
 31
0.0
  0
LINE
  5
30B
330
1F
100
AcDbEntity
  8
1
  6
Continuous
 62
   155
370
    70
100
AcDbLine
 10
81.797343
 20
71.717309
 30
0.0
 11
80.49772
 21
71.699059
 31
0.0
  0
LINE
  5
30C
330
1F
100
AcDbEntity
  8
1
  6
Continuous
 62
   155
370
    70
100
AcDbLine
 10
72.535143
 20
72.467577
 30
0.0
 11
72.535143
 21
73.473577
 31
0.0
  0
LINE
  5
30D
330
1F
100
AcDbEntity
  8
1
  6
Continuous
 62
   155
370
    70
100
AcDbLine
 10
81.797343
 20
73.473577
 30
0.0
 11
81.797343
 21
71.95737
 31
0.0
  0
LINE
  5
30E
330
1F
100
AcDbEntity
  8
1
  6
Continuous
 62
   155
370
    70
100
AcDbLine
 10
72.535143
 20
62.407577
 30
0.0
 11
72.535143
 21
63.413577
 31
0.0
  0
LINE
  5
30F
330
1F
100
AcDbEntity
  8
1
  6
Continuous
 62
   155
370
    70
100
AcDbLine
 10
81.797343
 20
63.923784
 30
0.0
 11
81.797343
 21
62.407577
 31
0.0
  0
LINE
  5
310
330
1F
100
AcDbEntity
  8
1
  6
Continuous
 62
   155
370
    70
100
AcDbLine
 10
81.797343
 20
63.923784
 30
0.0
 11
81.797343
 21
64.12351
 31
0.0
  0
LINE
  5
311
330
1F
100
AcDbEntity
  8
1
  6
Continuous
 62
   155
370
    70
100
AcDbLine
 10
80.439136
 20
64.12351
 30
0.0
 11
81.797343
 21
64.12351
 31
0.0
  0
LINE
  5
312
330
1F
100
AcDbEntity
  8
1
  6
Continuous
 62
   155
370
    35
100
AcDbLine
 10
81.797343
 20
63.923784
 30
0.0
 11
80.41927
 21
63.923784
 31
0.0
  0
LINE
  5
313
330
1F
100
AcDbEntity
  8
1
  6
Continuous
 62
   155
370
    70
100
AcDbLine
 10
81.797343
 20
71.757644
 30
0.0
 11
81.797343
 21
71.95737
 31
0.0
  0
LINE
  5
314
330
1F
100
AcDbEntity
  8
1
  6
Continuous
 62
   155
370
    35
100
AcDbLine
 10
80.41927
 20
71.95737
 30
0.0
 11
81.797343
 21
71.95737
 31
0.0
  0
LINE
  5
315
330
1F
100
AcDbEntity
  8
1
  6
Continuous
 62
   155
370
    70
100
AcDbLine
 10
81.797343
 20
71.757644
 30
0.0
 11
80.439136
 21
71.757644
 31
0.0
  0
LINE
  5
316
330
1F
100
AcDbEntity
  8
1
  6
Continuous
 62
   155
370
    70
100
AcDbLine
 10
80.219544
 20
63.413577
 30
0.0
 11
80.41927
 21
63.413577
 31
0.0
  0
LINE
  5
317
330
1F
100
AcDbEntity
  8
1
  6
Continuous
 62
   155
370
    35
100
AcDbLine
 10
80.41927
 20
63.923784
 30
0.0
 11
80.41927
 21
63.413577
 31
0.0
  0
LINE
  5
318
330
1F
100
AcDbEntity
  8
1
  6
Continuous
 62
   155
370
    70
100
AcDbLine
 10
80.41927
 20
72.467577
 30
0.0
 11
80.219544
 21
72.467577
 31
0.0
  0
LINE
  5
319
330
1F
100
AcDbEntity
  8
1
  6
Continuous
 62
   155
370
    35
100
AcDbLine
 10
80.41927
 20
72.467577
 30
0.0
 11
80.41927
 21
71.95737
 31
0.0
  0
LINE
  5
31A
330
1F
100
AcDbEntity
  8
1
  6
Continuous
 62
   155
370
    70
100
AcDbLine
 10
72.535143
 20
62.407577
 30
0.0
 11
72.535143
 21
61.401577
 31
0.0
  0
LINE
  5
31B
330
1F
100
AcDbEntity
  8
1
  6
Continuous
 62
   155
370
    70
100
AcDbLine
 10
72.535143
 20
62.407577
 30
0.0
 11
74.956543
 21
62.407577
 31
0.0
  0
LINE
  5
31C
330
1F
100
AcDbEntity
  8
1
  6
Continuous
 62
   155
370
    70
100
AcDbLine
 10
72.535143
 20
74.479577
 30
0.0
 11
72.535143
 21
73.473577
 31
0.0
  0
LINE
  5
31D
330
1F
100
AcDbEntity
  8
1
  6
Continuous
 62
   155
370
    70
100
AcDbLine
 10
72.535143
 20
73.473577
 30
0.0
 11
74.956543
 21
73.473577
 31
0.0
  0
LINE
  5
31E
330
1F
100
AcDbEntity
  8
1
  6
Continuous
 62
   155
370
    70
100
AcDbLine
 10
82.525143
 20
74.479577
 30
0.0
 11
82.525143
 21
73.473577
 31
0.0
  0
LINE
  5
31F
330
1F
100
AcDbEntity
  8
1
  6
Continuous
 62
   155
370
    70
100
AcDbLine
 10
80.938632
 20
73.473577
 30
0.0
 11
82.525143
 21
73.473577
 31
0.0
  0
LINE
  5
320
330
1F
100
AcDbEntity
  8
1
  6
Continuous
 62
   155
370
    70
100
AcDbLine
 10
82.525143
 20
62.407577
 30
0.0
 11
82.525143
 21
61.401577
 31
0.0
  0
LINE
  5
321
330
1F
100
AcDbEntity
  8
1
  6
Continuous
 62
   155
370
    70
100
AcDbLine
 10
80.938632
 20
62.407577
 30
0.0
 11
82.525143
 21
62.407577
 31
0.0
  0
LINE
  5
322
330
1F
100
AcDbEntity
  8
1
  6
Continuous
 62
   155
370
    70
100
AcDbLine
 10
73.030143
 20
60.601577
 30
0.0
 11
73.030143
 21
57.601577
 31
0.0
  0
LINE
  5
323
330
1F
100
AcDbEntity
  8
1
  6
Continuous
 62
   155
370
    70
100
AcDbLine
 10
82.030143
 20
60.601577
 30
0.0
 11
82.030143
 21
57.601577
 31
0.0
  0
LINE
  5
324
330
1F
100
AcDbEntity
  8
1
  6
Continuous
 62
   155
370
    70
100
AcDbLine
 10
73.030143
 20
78.279577
 30
0.0
 11
73.030143
 21
75.279577
 31
0.0
  0
LINE
  5
325
330
1F
100
AcDbEntity
  8
1
  6
Continuous
 62
   155
370
    70
100
AcDbLine
 10
82.030143
 20
78.279577
 30
0.0
 11
82.030143
 21
75.279577
 31
0.0
  0
LINE
  5
326
330
1F
100
AcDbEntity
  8
1
  6
Continuous
 62
   155
370
    70
100
AcDbLine
 10
80.938632
 20
62.407577
 30
0.0
 11
80.590143
 21
62.407577
 31
0.0
  0
LINE
  5
327
330
1F
100
AcDbEntity
  8
1
  6
Continuous
 62
   155
370
    70
100
AcDbLine
 10
80.938632
 20
62.407577
 30
0.0
 11
80.938632
 21
61.401577
 31
0.0
  0
LINE
  5
328
330
1F
100
AcDbEntity
  8
1
  6
Continuous
 62
   155
370
    70
100
AcDbLine
 10
80.590143
 20
73.473577
 30
0.0
 11
80.938632
 21
73.473577
 31
0.0
  0
LINE
  5
329
330
1F
100
AcDbEntity
  8
1
  6
Continuous
 62
   155
370
    70
100
AcDbLine
 10
80.938632
 20
73.473577
 30
0.0
 11
80.938632
 21
74.479577
 31
0.0
  0
LINE
  5
32A
330
1F
100
AcDbEntity
  8
1
  6
Continuous
 62
   155
370
    70
100
AcDbLine
 10
80.219544
 20
72.467577
 30
0.0
 11
80.155054
 21
72.467577
 31
0.0
  0
LINE
  5
32B
330
1F
100
AcDbEntity
  8
1
  6
Continuous
 62
   155
370
    70
100
AcDbLine
 10
80.155054
 20
63.413577
 30
0.0
 11
80.219544
 21
63.413577
 31
0.0
  0
LINE
  5
32C
330
1F
100
AcDbEntity
  8
1
  6
Continuous
 62
   155
370
    35
100
AcDbLine
 10
80.219544
 20
63.413577
 30
0.0
 11
80.219544
 21
63.923871
 31
0.0
  0
LINE
  5
32D
330
1F
100
AcDbEntity
  8
1
  6
Continuous
 62
   155
370
    35
100
AcDbLine
 10
80.298686
 20
64.382511
 30
0.0
 11
80.239414
 21
64.32324
 31
0.0
  0
LINE
  5
32E
330
1F
100
AcDbEntity
  8
1
  6
Continuous
 62
   155
370
    35
100
AcDbLine
 10
80.298686
 20
64.382511
 30
0.0
 11
80.298686
 21
71.498642
 31
0.0
  0
LINE
  5
32F
330
1F
100
AcDbEntity
  8
1
  6
Continuous
 62
   155
370
    35
100
AcDbLine
 10
80.239414
 20
71.557913
 30
0.0
 11
80.298686
 21
71.498642
 31
0.0
  0
LINE
  5
330
330
1F
100
AcDbEntity
  8
1
  6
Continuous
 62
   155
370
    35
100
AcDbLine
 10
80.219544
 20
71.957282
 30
0.0
 11
80.219544
 21
72.467577
 31
0.0
  0
LINE
  5
331
330
1F
100
AcDbEntity
  8
1
  6
Continuous
 62
   155
370
    70
100
AcDbLine
 10
80.330143
 20
82.640577
 30
0.0
 11
81.2073
 21
81.763419
 31
0.0
  0
LINE
  5
332
330
1F
100
AcDbEntity
  8
1
  6
Continuous
 62
   155
370
    70
100
AcDbLine
 10
81.2073
 20
78.279577
 30
0.0
 11
72.530143
 21
78.279577
 31
0.0
  0
LINE
  5
333
330
1F
100
AcDbEntity
  8
1
  6
Continuous
 62
   155
370
    70
100
AcDbLine
 10
72.530143
 20
78.279577
 30
0.0
 11
72.530143
 21
80.440577
 31
0.0
  0
LINE
  5
334
330
1F
100
AcDbEntity
  8
1
  6
Continuous
 62
   155
370
    70
100
AcDbLine
 10
72.530143
 20
80.440577
 30
0.0
 11
74.730143
 21
82.640577
 31
0.0
  0
LINE
  5
335
330
1F
100
AcDbEntity
  8
1
  6
Continuous
 62
   155
370
    70
100
AcDbLine
 10
80.330143
 20
82.640577
 30
0.0
 11
80.030143
 21
82.940577
 31
0.0
  0
LINE
  5
336
330
1F
100
AcDbEntity
  8
1
  6
Continuous
 62
   155
370
    70
100
AcDbLine
 10
75.030143
 20
82.940577
 30
0.0
 11
74.730143
 21
82.640577
 31
0.0
  0
LINE
  5
337
330
1F
100
AcDbEntity
  8
1
  6
Continuous
 62
   155
370
    70
100
AcDbLine
 10
74.730143
 20
82.640577
 30
0.0
 11
80.330143
 21
82.640577
 31
0.0
  0
LINE
  5
338
330
1F
100
AcDbEntity
  8
1
  6
Continuous
 62
   155
370
    70
100
AcDbLine
 10
75.030143
 20
82.940577
 30
0.0
 11
80.030143
 21
82.940577
 31
0.0
  0
LINE
  5
339
330
1F
100
AcDbEntity
  8
1
  6
Continuous
 62
   155
370
    70
100
AcDbLine
 10
81.2073
 20
57.601577
 30
0.0
 11
72.530143
 21
57.601577
 31
0.0
  0
LINE
  5
33A
330
1F
100
AcDbEntity
  8
1
  6
Continuous
 62
   155
370
    70
100
AcDbLine
 10
81.2073
 20
54.117734
 30
0.0
 11
80.330143
 21
53.240577
 31
0.0
  0
LINE
  5
33B
102
{ACAD_REACTORS
330
7CB
102
}
330
1F
100
AcDbEntity
  8
1
  6
Continuous
 62
   155
370
    70
100
AcDbLine
 10
72.530143
 20
53.440577
 30
0.0
 11
72.530143
 21
57.601577
 31
0.0
  0
LINE
  5
33C
330
1F
100
AcDbEntity
  8
1
  6
Continuous
 62
   155
370
    70
100
AcDbLine
 10
72.730143
 20
53.240577
 30
0.0
 11
72.530143
 21
53.440577
 31
0.0
  0
LINE
  5
33D
330
1F
100
AcDbEntity
  8
1
  6
Continuous
 62
   155
370
    70
100
AcDbLine
 10
80.030143
 20
52.940577
 30
0.0
 11
80.330143
 21
53.240577
 31
0.0
  0
LINE
  5
33E
330
1F
100
AcDbEntity
  8
1
  6
Continuous
 62
   155
370
    70
100
AcDbLine
 10
80.330143
 20
53.240577
 30
0.0
 11
72.730143
 21
53.240577
 31
0.0
  0
LINE
  5
33F
330
1F
100
AcDbEntity
  8
1
  6
Continuous
 62
   155
370
    70
100
AcDbLine
 10
72.730143
 20
53.240577
 30
0.0
 11
73.030143
 21
52.940577
 31
0.0
  0
LINE
  5
340
330
1F
100
AcDbEntity
  8
1
  6
Continuous
 62
   155
370
    70
100
AcDbLine
 10
80.030143
 20
52.940577
 30
0.0
 11
73.030143
 21
52.940577
 31
0.0
  0
LINE
  5
341
330
1F
100
AcDbEntity
  8
1
  6
Continuous
 62
   155
370
    70
100
AcDbLine
 10
80.155054
 20
72.467577
 30
0.0
 11
79.955328
 21
72.467577
 31
0.0
  0
LINE
  5
342
330
1F
100
AcDbEntity
  8
1
  6
Continuous
 62
   155
370
    70
100
AcDbLine
 10
79.955328
 20
63.413577
 30
0.0
 11
80.155054
 21
63.413577
 31
0.0
  0
LINE
  5
343
330
1F
100
AcDbEntity
  8
1
  6
Continuous
 62
   155
370
    35
100
AcDbLine
 10
80.155054
 20
72.467577
 30
0.0
 11
80.155054
 21
63.413577
 31
0.0
  0
LINE
  5
344
330
1F
100
AcDbEntity
  8
1
  6
Continuous
 62
   155
370
    70
100
AcDbLine
 10
72.530143
 20
72.467577
 30
0.0
 11
76.796294
 21
72.467577
 31
0.0
  0
LINE
  5
345
330
1F
100
AcDbEntity
  8
1
  6
Continuous
 62
   155
370
    70
100
AcDbLine
 10
72.530143
 20
72.467577
 30
0.0
 11
72.530143
 21
63.413577
 31
0.0
  0
LINE
  5
346
330
1F
100
AcDbEntity
  8
1
  6
Continuous
 62
   155
370
    70
100
AcDbLine
 10
72.530143
 20
63.413577
 30
0.0
 11
73.074094
 21
63.413577
 31
0.0
  0
LINE
  5
347
330
1F
100
AcDbEntity
  8
1
  6
Continuous
 62
   155
370
    70
100
AcDbLine
 10
74.125175
 20
69.195693
 30
0.0
 11
73.877918
 21
64.17876
 31
0.0
  0
LINE
  5
348
330
1F
100
AcDbEntity
  8
1
  6
Continuous
 62
   155
370
    70
100
AcDbLine
 10
75.230368
 20
64.17876
 30
0.0
 11
74.983111
 21
69.195694
 31
0.0
  0
LINE
  5
349
330
1F
100
AcDbEntity
  8
1
  6
Continuous
 62
   155
370
    70
100
AcDbLine
 10
79.955328
 20
63.413577
 30
0.0
 11
76.034192
 21
63.413577
 31
0.0
  0
LINE
  5
34A
330
1F
100
AcDbEntity
  8
1
  6
Continuous
 62
   155
370
    35
100
AcDbLine
 10
79.955328
 20
63.413577
 30
0.0
 11
79.955328
 21
72.467577
 31
0.0
  0
LINE
  5
34B
330
1F
100
AcDbEntity
  8
1
  6
Continuous
 62
   155
370
    70
100
AcDbLine
 10
79.955328
 20
72.467577
 30
0.0
 11
79.756392
 21
72.467577
 31
0.0
  0
LINE
  5
34C
330
1F
100
AcDbEntity
  8
1
  6
Continuous
 62
   155
370
    70
100
AcDbLine
 10
78.705311
 20
66.68546
 30
0.0
 11
78.952568
 21
71.702393
 31
0.0
  0
LINE
  5
34D
330
1F
100
AcDbEntity
  8
1
  6
Continuous
 62
   155
370
    70
100
AcDbLine
 10
77.600118
 20
71.702393
 30
0.0
 11
77.847375
 21
66.68546
 31
0.0
  0
LINE
  5
34E
330
1F
100
AcDbEntity
  8
1
  6
Continuous
 62
   155
370
    70
100
AcDbLine
 10
72.835145
 20
60.601577
 30
0.0
 11
81.2073
 21
60.601577
 31
0.0
  0
LINE
  5
34F
330
1F
100
AcDbEntity
  8
1
  6
Continuous
 62
   155
370
    70
100
AcDbLine
 10
72.537919
 20
60.8988
 30
0.0
 11
72.835145
 21
60.601575
 31
0.0
  0
LINE
  5
350
330
1F
100
AcDbEntity
  8
1
  6
Continuous
 62
   155
370
    70
100
AcDbLine
 10
81.1073
 20
74.479577
 30
0.0
 11
80.938632
 21
74.479577
 31
0.0
  0
LINE
  5
351
330
1F
100
AcDbEntity
  8
1
  6
Continuous
 62
   155
370
    70
100
AcDbLine
 10
81.1073
 20
74.984577
 30
0.0
 11
72.53556
 21
74.984577
 31
0.0
  0
LINE
  5
352
330
1F
100
AcDbEntity
  8
1
  6
Continuous
 62
   155
370
    70
100
AcDbLine
 10
72.535143
 20
74.982079
 30
0.0
 11
72.535143
 21
74.479577
 31
0.0
  0
LINE
  5
353
330
1F
100
AcDbEntity
  8
1
  6
Continuous
 62
   155
370
    70
100
AcDbLine
 10
72.535143
 20
74.479577
 30
0.0
 11
74.956543
 21
74.479577
 31
0.0
  0
LINE
  5
354
330
1F
100
AcDbEntity
  8
1
  6
Continuous
 62
   155
370
    70
100
AcDbLine
 10
74.956543
 20
74.479577
 30
0.0
 11
74.956543
 21
73.473577
 31
0.0
  0
LINE
  5
355
330
1F
100
AcDbEntity
  8
1
  6
Continuous
 62
   155
370
    70
100
AcDbLine
 10
80.590143
 20
73.473577
 30
0.0
 11
74.956543
 21
73.473577
 31
0.0
  0
LINE
  5
356
330
1F
100
AcDbEntity
  8
1
  6
Continuous
 62
   155
370
    70
100
AcDbLine
 10
80.590143
 20
74.278377
 30
0.0
 11
80.590143
 21
73.473577
 31
0.0
  0
LINE
  5
357
330
1F
100
AcDbEntity
  8
1
  6
Continuous
 62
   155
370
    70
100
AcDbLine
 10
80.938632
 20
74.479577
 30
0.0
 11
80.590143
 21
74.278377
 31
0.0
  0
LINE
  5
358
330
1F
100
AcDbEntity
  8
1
  6
Continuous
 62
   155
370
    70
100
AcDbLine
 10
81.1073
 20
61.401577
 30
0.0
 11
80.938632
 21
61.401577
 31
0.0
  0
LINE
  5
359
330
1F
100
AcDbEntity
  8
1
  6
Continuous
 62
   155
370
    70
100
AcDbLine
 10
72.536807
 20
60.896577
 30
0.0
 11
81.1073
 21
60.896577
 31
0.0
  0
LINE
  5
35A
330
1F
100
AcDbEntity
  8
1
  6
Continuous
 62
   155
370
    70
100
AcDbLine
 10
80.590143
 20
61.602777
 30
0.0
 11
80.938632
 21
61.401577
 31
0.0
  0
LINE
  5
35B
330
1F
100
AcDbEntity
  8
1
  6
Continuous
 62
   155
370
    70
100
AcDbLine
 10
80.590143
 20
62.407577
 30
0.0
 11
80.590143
 21
61.602777
 31
0.0
  0
LINE
  5
35C
330
1F
100
AcDbEntity
  8
1
  6
Continuous
 62
   155
370
    70
100
AcDbLine
 10
80.590143
 20
62.407577
 30
0.0
 11
74.956543
 21
62.407577
 31
0.0
  0
LINE
  5
35D
330
1F
100
AcDbEntity
  8
1
  6
Continuous
 62
   155
370
    70
100
AcDbLine
 10
74.956543
 20
62.407577
 30
0.0
 11
74.956543
 21
61.401577
 31
0.0
  0
LINE
  5
35E
330
1F
100
AcDbEntity
  8
1
  6
Continuous
 62
   155
370
    70
100
AcDbLine
 10
74.956543
 20
61.401577
 30
0.0
 11
72.535143
 21
61.401577
 31
0.0
  0
LINE
  5
35F
330
1F
100
AcDbEntity
  8
1
  6
Continuous
 62
   155
370
    70
100
AcDbLine
 10
72.535143
 20
61.401577
 30
0.0
 11
72.535143
 21
60.899912
 31
0.0
  0
LINE
  5
360
330
1F
100
AcDbEntity
  8
1
  6
Continuous
 62
   155
370
    70
100
AcDbLine
 10
81.2073
 20
74.479577
 30
0.0
 11
81.1073
 21
74.479577
 31
0.0
  0
LINE
  5
361
330
1F
100
AcDbEntity
  8
1
  6
Continuous
 62
   155
370
    70
100
AcDbLine
 10
81.2073
 20
61.401577
 30
0.0
 11
81.1073
 21
61.401577
 31
0.0
  0
LINE
  5
362
330
1F
100
AcDbEntity
  8
1
  6
Continuous
 62
   155
370
    70
100
AcDbLine
 10
81.2073
 20
60.901577
 30
0.0
 11
81.1073
 21
60.901577
 31
0.0
  0
LINE
  5
363
330
1F
100
AcDbEntity
  8
1
  6
Continuous
 62
   155
370
    70
100
AcDbLine
 10
81.2073
 20
75.279577
 30
0.0
 11
72.835143
 21
75.279577
 31
0.0
  0
LINE
  5
364
330
1F
100
AcDbEntity
  8
1
  6
Continuous
 62
   155
370
    70
100
AcDbLine
 10
81.1073
 20
74.979577
 30
0.0
 11
81.2073
 21
74.979577
 31
0.0
  0
LINE
  5
365
330
1F
100
AcDbEntity
  8
1
  6
Continuous
 62
   155
370
    70
100
AcDbLine
 10
72.835143
 20
75.279577
 30
0.0
 11
72.537644
 21
74.982078
 31
0.0
  0
LINE
  5
366
330
1F
100
AcDbEntity
  8
1
  6
Continuous
 62
   155
370
    70
100
AcDbLine
 10
81.560854
 20
75.279577
 30
0.0
 11
81.2073
 21
75.279577
 31
0.0
  0
LINE
  5
367
330
1F
100
AcDbEntity
  8
1
  6
Continuous
 62
   155
370
    35
100
AcDbLine
 10
81.2073
 20
74.979577
 30
0.0
 11
81.2073
 21
75.279577
 31
0.0
  0
LINE
  5
368
330
1F
100
AcDbEntity
  8
1
  6
Continuous
 62
   155
370
    70
100
AcDbLine
 10
81.348722
 20
81.621998
 30
0.0
 11
81.2073
 21
81.763419
 31
0.0
  0
LINE
  5
369
330
1F
100
AcDbEntity
  8
1
  6
Continuous
 62
   155
370
    70
100
AcDbLine
 10
81.2073
 20
78.279577
 30
0.0
 11
81.348722
 21
78.279577
 31
0.0
  0
LINE
  5
36A
330
1F
100
AcDbEntity
  8
1
  6
Continuous
 62
   155
370
    35
100
AcDbLine
 10
81.2073
 20
78.279577
 30
0.0
 11
81.2073
 21
81.763419
 31
0.0
  0
LINE
  5
36B
330
1F
100
AcDbEntity
  8
1
  6
Continuous
 62
   155
370
    70
100
AcDbLine
 10
81.348722
 20
57.601577
 30
0.0
 11
81.2073
 21
57.601577
 31
0.0
  0
LINE
  5
36C
330
1F
100
AcDbEntity
  8
1
  6
Continuous
 62
   155
370
    70
100
AcDbLine
 10
81.2073
 20
54.117734
 30
0.0
 11
81.348722
 21
54.259155
 31
0.0
  0
LINE
  5
36D
330
1F
100
AcDbEntity
  8
1
  6
Continuous
 62
   155
370
    35
100
AcDbLine
 10
81.2073
 20
54.117734
 30
0.0
 11
81.2073
 21
57.601577
 31
0.0
  0
LINE
  5
36E
330
1F
100
AcDbEntity
  8
1
  6
Continuous
 62
   155
370
    70
100
AcDbLine
 10
81.2073
 20
60.601577
 30
0.0
 11
81.560854
 21
60.601577
 31
0.0
  0
LINE
  5
36F
330
1F
100
AcDbEntity
  8
1
  6
Continuous
 62
   155
370
    35
100
AcDbLine
 10
81.2073
 20
60.601577
 30
0.0
 11
81.2073
 21
60.901577
 31
0.0
  0
LINE
  5
370
330
1F
100
AcDbEntity
  8
1
  6
Continuous
 62
   155
370
    70
100
AcDbLine
 10
81.2073
 20
60.901577
 30
0.0
 11
81.348722
 21
60.901577
 31
0.0
  0
LINE
  5
371
330
1F
100
AcDbEntity
  8
1
  6
Continuous
 62
   155
370
    70
100
AcDbLine
 10
81.348722
 20
61.401577
 30
0.0
 11
81.2073
 21
61.401577
 31
0.0
  0
LINE
  5
372
330
1F
100
AcDbEntity
  8
1
  6
Continuous
 62
   155
370
    35
100
AcDbLine
 10
81.2073
 20
60.901577
 30
0.0
 11
81.2073
 21
61.401577
 31
0.0
  0
LINE
  5
373
330
1F
100
AcDbEntity
  8
1
  6
Continuous
 62
   155
370
    70
100
AcDbLine
 10
81.2073
 20
74.479577
 30
0.0
 11
81.348722
 21
74.479577
 31
0.0
  0
LINE
  5
374
330
1F
100
AcDbEntity
  8
1
  6
Continuous
 62
   155
370
    70
100
AcDbLine
 10
81.348722
 20
74.979577
 30
0.0
 11
81.2073
 21
74.979577
 31
0.0
  0
LINE
  5
375
330
1F
100
AcDbEntity
  8
1
  6
Continuous
 62
   155
370
    35
100
AcDbLine
 10
81.2073
 20
74.479577
 30
0.0
 11
81.2073
 21
74.979577
 31
0.0
  0
LINE
  5
376
330
1F
100
AcDbEntity
  8
1
  6
Continuous
 62
   155
370
    70
100
AcDbLine
 10
81.633964
 20
57.601577
 30
0.0
 11
81.348722
 21
57.601577
 31
0.0
  0
LINE
  5
377
330
1F
100
AcDbEntity
  8
1
  6
Continuous
 62
   155
370
    70
100
AcDbLine
 10
81.633964
 20
54.544398
 30
0.0
 11
81.348722
 21
54.259155
 31
0.0
  0
LINE
  5
378
330
1F
100
AcDbEntity
  8
1
  6
Continuous
 62
   155
370
    35
100
AcDbLine
 10
81.348722
 20
57.601577
 30
0.0
 11
81.348722
 21
54.259155
 31
0.0
  0
LINE
  5
379
330
1F
100
AcDbEntity
  8
1
  6
Continuous
 62
   155
370
    70
100
AcDbLine
 10
81.348722
 20
81.621998
 30
0.0
 11
81.633964
 21
81.336755
 31
0.0
  0
LINE
  5
37A
330
1F
100
AcDbEntity
  8
1
  6
Continuous
 62
   155
370
    70
100
AcDbLine
 10
81.348722
 20
78.279577
 30
0.0
 11
81.633964
 21
78.279577
 31
0.0
  0
LINE
  5
37B
330
1F
100
AcDbEntity
  8
1
  6
Continuous
 62
   155
370
    35
100
AcDbLine
 10
81.348722
 20
81.621998
 30
0.0
 11
81.348722
 21
78.279577
 31
0.0
  0
LINE
  5
37C
330
1F
100
AcDbEntity
  8
1
  6
Continuous
 62
   155
370
    70
100
AcDbLine
 10
81.348722
 20
74.479577
 30
0.0
 11
81.633964
 21
74.479577
 31
0.0
  0
LINE
  5
37D
330
1F
100
AcDbEntity
  8
1
  6
Continuous
 62
   155
370
    35
100
AcDbLine
 10
81.348722
 20
74.979577
 30
0.0
 11
81.348722
 21
74.479577
 31
0.0
  0
LINE
  5
37E
330
1F
100
AcDbEntity
  8
1
  6
Continuous
 62
   155
370
    70
100
AcDbLine
 10
81.633964
 20
61.401577
 30
0.0
 11
81.348722
 21
61.401577
 31
0.0
  0
LINE
  5
37F
330
1F
100
AcDbEntity
  8
1
  6
Continuous
 62
   155
370
    35
100
AcDbLine
 10
81.348722
 20
61.401577
 30
0.0
 11
81.348722
 21
60.901577
 31
0.0
  0
LINE
  5
380
330
1F
100
AcDbEntity
  8
1
  6
Continuous
 62
   155
370
    70
100
AcDbLine
 10
81.775386
 20
57.601577
 30
0.0
 11
82.530143
 21
57.601577
 31
0.0
  0
LINE
  5
381
330
1F
100
AcDbEntity
  8
1
  6
Continuous
 62
   155
370
    70
100
AcDbLine
 10
82.530143
 20
55.440577
 30
0.0
 11
81.775386
 21
54.685819
 31
0.0
  0
LINE
  5
382
330
1F
100
AcDbEntity
  8
1
  6
Continuous
 62
   155
370
    70
100
AcDbLine
 10
82.530143
 20
57.601577
 30
0.0
 11
82.530143
 21
55.440577
 31
0.0
  0
LINE
  5
383
330
1F
100
AcDbEntity
  8
1
  6
Continuous
 62
   155
370
    70
100
AcDbLine
 10
81.775386
 20
57.601577
 30
0.0
 11
81.633964
 21
57.601577
 31
0.0
  0
LINE
  5
384
330
1F
100
AcDbEntity
  8
1
  6
Continuous
 62
   155
370
    35
100
AcDbLine
 10
81.633964
 20
54.544398
 30
0.0
 11
81.633964
 21
57.601577
 31
0.0
  0
LINE
  5
385
330
1F
100
AcDbEntity
  8
1
  6
Continuous
 62
   155
370
    70
100
AcDbLine
 10
81.633964
 20
54.544398
 30
0.0
 11
81.775386
 21
54.685819
 31
0.0
  0
LINE
  5
386
330
1F
100
AcDbEntity
  8
1
  6
Continuous
 62
   155
370
    35
100
AcDbLine
 10
81.775386
 20
57.601577
 30
0.0
 11
81.775386
 21
54.685819
 31
0.0
  0
LINE
  5
387
330
1F
100
AcDbEntity
  8
1
  6
Continuous
 62
   155
370
    70
100
AcDbLine
 10
81.775386
 20
81.195334
 30
0.0
 11
81.633964
 21
81.336755
 31
0.0
  0
LINE
  5
388
330
1F
100
AcDbEntity
  8
1
  6
Continuous
 62
   155
370
    35
100
AcDbLine
 10
81.633964
 20
78.279577
 30
0.0
 11
81.633964
 21
81.336755
 31
0.0
  0
LINE
  5
389
330
1F
100
AcDbEntity
  8
1
  6
Continuous
 62
   155
370
    70
100
AcDbLine
 10
81.633964
 20
78.279577
 30
0.0
 11
81.775386
 21
78.279577
 31
0.0
  0
LINE
  5
38A
330
1F
100
AcDbEntity
  8
1
  6
Continuous
 62
   155
370
    35
100
AcDbLine
 10
81.775386
 20
81.195334
 30
0.0
 11
81.775386
 21
78.279577
 31
0.0
  0
LINE
  5
38B
330
1F
100
AcDbEntity
  8
1
  6
Continuous
 62
   155
370
    70
100
AcDbLine
 10
82.530143
 20
78.279577
 30
0.0
 11
81.775386
 21
78.279577
 31
0.0
  0
LINE
  5
38C
330
1F
100
AcDbEntity
  8
1
  6
Continuous
 62
   155
370
    70
100
AcDbLine
 10
82.530143
 20
80.440577
 30
0.0
 11
82.530143
 21
78.279577
 31
0.0
  0
LINE
  5
38D
330
1F
100
AcDbEntity
  8
1
  6
Continuous
 62
   155
370
    70
100
AcDbLine
 10
81.775386
 20
81.195334
 30
0.0
 11
82.530143
 21
80.440577
 31
0.0
  0
LINE
  5
38E
330
1F
100
AcDbEntity
  8
1
  6
Continuous
 62
   155
370
    70
100
AcDbLine
 10
81.633964
 20
60.901577
 30
0.0
 11
81.348722
 21
60.901577
 31
0.0
  0
LINE
  5
38F
330
1F
100
AcDbEntity
  8
1
  6
Continuous
 62
   155
370
    35
100
AcDbLine
 10
81.348722
 20
60.901577
 30
0.0
 11
81.560854
 21
60.601577
 31
0.0
  0
LINE
  5
390
330
1F
100
AcDbEntity
  8
1
  6
Continuous
 62
   155
370
    70
100
AcDbLine
 10
81.560854
 20
60.601577
 30
0.0
 11
81.816807
 21
60.601577
 31
0.0
  0
LINE
  5
391
330
1F
100
AcDbEntity
  8
1
  6
Continuous
 62
   155
370
    70
100
AcDbLine
 10
81.816807
 20
75.279577
 30
0.0
 11
81.560854
 21
75.279577
 31
0.0
  0
LINE
  5
392
330
1F
100
AcDbEntity
  8
1
  6
Continuous
 62
   155
370
    35
100
AcDbLine
 10
81.560854
 20
75.279577
 30
0.0
 11
81.348722
 21
74.979577
 31
0.0
  0
LINE
  5
393
330
1F
100
AcDbEntity
  8
1
  6
Continuous
 62
   155
370
    70
100
AcDbLine
 10
81.348722
 20
74.979577
 30
0.0
 11
81.633964
 21
74.979577
 31
0.0
  0
LINE
  5
394
330
1F
100
AcDbEntity
  8
1
  6
Continuous
 62
   155
370
    35
100
AcDbLine
 10
81.633964
 20
74.479577
 30
0.0
 11
81.633964
 21
74.979577
 31
0.0
  0
LINE
  5
395
330
1F
100
AcDbEntity
  8
1
  6
Continuous
 62
   155
370
    70
100
AcDbLine
 10
81.633964
 20
74.479577
 30
0.0
 11
81.775386
 21
74.479577
 31
0.0
  0
LINE
  5
396
330
1F
100
AcDbEntity
  8
1
  6
Continuous
 62
   155
370
    35
100
AcDbLine
 10
81.775386
 20
74.979577
 30
0.0
 11
81.775386
 21
74.479577
 31
0.0
  0
LINE
  5
397
330
1F
100
AcDbEntity
  8
1
  6
Continuous
 62
   155
370
    35
100
AcDbLine
 10
81.775386
 20
61.401577
 30
0.0
 11
81.775386
 21
60.901577
 31
0.0
  0
LINE
  5
398
330
1F
100
AcDbEntity
  8
1
  6
Continuous
 62
   155
370
    70
100
AcDbLine
 10
81.775386
 20
61.401577
 30
0.0
 11
81.633964
 21
61.401577
 31
0.0
  0
LINE
  5
399
330
1F
100
AcDbEntity
  8
1
  6
Continuous
 62
   155
370
    35
100
AcDbLine
 10
81.633964
 20
60.901577
 30
0.0
 11
81.633964
 21
61.401577
 31
0.0
  0
LINE
  5
39A
330
1F
100
AcDbEntity
  8
1
  6
Continuous
 62
   155
370
    70
100
AcDbLine
 10
81.775386
 20
74.479577
 30
0.0
 11
82.525143
 21
74.479577
 31
0.0
  0
LINE
  5
39B
330
1F
100
AcDbEntity
  8
1
  6
Continuous
 62
   155
370
    70
100
AcDbLine
 10
82.525143
 20
74.979577
 30
0.0
 11
82.525143
 21
74.479577
 31
0.0
  0
LINE
  5
39C
330
1F
100
AcDbEntity
  8
1
  6
Continuous
 62
   155
370
    70
100
AcDbLine
 10
82.225143
 20
60.601576
 30
0.0
 11
82.525143
 21
60.901577
 31
0.0
  0
LINE
  5
39D
330
1F
100
AcDbEntity
  8
1
  6
Continuous
 62
   155
370
    70
100
AcDbLine
 10
81.698849
 20
60.886352
 30
0.0
 11
81.816807
 21
60.601577
 31
0.0
  0
LINE
  5
39E
330
1F
100
AcDbEntity
  8
1
  6
Continuous
 62
   155
370
    70
100
AcDbLine
 10
81.816807
 20
60.601577
 30
0.0
 11
82.225143
 21
60.601577
 31
0.0
  0
LINE
  5
39F
330
1F
100
AcDbEntity
  8
1
  6
Continuous
 62
   155
370
    70
100
AcDbLine
 10
82.525143
 20
74.979577
 30
0.0
 11
82.225143
 21
75.279577
 31
0.0
  0
LINE
  5
3A0
330
1F
100
AcDbEntity
  8
1
  6
Continuous
 62
   155
370
    70
100
AcDbLine
 10
82.225143
 20
75.279577
 30
0.0
 11
81.816807
 21
75.279577
 31
0.0
  0
LINE
  5
3A1
330
1F
100
AcDbEntity
  8
1
  6
Continuous
 62
   155
370
    70
100
AcDbLine
 10
81.698849
 20
74.994801
 30
0.0
 11
81.816807
 21
75.279577
 31
0.0
  0
LINE
  5
3A2
330
1F
100
AcDbEntity
  8
1
  6
Continuous
 62
   155
370
    70
100
AcDbLine
 10
82.525143
 20
74.979577
 30
0.0
 11
81.775386
 21
74.979577
 31
0.0
  0
LINE
  5
3A3
330
1F
100
AcDbEntity
  8
1
  6
Continuous
 62
   155
370
    70
100
AcDbLine
 10
81.775386
 20
60.901577
 30
0.0
 11
82.525143
 21
60.901577
 31
0.0
  0
LINE
  5
3A4
330
1F
100
AcDbEntity
  8
1
  6
Continuous
 62
   155
370
    70
100
AcDbLine
 10
82.525143
 20
61.401577
 30
0.0
 11
82.525143
 21
60.901577
 31
0.0
  0
LINE
  5
3A5
330
1F
100
AcDbEntity
  8
1
  6
Continuous
 62
   155
370
    70
100
AcDbLine
 10
81.775386
 20
61.401577
 30
0.0
 11
82.525143
 21
61.401577
 31
0.0
  0
LINE
  5
3A6
330
1F
100
AcDbEntity
  8
1
  6
DASHED
 62
   155
370
    13
100
AcDbLine
 10
37.230143
 20
80.316312
 30
0.0
 11
34.905879
 21
82.640577
 31
0.0
  0
LINE
  5
3A7
330
1F
100
AcDbEntity
  8
1
  6
Continuous
 62
   155
370
    70
100
AcDbLine
 10
52.530143
 20
62.119577
 30
0.0
 11
52.530143
 21
73.761577
 31
0.0
  0
LINE
  5
3A8
330
1F
100
AcDbEntity
  8
1
  6
Continuous
 62
   155
370
    70
100
AcDbLine
 10
52.530143
 20
60.619577
 30
0.0
 11
52.530143
 21
62.119577
 31
0.0
  0
LINE
  5
3A9
330
1F
100
AcDbEntity
  8
1
  6
DASHED
 62
   155
370
    13
100
AcDbLine
 10
52.030143
 20
62.119577
 30
0.0
 11
52.525135
 21
62.119577
 31
0.0
  0
LINE
  5
3AA
330
1F
100
AcDbEntity
  8
1
  6
Continuous
 62
   155
370
    35
100
AcDbLine
 10
52.525135
 20
62.119577
 30
0.0
 11
52.530143
 21
62.119577
 31
0.0
  0
LINE
  5
3AB
330
1F
100
AcDbEntity
  8
1
  6
Continuous
 62
   155
370
    70
100
AcDbLine
 10
52.530143
 20
73.761577
 30
0.0
 11
52.530143
 21
75.261577
 31
0.0
  0
LINE
  5
3AC
330
1F
100
AcDbEntity
  8
1
  6
Continuous
 62
   155
370
    35
100
AcDbLine
 10
52.530143
 20
73.761577
 30
0.0
 11
52.525143
 21
73.761577
 31
0.0
  0
LINE
  5
3AD
330
1F
100
AcDbEntity
  8
1
  6
DASHED
 62
   155
370
    13
100
AcDbLine
 10
52.525143
 20
73.761577
 30
0.0
 11
52.030143
 21
73.761577
 31
0.0
  0
LINE
  5
3AE
330
1F
100
AcDbEntity
  8
1
  6
Continuous
 62
   155
370
    70
100
AcDbLine
 10
42.530143
 20
75.944405
 30
0.0
 11
42.530143
 21
72.467492
 31
0.0
  0
LINE
  5
3AF
330
1F
100
AcDbEntity
  8
1
  6
Continuous
 62
   155
370
    70
100
AcDbLine
 10
42.530143
 20
63.413661
 30
0.0
 11
42.530143
 21
59.936748
 31
0.0
  0
LINE
  5
3B0
330
1F
100
AcDbEntity
  8
1
  6
Continuous
 62
   155
370
    70
100
AcDbLine
 10
52.530143
 20
75.261577
 30
0.0
 11
52.530143
 21
76.855768
 31
0.0
  0
LINE
  5
3B1
330
1F
100
AcDbEntity
  8
1
  6
DASHED
 62
   155
370
    13
100
AcDbLine
 10
52.030143
 20
75.261577
 30
0.0
 11
52.243143
 21
75.261577
 31
0.0
  0
LINE
  5
3B2
330
1F
100
AcDbEntity
  8
1
  6
Continuous
 62
   155
370
    70
100
AcDbLine
 10
52.243143
 20
75.261577
 30
0.0
 11
52.530143
 21
75.261577
 31
0.0
  0
LINE
  5
3B3
330
1F
100
AcDbEntity
  8
1
  6
Continuous
 62
   155
370
    70
100
AcDbLine
 10
52.530143
 20
59.025385
 30
0.0
 11
52.530143
 21
60.619577
 31
0.0
  0
LINE
  5
3B4
330
1F
100
AcDbEntity
  8
1
  6
DASHED
 62
   155
370
    13
100
AcDbLine
 10
52.030143
 20
60.619577
 30
0.0
 11
52.243151
 21
60.619577
 31
0.0
  0
LINE
  5
3B5
330
1F
100
AcDbEntity
  8
1
  6
Continuous
 62
   155
370
    70
100
AcDbLine
 10
52.243151
 20
60.619577
 30
0.0
 11
52.530143
 21
60.619577
 31
0.0
  0
LINE
  5
3B6
330
1F
100
AcDbEntity
  8
1
  6
Continuous
 62
   155
370
    70
100
AcDbLine
 10
52.525143
 20
65.626777
 30
0.0
 11
52.525143
 21
64.419577
 31
0.0
  0
LINE
  5
3B7
330
1F
100
AcDbEntity
  8
1
  6
Continuous
 62
   155
370
    70
100
AcDbLine
 10
52.525143
 20
71.461577
 30
0.0
 11
52.525143
 21
70.254377
 31
0.0
  0
LINE
  5
3B8
330
1F
100
AcDbEntity
  8
1
  6
Continuous
 62
   155
370
    70
100
AcDbLine
 10
52.525143
 20
68.544177
 30
0.0
 11
52.525143
 21
67.336977
 31
0.0
  0
LINE
  5
3B9
330
1F
100
AcDbEntity
  8
1
  6
Continuous
 62
   155
370
    70
100
AcDbLine
 10
42.530143
 20
77.273577
 30
0.0
 11
42.530143
 21
75.944405
 31
0.0
  0
LINE
  5
3BA
330
1F
100
AcDbEntity
  8
1
  6
Continuous
 62
   155
370
    35
100
AcDbLine
 10
43.030143
 20
75.944405
 30
0.0
 11
42.530143
 21
75.944405
 31
0.0
  0
LINE
  5
3BB
330
1F
100
AcDbEntity
  8
1
  6
Continuous
 62
   155
370
    70
100
AcDbLine
 10
42.530143
 20
59.936748
 30
0.0
 11
42.530143
 21
58.607577
 31
0.0
  0
LINE
  5
3BC
330
1F
100
AcDbEntity
  8
1
  6
Continuous
 62
   155
370
    35
100
AcDbLine
 10
42.530143
 20
59.936748
 30
0.0
 11
43.030143
 21
59.936748
 31
0.0
  0
LINE
  5
3BD
330
1F
100
AcDbEntity
  8
1
  6
Continuous
 62
   155
370
    70
100
AcDbLine
 10
52.530143
 20
76.855768
 30
0.0
 11
52.530143
 21
77.273577
 31
0.0
  0
LINE
  5
3BE
330
1F
100
AcDbEntity
  8
1
  6
Continuous
 62
   155
370
    35
100
AcDbLine
 10
52.530143
 20
76.855768
 30
0.0
 11
52.030143
 21
76.855768
 31
0.0
  0
LINE
  5
3BF
330
1F
100
AcDbEntity
  8
1
  6
Continuous
 62
   155
370
    70
100
AcDbLine
 10
52.530143
 20
58.607577
 30
0.0
 11
52.530143
 21
59.025385
 31
0.0
  0
LINE
  5
3C0
330
1F
100
AcDbEntity
  8
1
  6
Continuous
 62
   155
370
    35
100
AcDbLine
 10
52.030143
 20
59.025385
 30
0.0
 11
52.530143
 21
59.025385
 31
0.0
  0
LINE
  5
3C1
330
1F
100
AcDbEntity
  8
1
  6
Continuous
 62
   155
370
    35
100
AcDbLine
 10
51.964023
 20
64.419577
 30
0.0
 11
51.964023
 21
65.626777
 31
0.0
  0
LINE
  5
3C2
330
1F
100
AcDbEntity
  8
1
  6
Continuous
 62
   155
370
    70
100
AcDbLine
 10
52.525143
 20
71.461577
 30
0.0
 11
52.525143
 21
72.970577
 31
0.0
  0
LINE
  5
3C3
330
1F
100
AcDbEntity
  8
1
  6
Continuous
 62
   155
370
    70
100
AcDbLine
 10
52.525143
 20
71.461577
 30
0.0
 11
51.797343
 21
71.461577
 31
0.0
  0
LINE
  5
3C4
330
1F
100
AcDbEntity
  8
1
  6
Continuous
 62
   155
370
    70
100
AcDbLine
 10
52.525143
 20
70.254377
 30
0.0
 11
52.525143
 21
68.544177
 31
0.0
  0
LINE
  5
3C5
330
1F
100
AcDbEntity
  8
1
  6
Continuous
 62
   155
370
    70
100
AcDbLine
 10
50.791343
 20
68.544177
 30
0.0
 11
52.525143
 21
68.544177
 31
0.0
  0
LINE
  5
3C6
330
1F
100
AcDbEntity
  8
1
  6
Continuous
 62
   155
370
    70
100
AcDbLine
 10
52.525143
 20
70.254377
 30
0.0
 11
50.791343
 21
70.254377
 31
0.0
  0
LINE
  5
3C7
330
1F
100
AcDbEntity
  8
1
  6
Continuous
 62
   155
370
    70
100
AcDbLine
 10
52.525143
 20
64.419577
 30
0.0
 11
52.525143
 21
62.910577
 31
0.0
  0
LINE
  5
3C8
330
1F
100
AcDbEntity
  8
1
  6
Continuous
 62
   155
370
    70
100
AcDbLine
 10
51.797343
 20
64.419577
 30
0.0
 11
52.525143
 21
64.419577
 31
0.0
  0
LINE
  5
3C9
330
1F
100
AcDbEntity
  8
1
  6
Continuous
 62
   155
370
    35
100
AcDbLine
 10
51.964023
 20
70.254377
 30
0.0
 11
51.964023
 21
71.461577
 31
0.0
  0
LINE
  5
3CA
330
1F
100
AcDbEntity
  8
1
  6
Continuous
 62
   155
370
    35
100
AcDbLine
 10
51.964023
 20
67.336977
 30
0.0
 11
51.964023
 21
68.544177
 31
0.0
  0
LINE
  5
3CB
330
1F
100
AcDbEntity
  8
1
  6
Continuous
 62
   155
370
    70
100
AcDbLine
 10
52.525143
 20
67.336977
 30
0.0
 11
52.525143
 21
65.626777
 31
0.0
  0
LINE
  5
3CC
330
1F
100
AcDbEntity
  8
1
  6
Continuous
 62
   155
370
    70
100
AcDbLine
 10
50.791343
 20
67.336977
 30
0.0
 11
52.525143
 21
67.336977
 31
0.0
  0
LINE
  5
3CD
330
1F
100
AcDbEntity
  8
1
  6
Continuous
 62
   155
370
    70
100
AcDbLine
 10
50.791343
 20
65.626777
 30
0.0
 11
52.525143
 21
65.626777
 31
0.0
  0
LINE
  5
3CE
330
1F
100
AcDbEntity
  8
1
  6
Continuous
 62
   155
370
    70
100
AcDbLine
 10
52.525143
 20
72.970577
 30
0.0
 11
52.525143
 21
73.473577
 31
0.0
  0
LINE
  5
3CF
330
1F
100
AcDbEntity
  8
1
  6
Continuous
 62
   155
370
    70
100
AcDbLine
 10
51.797343
 20
72.970577
 30
0.0
 11
52.525143
 21
72.970577
 31
0.0
  0
LINE
  5
3D0
330
1F
100
AcDbEntity
  8
1
  6
Continuous
 62
   155
370
    70
100
AcDbLine
 10
52.525143
 20
62.407577
 30
0.0
 11
52.525143
 21
62.910577
 31
0.0
  0
LINE
  5
3D1
330
1F
100
AcDbEntity
  8
1
  6
Continuous
 62
   155
370
    70
100
AcDbLine
 10
51.797343
 20
62.910577
 30
0.0
 11
52.525143
 21
62.910577
 31
0.0
  0
LINE
  5
3D2
330
1F
100
AcDbEntity
  8
1
  6
Continuous
 62
   155
370
    70
100
AcDbLine
 10
42.530143
 20
78.279577
 30
0.0
 11
42.530143
 21
77.273577
 31
0.0
  0
LINE
  5
3D3
330
1F
100
AcDbEntity
  8
1
  6
Continuous
 62
   155
370
    70
100
AcDbLine
 10
43.030143
 20
77.273577
 30
0.0
 11
42.530143
 21
77.273577
 31
0.0
  0
LINE
  5
3D4
330
1F
100
AcDbEntity
  8
1
  6
Continuous
 62
   155
370
    70
100
AcDbLine
 10
42.530143
 20
58.607577
 30
0.0
 11
42.530143
 21
57.601577
 31
0.0
  0
LINE
  5
3D5
330
1F
100
AcDbEntity
  8
1
  6
Continuous
 62
   155
370
    70
100
AcDbLine
 10
43.030143
 20
58.607577
 30
0.0
 11
42.530143
 21
58.607577
 31
0.0
  0
LINE
  5
3D6
330
1F
100
AcDbEntity
  8
1
  6
Continuous
 62
   155
370
    70
100
AcDbLine
 10
52.530143
 20
77.273577
 30
0.0
 11
52.530143
 21
78.279577
 31
0.0
  0
LINE
  5
3D7
330
1F
100
AcDbEntity
  8
1
  6
Continuous
 62
   155
370
    70
100
AcDbLine
 10
52.030143
 20
77.273577
 30
0.0
 11
52.530143
 21
77.273577
 31
0.0
  0
LINE
  5
3D8
330
1F
100
AcDbEntity
  8
1
  6
Continuous
 62
   155
370
    70
100
AcDbLine
 10
52.530143
 20
57.601577
 30
0.0
 11
52.530143
 21
58.607577
 31
0.0
  0
LINE
  5
3D9
330
1F
100
AcDbEntity
  8
1
  6
Continuous
 62
   155
370
    70
100
AcDbLine
 10
52.030143
 20
58.607577
 30
0.0
 11
52.530143
 21
58.607577
 31
0.0
  0
LINE
  5
3DA
330
1F
100
AcDbEntity
  8
1
  6
Continuous
 62
   155
370
    35
100
AcDbLine
 10
50.298686
 20
64.382511
 30
0.0
 11
50.487303
 21
64.382511
 31
0.0
  0
LINE
  5
3DB
330
1F
100
AcDbEntity
  8
1
  6
Continuous
 62
   155
370
    35
100
AcDbLine
 10
50.487303
 20
71.498642
 30
0.0
 11
50.298686
 21
71.498642
 31
0.0
  0
LINE
  5
3DC
330
1F
100
AcDbEntity
  8
1
  6
Continuous
 62
   155
370
    70
100
AcDbLine
 10
51.797343
 20
64.419577
 30
0.0
 11
51.797343
 21
64.314184
 31
0.0
  0
LINE
  5
3DD
330
1F
100
AcDbEntity
  8
1
  6
Continuous
 62
   155
370
    70
100
AcDbLine
 10
51.797343
 20
71.56697
 30
0.0
 11
51.797343
 21
71.461577
 31
0.0
  0
LINE
  5
3DE
330
1F
100
AcDbEntity
  8
1
  6
Continuous
 62
   155
370
    70
100
AcDbLine
 10
50.791343
 20
71.461577
 30
0.0
 11
51.797343
 21
71.461577
 31
0.0
  0
LINE
  5
3DF
330
1F
100
AcDbEntity
  8
1
  6
Continuous
 62
   155
370
    35
100
AcDbLine
 10
50.487303
 20
71.498642
 30
0.0
 11
50.487303
 21
64.382511
 31
0.0
  0
LINE
  5
3E0
330
1F
100
AcDbEntity
  8
1
  6
Continuous
 62
   155
370
    70
100
AcDbLine
 10
51.797343
 20
64.419577
 30
0.0
 11
50.791343
 21
64.419577
 31
0.0
  0
LINE
  5
3E1
330
1F
100
AcDbEntity
  8
1
  6
Continuous
 62
   155
370
    70
100
AcDbLine
 10
50.791343
 20
64.419577
 30
0.0
 11
50.791343
 21
71.461577
 31
0.0
  0
LINE
  5
3E2
330
1F
100
AcDbEntity
  8
1
  6
Continuous
 62
   155
370
    70
100
AcDbLine
 10
51.797343
 20
64.314184
 30
0.0
 11
51.797343
 21
64.163844
 31
0.0
  0
LINE
  5
3E3
330
1F
100
AcDbEntity
  8
1
  6
Continuous
 62
   155
370
    35
100
AcDbLine
 10
51.797343
 20
64.314184
 30
0.0
 11
50.536543
 21
64.331888
 31
0.0
  0
LINE
  5
3E4
330
1F
100
AcDbEntity
  8
1
  6
Continuous
 62
   155
370
    70
100
AcDbLine
 10
51.797343
 20
71.56697
 30
0.0
 11
51.797343
 21
71.717309
 31
0.0
  0
LINE
  5
3E5
330
1F
100
AcDbEntity
  8
1
  6
Continuous
 62
   155
370
    35
100
AcDbLine
 10
50.536543
 20
71.549265
 30
0.0
 11
51.797343
 21
71.56697
 31
0.0
  0
LINE
  5
3E6
330
1F
100
AcDbEntity
  8
1
  6
Continuous
 62
   155
370
    70
100
AcDbLine
 10
51.797343
 20
64.12351
 30
0.0
 11
51.797343
 21
64.163844
 31
0.0
  0
LINE
  5
3E7
330
1F
100
AcDbEntity
  8
1
  6
Continuous
 62
   155
370
    70
100
AcDbLine
 10
50.49772
 20
64.182094
 30
0.0
 11
51.797343
 21
64.163844
 31
0.0
  0
LINE
  5
3E8
330
1F
100
AcDbEntity
  8
1
  6
Continuous
 62
   155
370
    70
100
AcDbLine
 10
67.530143
 20
62.119577
 30
0.0
 11
67.530143
 21
73.761577
 31
0.0
  0
LINE
  5
3E9
330
1F
100
AcDbEntity
  8
1
  6
Continuous
 62
   155
370
    70
100
AcDbLine
 10
67.530143
 20
60.619577
 30
0.0
 11
67.530143
 21
62.119577
 31
0.0
  0
LINE
  5
3EA
330
1F
100
AcDbEntity
  8
1
  6
DASHED
 62
   155
370
    13
100
AcDbLine
 10
67.030143
 20
62.119577
 30
0.0
 11
67.525135
 21
62.119577
 31
0.0
  0
LINE
  5
3EB
330
1F
100
AcDbEntity
  8
1
  6
Continuous
 62
   155
370
    35
100
AcDbLine
 10
67.525135
 20
62.119577
 30
0.0
 11
67.530143
 21
62.119577
 31
0.0
  0
LINE
  5
3EC
330
1F
100
AcDbEntity
  8
1
  6
Continuous
 62
   155
370
    70
100
AcDbLine
 10
67.530143
 20
73.761577
 30
0.0
 11
67.530143
 21
75.261577
 31
0.0
  0
LINE
  5
3ED
330
1F
100
AcDbEntity
  8
1
  6
Continuous
 62
   155
370
    35
100
AcDbLine
 10
67.530143
 20
73.761577
 30
0.0
 11
67.525143
 21
73.761577
 31
0.0
  0
LINE
  5
3EE
330
1F
100
AcDbEntity
  8
1
  6
DASHED
 62
   155
370
    13
100
AcDbLine
 10
67.525143
 20
73.761577
 30
0.0
 11
67.030143
 21
73.761577
 31
0.0
  0
LINE
  5
3EF
330
1F
100
AcDbEntity
  8
1
  6
Continuous
 62
   155
370
    70
100
AcDbLine
 10
57.530143
 20
75.944405
 30
0.0
 11
57.530143
 21
72.467492
 31
0.0
  0
LINE
  5
3F0
330
1F
100
AcDbEntity
  8
1
  6
Continuous
 62
   155
370
    70
100
AcDbLine
 10
57.530143
 20
63.413661
 30
0.0
 11
57.530143
 21
59.936748
 31
0.0
  0
LINE
  5
3F1
330
1F
100
AcDbEntity
  8
1
  6
Continuous
 62
   155
370
    70
100
AcDbLine
 10
67.530143
 20
75.261577
 30
0.0
 11
67.530143
 21
76.855768
 31
0.0
  0
LINE
  5
3F2
330
1F
100
AcDbEntity
  8
1
  6
DASHED
 62
   155
370
    13
100
AcDbLine
 10
67.030143
 20
75.261577
 30
0.0
 11
67.243143
 21
75.261577
 31
0.0
  0
LINE
  5
3F3
330
1F
100
AcDbEntity
  8
1
  6
Continuous
 62
   155
370
    70
100
AcDbLine
 10
67.243143
 20
75.261577
 30
0.0
 11
67.530143
 21
75.261577
 31
0.0
  0
LINE
  5
3F4
330
1F
100
AcDbEntity
  8
1
  6
Continuous
 62
   155
370
    70
100
AcDbLine
 10
67.530143
 20
59.025385
 30
0.0
 11
67.530143
 21
60.619577
 31
0.0
  0
LINE
  5
3F5
330
1F
100
AcDbEntity
  8
1
  6
DASHED
 62
   155
370
    13
100
AcDbLine
 10
67.030143
 20
60.619577
 30
0.0
 11
67.243151
 21
60.619577
 31
0.0
  0
LINE
  5
3F6
330
1F
100
AcDbEntity
  8
1
  6
Continuous
 62
   155
370
    70
100
AcDbLine
 10
67.243151
 20
60.619577
 30
0.0
 11
67.530143
 21
60.619577
 31
0.0
  0
LINE
  5
3F7
330
1F
100
AcDbEntity
  8
1
  6
Continuous
 62
   155
370
    70
100
AcDbLine
 10
67.525143
 20
65.626777
 30
0.0
 11
67.525143
 21
64.419577
 31
0.0
  0
LINE
  5
3F8
330
1F
100
AcDbEntity
  8
1
  6
Continuous
 62
   155
370
    70
100
AcDbLine
 10
67.525143
 20
71.461577
 30
0.0
 11
67.525143
 21
70.254377
 31
0.0
  0
LINE
  5
3F9
330
1F
100
AcDbEntity
  8
1
  6
Continuous
 62
   155
370
    70
100
AcDbLine
 10
67.525143
 20
68.544177
 30
0.0
 11
67.525143
 21
67.336977
 31
0.0
  0
LINE
  5
3FA
330
1F
100
AcDbEntity
  8
1
  6
Continuous
 62
   155
370
    70
100
AcDbLine
 10
57.530143
 20
77.273577
 30
0.0
 11
57.530143
 21
75.944405
 31
0.0
  0
LINE
  5
3FB
330
1F
100
AcDbEntity
  8
1
  6
Continuous
 62
   155
370
    35
100
AcDbLine
 10
58.030143
 20
75.944405
 30
0.0
 11
57.530143
 21
75.944405
 31
0.0
  0
LINE
  5
3FC
330
1F
100
AcDbEntity
  8
1
  6
Continuous
 62
   155
370
    70
100
AcDbLine
 10
57.530143
 20
59.936748
 30
0.0
 11
57.530143
 21
58.607577
 31
0.0
  0
LINE
  5
3FD
330
1F
100
AcDbEntity
  8
1
  6
Continuous
 62
   155
370
    35
100
AcDbLine
 10
57.530143
 20
59.936748
 30
0.0
 11
58.030143
 21
59.936748
 31
0.0
  0
LINE
  5
3FE
330
1F
100
AcDbEntity
  8
1
  6
Continuous
 62
   155
370
    70
100
AcDbLine
 10
67.530143
 20
76.855768
 30
0.0
 11
67.530143
 21
77.273577
 31
0.0
  0
LINE
  5
3FF
330
1F
100
AcDbEntity
  8
1
  6
Continuous
 62
   155
370
    35
100
AcDbLine
 10
67.530143
 20
76.855768
 30
0.0
 11
67.030143
 21
76.855768
 31
0.0
  0
LINE
  5
400
330
1F
100
AcDbEntity
  8
1
  6
Continuous
 62
   155
370
    70
100
AcDbLine
 10
67.530143
 20
58.607577
 30
0.0
 11
67.530143
 21
59.025385
 31
0.0
  0
LINE
  5
401
330
1F
100
AcDbEntity
  8
1
  6
Continuous
 62
   155
370
    35
100
AcDbLine
 10
67.030143
 20
59.025385
 30
0.0
 11
67.530143
 21
59.025385
 31
0.0
  0
LINE
  5
402
330
1F
100
AcDbEntity
  8
1
  6
Continuous
 62
   155
370
    70
100
AcDbLine
 10
67.525143
 20
64.419577
 30
0.0
 11
67.525143
 21
62.910577
 31
0.0
  0
LINE
  5
403
330
1F
100
AcDbEntity
  8
1
  6
Continuous
 62
   155
370
    70
100
AcDbLine
 10
66.797343
 20
64.419577
 30
0.0
 11
67.525143
 21
64.419577
 31
0.0
  0
LINE
  5
404
330
1F
100
AcDbEntity
  8
1
  6
Continuous
 62
   155
370
    35
100
AcDbLine
 10
66.964023
 20
64.419577
 30
0.0
 11
66.964023
 21
65.626777
 31
0.0
  0
LINE
  5
405
330
1F
100
AcDbEntity
  8
1
  6
Continuous
 62
   155
370
    70
100
AcDbLine
 10
67.525143
 20
70.254377
 30
0.0
 11
67.525143
 21
68.544177
 31
0.0
  0
LINE
  5
406
330
1F
100
AcDbEntity
  8
1
  6
Continuous
 62
   155
370
    70
100
AcDbLine
 10
65.791343
 20
68.544177
 30
0.0
 11
67.525143
 21
68.544177
 31
0.0
  0
LINE
  5
407
330
1F
100
AcDbEntity
  8
1
  6
Continuous
 62
   155
370
    70
100
AcDbLine
 10
67.525143
 20
70.254377
 30
0.0
 11
65.791343
 21
70.254377
 31
0.0
  0
LINE
  5
408
330
1F
100
AcDbEntity
  8
1
  6
Continuous
 62
   155
370
    70
100
AcDbLine
 10
67.525143
 20
71.461577
 30
0.0
 11
67.525143
 21
72.970577
 31
0.0
  0
LINE
  5
409
330
1F
100
AcDbEntity
  8
1
  6
Continuous
 62
   155
370
    70
100
AcDbLine
 10
67.525143
 20
71.461577
 30
0.0
 11
66.797343
 21
71.461577
 31
0.0
  0
LINE
  5
40A
330
1F
100
AcDbEntity
  8
1
  6
Continuous
 62
   155
370
    35
100
AcDbLine
 10
66.964023
 20
70.254377
 30
0.0
 11
66.964023
 21
71.461577
 31
0.0
  0
LINE
  5
40B
330
1F
100
AcDbEntity
  8
1
  6
Continuous
 62
   155
370
    35
100
AcDbLine
 10
66.964023
 20
67.336977
 30
0.0
 11
66.964023
 21
68.544177
 31
0.0
  0
LINE
  5
40C
330
1F
100
AcDbEntity
  8
1
  6
Continuous
 62
   155
370
    70
100
AcDbLine
 10
67.525143
 20
67.336977
 30
0.0
 11
67.525143
 21
65.626777
 31
0.0
  0
LINE
  5
40D
330
1F
100
AcDbEntity
  8
1
  6
Continuous
 62
   155
370
    70
100
AcDbLine
 10
65.791343
 20
67.336977
 30
0.0
 11
67.525143
 21
67.336977
 31
0.0
  0
LINE
  5
40E
330
1F
100
AcDbEntity
  8
1
  6
Continuous
 62
   155
370
    70
100
AcDbLine
 10
65.791343
 20
65.626777
 30
0.0
 11
67.525143
 21
65.626777
 31
0.0
  0
LINE
  5
40F
330
1F
100
AcDbEntity
  8
1
  6
Continuous
 62
   155
370
    70
100
AcDbLine
 10
67.525143
 20
72.970577
 30
0.0
 11
67.525143
 21
73.473577
 31
0.0
  0
LINE
  5
410
330
1F
100
AcDbEntity
  8
1
  6
Continuous
 62
   155
370
    70
100
AcDbLine
 10
66.797343
 20
72.970577
 30
0.0
 11
67.525143
 21
72.970577
 31
0.0
  0
LINE
  5
411
330
1F
100
AcDbEntity
  8
1
  6
Continuous
 62
   155
370
    70
100
AcDbLine
 10
67.525143
 20
62.407577
 30
0.0
 11
67.525143
 21
62.910577
 31
0.0
  0
LINE
  5
412
330
1F
100
AcDbEntity
  8
1
  6
Continuous
 62
   155
370
    70
100
AcDbLine
 10
66.797343
 20
62.910577
 30
0.0
 11
67.525143
 21
62.910577
 31
0.0
  0
LINE
  5
413
330
1F
100
AcDbEntity
  8
1
  6
Continuous
 62
   155
370
    70
100
AcDbLine
 10
57.530143
 20
78.279577
 30
0.0
 11
57.530143
 21
77.273577
 31
0.0
  0
LINE
  5
414
330
1F
100
AcDbEntity
  8
1
  6
Continuous
 62
   155
370
    70
100
AcDbLine
 10
58.030143
 20
77.273577
 30
0.0
 11
57.530143
 21
77.273577
 31
0.0
  0
LINE
  5
415
330
1F
100
AcDbEntity
  8
1
  6
Continuous
 62
   155
370
    70
100
AcDbLine
 10
57.530143
 20
58.607577
 30
0.0
 11
57.530143
 21
57.601577
 31
0.0
  0
LINE
  5
416
330
1F
100
AcDbEntity
  8
1
  6
Continuous
 62
   155
370
    70
100
AcDbLine
 10
58.030143
 20
58.607577
 30
0.0
 11
57.530143
 21
58.607577
 31
0.0
  0
LINE
  5
417
330
1F
100
AcDbEntity
  8
1
  6
Continuous
 62
   155
370
    70
100
AcDbLine
 10
67.530143
 20
77.273577
 30
0.0
 11
67.530143
 21
78.279577
 31
0.0
  0
LINE
  5
418
330
1F
100
AcDbEntity
  8
1
  6
Continuous
 62
   155
370
    70
100
AcDbLine
 10
67.030143
 20
77.273577
 30
0.0
 11
67.530143
 21
77.273577
 31
0.0
  0
LINE
  5
419
330
1F
100
AcDbEntity
  8
1
  6
Continuous
 62
   155
370
    70
100
AcDbLine
 10
67.530143
 20
57.601577
 30
0.0
 11
67.530143
 21
58.607577
 31
0.0
  0
LINE
  5
41A
330
1F
100
AcDbEntity
  8
1
  6
Continuous
 62
   155
370
    70
100
AcDbLine
 10
67.030143
 20
58.607577
 30
0.0
 11
67.530143
 21
58.607577
 31
0.0
  0
LINE
  5
41B
330
1F
100
AcDbEntity
  8
1
  6
Continuous
 62
   155
370
    35
100
AcDbLine
 10
65.298686
 20
64.382511
 30
0.0
 11
65.487303
 21
64.382511
 31
0.0
  0
LINE
  5
41C
330
1F
100
AcDbEntity
  8
1
  6
Continuous
 62
   155
370
    35
100
AcDbLine
 10
65.487303
 20
71.498642
 30
0.0
 11
65.298686
 21
71.498642
 31
0.0
  0
LINE
  5
41D
330
1F
100
AcDbEntity
  8
1
  6
Continuous
 62
   155
370
    70
100
AcDbLine
 10
66.797343
 20
64.419577
 30
0.0
 11
66.797343
 21
64.314184
 31
0.0
  0
LINE
  5
41E
330
1F
100
AcDbEntity
  8
1
  6
Continuous
 62
   155
370
    70
100
AcDbLine
 10
66.797343
 20
71.56697
 30
0.0
 11
66.797343
 21
71.461577
 31
0.0
  0
LINE
  5
41F
330
1F
100
AcDbEntity
  8
1
  6
Continuous
 62
   155
370
    70
100
AcDbLine
 10
65.791343
 20
71.461577
 30
0.0
 11
66.797343
 21
71.461577
 31
0.0
  0
LINE
  5
420
330
1F
100
AcDbEntity
  8
1
  6
Continuous
 62
   155
370
    35
100
AcDbLine
 10
65.487303
 20
71.498642
 30
0.0
 11
65.487303
 21
64.382511
 31
0.0
  0
LINE
  5
421
330
1F
100
AcDbEntity
  8
1
  6
Continuous
 62
   155
370
    70
100
AcDbLine
 10
66.797343
 20
64.419577
 30
0.0
 11
65.791343
 21
64.419577
 31
0.0
  0
LINE
  5
422
330
1F
100
AcDbEntity
  8
1
  6
Continuous
 62
   155
370
    70
100
AcDbLine
 10
65.791343
 20
64.419577
 30
0.0
 11
65.791343
 21
71.461577
 31
0.0
  0
LINE
  5
423
330
1F
100
AcDbEntity
  8
1
  6
Continuous
 62
   155
370
    70
100
AcDbLine
 10
66.797343
 20
64.314184
 30
0.0
 11
66.797343
 21
64.163844
 31
0.0
  0
LINE
  5
424
330
1F
100
AcDbEntity
  8
1
  6
Continuous
 62
   155
370
    35
100
AcDbLine
 10
66.797343
 20
64.314184
 30
0.0
 11
65.536543
 21
64.331888
 31
0.0
  0
LINE
  5
425
330
1F
100
AcDbEntity
  8
1
  6
Continuous
 62
   155
370
    70
100
AcDbLine
 10
66.797343
 20
71.56697
 30
0.0
 11
66.797343
 21
71.717309
 31
0.0
  0
LINE
  5
426
330
1F
100
AcDbEntity
  8
1
  6
Continuous
 62
   155
370
    35
100
AcDbLine
 10
65.536543
 20
71.549265
 30
0.0
 11
66.797343
 21
71.56697
 31
0.0
  0
LINE
  5
427
330
1F
100
AcDbEntity
  8
1
  6
Continuous
 62
   155
370
    70
100
AcDbLine
 10
66.797343
 20
64.12351
 30
0.0
 11
66.797343
 21
64.163844
 31
0.0
  0
LINE
  5
428
330
1F
100
AcDbEntity
  8
1
  6
Continuous
 62
   155
370
    70
100
AcDbLine
 10
65.49772
 20
64.182094
 30
0.0
 11
66.797343
 21
64.163844
 31
0.0
  0
LINE
  5
429
330
1F
100
AcDbEntity
  8
1
  6
DASHED
 62
   155
370
    13
100
AcDbLine
 10
37.525143
 20
61.907577
 30
0.0
 11
37.525143
 21
61.907577
 31
0.0
  0
LINE
  5
42A
330
1F
100
AcDbEntity
  8
1
  6
DASHED
 62
   155
370
    13
100
AcDbLine
 10
28.030143
 20
74.273577
 30
0.0
 11
28.030143
 21
61.607577
 31
0.0
  0
LINE
  5
42B
330
1F
100
AcDbEntity
  8
1
  6
DASHED
 62
   155
370
    13
100
AcDbLine
 10
27.835143
 20
74.273577
 30
0.0
 11
28.030143
 21
74.273577
 31
0.0
  0
LINE
  5
42C
330
1F
100
AcDbEntity
  8
1
  6
DASHED
 62
   155
370
    13
100
AcDbLine
 10
28.030143
 20
61.607577
 30
0.0
 11
27.835143
 21
61.607577
 31
0.0
  0
LINE
  5
42D
330
1F
100
AcDbEntity
  8
1
  6
DASHED
 62
   155
370
    13
100
AcDbLine
 10
27.835143
 20
74.273577
 30
0.0
 11
27.835143
 21
61.607577
 31
0.0
  0
LINE
  5
42E
330
1F
100
AcDbEntity
  8
1
  6
DASHED
 62
   155
370
    13
100
AcDbLine
 10
28.030143
 20
61.607577
 30
0.0
 11
28.030143
 21
60.601577
 31
0.0
  0
LINE
  5
42F
330
1F
100
AcDbEntity
  8
1
  6
DASHED
 62
   155
370
    13
100
AcDbLine
 10
27.835143
 20
60.601577
 30
0.0
 11
27.835143
 21
61.607577
 31
0.0
  0
LINE
  5
430
330
1F
100
AcDbEntity
  8
1
  6
DASHED
 62
   155
370
    13
100
AcDbLine
 10
28.030143
 20
75.279581
 30
0.0
 11
28.030143
 21
74.273577
 31
0.0
  0
LINE
  5
431
330
1F
100
AcDbEntity
  8
1
  6
DASHED
 62
   155
370
    13
100
AcDbLine
 10
27.835143
 20
74.273577
 30
0.0
 11
27.835143
 21
75.279577
 31
0.0
  0
LINE
  5
432
330
1F
100
AcDbEntity
  8
1
  6
DASHED
 62
   155
370
    13
100
AcDbLine
 10
37.030143
 20
60.601577
 30
0.0
 11
37.030143
 21
61.607577
 31
0.0
  0
LINE
  5
433
330
1F
100
AcDbEntity
  8
1
  6
DASHED
 62
   155
370
    13
100
AcDbLine
 10
37.225143
 20
61.607577
 30
0.0
 11
37.030143
 21
61.607577
 31
0.0
  0
LINE
  5
434
330
1F
100
AcDbEntity
  8
1
  6
DASHED
 62
   155
370
    13
100
AcDbLine
 10
37.030143
 20
74.273577
 30
0.0
 11
37.030143
 21
75.279577
 31
0.0
  0
LINE
  5
435
330
1F
100
AcDbEntity
  8
1
  6
DASHED
 62
   155
370
    13
100
AcDbLine
 10
37.030143
 20
74.273577
 30
0.0
 11
37.225143
 21
74.273577
 31
0.0
  0
LINE
  5
436
330
1F
100
AcDbEntity
  8
1
  6
DASHED
 62
   155
370
    13
100
AcDbLine
 10
37.225143
 20
61.607577
 30
0.0
 11
37.225143
 21
60.601577
 31
0.0
  0
LINE
  5
437
330
1F
100
AcDbEntity
  8
1
  6
DASHED
 62
   155
370
    13
100
AcDbLine
 10
37.525143
 20
61.907577
 30
0.0
 11
37.225143
 21
61.607577
 31
0.0
  0
LINE
  5
438
330
1F
100
AcDbEntity
  8
1
  6
DASHED
 62
   155
370
    13
100
AcDbLine
 10
37.225143
 20
74.273577
 30
0.0
 11
37.525143
 21
73.973577
 31
0.0
  0
LINE
  5
439
330
1F
100
AcDbEntity
  8
1
  6
DASHED
 62
   155
370
    13
100
AcDbLine
 10
37.225143
 20
75.279577
 30
0.0
 11
37.225143
 21
74.273577
 31
0.0
  0
LINE
  5
43A
330
1F
100
AcDbEntity
  8
1
  6
Continuous
 62
   155
370
    35
100
AcDbLine
 10
50.439136
 20
64.12351
 30
0.0
 11
50.49772
 21
64.182094
 31
0.0
  0
LINE
  5
43B
330
1F
100
AcDbEntity
  8
1
  6
Continuous
 62
   155
370
    70
100
AcDbLine
 10
51.797343
 20
71.717309
 30
0.0
 11
51.797343
 21
71.757644
 31
0.0
  0
LINE
  5
43C
330
1F
100
AcDbEntity
  8
1
  6
Continuous
 62
   155
370
    70
100
AcDbLine
 10
51.797343
 20
71.717309
 30
0.0
 11
50.49772
 21
71.699059
 31
0.0
  0
LINE
  5
43D
330
1F
100
AcDbEntity
  8
1
  6
Continuous
 62
   155
370
    35
100
AcDbLine
 10
50.49772
 20
71.699059
 30
0.0
 11
50.439136
 21
71.757644
 31
0.0
  0
LINE
  5
43E
330
1F
100
AcDbEntity
  8
1
  6
Continuous
 62
   155
370
    70
100
AcDbLine
 10
42.535143
 20
62.407577
 30
0.0
 11
42.535143
 21
63.413577
 31
0.0
  0
LINE
  5
43F
330
1F
100
AcDbEntity
  8
1
  6
Continuous
 62
   155
370
    70
100
AcDbLine
 10
51.797343
 20
63.923784
 30
0.0
 11
51.797343
 21
62.407577
 31
0.0
  0
LINE
  5
440
330
1F
100
AcDbEntity
  8
1
  6
Continuous
 62
   155
370
    70
100
AcDbLine
 10
42.535143
 20
72.467577
 30
0.0
 11
42.535143
 21
73.473577
 31
0.0
  0
LINE
  5
441
330
1F
100
AcDbEntity
  8
1
  6
Continuous
 62
   155
370
    70
100
AcDbLine
 10
51.797343
 20
73.473577
 30
0.0
 11
51.797343
 21
71.95737
 31
0.0
  0
LINE
  5
442
330
1F
100
AcDbEntity
  8
1
  6
Continuous
 62
   155
370
    70
100
AcDbLine
 10
51.797343
 20
71.757644
 30
0.0
 11
51.797343
 21
71.95737
 31
0.0
  0
LINE
  5
443
330
1F
100
AcDbEntity
  8
1
  6
Continuous
 62
   155
370
    35
100
AcDbLine
 10
50.41927
 20
71.95737
 30
0.0
 11
51.797343
 21
71.95737
 31
0.0
  0
LINE
  5
444
330
1F
100
AcDbEntity
  8
1
  6
Continuous
 62
   155
370
    70
100
AcDbLine
 10
51.797343
 20
71.757644
 30
0.0
 11
50.439136
 21
71.757644
 31
0.0
  0
LINE
  5
445
330
1F
100
AcDbEntity
  8
1
  6
Continuous
 62
   155
370
    70
100
AcDbLine
 10
51.797343
 20
63.923784
 30
0.0
 11
51.797343
 21
64.12351
 31
0.0
  0
LINE
  5
446
330
1F
100
AcDbEntity
  8
1
  6
Continuous
 62
   155
370
    70
100
AcDbLine
 10
50.439136
 20
64.12351
 30
0.0
 11
51.797343
 21
64.12351
 31
0.0
  0
LINE
  5
447
330
1F
100
AcDbEntity
  8
1
  6
Continuous
 62
   155
370
    35
100
AcDbLine
 10
51.797343
 20
63.923784
 30
0.0
 11
50.41927
 21
63.923784
 31
0.0
  0
LINE
  5
448
330
1F
100
AcDbEntity
  8
1
  6
Continuous
 62
   155
370
    70
100
AcDbLine
 10
50.219544
 20
63.413577
 30
0.0
 11
50.41927
 21
63.413577
 31
0.0
  0
LINE
  5
449
330
1F
100
AcDbEntity
  8
1
  6
Continuous
 62
   155
370
    35
100
AcDbLine
 10
50.41927
 20
63.923784
 30
0.0
 11
50.41927
 21
63.413577
 31
0.0
  0
LINE
  5
44A
330
1F
100
AcDbEntity
  8
1
  6
Continuous
 62
   155
370
    70
100
AcDbLine
 10
50.41927
 20
72.467577
 30
0.0
 11
50.219544
 21
72.467577
 31
0.0
  0
LINE
  5
44B
330
1F
100
AcDbEntity
  8
1
  6
Continuous
 62
   155
370
    35
100
AcDbLine
 10
50.41927
 20
72.467577
 30
0.0
 11
50.41927
 21
71.95737
 31
0.0
  0
LINE
  5
44C
330
1F
100
AcDbEntity
  8
1
  6
Continuous
 62
   155
370
    70
100
AcDbLine
 10
42.535143
 20
74.479577
 30
0.0
 11
42.535143
 21
73.473577
 31
0.0
  0
LINE
  5
44D
330
1F
100
AcDbEntity
  8
1
  6
Continuous
 62
   155
370
    70
100
AcDbLine
 10
42.535143
 20
73.473577
 30
0.0
 11
44.956543
 21
73.473577
 31
0.0
  0
LINE
  5
44E
330
1F
100
AcDbEntity
  8
1
  6
Continuous
 62
   155
370
    70
100
AcDbLine
 10
42.535143
 20
62.407577
 30
0.0
 11
42.535143
 21
61.401577
 31
0.0
  0
LINE
  5
44F
330
1F
100
AcDbEntity
  8
1
  6
Continuous
 62
   155
370
    70
100
AcDbLine
 10
42.535143
 20
62.407577
 30
0.0
 11
44.956543
 21
62.407577
 31
0.0
  0
LINE
  5
450
330
1F
100
AcDbEntity
  8
1
  6
Continuous
 62
   155
370
    70
100
AcDbLine
 10
52.525143
 20
62.407577
 30
0.0
 11
52.525143
 21
61.401577
 31
0.0
  0
LINE
  5
451
330
1F
100
AcDbEntity
  8
1
  6
Continuous
 62
   155
370
    70
100
AcDbLine
 10
50.938632
 20
62.407577
 30
0.0
 11
52.525143
 21
62.407577
 31
0.0
  0
LINE
  5
452
330
1F
100
AcDbEntity
  8
1
  6
Continuous
 62
   155
370
    70
100
AcDbLine
 10
52.525143
 20
74.479577
 30
0.0
 11
52.525143
 21
73.473577
 31
0.0
  0
LINE
  5
453
330
1F
100
AcDbEntity
  8
1
  6
Continuous
 62
   155
370
    70
100
AcDbLine
 10
50.938632
 20
73.473577
 30
0.0
 11
52.525143
 21
73.473577
 31
0.0
  0
LINE
  5
454
330
1F
100
AcDbEntity
  8
1
  6
Continuous
 62
   155
370
    70
100
AcDbLine
 10
43.030143
 20
60.601577
 30
0.0
 11
43.030143
 21
57.601577
 31
0.0
  0
LINE
  5
455
330
1F
100
AcDbEntity
  8
1
  6
Continuous
 62
   155
370
    70
100
AcDbLine
 10
52.030143
 20
60.601577
 30
0.0
 11
52.030143
 21
57.601577
 31
0.0
  0
LINE
  5
456
330
1F
100
AcDbEntity
  8
1
  6
Continuous
 62
   155
370
    70
100
AcDbLine
 10
43.030143
 20
78.279577
 30
0.0
 11
43.030143
 21
75.279577
 31
0.0
  0
LINE
  5
457
330
1F
100
AcDbEntity
  8
1
  6
Continuous
 62
   155
370
    70
100
AcDbLine
 10
52.030143
 20
78.279577
 30
0.0
 11
52.030143
 21
75.279577
 31
0.0
  0
LINE
  5
458
330
1F
100
AcDbEntity
  8
1
  6
Continuous
 62
   155
370
    70
100
AcDbLine
 10
50.938632
 20
62.407577
 30
0.0
 11
50.590143
 21
62.407577
 31
0.0
  0
LINE
  5
459
330
1F
100
AcDbEntity
  8
1
  6
Continuous
 62
   155
370
    70
100
AcDbLine
 10
50.938632
 20
62.407577
 30
0.0
 11
50.938632
 21
61.401577
 31
0.0
  0
LINE
  5
45A
330
1F
100
AcDbEntity
  8
1
  6
Continuous
 62
   155
370
    70
100
AcDbLine
 10
50.590143
 20
73.473577
 30
0.0
 11
50.938632
 21
73.473577
 31
0.0
  0
LINE
  5
45B
330
1F
100
AcDbEntity
  8
1
  6
Continuous
 62
   155
370
    70
100
AcDbLine
 10
50.938632
 20
73.473577
 30
0.0
 11
50.938632
 21
74.479577
 31
0.0
  0
LINE
  5
45C
330
1F
100
AcDbEntity
  8
1
  6
Continuous
 62
   155
370
    70
100
AcDbLine
 10
50.219544
 20
72.467577
 30
0.0
 11
50.155054
 21
72.467577
 31
0.0
  0
LINE
  5
45D
330
1F
100
AcDbEntity
  8
1
  6
Continuous
 62
   155
370
    70
100
AcDbLine
 10
50.155054
 20
63.413577
 30
0.0
 11
50.219544
 21
63.413577
 31
0.0
  0
LINE
  5
45E
330
1F
100
AcDbEntity
  8
1
  6
Continuous
 62
   155
370
    35
100
AcDbLine
 10
50.219544
 20
63.413577
 30
0.0
 11
50.219544
 21
63.923871
 31
0.0
  0
LINE
  5
45F
330
1F
100
AcDbEntity
  8
1
  6
Continuous
 62
   155
370
    35
100
AcDbLine
 10
50.298686
 20
64.382511
 30
0.0
 11
50.239414
 21
64.32324
 31
0.0
  0
LINE
  5
460
330
1F
100
AcDbEntity
  8
1
  6
Continuous
 62
   155
370
    35
100
AcDbLine
 10
50.298686
 20
64.382511
 30
0.0
 11
50.298686
 21
71.498642
 31
0.0
  0
LINE
  5
461
330
1F
100
AcDbEntity
  8
1
  6
Continuous
 62
   155
370
    35
100
AcDbLine
 10
50.239414
 20
71.557913
 30
0.0
 11
50.298686
 21
71.498642
 31
0.0
  0
LINE
  5
462
330
1F
100
AcDbEntity
  8
1
  6
Continuous
 62
   155
370
    35
100
AcDbLine
 10
50.219544
 20
71.957282
 30
0.0
 11
50.219544
 21
72.467577
 31
0.0
  0
LINE
  5
463
330
1F
100
AcDbEntity
  8
1
  6
Continuous
 62
   155
370
    70
100
AcDbLine
 10
50.330143
 20
82.640577
 30
0.0
 11
51.2073
 21
81.763419
 31
0.0
  0
LINE
  5
464
330
1F
100
AcDbEntity
  8
1
  6
Continuous
 62
   155
370
    70
100
AcDbLine
 10
51.2073
 20
78.279577
 30
0.0
 11
42.530143
 21
78.279577
 31
0.0
  0
LINE
  5
465
330
1F
100
AcDbEntity
  8
1
  6
Continuous
 62
   155
370
    70
100
AcDbLine
 10
42.530143
 20
78.279577
 30
0.0
 11
42.530143
 21
80.440577
 31
0.0
  0
LINE
  5
466
330
1F
100
AcDbEntity
  8
1
  6
Continuous
 62
   155
370
    70
100
AcDbLine
 10
42.530143
 20
80.440577
 30
0.0
 11
44.730143
 21
82.640577
 31
0.0
  0
LINE
  5
467
330
1F
100
AcDbEntity
  8
1
  6
Continuous
 62
   155
370
    70
100
AcDbLine
 10
51.2073
 20
57.601577
 30
0.0
 11
42.530143
 21
57.601577
 31
0.0
  0
LINE
  5
468
330
1F
100
AcDbEntity
  8
1
  6
DASHED
 62
   155
370
    13
100
AcDbLine
 10
60.154407
 20
82.640577
 30
0.0
 11
60.030143
 21
82.940577
 31
0.0
  0
LINE
  5
469
330
1F
100
AcDbEntity
  8
1
  6
DASHED
 62
   155
370
    13
100
AcDbLine
 10
67.530143
 20
55.440577
 30
0.0
 11
67.230143
 21
55.564841
 31
0.0
  0
LINE
  5
46A
330
1F
100
AcDbEntity
  8
1
  6
DASHED
 62
   155
370
    13
100
AcDbLine
 10
67.030143
 20
63.619576
 30
0.0
 11
67.030143
 21
72.261577
 31
0.0
  0
LINE
  5
46B
330
1F
100
AcDbEntity
  8
1
  6
DASHED
 62
   155
370
    13
100
AcDbLine
 10
67.225143
 20
63.619577
 30
0.0
 11
67.030143
 21
63.619577
 31
0.0
  0
LINE
  5
46C
330
1F
100
AcDbEntity
  8
1
  6
DASHED
 62
   155
370
    13
100
AcDbLine
 10
67.030143
 20
72.261577
 30
0.0
 11
67.225143
 21
72.261577
 31
0.0
  0
LINE
  5
46D
330
1F
100
AcDbEntity
  8
1
  6
DASHED
 62
   155
370
    13
100
AcDbLine
 10
67.225142
 20
63.619577
 30
0.0
 11
67.225142
 21
72.261577
 31
0.0
  0
LINE
  5
46E
330
1F
100
AcDbEntity
  8
1
  6
DASHED
 62
   155
370
    13
100
AcDbLine
 10
67.030143
 20
72.261577
 30
0.0
 11
67.030143
 21
73.301948
 31
0.0
  0
LINE
  5
46F
330
1F
100
AcDbEntity
  8
1
  6
DASHED
 62
   155
370
    13
100
AcDbLine
 10
67.225143
 20
73.301948
 30
0.0
 11
67.030143
 21
73.301948
 31
0.0
  0
LINE
  5
470
330
1F
100
AcDbEntity
  8
1
  6
DASHED
 62
   155
370
    13
100
AcDbLine
 10
67.225143
 20
73.301948
 30
0.0
 11
67.225143
 21
72.261577
 31
0.0
  0
LINE
  5
471
330
1F
100
AcDbEntity
  8
1
  6
DASHED
 62
   155
370
    13
100
AcDbLine
 10
67.030143
 20
62.579206
 30
0.0
 11
67.030143
 21
63.619577
 31
0.0
  0
LINE
  5
472
330
1F
100
AcDbEntity
  8
1
  6
DASHED
 62
   155
370
    13
100
AcDbLine
 10
67.030143
 20
62.579206
 30
0.0
 11
67.225143
 21
62.579206
 31
0.0
  0
LINE
  5
473
330
1F
100
AcDbEntity
  8
1
  6
DASHED
 62
   155
370
    13
100
AcDbLine
 10
67.225143
 20
63.619577
 30
0.0
 11
67.225143
 21
62.579206
 31
0.0
  0
LINE
  5
474
330
1F
100
AcDbEntity
  8
1
  6
DASHED
 62
   155
370
    13
100
AcDbLine
 10
67.030143
 20
61.607577
 30
0.0
 11
67.030143
 21
62.579206
 31
0.0
  0
LINE
  5
475
330
1F
100
AcDbEntity
  8
1
  6
DASHED
 62
   155
370
    13
100
AcDbLine
 10
67.225143
 20
61.607577
 30
0.0
 11
67.225143
 21
62.579206
 31
0.0
  0
LINE
  5
476
330
1F
100
AcDbEntity
  8
1
  6
DASHED
 62
   155
370
    13
100
AcDbLine
 10
67.030143
 20
73.301948
 30
0.0
 11
67.030143
 21
74.273577
 31
0.0
  0
LINE
  5
477
330
1F
100
AcDbEntity
  8
1
  6
DASHED
 62
   155
370
    13
100
AcDbLine
 10
67.225143
 20
73.301948
 30
0.0
 11
67.225143
 21
74.273577
 31
0.0
  0
LINE
  5
478
330
1F
100
AcDbEntity
  8
1
  6
DASHED
 62
   155
370
    13
100
AcDbLine
 10
67.525143
 20
61.907577
 30
0.0
 11
67.525143
 21
61.907577
 31
0.0
  0
LINE
  5
479
330
1F
100
AcDbEntity
  8
1
  6
DASHED
 62
   155
370
    13
100
AcDbLine
 10
58.030143
 20
74.273577
 30
0.0
 11
58.030143
 21
61.607577
 31
0.0
  0
LINE
  5
47A
330
1F
100
AcDbEntity
  8
1
  6
DASHED
 62
   155
370
    13
100
AcDbLine
 10
57.835143
 20
74.273577
 30
0.0
 11
58.030143
 21
74.273577
 31
0.0
  0
LINE
  5
47B
330
1F
100
AcDbEntity
  8
1
  6
DASHED
 62
   155
370
    13
100
AcDbLine
 10
58.030143
 20
61.607577
 30
0.0
 11
57.835143
 21
61.607577
 31
0.0
  0
LINE
  5
47C
330
1F
100
AcDbEntity
  8
1
  6
DASHED
 62
   155
370
    13
100
AcDbLine
 10
57.835143
 20
74.273577
 30
0.0
 11
57.835143
 21
61.607577
 31
0.0
  0
LINE
  5
47D
330
1F
100
AcDbEntity
  8
1
  6
DASHED
 62
   155
370
    13
100
AcDbLine
 10
58.030143
 20
61.607577
 30
0.0
 11
58.030143
 21
60.601577
 31
0.0
  0
LINE
  5
47E
330
1F
100
AcDbEntity
  8
1
  6
DASHED
 62
   155
370
    13
100
AcDbLine
 10
57.835143
 20
60.601577
 30
0.0
 11
57.835143
 21
61.607577
 31
0.0
  0
LINE
  5
47F
330
1F
100
AcDbEntity
  8
1
  6
DASHED
 62
   155
370
    13
100
AcDbLine
 10
58.030143
 20
75.279581
 30
0.0
 11
58.030143
 21
74.273577
 31
0.0
  0
LINE
  5
480
330
1F
100
AcDbEntity
  8
1
  6
DASHED
 62
   155
370
    13
100
AcDbLine
 10
57.835143
 20
74.273577
 30
0.0
 11
57.835143
 21
75.279577
 31
0.0
  0
LINE
  5
481
330
1F
100
AcDbEntity
  8
1
  6
DASHED
 62
   155
370
    13
100
AcDbLine
 10
67.030143
 20
60.601577
 30
0.0
 11
67.030143
 21
61.607577
 31
0.0
  0
LINE
  5
482
330
1F
100
AcDbEntity
  8
1
  6
DASHED
 62
   155
370
    13
100
AcDbLine
 10
67.225143
 20
61.607577
 30
0.0
 11
67.030143
 21
61.607577
 31
0.0
  0
LINE
  5
483
330
1F
100
AcDbEntity
  8
1
  6
DASHED
 62
   155
370
    13
100
AcDbLine
 10
67.030143
 20
74.273577
 30
0.0
 11
67.030143
 21
75.279577
 31
0.0
  0
LINE
  5
484
330
1F
100
AcDbEntity
  8
1
  6
DASHED
 62
   155
370
    13
100
AcDbLine
 10
67.030143
 20
74.273577
 30
0.0
 11
67.225143
 21
74.273577
 31
0.0
  0
LINE
  5
485
330
1F
100
AcDbEntity
  8
1
  6
DASHED
 62
   155
370
    13
100
AcDbLine
 10
67.225143
 20
61.607577
 30
0.0
 11
67.225143
 21
60.601577
 31
0.0
  0
LINE
  5
486
330
1F
100
AcDbEntity
  8
1
  6
DASHED
 62
   155
370
    13
100
AcDbLine
 10
67.525143
 20
61.907577
 30
0.0
 11
67.225143
 21
61.607577
 31
0.0
  0
LINE
  5
487
330
1F
100
AcDbEntity
  8
1
  6
DASHED
 62
   155
370
    13
100
AcDbLine
 10
67.225143
 20
74.273577
 30
0.0
 11
67.525143
 21
73.973577
 31
0.0
  0
LINE
  5
488
330
1F
100
AcDbEntity
  8
1
  6
DASHED
 62
   155
370
    13
100
AcDbLine
 10
67.225143
 20
75.279577
 30
0.0
 11
67.225143
 21
74.273577
 31
0.0
  0
LINE
  5
489
330
1F
100
AcDbEntity
  8
1
  6
DASHED
 62
   155
370
    13
100
AcDbLine
 10
52.230143
 20
55.564841
 30
0.0
 11
52.230143
 21
80.316312
 31
0.0
  0
LINE
  5
48A
330
1F
100
AcDbEntity
  8
1
  6
DASHED
 62
   155
370
    13
100
AcDbLine
 10
49.905879
 20
53.240577
 30
0.0
 11
52.230143
 21
55.564841
 31
0.0
  0
LINE
  5
48B
330
1F
100
AcDbEntity
  8
1
  6
DASHED
 62
   155
370
    13
100
AcDbLine
 10
45.154407
 20
82.640577
 30
0.0
 11
42.830143
 21
80.316312
 31
0.0
  0
LINE
  5
48C
330
1F
100
AcDbEntity
  8
1
  6
DASHED
 62
   155
370
    13
100
AcDbLine
 10
52.230143
 20
80.316312
 30
0.0
 11
49.905879
 21
82.640577
 31
0.0
  0
LINE
  5
48D
330
1F
100
AcDbEntity
  8
1
  6
DASHED
 62
   155
370
    13
100
AcDbLine
 10
42.830143
 20
80.316312
 30
0.0
 11
42.830143
 21
53.240577
 31
0.0
  0
LINE
  5
48E
330
1F
100
AcDbEntity
  8
1
  6
DASHED
 62
   155
370
    13
100
AcDbLine
 10
49.905879
 20
53.240577
 30
0.0
 11
50.030143
 21
52.940577
 31
0.0
  0
LINE
  5
48F
330
1F
100
AcDbEntity
  8
1
  6
DASHED
 62
   155
370
    13
100
AcDbLine
 10
42.530143
 20
80.440577
 30
0.0
 11
42.830143
 21
80.316312
 31
0.0
  0
LINE
  5
490
330
1F
100
AcDbEntity
  8
1
  6
DASHED
 62
   155
370
    13
100
AcDbLine
 10
42.780143
 20
53.190577
 30
0.0
 11
42.830143
 21
53.240577
 31
0.0
  0
LINE
  5
491
330
1F
100
AcDbEntity
  8
1
  6
DASHED
 62
   155
370
    13
100
AcDbLine
 10
52.230143
 20
80.316312
 30
0.0
 11
52.530143
 21
80.440577
 31
0.0
  0
LINE
  5
492
330
1F
100
AcDbEntity
  8
1
  6
DASHED
 62
   155
370
    13
100
AcDbLine
 10
50.030143
 20
82.940577
 30
0.0
 11
49.905879
 21
82.640577
 31
0.0
  0
LINE
  5
493
330
1F
100
AcDbEntity
  8
1
  6
DASHED
 62
   155
370
    13
100
AcDbLine
 10
45.154407
 20
82.640577
 30
0.0
 11
45.030143
 21
82.940577
 31
0.0
  0
LINE
  5
494
102
{ACAD_REACTORS
330
777
102
}
330
1F
100
AcDbEntity
  8
1
  6
Continuous
 62
   163
370
    18
100
AcDbLine
 10
92.530143
 20
95.940577
 30
0.0
 11
92.530143
 21
50.940577
 31
0.0
  0
LINE
  5
495
102
{ACAD_REACTORS
330
7BF
102
}
330
1F
100
AcDbEntity
  8
1
  6
Continuous
 62
   163
370
    18
100
AcDbLine
 10
17.530143
 20
95.940577
 30
0.0
 11
92.530143
 21
95.940577
 31
0.0
  0
LINE
  5
496
330
1F
100
AcDbEntity
  8
1
  6
Continuous
 62
   163
370
    18
100
AcDbLine
 10
17.530143
 20
50.940577
 30
0.0
 11
17.530143
 21
95.940577
 31
0.0
  0
LINE
  5
497
330
1F
100
AcDbEntity
  8
1
  6
Continuous
 62
   163
370
    18
100
AcDbLine
 10
92.530143
 20
50.940577
 30
0.0
 11
17.530143
 21
50.940577
 31
0.0
  0
LINE
  5
498
330
1F
100
AcDbEntity
  8
1
  6
Continuous
 62
   155
370
    35
100
AcDbLine
 10
65.439136
 20
64.12351
 30
0.0
 11
65.49772
 21
64.182094
 31
0.0
  0
LINE
  5
499
330
1F
100
AcDbEntity
  8
1
  6
Continuous
 62
   155
370
    35
100
AcDbLine
 10
65.49772
 20
71.699059
 30
0.0
 11
65.439136
 21
71.757644
 31
0.0
  0
LINE
  5
49A
330
1F
100
AcDbEntity
  8
1
  6
Continuous
 62
   155
370
    70
100
AcDbLine
 10
66.797343
 20
71.717309
 30
0.0
 11
66.797343
 21
71.757644
 31
0.0
  0
LINE
  5
49B
330
1F
100
AcDbEntity
  8
1
  6
Continuous
 62
   155
370
    70
100
AcDbLine
 10
66.797343
 20
71.717309
 30
0.0
 11
65.49772
 21
71.699059
 31
0.0
  0
LINE
  5
49C
330
1F
100
AcDbEntity
  8
1
  6
Continuous
 62
   155
370
    70
100
AcDbLine
 10
57.535143
 20
62.407577
 30
0.0
 11
57.535143
 21
63.413577
 31
0.0
  0
LINE
  5
49D
330
1F
100
AcDbEntity
  8
1
  6
Continuous
 62
   155
370
    70
100
AcDbLine
 10
66.797343
 20
63.923784
 30
0.0
 11
66.797343
 21
62.407577
 31
0.0
  0
LINE
  5
49E
330
1F
100
AcDbEntity
  8
1
  6
Continuous
 62
   155
370
    70
100
AcDbLine
 10
57.535143
 20
72.467577
 30
0.0
 11
57.535143
 21
73.473577
 31
0.0
  0
LINE
  5
49F
330
1F
100
AcDbEntity
  8
1
  6
Continuous
 62
   155
370
    70
100
AcDbLine
 10
66.797343
 20
73.473577
 30
0.0
 11
66.797343
 21
71.95737
 31
0.0
  0
LINE
  5
4A0
330
1F
100
AcDbEntity
  8
1
  6
Continuous
 62
   155
370
    70
100
AcDbLine
 10
66.797343
 20
71.757644
 30
0.0
 11
66.797343
 21
71.95737
 31
0.0
  0
LINE
  5
4A1
330
1F
100
AcDbEntity
  8
1
  6
Continuous
 62
   155
370
    35
100
AcDbLine
 10
65.41927
 20
71.95737
 30
0.0
 11
66.797343
 21
71.95737
 31
0.0
  0
LINE
  5
4A2
330
1F
100
AcDbEntity
  8
1
  6
Continuous
 62
   155
370
    70
100
AcDbLine
 10
66.797343
 20
71.757644
 30
0.0
 11
65.439136
 21
71.757644
 31
0.0
  0
LINE
  5
4A3
330
1F
100
AcDbEntity
  8
1
  6
Continuous
 62
   155
370
    70
100
AcDbLine
 10
66.797343
 20
63.923784
 30
0.0
 11
66.797343
 21
64.12351
 31
0.0
  0
LINE
  5
4A4
330
1F
100
AcDbEntity
  8
1
  6
Continuous
 62
   155
370
    70
100
AcDbLine
 10
65.439136
 20
64.12351
 30
0.0
 11
66.797343
 21
64.12351
 31
0.0
  0
LINE
  5
4A5
330
1F
100
AcDbEntity
  8
1
  6
Continuous
 62
   155
370
    35
100
AcDbLine
 10
66.797343
 20
63.923784
 30
0.0
 11
65.41927
 21
63.923784
 31
0.0
  0
LINE
  5
4A6
330
1F
100
AcDbEntity
  8
1
  6
Continuous
 62
   155
370
    70
100
AcDbLine
 10
65.219544
 20
63.413577
 30
0.0
 11
65.41927
 21
63.413577
 31
0.0
  0
LINE
  5
4A7
330
1F
100
AcDbEntity
  8
1
  6
Continuous
 62
   155
370
    35
100
AcDbLine
 10
65.41927
 20
63.923784
 30
0.0
 11
65.41927
 21
63.413577
 31
0.0
  0
LINE
  5
4A8
330
1F
100
AcDbEntity
  8
1
  6
Continuous
 62
   155
370
    70
100
AcDbLine
 10
65.41927
 20
72.467577
 30
0.0
 11
65.219544
 21
72.467577
 31
0.0
  0
LINE
  5
4A9
330
1F
100
AcDbEntity
  8
1
  6
Continuous
 62
   155
370
    35
100
AcDbLine
 10
65.41927
 20
72.467577
 30
0.0
 11
65.41927
 21
71.95737
 31
0.0
  0
LINE
  5
4AA
330
1F
100
AcDbEntity
  8
1
  6
Continuous
 62
   155
370
    70
100
AcDbLine
 10
57.535143
 20
74.479577
 30
0.0
 11
57.535143
 21
73.473577
 31
0.0
  0
LINE
  5
4AB
330
1F
100
AcDbEntity
  8
1
  6
Continuous
 62
   155
370
    70
100
AcDbLine
 10
57.535143
 20
73.473577
 30
0.0
 11
59.956543
 21
73.473577
 31
0.0
  0
LINE
  5
4AC
330
1F
100
AcDbEntity
  8
1
  6
Continuous
 62
   155
370
    70
100
AcDbLine
 10
57.535143
 20
62.407577
 30
0.0
 11
57.535143
 21
61.401577
 31
0.0
  0
LINE
  5
4AD
330
1F
100
AcDbEntity
  8
1
  6
Continuous
 62
   155
370
    70
100
AcDbLine
 10
57.535143
 20
62.407577
 30
0.0
 11
59.956543
 21
62.407577
 31
0.0
  0
LINE
  5
4AE
330
1F
100
AcDbEntity
  8
1
  6
Continuous
 62
   155
370
    70
100
AcDbLine
 10
67.525143
 20
74.479577
 30
0.0
 11
67.525143
 21
73.473577
 31
0.0
  0
LINE
  5
4AF
330
1F
100
AcDbEntity
  8
1
  6
Continuous
 62
   155
370
    70
100
AcDbLine
 10
65.938632
 20
73.473577
 30
0.0
 11
67.525143
 21
73.473577
 31
0.0
  0
LINE
  5
4B0
330
1F
100
AcDbEntity
  8
1
  6
Continuous
 62
   155
370
    70
100
AcDbLine
 10
67.525143
 20
62.407577
 30
0.0
 11
67.525143
 21
61.401577
 31
0.0
  0
LINE
  5
4B1
330
1F
100
AcDbEntity
  8
1
  6
Continuous
 62
   155
370
    70
100
AcDbLine
 10
65.938632
 20
62.407577
 30
0.0
 11
67.525143
 21
62.407577
 31
0.0
  0
LINE
  5
4B2
330
1F
100
AcDbEntity
  8
1
  6
Continuous
 62
   155
370
    70
100
AcDbLine
 10
58.030143
 20
60.601577
 30
0.0
 11
58.030143
 21
57.601577
 31
0.0
  0
LINE
  5
4B3
330
1F
100
AcDbEntity
  8
1
  6
Continuous
 62
   155
370
    70
100
AcDbLine
 10
67.030143
 20
60.601577
 30
0.0
 11
67.030143
 21
57.601577
 31
0.0
  0
LINE
  5
4B4
330
1F
100
AcDbEntity
  8
1
  6
Continuous
 62
   155
370
    70
100
AcDbLine
 10
58.030143
 20
78.279577
 30
0.0
 11
58.030143
 21
75.279577
 31
0.0
  0
LINE
  5
4B5
330
1F
100
AcDbEntity
  8
1
  6
Continuous
 62
   155
370
    70
100
AcDbLine
 10
67.030143
 20
78.279577
 30
0.0
 11
67.030143
 21
75.279577
 31
0.0
  0
LINE
  5
4B6
330
1F
100
AcDbEntity
  8
1
  6
Continuous
 62
   155
370
    70
100
AcDbLine
 10
65.938632
 20
62.407577
 30
0.0
 11
65.590143
 21
62.407577
 31
0.0
  0
LINE
  5
4B7
330
1F
100
AcDbEntity
  8
1
  6
Continuous
 62
   155
370
    70
100
AcDbLine
 10
65.938632
 20
62.407577
 30
0.0
 11
65.938632
 21
61.401577
 31
0.0
  0
LINE
  5
4B8
330
1F
100
AcDbEntity
  8
1
  6
Continuous
 62
   155
370
    70
100
AcDbLine
 10
65.590143
 20
73.473577
 30
0.0
 11
65.938632
 21
73.473577
 31
0.0
  0
LINE
  5
4B9
330
1F
100
AcDbEntity
  8
1
  6
Continuous
 62
   155
370
    70
100
AcDbLine
 10
65.938632
 20
73.473577
 30
0.0
 11
65.938632
 21
74.479577
 31
0.0
  0
LINE
  5
4BA
330
1F
100
AcDbEntity
  8
1
  6
Continuous
 62
   155
370
    70
100
AcDbLine
 10
65.219544
 20
72.467577
 30
0.0
 11
65.155054
 21
72.467577
 31
0.0
  0
LINE
  5
4BB
330
1F
100
AcDbEntity
  8
1
  6
Continuous
 62
   155
370
    70
100
AcDbLine
 10
65.155054
 20
63.413577
 30
0.0
 11
65.219544
 21
63.413577
 31
0.0
  0
LINE
  5
4BC
330
1F
100
AcDbEntity
  8
1
  6
Continuous
 62
   155
370
    35
100
AcDbLine
 10
65.219544
 20
63.413577
 30
0.0
 11
65.219544
 21
63.923871
 31
0.0
  0
LINE
  5
4BD
330
1F
100
AcDbEntity
  8
1
  6
Continuous
 62
   155
370
    35
100
AcDbLine
 10
65.298686
 20
64.382511
 30
0.0
 11
65.239414
 21
64.32324
 31
0.0
  0
LINE
  5
4BE
330
1F
100
AcDbEntity
  8
1
  6
Continuous
 62
   155
370
    35
100
AcDbLine
 10
65.298686
 20
64.382511
 30
0.0
 11
65.298686
 21
71.498642
 31
0.0
  0
LINE
  5
4BF
330
1F
100
AcDbEntity
  8
1
  6
Continuous
 62
   155
370
    35
100
AcDbLine
 10
65.239414
 20
71.557913
 30
0.0
 11
65.298686
 21
71.498642
 31
0.0
  0
LINE
  5
4C0
330
1F
100
AcDbEntity
  8
1
  6
Continuous
 62
   155
370
    35
100
AcDbLine
 10
65.219544
 20
71.957282
 30
0.0
 11
65.219544
 21
72.467577
 31
0.0
  0
LINE
  5
4C1
330
1F
100
AcDbEntity
  8
1
  6
Continuous
 62
   155
370
    70
100
AcDbLine
 10
65.030143
 20
52.940577
 30
0.0
 11
65.330143
 21
53.240577
 31
0.0
  0
LINE
  5
4C2
330
1F
100
AcDbEntity
  8
1
  6
Continuous
 62
   155
370
    70
100
AcDbLine
 10
65.330143
 20
53.240577
 30
0.0
 11
57.730143
 21
53.240577
 31
0.0
  0
LINE
  5
4C3
330
1F
100
AcDbEntity
  8
1
  6
Continuous
 62
   155
370
    70
100
AcDbLine
 10
57.730143
 20
53.240577
 30
0.0
 11
58.030143
 21
52.940577
 31
0.0
  0
LINE
  5
4C4
330
1F
100
AcDbEntity
  8
1
  6
Continuous
 62
   155
370
    70
100
AcDbLine
 10
65.030143
 20
52.940577
 30
0.0
 11
58.030143
 21
52.940577
 31
0.0
  0
LINE
  5
4C5
330
1F
100
AcDbEntity
  8
1
  6
Continuous
 62
   155
370
    70
100
AcDbLine
 10
66.2073
 20
57.601577
 30
0.0
 11
57.530143
 21
57.601577
 31
0.0
  0
LINE
  5
4C6
330
1F
100
AcDbEntity
  8
1
  6
DASHED
 62
   155
370
    13
100
AcDbLine
 10
27.830143
 20
80.316312
 30
0.0
 11
27.830143
 21
53.240577
 31
0.0
  0
LINE
  5
4C7
330
1F
100
AcDbEntity
  8
1
  6
DASHED
 62
   155
370
    13
100
AcDbLine
 10
27.530143
 20
80.440577
 30
0.0
 11
27.830143
 21
80.316312
 31
0.0
  0
LINE
  5
4C8
330
1F
100
AcDbEntity
  8
1
  6
DASHED
 62
   155
370
    13
100
AcDbLine
 10
27.780143
 20
53.190577
 30
0.0
 11
27.830143
 21
53.240577
 31
0.0
  0
LINE
  5
4C9
330
1F
100
AcDbEntity
  8
1
  6
DASHED
 62
   155
370
    13
100
AcDbLine
 10
34.905879
 20
53.240577
 30
0.0
 11
35.030143
 21
52.940577
 31
0.0
  0
LINE
  5
4CA
330
1F
100
AcDbEntity
  8
1
  6
DASHED
 62
   155
370
    13
100
AcDbLine
 10
37.230143
 20
80.316312
 30
0.0
 11
37.530143
 21
80.440577
 31
0.0
  0
LINE
  5
4CB
330
1F
100
AcDbEntity
  8
1
  6
DASHED
 62
   155
370
    13
100
AcDbLine
 10
35.030143
 20
82.940577
 30
0.0
 11
34.905879
 21
82.640577
 31
0.0
  0
LINE
  5
4CC
330
1F
100
AcDbEntity
  8
1
  6
DASHED
 62
   155
370
    13
100
AcDbLine
 10
30.154407
 20
82.640577
 30
0.0
 11
30.030143
 21
82.940577
 31
0.0
  0
LINE
  5
4CD
330
1F
100
AcDbEntity
  8
1
  6
DASHED
 62
   155
370
    13
100
AcDbLine
 10
37.530143
 20
55.440577
 30
0.0
 11
37.230143
 21
55.564841
 31
0.0
  0
LINE
  5
4CE
330
1F
100
AcDbEntity
  8
1
  6
DASHED
 62
   155
370
    13
100
AcDbLine
 10
37.030143
 20
63.619576
 30
0.0
 11
37.030143
 21
72.261577
 31
0.0
  0
LINE
  5
4CF
330
1F
100
AcDbEntity
  8
1
  6
DASHED
 62
   155
370
    13
100
AcDbLine
 10
37.225143
 20
63.619577
 30
0.0
 11
37.030143
 21
63.619577
 31
0.0
  0
LINE
  5
4D0
330
1F
100
AcDbEntity
  8
1
  6
DASHED
 62
   155
370
    13
100
AcDbLine
 10
37.030143
 20
72.261577
 30
0.0
 11
37.225143
 21
72.261577
 31
0.0
  0
LINE
  5
4D1
330
1F
100
AcDbEntity
  8
1
  6
DASHED
 62
   155
370
    13
100
AcDbLine
 10
37.225142
 20
63.619577
 30
0.0
 11
37.225142
 21
72.261577
 31
0.0
  0
LINE
  5
4D2
330
1F
100
AcDbEntity
  8
1
  6
DASHED
 62
   155
370
    13
100
AcDbLine
 10
37.030143
 20
72.261577
 30
0.0
 11
37.030143
 21
73.301948
 31
0.0
  0
LINE
  5
4D3
330
1F
100
AcDbEntity
  8
1
  6
DASHED
 62
   155
370
    13
100
AcDbLine
 10
37.225143
 20
73.301948
 30
0.0
 11
37.030143
 21
73.301948
 31
0.0
  0
LINE
  5
4D4
330
1F
100
AcDbEntity
  8
1
  6
DASHED
 62
   155
370
    13
100
AcDbLine
 10
37.225143
 20
73.301948
 30
0.0
 11
37.225143
 21
72.261577
 31
0.0
  0
LINE
  5
4D5
330
1F
100
AcDbEntity
  8
1
  6
DASHED
 62
   155
370
    13
100
AcDbLine
 10
37.030143
 20
62.579206
 30
0.0
 11
37.030143
 21
63.619577
 31
0.0
  0
LINE
  5
4D6
330
1F
100
AcDbEntity
  8
1
  6
DASHED
 62
   155
370
    13
100
AcDbLine
 10
37.030143
 20
62.579206
 30
0.0
 11
37.225143
 21
62.579206
 31
0.0
  0
LINE
  5
4D7
330
1F
100
AcDbEntity
  8
1
  6
DASHED
 62
   155
370
    13
100
AcDbLine
 10
37.225143
 20
63.619577
 30
0.0
 11
37.225143
 21
62.579206
 31
0.0
  0
LINE
  5
4D8
330
1F
100
AcDbEntity
  8
1
  6
DASHED
 62
   155
370
    13
100
AcDbLine
 10
37.030143
 20
61.607577
 30
0.0
 11
37.030143
 21
62.579206
 31
0.0
  0
LINE
  5
4D9
330
1F
100
AcDbEntity
  8
1
  6
DASHED
 62
   155
370
    13
100
AcDbLine
 10
37.225143
 20
61.607577
 30
0.0
 11
37.225143
 21
62.579206
 31
0.0
  0
LINE
  5
4DA
330
1F
100
AcDbEntity
  8
1
  6
DASHED
 62
   155
370
    13
100
AcDbLine
 10
37.030143
 20
73.301948
 30
0.0
 11
37.030143
 21
74.273577
 31
0.0
  0
LINE
  5
4DB
330
1F
100
AcDbEntity
  8
1
  6
DASHED
 62
   155
370
    13
100
AcDbLine
 10
37.225143
 20
73.301948
 30
0.0
 11
37.225143
 21
74.273577
 31
0.0
  0
LINE
  5
4DC
330
1F
100
AcDbEntity
  8
1
  6
CENTER
 62
   163
370
    18
100
AcDbLine
 10
82.530143
 20
57.601577
 30
0.0
 11
82.530143
 21
55.440577
 31
0.0
  0
LINE
  5
4DD
330
1F
100
AcDbEntity
  8
220
  6
Continuous
 62
    18
370
    35
100
AcDbLine
 10
180.0
 20
2.5
 30
0.0
 11
180.0
 21
0.0
 31
0.0
  0
LINE
  5
4DE
330
1F
100
AcDbEntity
  8
220
  6
Continuous
 62
    18
370
    35
100
AcDbLine
 10
180.0
 20
148.5
 30
0.0
 11
180.0
 21
146.0
 31
0.0
  0
LINE
  5
4DF
330
1F
100
AcDbEntity
  8
220
  6
Continuous
 62
    18
370
    35
100
AcDbLine
 10
155.0
 20
2.5
 30
0.0
 11
155.0
 21
0.0
 31
0.0
  0
LINE
  5
4E0
330
1F
100
AcDbEntity
  8
220
  6
Continuous
 62
    18
370
    35
100
AcDbLine
 10
155.0
 20
148.5
 30
0.0
 11
155.0
 21
146.0
 31
0.0
  0
LINE
  5
4E1
330
1F
100
AcDbEntity
  8
220
  6
Continuous
 62
    18
370
    35
100
AcDbLine
 10
207.5
 20
24.25
 30
0.0
 11
210.0
 21
24.25
 31
0.0
  0
LINE
  5
4E2
330
1F
100
AcDbEntity
  8
220
  6
Continuous
 62
    18
370
    35
100
AcDbLine
 10
130.0
 20
2.5
 30
0.0
 11
130.0
 21
0.0
 31
0.0
  0
LINE
  5
4E3
330
1F
100
AcDbEntity
  8
220
  6
Continuous
 62
    18
370
    35
100
AcDbLine
 10
0.0
 20
24.25
 30
0.0
 11
2.5
 21
24.25
 31
0.0
  0
LINE
  5
4E4
330
1F
100
AcDbEntity
  8
220
  6
Continuous
 62
    18
370
    35
100
AcDbLine
 10
130.0
 20
148.5
 30
0.0
 11
130.0
 21
146.0
 31
0.0
  0
LINE
  5
4E5
330
1F
100
AcDbEntity
  8
220
  6
Continuous
 62
    18
370
    35
100
AcDbLine
 10
207.5
 20
49.25
 30
0.0
 11
210.0
 21
49.25
 31
0.0
  0
LINE
  5
4E6
330
1F
100
AcDbEntity
  8
220
  6
Continuous
 62
    18
370
    35
100
AcDbLine
 10
105.0
 20
2.5
 30
0.0
 11
105.0
 21
0.0
 31
0.0
  0
LINE
  5
4E7
330
1F
100
AcDbEntity
  8
220
  6
Continuous
 62
    18
370
    35
100
AcDbLine
 10
0.0
 20
49.25
 30
0.0
 11
2.5
 21
49.25
 31
0.0
  0
LINE
  5
4E8
330
1F
100
AcDbEntity
  8
220
  6
Continuous
 62
    18
370
    35
100
AcDbLine
 10
105.0
 20
148.5
 30
0.0
 11
105.0
 21
146.0
 31
0.0
  0
LINE
  5
4E9
330
1F
100
AcDbEntity
  8
220
  6
Continuous
 62
    18
370
    35
100
AcDbLine
 10
207.5
 20
74.25
 30
0.0
 11
210.0
 21
74.25
 31
0.0
  0
LINE
  5
4EA
330
1F
100
AcDbEntity
  8
220
  6
Continuous
 62
    18
370
    35
100
AcDbLine
 10
80.0
 20
2.5
 30
0.0
 11
80.0
 21
0.0
 31
0.0
  0
LINE
  5
4EB
330
1F
100
AcDbEntity
  8
220
  6
Continuous
 62
    18
370
    35
100
AcDbLine
 10
0.0
 20
74.25
 30
0.0
 11
2.5
 21
74.25
 31
0.0
  0
LINE
  5
4EC
330
1F
100
AcDbEntity
  8
220
  6
Continuous
 62
    18
370
    35
100
AcDbLine
 10
80.0
 20
148.5
 30
0.0
 11
80.0
 21
146.0
 31
0.0
  0
LINE
  5
4ED
330
1F
100
AcDbEntity
  8
220
  6
Continuous
 62
    18
370
    35
100
AcDbLine
 10
207.5
 20
99.25
 30
0.0
 11
210.0
 21
99.25
 31
0.0
  0
LINE
  5
4EE
330
1F
100
AcDbEntity
  8
220
  6
Continuous
 62
    18
370
    35
100
AcDbLine
 10
55.0
 20
2.5
 30
0.0
 11
55.0
 21
0.0
 31
0.0
  0
LINE
  5
4EF
330
1F
100
AcDbEntity
  8
220
  6
Continuous
 62
    18
370
    35
100
AcDbLine
 10
0.0
 20
99.25
 30
0.0
 11
2.5
 21
99.25
 31
0.0
  0
LINE
  5
4F0
330
1F
100
AcDbEntity
  8
220
  6
Continuous
 62
    18
370
    35
100
AcDbLine
 10
55.0
 20
148.5
 30
0.0
 11
55.0
 21
146.0
 31
0.0
  0
LINE
  5
4F1
330
1F
100
AcDbEntity
  8
220
  6
Continuous
 62
    18
370
    35
100
AcDbLine
 10
207.5
 20
124.25
 30
0.0
 11
210.0
 21
124.25
 31
0.0
  0
LINE
  5
4F2
330
1F
100
AcDbEntity
  8
220
  6
Continuous
 62
    18
370
    35
100
AcDbLine
 10
30.0
 20
2.5
 30
0.0
 11
30.0
 21
0.0
 31
0.0
  0
LINE
  5
4F3
330
1F
100
AcDbEntity
  8
220
  6
Continuous
 62
    18
370
    35
100
AcDbLine
 10
0.0
 20
124.25
 30
0.0
 11
2.5
 21
124.25
 31
0.0
  0
LINE
  5
4F4
330
1F
100
AcDbEntity
  8
220
  6
Continuous
 62
    18
370
    35
100
AcDbLine
 10
30.0
 20
148.5
 30
0.0
 11
30.0
 21
146.0
 31
0.0
  0
LINE
  5
4F5
330
1F
100
AcDbEntity
  8
220
  6
Continuous
 62
    18
370
    70
100
AcDbLine
 10
2.5
 20
2.5
 30
0.0
 11
2.5
 21
146.0
 31
0.0
  0
LINE
  5
4F6
330
1F
100
AcDbEntity
  8
220
  6
Continuous
 62
    18
370
    70
100
AcDbLine
 10
207.5
 20
2.5
 30
0.0
 11
2.5
 21
2.5
 31
0.0
  0
LINE
  5
4F7
330
1F
100
AcDbEntity
  8
220
  6
Continuous
 62
    18
370
    70
100
AcDbLine
 10
207.5
 20
146.0
 30
0.0
 11
207.5
 21
2.5
 31
0.0
  0
LINE
  5
4F8
330
1F
100
AcDbEntity
  8
220
  6
Continuous
 62
    18
370
    70
100
AcDbLine
 10
2.5
 20
146.0
 30
0.0
 11
207.5
 21
146.0
 31
0.0
  0
LINE
  5
4F9
330
1F
100
AcDbEntity
  8
220
  6
Continuous
 62
    18
370
    35
100
AcDbLine
 10
0.0
 20
0.0
 30
0.0
 11
0.0
 21
148.5
 31
0.0
  0
LINE
  5
4FA
330
1F
100
AcDbEntity
  8
220
  6
Continuous
 62
    18
370
    35
100
AcDbLine
 10
210.0
 20
0.0
 30
0.0
 11
0.0
 21
0.0
 31
0.0
  0
LINE
  5
4FB
330
1F
100
AcDbEntity
  8
220
  6
Continuous
 62
    18
370
    35
100
AcDbLine
 10
210.0
 20
148.5
 30
0.0
 11
210.0
 21
0.0
 31
0.0
  0
LINE
  5
4FC
330
1F
100
AcDbEntity
  8
220
  6
Continuous
 62
    18
370
    35
100
AcDbLine
 10
0.0
 20
148.5
 30
0.0
 11
210.0
 21
148.5
 31
0.0
  0
ARC
  5
4FD
330
1F
100
AcDbEntity
  8
1
  6
Continuous
 62
   155
370
    70
100
AcDbCircle
 10
28.074094
 20
64.218377
 30
0.0
 40
0.8048000000000118
100
AcDbArc
 50
270.0
 51
357.178487
  0
ARC
  5
4FE
330
1F
100
AcDbEntity
  8
1
  6
Continuous
 62
   155
370
    70
100
AcDbCircle
 10
28.120395
 20
69.245214
 30
0.0
 40
1.005999999999949
100
AcDbArc
 50
357.178476
 51
44.553267
  0
ARC
  5
4FF
330
1F
100
AcDbEntity
  8
1
  6
Continuous
 62
   155
370
    70
100
AcDbCircle
 10
29.554143
 20
70.656777
 30
0.0
 40
1.006
100
AcDbArc
 50
315.446733
 51
224.553267
  0
ARC
  5
500
330
1F
100
AcDbEntity
  8
1
  6
Continuous
 62
   155
370
    70
100
AcDbCircle
 10
30.987891
 20
69.245214
 30
0.0
 40
1.006000000000028
100
AcDbArc
 50
135.446733
 51
182.821496
  0
ARC
  5
501
330
1F
100
AcDbEntity
  8
1
  6
Continuous
 62
   155
370
    70
100
AcDbCircle
 10
31.034192
 20
64.218377
 30
0.0
 40
0.8047999999999931
100
AcDbArc
 50
182.821513
 51
270.0
  0
ARC
  5
502
330
1F
100
AcDbEntity
  8
1
  6
Continuous
 62
   155
370
    70
100
AcDbCircle
 10
34.756392
 20
71.662777
 30
0.0
 40
0.8047999999999927
100
AcDbArc
 50
90.0
 51
177.178487
  0
ARC
  5
503
330
1F
100
AcDbEntity
  8
1
  6
Continuous
 62
   155
370
    70
100
AcDbCircle
 10
34.710091
 20
66.63594
 30
0.0
 40
1.006000000000017
100
AcDbArc
 50
177.178487
 51
224.553267
  0
ARC
  5
504
330
1F
100
AcDbEntity
  8
1
  6
Continuous
 62
   155
370
    70
100
AcDbCircle
 10
33.276343
 20
65.224377
 30
0.0
 40
1.006
100
AcDbArc
 50
135.446733
 51
44.553267
  0
ARC
  5
505
330
1F
100
AcDbEntity
  8
1
  6
Continuous
 62
   155
370
    70
100
AcDbCircle
 10
31.842595
 20
66.63594
 30
0.0
 40
1.006000000000014
100
AcDbArc
 50
315.446733
 51
2.821513
  0
ARC
  5
506
330
1F
100
AcDbEntity
  8
1
  6
Continuous
 62
   155
370
    70
100
AcDbCircle
 10
31.796294
 20
71.662777
 30
0.0
 40
0.8048000000000215
100
AcDbArc
 50
2.821513
 51
90.0
  0
CIRCLE
  5
507
330
1F
100
AcDbEntity
  8
1
  6
Continuous
 62
   155
370
    70
100
AcDbCircle
 10
29.554143
 20
63.340577
 30
0.0
 40
0.75
  0
CIRCLE
  5
508
330
1F
100
AcDbEntity
  8
1
  6
Continuous
 62
   155
370
    70
100
AcDbCircle
 10
29.554143
 20
70.656777
 30
0.0
 40
0.75
  0
CIRCLE
  5
509
330
1F
100
AcDbEntity
  8
1
  6
Continuous
 62
   155
370
    70
100
AcDbCircle
 10
33.276343
 20
72.540577
 30
0.0
 40
0.75
  0
CIRCLE
  5
50A
330
1F
100
AcDbEntity
  8
1
  6
Continuous
 62
   155
370
    70
100
AcDbCircle
 10
33.276343
 20
65.224377
 30
0.0
 40
0.75
  0
ARC
  5
50B
330
1F
100
AcDbEntity
  8
1
  6
Continuous
 62
   155
370
    70
100
AcDbCircle
 10
43.074094
 20
64.218377
 30
0.0
 40
0.8048000000000118
100
AcDbArc
 50
270.0
 51
357.178487
  0
ARC
  5
50C
330
1F
100
AcDbEntity
  8
1
  6
Continuous
 62
   155
370
    70
100
AcDbCircle
 10
43.120395
 20
69.245214
 30
0.0
 40
1.005999999999949
100
AcDbArc
 50
357.178476
 51
44.553267
  0
ARC
  5
50D
330
1F
100
AcDbEntity
  8
1
  6
Continuous
 62
   155
370
    70
100
AcDbCircle
 10
44.554143
 20
70.656777
 30
0.0
 40
1.006
100
AcDbArc
 50
315.446733
 51
224.553267
  0
ARC
  5
50E
330
1F
100
AcDbEntity
  8
1
  6
Continuous
 62
   155
370
    70
100
AcDbCircle
 10
45.987891
 20
69.245214
 30
0.0
 40
1.006000000000028
100
AcDbArc
 50
135.446733
 51
182.821496
  0
ARC
  5
50F
330
1F
100
AcDbEntity
  8
1
  6
Continuous
 62
   155
370
    70
100
AcDbCircle
 10
46.034192
 20
64.218377
 30
0.0
 40
0.8047999999999931
100
AcDbArc
 50
182.821513
 51
270.0
  0
ARC
  5
510
330
1F
100
AcDbEntity
  8
1
  6
Continuous
 62
   155
370
    70
100
AcDbCircle
 10
49.756392
 20
71.662777
 30
0.0
 40
0.8047999999999927
100
AcDbArc
 50
90.0
 51
177.178487
  0
ARC
  5
511
330
1F
100
AcDbEntity
  8
1
  6
Continuous
 62
   155
370
    70
100
AcDbCircle
 10
49.710091
 20
66.63594
 30
0.0
 40
1.006000000000017
100
AcDbArc
 50
177.178487
 51
224.553267
  0
ARC
  5
512
330
1F
100
AcDbEntity
  8
1
  6
Continuous
 62
   155
370
    70
100
AcDbCircle
 10
48.276343
 20
65.224377
 30
0.0
 40
1.006
100
AcDbArc
 50
135.446733
 51
44.553267
  0
ARC
  5
513
330
1F
100
AcDbEntity
  8
1
  6
Continuous
 62
   155
370
    70
100
AcDbCircle
 10
46.842595
 20
66.63594
 30
0.0
 40
1.006000000000014
100
AcDbArc
 50
315.446733
 51
2.821513
  0
ARC
  5
514
330
1F
100
AcDbEntity
  8
1
  6
Continuous
 62
   155
370
    70
100
AcDbCircle
 10
46.796294
 20
71.662777
 30
0.0
 40
0.8048000000000215
100
AcDbArc
 50
2.821513
 51
90.0
  0
ARC
  5
515
330
1F
100
AcDbEntity
  8
1
  6
DASHED
 62
   155
370
    13
100
AcDbCircle
 10
47.530143
 20
57.440577
 30
0.0
 40
2.0
100
AcDbArc
 50
75.0
 51
345.0
  0
ARC
  5
516
330
1F
100
AcDbEntity
  8
1
  6
DASHED
 62
   155
370
    13
100
AcDbCircle
 10
32.530143
 20
57.440577
 30
0.0
 40
2.0
100
AcDbArc
 50
75.0
 51
345.0
  0
ARC
  5
517
330
1F
100
AcDbEntity
  8
1
  6
DASHED
 62
   155
370
    13
100
AcDbCircle
 10
62.530143
 20
57.440577
 30
0.0
 40
2.0
100
AcDbArc
 50
75.0
 51
345.0
  0
ARC
  5
518
330
1F
100
AcDbEntity
  8
1
  6
DASHED
 62
   155
370
    13
100
AcDbCircle
 10
62.530143
 20
78.440577
 30
0.0
 40
2.0
100
AcDbArc
 50
75.0
 51
345.0
  0
ARC
  5
519
330
1F
100
AcDbEntity
  8
1
  6
DASHED
 62
   155
370
    13
100
AcDbCircle
 10
47.530143
 20
78.440577
 30
0.0
 40
2.0
100
AcDbArc
 50
75.0
 51
345.0
  0
ARC
  5
51A
330
1F
100
AcDbEntity
  8
1
  6
DASHED
 62
   155
370
    13
100
AcDbCircle
 10
77.530143
 20
57.440577
 30
0.0
 40
2.0
100
AcDbArc
 50
75.0
 51
345.0
  0
ARC
  5
51B
330
1F
100
AcDbEntity
  8
1
  6
DASHED
 62
   155
370
    13
100
AcDbCircle
 10
77.530143
 20
78.440577
 30
0.0
 40
2.0
100
AcDbArc
 50
75.0
 51
345.0
  0
ARC
  5
51C
330
1F
100
AcDbEntity
  8
1
  6
DASHED
 62
   155
370
    13
100
AcDbCircle
 10
32.530143
 20
78.440577
 30
0.0
 40
2.0
100
AcDbArc
 50
75.0
 51
345.0
  0
CIRCLE
  5
51D
330
1F
100
AcDbEntity
  8
1
  6
DASHED
 62
   155
370
    13
100
AcDbCircle
 10
78.276343
 20
72.540577
 30
0.0
 40
0.931985117132859
  0
CIRCLE
  5
51E
330
1F
100
AcDbEntity
  8
1
  6
DASHED
 62
   155
370
    13
100
AcDbCircle
 10
74.554143
 20
70.656777
 30
0.0
 40
0.931985117132859
  0
CIRCLE
  5
51F
330
1F
100
AcDbEntity
  8
1
  6
DASHED
 62
   155
370
    13
100
AcDbCircle
 10
78.276343
 20
65.224377
 30
0.0
 40
0.9319851171328574
  0
CIRCLE
  5
520
330
1F
100
AcDbEntity
  8
1
  6
DASHED
 62
   155
370
    13
100
AcDbCircle
 10
74.554143
 20
63.340577
 30
0.0
 40
0.9319851171328679
  0
CIRCLE
  5
521
330
1F
100
AcDbEntity
  8
1
  6
DASHED
 62
   155
370
    13
100
AcDbCircle
 10
77.530143
 20
78.440577
 30
0.0
 40
2.21961524227067
  0
CIRCLE
  5
522
330
1F
100
AcDbEntity
  8
1
  6
DASHED
 62
   155
370
    13
100
AcDbCircle
 10
77.530143
 20
57.440577
 30
0.0
 40
2.21961524227067
  0
ARC
  5
523
330
1F
100
AcDbEntity
  8
1
  6
Continuous
 62
   155
370
    70
100
AcDbCircle
 10
58.074094
 20
64.218377
 30
0.0
 40
0.8048000000000118
100
AcDbArc
 50
270.0
 51
357.178487
  0
ARC
  5
524
330
1F
100
AcDbEntity
  8
1
  6
Continuous
 62
   155
370
    70
100
AcDbCircle
 10
58.120395
 20
69.245214
 30
0.0
 40
1.005999999999949
100
AcDbArc
 50
357.178476
 51
44.553267
  0
ARC
  5
525
330
1F
100
AcDbEntity
  8
1
  6
Continuous
 62
   155
370
    70
100
AcDbCircle
 10
59.554143
 20
70.656777
 30
0.0
 40
1.006
100
AcDbArc
 50
315.446733
 51
224.553267
  0
ARC
  5
526
330
1F
100
AcDbEntity
  8
1
  6
Continuous
 62
   155
370
    70
100
AcDbCircle
 10
60.987891
 20
69.245214
 30
0.0
 40
1.006000000000028
100
AcDbArc
 50
135.446733
 51
182.821496
  0
ARC
  5
527
330
1F
100
AcDbEntity
  8
1
  6
Continuous
 62
   155
370
    70
100
AcDbCircle
 10
61.034192
 20
64.218377
 30
0.0
 40
0.8047999999999931
100
AcDbArc
 50
182.821513
 51
270.0
  0
ARC
  5
528
330
1F
100
AcDbEntity
  8
1
  6
Continuous
 62
   155
370
    70
100
AcDbCircle
 10
64.756392
 20
71.662777
 30
0.0
 40
0.8047999999999927
100
AcDbArc
 50
90.0
 51
177.178487
  0
ARC
  5
529
330
1F
100
AcDbEntity
  8
1
  6
Continuous
 62
   155
370
    70
100
AcDbCircle
 10
64.710091
 20
66.63594
 30
0.0
 40
1.006000000000017
100
AcDbArc
 50
177.178487
 51
224.553267
  0
ARC
  5
52A
330
1F
100
AcDbEntity
  8
1
  6
Continuous
 62
   155
370
    70
100
AcDbCircle
 10
63.276343
 20
65.224377
 30
0.0
 40
1.006
100
AcDbArc
 50
135.446733
 51
44.553267
  0
ARC
  5
52B
330
1F
100
AcDbEntity
  8
1
  6
Continuous
 62
   155
370
    70
100
AcDbCircle
 10
61.842595
 20
66.63594
 30
0.0
 40
1.006000000000014
100
AcDbArc
 50
315.446733
 51
2.821513
  0
ARC
  5
52C
330
1F
100
AcDbEntity
  8
1
  6
Continuous
 62
   155
370
    70
100
AcDbCircle
 10
61.796294
 20
71.662777
 30
0.0
 40
0.8048000000000215
100
AcDbArc
 50
2.821513
 51
90.0
  0
CIRCLE
  5
52D
330
1F
100
AcDbEntity
  8
1
  6
DASHED
 62
   155
370
    13
100
AcDbCircle
 10
47.530143
 20
57.440577
 30
0.0
 40
1.700000000000003
  0
CIRCLE
  5
52E
330
1F
100
AcDbEntity
  8
1
  6
DASHED
 62
   155
370
    13
100
AcDbCircle
 10
47.530143
 20
78.440577
 30
0.0
 40
1.700000000000003
  0
CIRCLE
  5
52F
330
1F
100
AcDbEntity
  8
1
  6
DASHED
 62
   155
370
    13
100
AcDbCircle
 10
33.276343
 20
65.224377
 30
0.0
 40
0.9319851171328574
  0
CIRCLE
  5
530
330
1F
100
AcDbEntity
  8
1
  6
DASHED
 62
   155
370
    13
100
AcDbCircle
 10
29.554143
 20
63.340577
 30
0.0
 40
0.9319851171328679
  0
CIRCLE
  5
531
330
1F
100
AcDbEntity
  8
1
  6
DASHED
 62
   155
370
    13
100
AcDbCircle
 10
32.530143
 20
78.440577
 30
0.0
 40
2.21961524227067
  0
CIRCLE
  5
532
330
1F
100
AcDbEntity
  8
1
  6
DASHED
 62
   155
370
    13
100
AcDbCircle
 10
77.530143
 20
78.440577
 30
0.0
 40
1.700000000000003
  0
CIRCLE
  5
533
330
1F
100
AcDbEntity
  8
1
  6
DASHED
 62
   155
370
    13
100
AcDbCircle
 10
77.530143
 20
57.440577
 30
0.0
 40
1.700000000000003
  0
CIRCLE
  5
534
330
1F
100
AcDbEntity
  8
1
  6
DASHED
 62
   155
370
    13
100
AcDbCircle
 10
63.276343
 20
72.540577
 30
0.0
 40
0.931985117132859
  0
CIRCLE
  5
535
330
1F
100
AcDbEntity
  8
1
  6
DASHED
 62
   155
370
    13
100
AcDbCircle
 10
59.554143
 20
70.656777
 30
0.0
 40
0.931985117132859
  0
CIRCLE
  5
536
330
1F
100
AcDbEntity
  8
1
  6
DASHED
 62
   155
370
    13
100
AcDbCircle
 10
63.276343
 20
65.224377
 30
0.0
 40
0.9319851171328574
  0
CIRCLE
  5
537
330
1F
100
AcDbEntity
  8
1
  6
DASHED
 62
   155
370
    13
100
AcDbCircle
 10
59.554143
 20
63.340577
 30
0.0
 40
0.9319851171328679
  0
CIRCLE
  5
538
330
1F
100
AcDbEntity
  8
1
  6
DASHED
 62
   155
370
    13
100
AcDbCircle
 10
62.530143
 20
78.440577
 30
0.0
 40
2.21961524227067
  0
CIRCLE
  5
539
330
1F
100
AcDbEntity
  8
1
  6
DASHED
 62
   155
370
    13
100
AcDbCircle
 10
62.530143
 20
57.440577
 30
0.0
 40
2.21961524227067
  0
CIRCLE
  5
53A
330
1F
100
AcDbEntity
  8
1
  6
Continuous
 62
   155
370
    70
100
AcDbCircle
 10
78.276343
 20
72.540577
 30
0.0
 40
0.75
  0
CIRCLE
  5
53B
330
1F
100
AcDbEntity
  8
1
  6
Continuous
 62
   155
370
    70
100
AcDbCircle
 10
78.276343
 20
65.224377
 30
0.0
 40
0.75
  0
CIRCLE
  5
53C
330
1F
100
AcDbEntity
  8
1
  6
Continuous
 62
   155
370
    70
100
AcDbCircle
 10
74.554143
 20
63.340577
 30
0.0
 40
0.75
  0
CIRCLE
  5
53D
330
1F
100
AcDbEntity
  8
1
  6
Continuous
 62
   155
370
    70
100
AcDbCircle
 10
74.554143
 20
70.656777
 30
0.0
 40
0.75
  0
ARC
  5
53E
330
1F
100
AcDbEntity
  8
1
  6
Continuous
 62
   155
370
    70
100
AcDbCircle
 10
73.074094
 20
64.218377
 30
0.0
 40
0.8048000000000118
100
AcDbArc
 50
270.0
 51
357.178487
  0
ARC
  5
53F
330
1F
100
AcDbEntity
  8
1
  6
Continuous
 62
   155
370
    70
100
AcDbCircle
 10
73.120395
 20
69.245214
 30
0.0
 40
1.005999999999949
100
AcDbArc
 50
357.178476
 51
44.553267
  0
ARC
  5
540
330
1F
100
AcDbEntity
  8
1
  6
Continuous
 62
   155
370
    70
100
AcDbCircle
 10
74.554143
 20
70.656777
 30
0.0
 40
1.006
100
AcDbArc
 50
315.446733
 51
224.553267
  0
ARC
  5
541
330
1F
100
AcDbEntity
  8
1
  6
Continuous
 62
   155
370
    70
100
AcDbCircle
 10
75.987891
 20
69.245214
 30
0.0
 40
1.006000000000028
100
AcDbArc
 50
135.446733
 51
182.821496
  0
ARC
  5
542
330
1F
100
AcDbEntity
  8
1
  6
Continuous
 62
   155
370
    70
100
AcDbCircle
 10
76.034192
 20
64.218377
 30
0.0
 40
0.8047999999999931
100
AcDbArc
 50
182.821513
 51
270.0
  0
ARC
  5
543
330
1F
100
AcDbEntity
  8
1
  6
Continuous
 62
   155
370
    70
100
AcDbCircle
 10
79.756392
 20
71.662777
 30
0.0
 40
0.8047999999999927
100
AcDbArc
 50
90.0
 51
177.178487
  0
ARC
  5
544
330
1F
100
AcDbEntity
  8
1
  6
Continuous
 62
   155
370
    70
100
AcDbCircle
 10
79.710091
 20
66.63594
 30
0.0
 40
1.006000000000017
100
AcDbArc
 50
177.178487
 51
224.553267
  0
ARC
  5
545
330
1F
100
AcDbEntity
  8
1
  6
Continuous
 62
   155
370
    70
100
AcDbCircle
 10
78.276343
 20
65.224377
 30
0.0
 40
1.006
100
AcDbArc
 50
135.446733
 51
44.553267
  0
ARC
  5
546
330
1F
100
AcDbEntity
  8
1
  6
Continuous
 62
   155
370
    70
100
AcDbCircle
 10
76.842595
 20
66.63594
 30
0.0
 40
1.006000000000014
100
AcDbArc
 50
315.446733
 51
2.821513
  0
ARC
  5
547
330
1F
100
AcDbEntity
  8
1
  6
Continuous
 62
   155
370
    70
100
AcDbCircle
 10
76.796294
 20
71.662777
 30
0.0
 40
0.8048000000000215
100
AcDbArc
 50
2.821513
 51
90.0
  0
CIRCLE
  5
548
330
1F
100
AcDbEntity
  8
1
  6
Continuous
 62
   155
370
    70
100
AcDbCircle
 10
44.554143
 20
63.340577
 30
0.0
 40
0.75
  0
CIRCLE
  5
549
330
1F
100
AcDbEntity
  8
1
  6
Continuous
 62
   155
370
    70
100
AcDbCircle
 10
44.554143
 20
70.656777
 30
0.0
 40
0.75
  0
CIRCLE
  5
54A
330
1F
100
AcDbEntity
  8
1
  6
Continuous
 62
   155
370
    70
100
AcDbCircle
 10
48.276343
 20
72.540577
 30
0.0
 40
0.75
  0
CIRCLE
  5
54B
330
1F
100
AcDbEntity
  8
1
  6
Continuous
 62
   155
370
    70
100
AcDbCircle
 10
48.276343
 20
65.224377
 30
0.0
 40
0.75
  0
CIRCLE
  5
54C
330
1F
100
AcDbEntity
  8
1
  6
DASHED
 62
   155
370
    13
100
AcDbCircle
 10
62.530143
 20
57.440577
 30
0.0
 40
1.700000000000003
  0
CIRCLE
  5
54D
330
1F
100
AcDbEntity
  8
1
  6
DASHED
 62
   155
370
    13
100
AcDbCircle
 10
62.530143
 20
78.440577
 30
0.0
 40
1.700000000000003
  0
CIRCLE
  5
54E
330
1F
100
AcDbEntity
  8
1
  6
DASHED
 62
   155
370
    13
100
AcDbCircle
 10
48.276343
 20
72.540577
 30
0.0
 40
0.931985117132859
  0
CIRCLE
  5
54F
330
1F
100
AcDbEntity
  8
1
  6
DASHED
 62
   155
370
    13
100
AcDbCircle
 10
44.554143
 20
70.656777
 30
0.0
 40
0.931985117132859
  0
CIRCLE
  5
550
330
1F
100
AcDbEntity
  8
1
  6
DASHED
 62
   155
370
    13
100
AcDbCircle
 10
48.276343
 20
65.224377
 30
0.0
 40
0.9319851171328574
  0
CIRCLE
  5
551
330
1F
100
AcDbEntity
  8
1
  6
DASHED
 62
   155
370
    13
100
AcDbCircle
 10
44.554143
 20
63.340577
 30
0.0
 40
0.9319851171328679
  0
CIRCLE
  5
552
330
1F
100
AcDbEntity
  8
1
  6
DASHED
 62
   155
370
    13
100
AcDbCircle
 10
47.530143
 20
78.440577
 30
0.0
 40
2.21961524227067
  0
CIRCLE
  5
553
330
1F
100
AcDbEntity
  8
1
  6
DASHED
 62
   155
370
    13
100
AcDbCircle
 10
47.530143
 20
57.440577
 30
0.0
 40
2.21961524227067
  0
CIRCLE
  5
554
330
1F
100
AcDbEntity
  8
1
  6
DASHED
 62
   155
370
    13
100
AcDbCircle
 10
33.276343
 20
72.540577
 30
0.0
 40
0.931985117132859
  0
CIRCLE
  5
555
330
1F
100
AcDbEntity
  8
1
  6
DASHED
 62
   155
370
    13
100
AcDbCircle
 10
29.554143
 20
70.656777
 30
0.0
 40
0.931985117132859
  0
CIRCLE
  5
556
330
1F
100
AcDbEntity
  8
1
  6
Continuous
 62
   155
370
    70
100
AcDbCircle
 10
59.554143
 20
63.340577
 30
0.0
 40
0.75
  0
CIRCLE
  5
557
330
1F
100
AcDbEntity
  8
1
  6
Continuous
 62
   155
370
    70
100
AcDbCircle
 10
59.554143
 20
70.656777
 30
0.0
 40
0.75
  0
CIRCLE
  5
558
330
1F
100
AcDbEntity
  8
1
  6
Continuous
 62
   155
370
    70
100
AcDbCircle
 10
63.276343
 20
72.540577
 30
0.0
 40
0.75
  0
CIRCLE
  5
559
330
1F
100
AcDbEntity
  8
1
  6
Continuous
 62
   155
370
    70
100
AcDbCircle
 10
63.276343
 20
65.224377
 30
0.0
 40
0.75
  0
CIRCLE
  5
55A
330
1F
100
AcDbEntity
  8
1
  6
DASHED
 62
   155
370
    13
100
AcDbCircle
 10
32.530143
 20
78.440577
 30
0.0
 40
1.700000000000003
  0
CIRCLE
  5
55B
330
1F
100
AcDbEntity
  8
1
  6
DASHED
 62
   155
370
    13
100
AcDbCircle
 10
32.530143
 20
57.440577
 30
0.0
 40
1.700000000000003
  0
CIRCLE
  5
55C
330
1F
100
AcDbEntity
  8
1
  6
DASHED
 62
   155
370
    13
100
AcDbCircle
 10
32.530143
 20
57.440577
 30
0.0
 40
2.21961524227067
  0
ELLIPSE
  5
55D
330
1F
100
AcDbEntity
  8
1
  6
Continuous
 62
   155
370
    35
100
AcDbEllipse
 10
35.439145
 20
64.323243
 30
0.0
 11
0.140815009757034
 21
-0.1420251279757598
 31
0.0
210
0.0
220
0.0
230
1.0
 40
0.997288
 41
3.932643221288121
 42
5.500662062495877
  0
ELLIPSE
  5
55E
330
1F
100
AcDbEntity
  8
1
  6
Continuous
 62
   155
370
    35
100
AcDbEllipse
 10
35.41927
 20
63.923875
 30
0.0
 11
-0.20000000920241
 21
0.0
 31
0.0
210
0.0
220
0.0
230
0.9999999999999999
 40
0.000459
 41
0.0523598605897822
 42
1.570796326794914
  0
ELLIPSE
  5
55F
330
1F
100
AcDbEntity
  8
1
  6
Continuous
 62
   155
370
    35
100
AcDbEllipse
 10
35.41927
 20
71.957277
 30
0.0
 11
0.2000000093082676
 21
0.0
 31
0.0
210
0.0
220
0.0
230
1.0
 40
0.000462
 41
1.570796394557214
 42
3.089233226184759
  0
ELLIPSE
  5
560
330
1F
100
AcDbEntity
  8
1
  6
Continuous
 62
   155
370
    35
100
AcDbEllipse
 10
35.43914
 20
71.557913
 30
0.0
 11
-0.1408159795596693
 21
-0.1420241664148837
 31
0.0
210
0.0
220
0.0
230
1.0
 40
0.997288
 41
3.924096485504847
 42
5.492157701688345
  0
ELLIPSE
  5
561
330
1F
100
AcDbEntity
  8
1
  6
Continuous
 62
   155
370
    35
100
AcDbEllipse
 10
35.49772
 20
71.549265
 30
0.0
 11
0.002106185665754091
 21
-0.1499852125442455
 31
0.0
210
0.0
220
0.0
230
1.0
 40
0.258795
 41
1.567162179043439
 42
3.087384297448262
  0
ELLIPSE
  5
562
330
1F
100
AcDbEntity
  8
1
  6
Continuous
 62
   155
370
    35
100
AcDbEllipse
 10
35.49772
 20
64.331888
 30
0.0
 11
-0.002106185665757825
 21
-0.149985212544244
 31
0.0
210
0.0
220
0.0
230
1.0
 40
0.258795
 41
0.0542088787938012
 42
1.57443047454642
  0
ELLIPSE
  5
563
330
1F
100
AcDbEntity
  8
1
  6
Continuous
 62
   155
370
    35
100
AcDbEllipse
 10
80.49772
 20
64.331888
 30
0.0
 11
-0.002106185665757825
 21
-0.149985212544244
 31
0.0
210
0.0
220
0.0
230
1.0
 40
0.258795
 41
0.0542088787935956
 42
1.574430474546421
  0
ELLIPSE
  5
564
330
1F
100
AcDbEntity
  8
1
  6
Continuous
 62
   155
370
    35
100
AcDbEllipse
 10
80.49772
 20
71.549265
 30
0.0
 11
0.002106185665754091
 21
-0.1499852125442455
 31
0.0
210
0.0
220
0.0
230
1.0
 40
0.258795
 41
1.567162179043439
 42
3.087384297448262
  0
ELLIPSE
  5
565
330
1F
100
AcDbEntity
  8
1
  6
Continuous
 62
   155
370
    35
100
AcDbEllipse
 10
80.439145
 20
64.323261
 30
0.0
 11
0.140815009757034
 21
-0.1420251279757598
 31
0.0
210
0.0
220
0.0
230
1.0
 40
0.997288
 41
3.932731471291232
 42
5.500662306172952
  0
ELLIPSE
  5
566
330
1F
100
AcDbEntity
  8
1
  6
Continuous
 62
   155
370
    35
100
AcDbEllipse
 10
80.41927
 20
63.923875
 30
0.0
 11
-0.20000000920241
 21
0.0
 31
0.0
210
0.0
220
0.0
230
0.9999999999999999
 40
0.000459
 41
0.0523598605897822
 42
1.570796326794932
  0
ELLIPSE
  5
567
330
1F
100
AcDbEntity
  8
1
  6
Continuous
 62
   155
370
    35
100
AcDbEllipse
 10
80.41927
 20
71.957277
 30
0.0
 11
0.2000000093082676
 21
0.0
 31
0.0
210
0.0
220
0.0
230
1.0
 40
0.000462
 41
1.570796394557223
 42
3.089233226184759
  0
ELLIPSE
  5
568
330
1F
100
AcDbEntity
  8
1
  6
Continuous
 62
   155
370
    35
100
AcDbEllipse
 10
80.43914
 20
71.557913
 30
0.0
 11
-0.1408159795596693
 21
-0.1420241664148837
 31
0.0
210
0.0
220
0.0
230
1.0
 40
0.997288
 41
3.924096485504879
 42
5.492157701688355
  0
ELLIPSE
  5
569
330
1F
100
AcDbEntity
  8
1
  6
Continuous
 62
   155
370
    35
100
AcDbEllipse
 10
50.49772
 20
64.331888
 30
0.0
 11
-0.002106185665757825
 21
-0.149985212544244
 31
0.0
210
0.0
220
0.0
230
1.0
 40
0.258795
 41
0.0542088787938691
 42
1.574430474546408
  0
ELLIPSE
  5
56A
330
1F
100
AcDbEntity
  8
1
  6
Continuous
 62
   155
370
    35
100
AcDbEllipse
 10
50.49772
 20
71.549265
 30
0.0
 11
0.002106185665754091
 21
-0.1499852125442455
 31
0.0
210
0.0
220
0.0
230
1.0
 40
0.258795
 41
1.567162179043439
 42
3.08738429744817
  0
ELLIPSE
  5
56B
330
1F
100
AcDbEntity
  8
1
  6
Continuous
 62
   155
370
    35
100
AcDbEllipse
 10
65.49772
 20
64.331888
 30
0.0
 11
-0.002106185665757825
 21
-0.149985212544244
 31
0.0
210
0.0
220
0.0
230
1.0
 40
0.258795
 41
0.0542088787937783
 42
1.574430474546421
  0
ELLIPSE
  5
56C
330
1F
100
AcDbEntity
  8
1
  6
Continuous
 62
   155
370
    35
100
AcDbEllipse
 10
65.49772
 20
71.549265
 30
0.0
 11
0.002106185665754091
 21
-0.1499852125442455
 31
0.0
210
0.0
220
0.0
230
1.0
 40
0.258795
 41
1.567162179043439
 42
3.087384297448262
  0
ELLIPSE
  5
56D
330
1F
100
AcDbEntity
  8
1
  6
Continuous
 62
   155
370
    35
100
AcDbEllipse
 10
50.439145
 20
64.323249
 30
0.0
 11
0.140815009757034
 21
-0.1420251279757598
 31
0.0
210
0.0
220
0.0
230
1.0
 40
0.997288
 41
3.932672637955869
 42
5.50066214372639
  0
ELLIPSE
  5
56E
330
1F
100
AcDbEntity
  8
1
  6
Continuous
 62
   155
370
    35
100
AcDbEllipse
 10
50.41927
 20
63.923875
 30
0.0
 11
-0.20000000920241
 21
0.0
 31
0.0
210
0.0
220
0.0
230
0.9999999999999999
 40
0.000459
 41
0.0523598605897822
 42
1.570796326794914
  0
ELLIPSE
  5
56F
330
1F
100
AcDbEntity
  8
1
  6
Continuous
 62
   155
370
    35
100
AcDbEllipse
 10
50.41927
 20
71.957277
 30
0.0
 11
0.2000000093082676
 21
0.0
 31
0.0
210
0.0
220
0.0
230
1.0
 40
0.000462
 41
1.570796394557223
 42
3.089233226184759
  0
ELLIPSE
  5
570
330
1F
100
AcDbEntity
  8
1
  6
Continuous
 62
   155
370
    35
100
AcDbEllipse
 10
50.43914
 20
71.557913
 30
0.0
 11
-0.1408159795596693
 21
-0.1420241664148837
 31
0.0
210
0.0
220
0.0
230
1.0
 40
0.997288
 41
3.924096485504847
 42
5.492157701688368
  0
ELLIPSE
  5
571
330
1F
100
AcDbEntity
  8
1
  6
Continuous
 62
   155
370
    35
100
AcDbEllipse
 10
65.439145
 20
64.323255
 30
0.0
 11
0.140815009757034
 21
-0.1420251279757598
 31
0.0
210
0.0
220
0.0
230
1.0
 40
0.997288
 41
3.932702054623564
 42
5.500662224952094
  0
ELLIPSE
  5
572
330
1F
100
AcDbEntity
  8
1
  6
Continuous
 62
   155
370
    35
100
AcDbEllipse
 10
65.41927
 20
63.923875
 30
0.0
 11
-0.20000000920241
 21
0.0
 31
0.0
210
0.0
220
0.0
230
0.9999999999999999
 40
0.000459
 41
0.0523598605897822
 42
1.570796326794932
  0
ELLIPSE
  5
573
330
1F
100
AcDbEntity
  8
1
  6
Continuous
 62
   155
370
    35
100
AcDbEllipse
 10
65.41927
 20
71.957277
 30
0.0
 11
0.2000000093082676
 21
0.0
 31
0.0
210
0.0
220
0.0
230
1.0
 40
0.000462
 41
1.570796394557223
 42
3.089233226184759
  0
ELLIPSE
  5
574
330
1F
100
AcDbEntity
  8
1
  6
Continuous
 62
   155
370
    35
100
AcDbEllipse
 10
65.43914
 20
71.557913
 30
0.0
 11
-0.1408159795596693
 21
-0.1420241664148837
 31
0.0
210
0.0
220
0.0
230
1.0
 40
0.997288
 41
3.924096485504835
 42
5.492157701688349
  0
SPLINE
  5
575
330
1F
100
AcDbEntity
  8
1
  6
Continuous
 62
   155
370
    70
100
AcDbSpline
210
0.0
220
0.0
230
1.0
 70
     8
 71
     3
 72
     8
 73
     4
 74
     0
 42
0.000000001
 43
0.0000000001
 40
0.0
 40
0.0
 40
0.0
 40
0.0
 40
1.0
 40
1.0
 40
1.0
 40
1.0
 10
36.63396434461529
 20
74.97957686850404
 30
0.0
 10
36.65289243801083
 20
74.97957686845353
 30
0.0
 10
36.67577731354658
 20
74.9852443504989
 30
0.0
 10
36.69884901464943
 20
74.99480096200304
 30
0.0
  0
SPLINE
  5
576
330
1F
100
AcDbEntity
  8
1
  6
Continuous
 62
   155
370
    70
100
AcDbSpline
210
0.0
220
0.0
230
1.0
 70
     8
 71
     3
 72
     8
 73
     4
 74
     0
 42
0.000000001
 43
0.0000000001
 40
0.0
 40
0.0
 40
0.0
 40
0.0
 40
1.0
 40
1.0
 40
1.0
 40
1.0
 10
36.6988490146485
 20
74.99480096200568
 30
0.0
 10
36.72192907175613
 20
74.98524088933166
 30
0.0
 10
36.74862379470581
 20
74.97957686850879
 30
0.0
 10
36.77538570111947
 20
74.97957686850879
 30
0.0
  0
SPLINE
  5
577
330
1F
100
AcDbEntity
  8
1
  6
Continuous
 62
   155
370
    70
100
AcDbSpline
210
0.0
220
0.0
230
1.0
 70
     8
 71
     3
 72
     8
 73
     4
 74
     0
 42
0.000000001
 43
0.0000000001
 40
0.0
 40
0.0
 40
0.0
 40
0.0
 40
1.0
 40
1.0
 40
1.0
 40
1.0
 10
36.77538570111946
 20
60.90157651387575
 30
0.0
 10
36.74861733480704
 20
60.90157651387575
 30
0.0
 10
36.7219207156442
 20
60.89590903183764
 30
0.0
 10
36.69884901465092
 20
60.88635242037986
 30
0.0
  0
SPLINE
  5
578
330
1F
100
AcDbEntity
  8
1
  6
Continuous
 62
   155
370
    70
100
AcDbSpline
210
0.0
220
0.0
230
1.0
 70
     8
 71
     3
 72
     8
 73
     4
 74
     0
 42
0.000000001
 43
0.0000000001
 40
0.0
 40
0.0
 40
0.0
 40
0.0
 40
1.0
 40
1.0
 40
1.0
 40
1.0
 10
36.69884901465051
 20
60.88635242038106
 30
0.0
 10
36.67576895743823
 20
60.89591249309915
 30
0.0
 10
36.65288787018154
 20
60.90157651392877
 30
0.0
 10
36.63396434462699
 20
60.9015765138805
 30
0.0
  0
SPLINE
  5
579
330
1F
100
AcDbEntity
  8
1
  6
Continuous
 62
   155
370
    35
100
AcDbSpline
210
0.0
220
0.0
230
1.0
 70
    12
 71
     3
 72
    14
 73
    10
 74
     0
 42
0.000000001
 43
0.0000000001
 40
0.0
 40
0.0
 40
0.0
 40
0.0
 40
0.1455433632800846
 40
0.2892158155555203
 40
0.4334620838040688
 40
0.5771760842857441
 40
0.7138224804077976
 40
0.8519749926090278
 40
1.0
 40
1.0
 40
1.0
 40
1.0
 10
35.41927000842349
 20
63.92378360052659
 30
0.0
 41
1.170909258087074
 10
35.41927011305633
 20
63.93850873600836
 30
0.0
 41
1.170909258087074
 10
35.41961114762393
 20
63.96784643175461
 30
0.0
 41
1.170909258087074
 10
35.42111324139847
 20
64.00961701813229
 30
0.0
 41
1.170909258087074
 10
35.42351897850037
 20
64.04713142209548
 30
0.0
 41
1.170909258087074
 10
35.42666700349631
 20
64.07824029482434
 30
0.0
 41
1.170909258087074
 10
35.43037436737943
 20
64.10192988599435
 30
0.0
 41
1.170909258087074
 10
35.43455544532502
 20
64.11794970479667
 30
0.0
 41
1.170909258087074
 10
35.43757131312354
 20
64.1227262193292
 30
0.0
 41
1.170909258087074
 10
35.43913599507982
 20
64.12350950635202
 30
0.0
 41
1.170909258087074
  0
SPLINE
  5
57A
330
1F
100
AcDbEntity
  8
1
  6
Continuous
 62
   155
370
    70
100
AcDbSpline
210
0.0
220
0.0
230
1.0
 70
    24
 71
     1
 72
     4
 73
     2
 74
     0
 42
0.000000001
 43
0.0000000001
 40
0.0
 40
0.0
 40
1.0
 40
1.0
 10
35.22047267414902
 20
64.05916398443318
 30
0.0
 10
35.22229032378712
 20
64.0004535121939
 30
0.0
  0
SPLINE
  5
57B
330
1F
100
AcDbEntity
  8
1
  6
Continuous
 62
   155
370
    70
100
AcDbSpline
210
0.0
220
0.0
230
1.0
 70
     8
 71
     2
 72
     6
 73
     3
 74
     0
 42
0.000000001
 43
0.0000000001
 40
0.0
 40
0.0
 40
0.0
 40
1.0
 40
1.0
 40
1.0
 10
35.22229032378712
 20
64.0004535121939
 30
0.0
 10
35.22268675825108
 20
63.95661822531359
 30
0.0
 10
35.23330284762066
 20
63.92072265040058
 30
0.0
  0
SPLINE
  5
57C
330
1F
100
AcDbEntity
  8
1
  6
Continuous
 62
   155
370
    35
100
AcDbSpline
210
0.0
220
0.0
230
1.0
 70
    12
 71
     3
 72
    14
 73
    10
 74
     0
 42
0.000000001
 43
0.0000000001
 40
0.0
 40
0.0
 40
0.0
 40
0.0
 40
0.1490449300268063
 40
0.2960669466816669
 40
0.4432396181124235
 40
0.5889210809224386
 40
0.7231815869184706
 40
0.8548318815433976
 40
1.0
 40
1.0
 40
1.0
 40
1.0
 10
35.4391340613208
 20
71.75764362487394
 30
0.0
 41
1.170904490947219
 10
35.4375585470186
 20
71.7584324693529
 30
0.0
 41
1.170904490947219
 10
35.43443894878013
 20
71.76339592059249
 30
0.0
 41
1.170904490947219
 10
35.43006627492759
 20
71.7805515127231
 30
0.0
 41
1.170904490947219
 10
35.42622625869316
 20
71.80633354853366
 30
0.0
 41
1.170904490947219
 10
35.42316757466851
 20
71.83860550109213
 30
0.0
 41
1.170904490947219
 10
35.42097628979448
 20
71.87490703533284
 30
0.0
 41
1.170904490947219
 10
35.41959396450795
 20
71.91459617561515
 30
0.0
 41
1.170904490947219
 10
35.41926815368177
 20
71.94268263508043
 30
0.0
 41
1.170904490947219
 10
35.41926807202351
 20
71.95736953600107
 30
0.0
 41
1.170904490947219
  0
SPLINE
  5
57D
330
1F
100
AcDbEntity
  8
1
  6
Continuous
 62
   155
370
    70
100
AcDbSpline
210
0.0
220
0.0
230
1.0
 70
     8
 71
     3
 72
    12
 73
     8
 74
     0
 42
0.000000001
 43
0.0000000001
 40
0.0
 40
0.0
 40
0.0
 40
0.0
 40
0.1998869688581348
 40
0.3999152266436012
 40
0.5999434844290675
 40
0.7999717422145338
 40
1.0
 40
1.0
 40
1.0
 40
1.0
 10
35.2394143255686
 20
64.32324014476153
 30
0.0
 10
35.2372173624487
 20
64.32103273779484
 30
0.0
 10
35.23309244886999
 20
64.30441499523485
 30
0.0
 10
35.22744968953297
 20
64.244616890679
 30
0.0
 10
35.22304088851012
 20
64.15598182674069
 30
0.0
 10
35.22020369886938
 20
64.04511801731093
 30
0.0
 10
35.21954195989451
 20
63.96571586820096
 30
0.0
 10
35.21954368977854
 20
63.92387068773676
 30
0.0
  0
SPLINE
  5
57E
330
1F
100
AcDbEntity
  8
1
  6
Continuous
 62
   155
370
    70
100
AcDbSpline
210
0.0
220
0.0
230
1.0
 70
     8
 71
     3
 72
    12
 73
     8
 74
     0
 42
0.000000001
 43
0.0000000001
 40
0.0
 40
0.0
 40
0.0
 40
0.0
 40
0.2000281763850236
 40
0.4000563527700471
 40
0.6000845291550708
 40
0.8001127055400943
 40
1.0
 40
1.0
 40
1.0
 40
1.0
 10
35.21954368547033
 20
71.9572819669133
 30
0.0
 10
35.21954148784425
 20
71.91543115389487
 30
0.0
 10
35.22020404062911
 20
71.83602047724648
 30
0.0
 10
35.22304142442641
 20
71.72515171830443
 30
0.0
 10
35.22745063034402
 20
71.63652172579408
 30
0.0
 10
35.2330930960167
 20
71.57673256505657
 30
0.0
 10
35.23721789744454
 20
71.5601204170552
 30
0.0
 10
35.23941431728912
 20
71.5579130818012
 30
0.0
  0
SPLINE
  5
57F
330
1F
100
AcDbEntity
  8
1
  6
Continuous
 62
   155
370
    35
100
AcDbSpline
210
0.0
220
0.0
230
1.0
 70
    24
 71
     1
 72
     4
 73
     2
 74
     0
 42
0.000000001
 43
0.0000000001
 40
0.0
 40
0.0
 40
1.0
 40
1.0
 10
36.10730027616946
 20
61.40157651387577
 30
0.0
 10
36.10730027616947
 20
60.89658576312036
 30
0.0
  0
SPLINE
  5
580
330
1F
100
AcDbEntity
  8
1
  6
Continuous
 62
   155
370
    70
100
AcDbSpline
210
0.0
220
0.0
230
1.0
 70
     8
 71
     3
 72
     8
 73
     4
 74
     0
 42
0.000000001
 43
0.0000000001
 40
0.0
 40
0.0
 40
0.0
 40
0.0
 40
1.0
 40
1.0
 40
1.0
 40
1.0
 10
51.77538570111945
 20
60.90157651387575
 30
0.0
 10
51.74861733480704
 20
60.90157651387575
 30
0.0
 10
51.7219207156442
 20
60.89590903183764
 30
0.0
 10
51.69884901465092
 20
60.88635242037986
 30
0.0
  0
SPLINE
  5
581
330
1F
100
AcDbEntity
  8
1
  6
Continuous
 62
   155
370
    70
100
AcDbSpline
210
0.0
220
0.0
230
1.0
 70
     8
 71
     3
 72
     8
 73
     4
 74
     0
 42
0.000000001
 43
0.0000000001
 40
0.0
 40
0.0
 40
0.0
 40
0.0
 40
1.0
 40
1.0
 40
1.0
 40
1.0
 10
51.69884901465051
 20
60.88635242038106
 30
0.0
 10
51.67576895743822
 20
60.89591249309915
 30
0.0
 10
51.65288787018153
 20
60.90157651392877
 30
0.0
 10
51.63396434462698
 20
60.9015765138805
 30
0.0
  0
SPLINE
  5
582
330
1F
100
AcDbEntity
  8
1
  6
Continuous
 62
   155
370
    70
100
AcDbSpline
210
0.0
220
0.0
230
1.0
 70
     8
 71
     3
 72
     8
 73
     4
 74
     0
 42
0.000000001
 43
0.0000000001
 40
0.0
 40
0.0
 40
0.0
 40
0.0
 40
1.0
 40
1.0
 40
1.0
 40
1.0
 10
51.63396434461529
 20
74.97957686850404
 30
0.0
 10
51.65289243801082
 20
74.97957686845353
 30
0.0
 10
51.67577731354658
 20
74.9852443504989
 30
0.0
 10
51.69884901464943
 20
74.99480096200304
 30
0.0
  0
SPLINE
  5
583
330
1F
100
AcDbEntity
  8
1
  6
Continuous
 62
   155
370
    70
100
AcDbSpline
210
0.0
220
0.0
230
1.0
 70
     8
 71
     3
 72
     8
 73
     4
 74
     0
 42
0.000000001
 43
0.0000000001
 40
0.0
 40
0.0
 40
0.0
 40
0.0
 40
1.0
 40
1.0
 40
1.0
 40
1.0
 10
51.69884901464849
 20
74.99480096200568
 30
0.0
 10
51.72192907175612
 20
74.98524088933166
 30
0.0
 10
51.74862379470581
 20
74.97957686850879
 30
0.0
 10
51.77538570111946
 20
74.97957686850879
 30
0.0
  0
SPLINE
  5
584
330
1F
100
AcDbEntity
  8
1
  6
Continuous
 62
   155
370
    35
100
AcDbSpline
210
0.0
220
0.0
230
1.0
 70
     8
 71
     3
 72
    10
 73
     6
 74
     0
 42
0.000000001
 43
0.0000000001
 40
0.0
 40
0.0
 40
0.0
 40
0.0
 40
0.3341114501980669
 40
0.6719024452028644
 40
1.0
 40
1.0
 40
1.0
 40
1.0
 10
35.29868586581784
 20
64.38251138442028
 30
0.0
 10
35.29966810074414
 20
64.36771437540526
 30
0.0
 10
35.30164338787765
 20
64.33795739900413
 30
0.0
 10
35.31685786613834
 20
64.29582719896888
 30
0.0
 10
35.33239970608855
 20
64.27060435593735
 30
0.0
 10
35.34132386995077
 20
64.25914578151597
 30
0.0
  0
SPLINE
  5
585
330
1F
100
AcDbEntity
  8
1
  6
Continuous
 62
   155
370
    70
100
AcDbSpline
210
0.0
220
0.0
230
1.0
 70
     8
 71
     3
 72
    12
 73
     8
 74
     0
 42
0.000000001
 43
0.0000000001
 40
0.0
 40
0.0
 40
0.0
 40
0.0
 40
0.0080926308664377
 40
0.2568591515895748
 40
0.5047186760815345
 40
0.7522902591398452
 40
1.0
 40
1.0
 40
1.0
 40
1.0
 10
35.34132386995077
 20
64.25914578151597
 30
0.0
 10
35.34162343351998
 20
64.25876114363787
 30
0.0
 10
35.35117683651226
 20
64.24658744745257
 30
0.0
 10
35.37277004992453
 20
64.22484966025516
 30
0.0
 10
35.4108131930219
 20
64.20086533023036
 30
0.0
 10
35.45315619739284
 20
64.1852429716952
 30
0.0
 10
35.48286270587921
 20
64.18314387017956
 30
0.0
 10
35.49772010340997
 20
64.18209402665153
 30
0.0
  0
SPLINE
  5
586
330
1F
100
AcDbEntity
  8
1
  6
Continuous
 62
   155
370
    70
100
AcDbSpline
210
0.0
220
0.0
230
1.0
 70
     8
 71
     3
 72
    12
 73
     8
 74
     0
 42
0.000000001
 43
0.0000000001
 40
0.0
 40
0.0
 40
0.0
 40
0.0
 40
0.2471124010790654
 40
0.4940880634320081
 40
0.741351956298776
 40
0.9895206539575909
 40
1.0
 40
1.0
 40
1.0
 40
1.0
 10
35.49772029764193
 20
71.69905907850183
 30
0.0
 10
35.48286299410275
 20
71.69800923510545
 30
0.0
 10
35.45315660825792
 20
71.69591012923964
 30
0.0
 10
35.41081392094836
 20
71.68028773729645
 30
0.0
 10
35.37277081852016
 20
71.65630336911477
 30
0.0
 10
35.35107420035579
 20
71.63446164613414
 30
0.0
 10
35.34144456693919
 20
71.6221630709205
 30
0.0
 10
35.34105681925369
 20
71.62166294881368
 30
0.0
  0
SPLINE
  5
587
330
1F
100
AcDbEntity
  8
1
  6
Continuous
 62
   155
370
    35
100
AcDbSpline
210
0.0
220
0.0
230
1.0
 70
     8
 71
     3
 72
    10
 73
     6
 74
     0
 42
0.000000001
 43
0.0000000001
 40
0.0
 40
0.0
 40
0.0
 40
0.0
 40
0.32588469125396
 40
0.6647871683458378
 40
1.0
 40
1.0
 40
1.0
 40
1.0
 10
35.34105681925369
 20
71.62166294881368
 30
0.0
 10
35.33224694696582
 20
71.61029985870597
 30
0.0
 10
35.31680805988792
 20
71.58518753859889
 30
0.0
 10
35.30164323996917
 20
71.54319572381874
 30
0.0
 10
35.29966793381515
 20
71.51343876001164
 30
0.0
 10
35.29868568647457
 20
71.49864171272642
 30
0.0
  0
SPLINE
  5
588
330
1F
100
AcDbEntity
  8
1
  6
Continuous
 62
   155
370
    35
100
AcDbSpline
210
0.0
220
0.0
230
1.0
 70
    24
 71
     1
 72
     4
 73
     2
 74
     0
 42
0.000000001
 43
0.0000000001
 40
0.0
 40
0.0
 40
1.0
 40
1.0
 10
36.10730027616946
 20
74.98456660170419
 30
0.0
 10
36.10730027616946
 20
74.47957662265877
 30
0.0
  0
SPLINE
  5
589
330
1F
100
AcDbEntity
  8
1
  6
Continuous
 62
   155
370
    35
100
AcDbSpline
210
0.0
220
0.0
230
1.0
 70
    24
 71
     1
 72
     4
 73
     2
 74
     0
 42
0.000000001
 43
0.0000000001
 40
0.0
 40
0.0
 40
1.0
 40
1.0
 10
51.10730027616945
 20
74.98456660170419
 30
0.0
 10
51.10730027616945
 20
74.47957662265877
 30
0.0
  0
SPLINE
  5
58A
330
1F
100
AcDbEntity
  8
1
  6
Continuous
 62
   155
370
    35
100
AcDbSpline
210
0.0
220
0.0
230
1.0
 70
    24
 71
     1
 72
     4
 73
     2
 74
     0
 42
0.000000001
 43
0.0000000001
 40
0.0
 40
0.0
 40
1.0
 40
1.0
 10
51.10730027616945
 20
61.40157651387577
 30
0.0
 10
51.10730027616946
 20
60.89658576312036
 30
0.0
  0
SPLINE
  5
58B
330
1F
100
AcDbEntity
  8
1
  6
Continuous
 62
   155
370
    70
100
AcDbSpline
210
0.0
220
0.0
230
1.0
 70
     8
 71
     3
 72
     9
 73
     5
 74
     0
 42
0.000000001
 43
0.0000000001
 40
0.0
 40
0.0
 40
0.0
 40
0.0
 40
0.5
 40
1.0
 40
1.0
 40
1.0
 40
1.0
 10
35.48730353435513
 20
71.49864175212406
 30
0.0
 10
35.48730505663884
 20
71.51173010780606
 30
0.0
 10
35.49800320774265
 20
71.53797545602866
 30
0.0
 10
35.52368155078949
 20
71.54908192682912
 30
0.0
 10
35.53654295986708
 20
71.54926406629441
 30
0.0
  0
SPLINE
  5
58C
330
1F
100
AcDbEntity
  8
1
  6
Continuous
 62
   155
370
    70
100
AcDbSpline
210
0.0
220
0.0
230
1.0
 70
     8
 71
     3
 72
     9
 73
     5
 74
     0
 42
0.000000001
 43
0.0000000001
 40
0.0
 40
0.0
 40
0.0
 40
0.0
 40
0.5
 40
1.0
 40
1.0
 40
1.0
 40
1.0
 10
35.5365429594581
 20
64.33188903907279
 30
0.0
 10
35.52368154221756
 20
64.33207117919454
 30
0.0
 10
35.49800318554995
 20
64.34317764970177
 30
0.0
 10
35.48730502465042
 20
64.36942303245885
 30
0.0
 10
35.48730350425125
 20
64.3825113844069
 30
0.0
  0
SPLINE
  5
58D
330
1F
100
AcDbEntity
  8
1
  6
Continuous
 62
   155
370
    70
100
AcDbSpline
210
0.0
220
0.0
230
1.0
 70
     8
 71
     3
 72
     8
 73
     4
 74
     0
 42
0.000000001
 43
0.0000000001
 40
0.0
 40
0.0
 40
0.0
 40
0.0
 40
1.0
 40
1.0
 40
1.0
 40
1.0
 10
66.77538570111946
 20
60.90157651387575
 30
0.0
 10
66.74861733480705
 20
60.90157651387575
 30
0.0
 10
66.72192071564422
 20
60.89590903183764
 30
0.0
 10
66.69884901465093
 20
60.88635242037986
 30
0.0
  0
SPLINE
  5
58E
330
1F
100
AcDbEntity
  8
1
  6
Continuous
 62
   155
370
    70
100
AcDbSpline
210
0.0
220
0.0
230
1.0
 70
     8
 71
     3
 72
     8
 73
     4
 74
     0
 42
0.000000001
 43
0.0000000001
 40
0.0
 40
0.0
 40
0.0
 40
0.0
 40
1.0
 40
1.0
 40
1.0
 40
1.0
 10
66.69884901465052
 20
60.88635242038106
 30
0.0
 10
66.67576895743824
 20
60.89591249309915
 30
0.0
 10
66.65288787018154
 20
60.90157651392877
 30
0.0
 10
66.633964344627
 20
60.9015765138805
 30
0.0
  0
SPLINE
  5
58F
330
1F
100
AcDbEntity
  8
1
  6
Continuous
 62
   155
370
    70
100
AcDbSpline
210
0.0
220
0.0
230
1.0
 70
     8
 71
     3
 72
     8
 73
     4
 74
     0
 42
0.000000001
 43
0.0000000001
 40
0.0
 40
0.0
 40
0.0
 40
0.0
 40
1.0
 40
1.0
 40
1.0
 40
1.0
 10
66.69884901464852
 20
74.99480096200568
 30
0.0
 10
66.72192907175614
 20
74.98524088933166
 30
0.0
 10
66.74862379470582
 20
74.97957686850879
 30
0.0
 10
66.77538570111948
 20
74.97957686850879
 30
0.0
  0
SPLINE
  5
590
330
1F
100
AcDbEntity
  8
1
  6
Continuous
 62
   155
370
    70
100
AcDbSpline
210
0.0
220
0.0
230
1.0
 70
     8
 71
     3
 72
     8
 73
     4
 74
     0
 42
0.000000001
 43
0.0000000001
 40
0.0
 40
0.0
 40
0.0
 40
0.0
 40
1.0
 40
1.0
 40
1.0
 40
1.0
 10
66.6339643446153
 20
74.97957686850404
 30
0.0
 10
66.65289243801084
 20
74.97957686845353
 30
0.0
 10
66.67577731354659
 20
74.9852443504989
 30
0.0
 10
66.69884901464944
 20
74.99480096200304
 30
0.0
  0
SPLINE
  5
591
330
1F
100
AcDbEntity
  8
1
  6
Continuous
 62
   155
370
    35
100
AcDbSpline
210
0.0
220
0.0
230
1.0
 70
    24
 71
     1
 72
     4
 73
     2
 74
     0
 42
0.000000001
 43
0.0000000001
 40
0.0
 40
0.0
 40
1.0
 40
1.0
 10
66.10730027616947
 20
61.40157651387577
 30
0.0
 10
66.10730027616947
 20
60.89658576312036
 30
0.0
  0
SPLINE
  5
592
330
1F
100
AcDbEntity
  8
1
  6
Continuous
 62
   155
370
    35
100
AcDbSpline
210
0.0
220
0.0
230
1.0
 70
    24
 71
     1
 72
     4
 73
     2
 74
     0
 42
0.000000001
 43
0.0000000001
 40
0.0
 40
0.0
 40
1.0
 40
1.0
 10
66.10730027616947
 20
74.98456660170419
 30
0.0
 10
66.10730027616947
 20
74.47957662265877
 30
0.0
  0
SPLINE
  5
593
330
1F
100
AcDbEntity
  8
1
  6
DASHED
 62
   155
370
    13
100
AcDbSpline
210
0.0
220
0.0
230
1.0
 70
     8
 71
     3
 72
    10
 73
     6
 74
     0
 42
0.000000001
 43
0.0000000001
 40
0.0
 40
0.0
 40
0.0
 40
0.0
 40
0.3333326081870279
 40
0.6666663040935139
 40
1.0
 40
1.0
 40
1.0
 40
1.0
 10
52.22514270463092
 20
72.26157717515363
 30
0.0
 10
52.25562532432703
 20
72.23148811447115
 30
0.0
 10
52.31848802827604
 20
72.1712483623447
 30
0.0
 10
52.41848785802367
 20
72.08071960914961
 30
0.0
 10
52.48895656463859
 20
72.02027491408546
 30
0.0
 10
52.52514298892947
 20
71.99003118180578
 30
0.0
  0
SPLINE
  5
594
330
1F
100
AcDbEntity
  8
1
  6
DASHED
 62
   155
370
    13
100
AcDbSpline
210
0.0
220
0.0
230
1.0
 70
     8
 71
     3
 72
    10
 73
     6
 74
     0
 42
0.000000001
 43
0.0000000001
 40
0.0
 40
0.0
 40
0.0
 40
0.0
 40
0.333333936361319
 40
0.666667872722638
 40
1.0
 40
1.0
 40
1.0
 40
1.0
 10
52.52514298892947
 20
63.89112220057577
 30
0.0
 10
52.48850510183939
 20
63.86050114668166
 30
0.0
 10
52.41744628920757
 20
63.79952420623489
 30
0.0
 10
52.31743802135112
 20
63.70892055185966
 30
0.0
 10
52.25518263697617
 20
63.64922829220844
 30
0.0
 10
52.22514289532286
 20
63.61957639533071
 30
0.0
  0
SPLINE
  5
595
330
1F
100
AcDbEntity
  8
1
  6
DASHED
 62
   155
370
    13
100
AcDbSpline
210
0.0
220
0.0
230
1.0
 70
     8
 71
     3
 72
     8
 73
     4
 74
     0
 42
0.000000001
 43
0.0000000001
 40
0.0
 40
0.0
 40
0.0
 40
0.0
 40
1.0
 40
1.0
 40
1.0
 40
1.0
 10
52.22514291581733
 20
62.57920562476379
 30
0.0
 10
52.32501329397168
 20
62.63276521894676
 30
0.0
 10
52.42502491687592
 20
62.68729299932212
 30
0.0
 10
52.52514298893009
 20
62.74255085867677
 30
0.0
  0
SPLINE
  5
596
330
1F
100
AcDbEntity
  8
1
  6
DASHED
 62
   155
370
    13
100
AcDbSpline
210
0.0
220
0.0
230
1.0
 70
     8
 71
     3
 72
     8
 73
     4
 74
     0
 42
0.000000001
 43
0.0000000001
 40
0.0
 40
0.0
 40
0.0
 40
0.0
 40
1.0
 40
1.0
 40
1.0
 40
1.0
 10
52.52514298892854
 20
73.13860252369832
 30
0.0
 10
52.4250249166608
 20
73.19386038317094
 30
0.0
 10
52.3250132936876
 20
73.24838816358306
 30
0.0
 10
52.22514291532071
 20
73.30194775787716
 30
0.0
  0
SPLINE
  5
597
330
1F
100
AcDbEntity
  8
1
  6
DASHED
 62
   155
370
    13
100
AcDbSpline
210
0.0
220
0.0
230
1.0
 70
     8
 71
     3
 72
     8
 73
     4
 74
     0
 42
0.000000001
 43
0.0000000001
 40
0.0
 40
0.0
 40
0.0
 40
0.0
 40
1.0
 40
1.0
 40
1.0
 40
1.0
 10
42.83514299337887
 20
61.6075765111003
 30
0.0
 10
42.7360955472432
 20
61.66957836121597
 30
0.0
 10
42.6360008725303
 20
61.72801577277486
 30
0.0
 10
42.53514298888698
 20
61.78385544281435
 30
0.0
  0
SPLINE
  5
598
330
1F
100
AcDbEntity
  8
1
  6
DASHED
 62
   155
370
    13
100
AcDbSpline
210
0.0
220
0.0
230
1.0
 70
     8
 71
     3
 72
     8
 73
     4
 74
     0
 42
0.000000001
 43
0.0000000001
 40
0.0
 40
0.0
 40
0.0
 40
0.0
 40
1.0
 40
1.0
 40
1.0
 40
1.0
 10
42.53514298968536
 20
74.09729770720537
 30
0.0
 10
42.63600087806524
 20
74.15313737266507
 30
0.0
 10
42.73609556519095
 20
74.21157478493234
 30
0.0
 10
42.83514301579262
 20
74.27357663207246
 30
0.0
  0
SPLINE
  5
599
330
1F
100
AcDbEntity
  8
1
  6
DASHED
 62
   155
370
    13
100
AcDbSpline
210
0.0
220
0.0
230
1.0
 70
     8
 71
     2
 72
     6
 73
     3
 74
     0
 42
0.000000001
 43
0.0000000001
 40
0.0
 40
0.0
 40
0.0
 40
1.0
 40
1.0
 40
1.0
 10
50.23330297279866
 20
71.96043016434369
 30
0.0
 10
50.2182991354767
 20
71.89788187602808
 30
0.0
 10
50.22047253588356
 20
71.82199357295733
 30
0.0
  0
SPLINE
  5
59A
330
1F
100
AcDbEntity
  8
1
  6
Continuous
 62
   155
370
    70
100
AcDbSpline
210
0.0
220
0.0
230
1.0
 70
     8
 71
     3
 72
     9
 73
     5
 74
     0
 42
0.000000001
 43
0.0000000001
 40
0.0
 40
0.0
 40
0.0
 40
0.0
 40
0.5
 40
1.0
 40
1.0
 40
1.0
 40
1.0
 10
80.48730353435512
 20
71.49864175212406
 30
0.0
 10
80.48730505663883
 20
71.51173010780606
 30
0.0
 10
80.49800320774264
 20
71.53797545602866
 30
0.0
 10
80.52368155078949
 20
71.54908192682912
 30
0.0
 10
80.53654295986708
 20
71.54926406629441
 30
0.0
  0
SPLINE
  5
59B
330
1F
100
AcDbEntity
  8
1
  6
Continuous
 62
   155
370
    70
100
AcDbSpline
210
0.0
220
0.0
230
1.0
 70
     8
 71
     3
 72
     9
 73
     5
 74
     0
 42
0.000000001
 43
0.0000000001
 40
0.0
 40
0.0
 40
0.0
 40
0.0
 40
0.5
 40
1.0
 40
1.0
 40
1.0
 40
1.0
 10
80.53654295945809
 20
64.33188903907279
 30
0.0
 10
80.52368154221756
 20
64.33207117919454
 30
0.0
 10
80.49800318554995
 20
64.34317764970177
 30
0.0
 10
80.48730502465041
 20
64.36942303245885
 30
0.0
 10
80.48730350425124
 20
64.3825113844069
 30
0.0
  0
SPLINE
  5
59C
330
1F
100
AcDbEntity
  8
1
  6
Continuous
 62
   155
370
    35
100
AcDbSpline
210
0.0
220
0.0
230
1.0
 70
     8
 71
     3
 72
    10
 73
     6
 74
     0
 42
0.000000001
 43
0.0000000001
 40
0.0
 40
0.0
 40
0.0
 40
0.0
 40
0.334111450198085
 40
0.6719024452029007
 40
1.0
 40
1.0
 40
1.0
 40
1.0
 10
80.29868586581784
 20
64.38251138442028
 30
0.0
 10
80.29966810074413
 20
64.36771437540526
 30
0.0
 10
80.30164338787765
 20
64.33795739900413
 30
0.0
 10
80.31685786613833
 20
64.29582719896888
 30
0.0
 10
80.33239970608854
 20
64.27060435593735
 30
0.0
 10
80.34132386995076
 20
64.25914578151595
 30
0.0
  0
SPLINE
  5
59D
330
1F
100
AcDbEntity
  8
1
  6
Continuous
 62
   155
370
    70
100
AcDbSpline
210
0.0
220
0.0
230
1.0
 70
     8
 71
     3
 72
    12
 73
     8
 74
     0
 42
0.000000001
 43
0.0000000001
 40
0.0
 40
0.0
 40
0.0
 40
0.0
 40
0.0080926308664771
 40
0.2568591515896044
 40
0.5047186760815542
 40
0.7522902591398549
 40
1.0
 40
1.0
 40
1.0
 40
1.0
 10
80.34132386995076
 20
64.25914578151595
 30
0.0
 10
80.34162343351997
 20
64.25876114363787
 30
0.0
 10
80.35117683651225
 20
64.24658744745257
 30
0.0
 10
80.37277004992453
 20
64.22484966025516
 30
0.0
 10
80.4108131930219
 20
64.20086533023036
 30
0.0
 10
80.45315619739284
 20
64.1852429716952
 30
0.0
 10
80.4828627058792
 20
64.18314387017956
 30
0.0
 10
80.49772010340996
 20
64.18209402665153
 30
0.0
  0
SPLINE
  5
59E
330
1F
100
AcDbEntity
  8
1
  6
DASHED
 62
   155
370
    13
100
AcDbSpline
210
0.0
220
0.0
230
1.0
 70
     8
 71
     3
 72
    10
 73
     6
 74
     0
 42
0.000000001
 43
0.0000000001
 40
0.0
 40
0.0
 40
0.0
 40
0.0
 40
0.3333326081870279
 40
0.6666663040935139
 40
1.0
 40
1.0
 40
1.0
 40
1.0
 10
82.22514270463091
 20
72.26157717515363
 30
0.0
 10
82.25562532432703
 20
72.23148811447115
 30
0.0
 10
82.31848802827605
 20
72.1712483623447
 30
0.0
 10
82.41848785802367
 20
72.08071960914961
 30
0.0
 10
82.48895656463858
 20
72.02027491408546
 30
0.0
 10
82.52514298892947
 20
71.99003118180578
 30
0.0
  0
SPLINE
  5
59F
330
1F
100
AcDbEntity
  8
1
  6
DASHED
 62
   155
370
    13
100
AcDbSpline
210
0.0
220
0.0
230
1.0
 70
     8
 71
     3
 72
    10
 73
     6
 74
     0
 42
0.000000001
 43
0.0000000001
 40
0.0
 40
0.0
 40
0.0
 40
0.0
 40
0.333333936361319
 40
0.666667872722638
 40
1.0
 40
1.0
 40
1.0
 40
1.0
 10
82.52514298892947
 20
63.89112220057577
 30
0.0
 10
82.4885051018394
 20
63.86050114668166
 30
0.0
 10
82.41744628920756
 20
63.79952420623489
 30
0.0
 10
82.31743802135112
 20
63.70892055185966
 30
0.0
 10
82.25518263697617
 20
63.64922829220844
 30
0.0
 10
82.22514289532286
 20
63.61957639533071
 30
0.0
  0
SPLINE
  5
5A0
330
1F
100
AcDbEntity
  8
1
  6
DASHED
 62
   155
370
    13
100
AcDbSpline
210
0.0
220
0.0
230
1.0
 70
     8
 71
     3
 72
     8
 73
     4
 74
     0
 42
0.000000001
 43
0.0000000001
 40
0.0
 40
0.0
 40
0.0
 40
0.0
 40
1.0
 40
1.0
 40
1.0
 40
1.0
 10
82.22514291581733
 20
62.57920562476379
 30
0.0
 10
82.32501329397168
 20
62.63276521894676
 30
0.0
 10
82.42502491687591
 20
62.68729299932212
 30
0.0
 10
82.52514298893009
 20
62.74255085867677
 30
0.0
  0
SPLINE
  5
5A1
330
1F
100
AcDbEntity
  8
1
  6
DASHED
 62
   155
370
    13
100
AcDbSpline
210
0.0
220
0.0
230
1.0
 70
     8
 71
     3
 72
     8
 73
     4
 74
     0
 42
0.000000001
 43
0.0000000001
 40
0.0
 40
0.0
 40
0.0
 40
0.0
 40
1.0
 40
1.0
 40
1.0
 40
1.0
 10
82.52514298892854
 20
73.13860252369832
 30
0.0
 10
82.4250249166608
 20
73.19386038317094
 30
0.0
 10
82.32501329368759
 20
73.24838816358306
 30
0.0
 10
82.2251429153207
 20
73.30194775787716
 30
0.0
  0
SPLINE
  5
5A2
330
1F
100
AcDbEntity
  8
1
  6
DASHED
 62
   155
370
    13
100
AcDbSpline
210
0.0
220
0.0
230
1.0
 70
     8
 71
     3
 72
     8
 73
     4
 74
     0
 42
0.000000001
 43
0.0000000001
 40
0.0
 40
0.0
 40
0.0
 40
0.0
 40
1.0
 40
1.0
 40
1.0
 40
1.0
 10
72.83514299337887
 20
61.6075765111003
 30
0.0
 10
72.7360955472432
 20
61.66957836121597
 30
0.0
 10
72.6360008725303
 20
61.72801577277486
 30
0.0
 10
72.53514298888697
 20
61.78385544281435
 30
0.0
  0
SPLINE
  5
5A3
330
1F
100
AcDbEntity
  8
1
  6
DASHED
 62
   155
370
    13
100
AcDbSpline
210
0.0
220
0.0
230
1.0
 70
     8
 71
     3
 72
     8
 73
     4
 74
     0
 42
0.000000001
 43
0.0000000001
 40
0.0
 40
0.0
 40
0.0
 40
0.0
 40
1.0
 40
1.0
 40
1.0
 40
1.0
 10
72.53514298968537
 20
74.09729770720537
 30
0.0
 10
72.63600087806523
 20
74.15313737266507
 30
0.0
 10
72.73609556519095
 20
74.21157478493234
 30
0.0
 10
72.83514301579262
 20
74.27357663207246
 30
0.0
  0
SPLINE
  5
5A4
330
1F
100
AcDbEntity
  8
1
  6
DASHED
 62
   155
370
    13
100
AcDbSpline
210
0.0
220
0.0
230
1.0
 70
     8
 71
     2
 72
     6
 73
     3
 74
     0
 42
0.000000001
 43
0.0000000001
 40
0.0
 40
0.0
 40
0.0
 40
1.0
 40
1.0
 40
1.0
 10
80.23330297279865
 20
71.96043016434369
 30
0.0
 10
80.21829913547668
 20
71.89788187602808
 30
0.0
 10
80.22047253588356
 20
71.82199357295733
 30
0.0
  0
SPLINE
  5
5A5
330
1F
100
AcDbEntity
  8
1
  6
Continuous
 62
   155
370
    70
100
AcDbSpline
210
0.0
220
0.0
230
1.0
 70
     8
 71
     3
 72
    12
 73
     8
 74
     0
 42
0.000000001
 43
0.0000000001
 40
0.0
 40
0.0
 40
0.0
 40
0.0
 40
0.2471124010790595
 40
0.4940880634319962
 40
0.7413519562987582
 40
0.9895206539575672
 40
1.0
 40
1.0
 40
1.0
 40
1.0
 10
80.49772029764192
 20
71.69905907850183
 30
0.0
 10
80.48286299410273
 20
71.69800923510545
 30
0.0
 10
80.45315660825791
 20
71.69591012923964
 30
0.0
 10
80.41081392094836
 20
71.68028773729645
 30
0.0
 10
80.37277081852015
 20
71.65630336911477
 30
0.0
 10
80.35107420035577
 20
71.63446164613414
 30
0.0
 10
80.34144456693917
 20
71.6221630709205
 30
0.0
 10
80.34105681925367
 20
71.62166294881366
 30
0.0
  0
SPLINE
  5
5A6
330
1F
100
AcDbEntity
  8
1
  6
Continuous
 62
   155
370
    35
100
AcDbSpline
210
0.0
220
0.0
230
1.0
 70
     8
 71
     3
 72
    10
 73
     6
 74
     0
 42
0.000000001
 43
0.0000000001
 40
0.0
 40
0.0
 40
0.0
 40
0.0
 40
0.3258846912539379
 40
0.6647871683458269
 40
1.0
 40
1.0
 40
1.0
 40
1.0
 10
80.34105681925367
 20
71.62166294881366
 30
0.0
 10
80.33224694696581
 20
71.61029985870597
 30
0.0
 10
80.3168080598879
 20
71.58518753859889
 30
0.0
 10
80.30164323996917
 20
71.54319572381874
 30
0.0
 10
80.29966793381514
 20
71.51343876001164
 30
0.0
 10
80.29868568647456
 20
71.49864171272642
 30
0.0
  0
SPLINE
  5
5A7
330
1F
100
AcDbEntity
  8
1
  6
Continuous
 62
   155
370
    35
100
AcDbSpline
210
0.0
220
0.0
230
1.0
 70
    12
 71
     3
 72
    14
 73
    10
 74
     0
 42
0.000000001
 43
0.0000000001
 40
0.0
 40
0.0
 40
0.0
 40
0.0
 40
0.1455433632800846
 40
0.2892158155555203
 40
0.4334620838040688
 40
0.5771760842857441
 40
0.7138224804077976
 40
0.8519749926090278
 40
1.0
 40
1.0
 40
1.0
 40
1.0
 10
80.41927000842348
 20
63.92378360052659
 30
0.0
 41
1.170909258087074
 10
80.41927011305631
 20
63.93850873600836
 30
0.0
 41
1.170909258087074
 10
80.41961114762391
 20
63.96784643175461
 30
0.0
 41
1.170909258087074
 10
80.42111324139846
 20
64.00961701813229
 30
0.0
 41
1.170909258087074
 10
80.42351897850035
 20
64.04713142209548
 30
0.0
 41
1.170909258087074
 10
80.42666700349629
 20
64.07824029482434
 30
0.0
 41
1.170909258087074
 10
80.43037436737941
 20
64.10192988599435
 30
0.0
 41
1.170909258087074
 10
80.434555445325
 20
64.11794970479667
 30
0.0
 41
1.170909258087074
 10
80.43757131312353
 20
64.1227262193292
 30
0.0
 41
1.170909258087074
 10
80.4391359950798
 20
64.12350950635202
 30
0.0
 41
1.170909258087074
  0
SPLINE
  5
5A8
330
1F
100
AcDbEntity
  8
1
  6
Continuous
 62
   155
370
    70
100
AcDbSpline
210
0.0
220
0.0
230
1.0
 70
    24
 71
     1
 72
     4
 73
     2
 74
     0
 42
0.000000001
 43
0.0000000001
 40
0.0
 40
0.0
 40
1.0
 40
1.0
 10
80.22047267414901
 20
64.05916398443318
 30
0.0
 10
80.22229032378712
 20
64.0004535121939
 30
0.0
  0
SPLINE
  5
5A9
330
1F
100
AcDbEntity
  8
1
  6
Continuous
 62
   155
370
    70
100
AcDbSpline
210
0.0
220
0.0
230
1.0
 70
     8
 71
     2
 72
     6
 73
     3
 74
     0
 42
0.000000001
 43
0.0000000001
 40
0.0
 40
0.0
 40
0.0
 40
1.0
 40
1.0
 40
1.0
 10
80.22229032378712
 20
64.0004535121939
 30
0.0
 10
80.22268675825109
 20
63.95661822531359
 30
0.0
 10
80.23330284762065
 20
63.92072265040058
 30
0.0
  0
SPLINE
  5
5AA
330
1F
100
AcDbEntity
  8
1
  6
Continuous
 62
   155
370
    35
100
AcDbSpline
210
0.0
220
0.0
230
1.0
 70
    12
 71
     3
 72
    14
 73
    10
 74
     0
 42
0.000000001
 43
0.0000000001
 40
0.0
 40
0.0
 40
0.0
 40
0.0
 40
0.1490449300268063
 40
0.2960669466816669
 40
0.4432396181124235
 40
0.5889210809224386
 40
0.7231815869184706
 40
0.8548318815433976
 40
1.0
 40
1.0
 40
1.0
 40
1.0
 10
80.4391340613208
 20
71.75764362487394
 30
0.0
 41
1.170904490947219
 10
80.4375585470186
 20
71.7584324693529
 30
0.0
 41
1.170904490947219
 10
80.43443894878013
 20
71.76339592059249
 30
0.0
 41
1.170904490947219
 10
80.43006627492758
 20
71.7805515127231
 30
0.0
 41
1.170904490947219
 10
80.42622625869316
 20
71.80633354853366
 30
0.0
 41
1.170904490947219
 10
80.4231675746685
 20
71.83860550109213
 30
0.0
 41
1.170904490947219
 10
80.42097628979448
 20
71.87490703533284
 30
0.0
 41
1.170904490947219
 10
80.41959396450795
 20
71.91459617561515
 30
0.0
 41
1.170904490947219
 10
80.41926815368177
 20
71.94268263508043
 30
0.0
 41
1.170904490947219
 10
80.4192680720235
 20
71.95736953600107
 30
0.0
 41
1.170904490947219
  0
SPLINE
  5
5AB
330
1F
100
AcDbEntity
  8
1
  6
Continuous
 62
   155
370
    70
100
AcDbSpline
210
0.0
220
0.0
230
1.0
 70
     8
 71
     3
 72
    12
 73
     8
 74
     0
 42
0.000000001
 43
0.0000000001
 40
0.0
 40
0.0
 40
0.0
 40
0.0
 40
0.1998869688581348
 40
0.3999152266436012
 40
0.5999434844290675
 40
0.7999717422145338
 40
1.0
 40
1.0
 40
1.0
 40
1.0
 10
80.23941432556859
 20
64.32324014476153
 30
0.0
 10
80.23721736244869
 20
64.32103273779484
 30
0.0
 10
80.23309244886998
 20
64.30441499523485
 30
0.0
 10
80.22744968953296
 20
64.244616890679
 30
0.0
 10
80.22304088851011
 20
64.15598182674069
 30
0.0
 10
80.22020369886937
 20
64.04511801731093
 30
0.0
 10
80.21954195989451
 20
63.96571586820096
 30
0.0
 10
80.21954368977853
 20
63.92387068773676
 30
0.0
  0
SPLINE
  5
5AC
330
1F
100
AcDbEntity
  8
1
  6
Continuous
 62
   155
370
    70
100
AcDbSpline
210
0.0
220
0.0
230
1.0
 70
     8
 71
     3
 72
    12
 73
     8
 74
     0
 42
0.000000001
 43
0.0000000001
 40
0.0
 40
0.0
 40
0.0
 40
0.0
 40
0.2000281763850236
 40
0.4000563527700471
 40
0.6000845291550708
 40
0.8001127055400943
 40
1.0
 40
1.0
 40
1.0
 40
1.0
 10
80.21954368547031
 20
71.9572819669133
 30
0.0
 10
80.21954148784425
 20
71.91543115389487
 30
0.0
 10
80.2202040406291
 20
71.83602047724648
 30
0.0
 10
80.22304142442641
 20
71.72515171830443
 30
0.0
 10
80.22745063034401
 20
71.63652172579408
 30
0.0
 10
80.23309309601669
 20
71.57673256505657
 30
0.0
 10
80.23721789744454
 20
71.5601204170552
 30
0.0
 10
80.23941431728912
 20
71.5579130818012
 30
0.0
  0
SPLINE
  5
5AD
330
1F
100
AcDbEntity
  8
1
  6
Continuous
 62
   155
370
    35
100
AcDbSpline
210
0.0
220
0.0
230
1.0
 70
    24
 71
     1
 72
     4
 73
     2
 74
     0
 42
0.000000001
 43
0.0000000001
 40
0.0
 40
0.0
 40
1.0
 40
1.0
 10
81.10730027616945
 20
74.98456660170419
 30
0.0
 10
81.10730027616945
 20
74.47957662265877
 30
0.0
  0
SPLINE
  5
5AE
330
1F
100
AcDbEntity
  8
1
  6
Continuous
 62
   155
370
    35
100
AcDbSpline
210
0.0
220
0.0
230
1.0
 70
    24
 71
     1
 72
     4
 73
     2
 74
     0
 42
0.000000001
 43
0.0000000001
 40
0.0
 40
0.0
 40
1.0
 40
1.0
 10
81.10730027616945
 20
61.40157651387577
 30
0.0
 10
81.10730027616947
 20
60.89658576312036
 30
0.0
  0
SPLINE
  5
5AF
330
1F
100
AcDbEntity
  8
1
  6
Continuous
 62
   155
370
    70
100
AcDbSpline
210
0.0
220
0.0
230
1.0
 70
     8
 71
     3
 72
     8
 73
     4
 74
     0
 42
0.000000001
 43
0.0000000001
 40
0.0
 40
0.0
 40
0.0
 40
0.0
 40
1.0
 40
1.0
 40
1.0
 40
1.0
 10
81.6339643446153
 20
74.97957686850404
 30
0.0
 10
81.65289243801082
 20
74.97957686845353
 30
0.0
 10
81.67577731354658
 20
74.9852443504989
 30
0.0
 10
81.69884901464943
 20
74.99480096200304
 30
0.0
  0
SPLINE
  5
5B0
330
1F
100
AcDbEntity
  8
1
  6
Continuous
 62
   155
370
    70
100
AcDbSpline
210
0.0
220
0.0
230
1.0
 70
     8
 71
     3
 72
     8
 73
     4
 74
     0
 42
0.000000001
 43
0.0000000001
 40
0.0
 40
0.0
 40
0.0
 40
0.0
 40
1.0
 40
1.0
 40
1.0
 40
1.0
 10
81.77538570111946
 20
60.90157651387575
 30
0.0
 10
81.74861733480704
 20
60.90157651387575
 30
0.0
 10
81.72192071564419
 20
60.89590903183764
 30
0.0
 10
81.69884901465092
 20
60.88635242037986
 30
0.0
  0
SPLINE
  5
5B1
330
1F
100
AcDbEntity
  8
1
  6
Continuous
 62
   155
370
    70
100
AcDbSpline
210
0.0
220
0.0
230
1.0
 70
     8
 71
     3
 72
     8
 73
     4
 74
     0
 42
0.000000001
 43
0.0000000001
 40
0.0
 40
0.0
 40
0.0
 40
0.0
 40
1.0
 40
1.0
 40
1.0
 40
1.0
 10
81.6988490146505
 20
60.88635242038106
 30
0.0
 10
81.67576895743822
 20
60.89591249309915
 30
0.0
 10
81.65288787018153
 20
60.90157651392877
 30
0.0
 10
81.63396434462697
 20
60.9015765138805
 30
0.0
  0
SPLINE
  5
5B2
330
1F
100
AcDbEntity
  8
1
  6
Continuous
 62
   155
370
    70
100
AcDbSpline
210
0.0
220
0.0
230
1.0
 70
     8
 71
     3
 72
     8
 73
     4
 74
     0
 42
0.000000001
 43
0.0000000001
 40
0.0
 40
0.0
 40
0.0
 40
0.0
 40
1.0
 40
1.0
 40
1.0
 40
1.0
 10
81.69884901464849
 20
74.99480096200568
 30
0.0
 10
81.72192907175612
 20
74.98524088933166
 30
0.0
 10
81.74862379470581
 20
74.97957686850879
 30
0.0
 10
81.77538570111946
 20
74.97957686850879
 30
0.0
  0
SPLINE
  5
5B3
330
1F
100
AcDbEntity
  8
1
  6
Continuous
 62
   155
370
    70
100
AcDbSpline
210
0.0
220
0.0
230
1.0
 70
     8
 71
     3
 72
     9
 73
     5
 74
     0
 42
0.000000001
 43
0.0000000001
 40
0.0
 40
0.0
 40
0.0
 40
0.0
 40
0.5
 40
1.0
 40
1.0
 40
1.0
 40
1.0
 10
50.48730353435512
 20
71.49864175212406
 30
0.0
 10
50.48730505663883
 20
71.51173010780606
 30
0.0
 10
50.49800320774264
 20
71.53797545602866
 30
0.0
 10
50.52368155078948
 20
71.54908192682912
 30
0.0
 10
50.53654295986708
 20
71.54926406629441
 30
0.0
  0
SPLINE
  5
5B4
330
1F
100
AcDbEntity
  8
1
  6
Continuous
 62
   155
370
    70
100
AcDbSpline
210
0.0
220
0.0
230
1.0
 70
     8
 71
     3
 72
     9
 73
     5
 74
     0
 42
0.000000001
 43
0.0000000001
 40
0.0
 40
0.0
 40
0.0
 40
0.0
 40
0.5
 40
1.0
 40
1.0
 40
1.0
 40
1.0
 10
50.53654295945809
 20
64.33188903907279
 30
0.0
 10
50.52368154221755
 20
64.33207117919454
 30
0.0
 10
50.49800318554994
 20
64.34317764970177
 30
0.0
 10
50.48730502465041
 20
64.36942303245885
 30
0.0
 10
50.48730350425124
 20
64.3825113844069
 30
0.0
  0
SPLINE
  5
5B5
330
1F
100
AcDbEntity
  8
1
  6
Continuous
 62
   155
370
    70
100
AcDbSpline
210
0.0
220
0.0
230
1.0
 70
     8
 71
     3
 72
     9
 73
     5
 74
     0
 42
0.000000001
 43
0.0000000001
 40
0.0
 40
0.0
 40
0.0
 40
0.0
 40
0.5
 40
1.0
 40
1.0
 40
1.0
 40
1.0
 10
65.48730353435514
 20
71.49864175212406
 30
0.0
 10
65.48730505663885
 20
71.51173010780606
 30
0.0
 10
65.49800320774266
 20
71.53797545602866
 30
0.0
 10
65.52368155078949
 20
71.54908192682912
 30
0.0
 10
65.53654295986709
 20
71.54926406629441
 30
0.0
  0
SPLINE
  5
5B6
330
1F
100
AcDbEntity
  8
1
  6
Continuous
 62
   155
370
    70
100
AcDbSpline
210
0.0
220
0.0
230
1.0
 70
     8
 71
     3
 72
     9
 73
     5
 74
     0
 42
0.000000001
 43
0.0000000001
 40
0.0
 40
0.0
 40
0.0
 40
0.0
 40
0.5
 40
1.0
 40
1.0
 40
1.0
 40
1.0
 10
65.5365429594581
 20
64.33188903907279
 30
0.0
 10
65.52368154221756
 20
64.33207117919454
 30
0.0
 10
65.49800318554995
 20
64.34317764970177
 30
0.0
 10
65.48730502465042
 20
64.36942303245885
 30
0.0
 10
65.48730350425126
 20
64.3825113844069
 30
0.0
  0
SPLINE
  5
5B7
330
1F
100
AcDbEntity
  8
1
  6
DASHED
 62
   155
370
    13
100
AcDbSpline
210
0.0
220
0.0
230
1.0
 70
     8
 71
     3
 72
     8
 73
     4
 74
     0
 42
0.000000001
 43
0.0000000001
 40
0.0
 40
0.0
 40
0.0
 40
0.0
 40
1.0
 40
1.0
 40
1.0
 40
1.0
 10
27.83514299337887
 20
61.6075765111003
 30
0.0
 10
27.7360955472432
 20
61.66957836121597
 30
0.0
 10
27.63600087253031
 20
61.72801577277486
 30
0.0
 10
27.53514298888699
 20
61.78385544281435
 30
0.0
  0
SPLINE
  5
5B8
330
1F
100
AcDbEntity
  8
1
  6
DASHED
 62
   155
370
    13
100
AcDbSpline
210
0.0
220
0.0
230
1.0
 70
     8
 71
     3
 72
     8
 73
     4
 74
     0
 42
0.000000001
 43
0.0000000001
 40
0.0
 40
0.0
 40
0.0
 40
0.0
 40
1.0
 40
1.0
 40
1.0
 40
1.0
 10
27.53514298968537
 20
74.09729770720537
 30
0.0
 10
27.63600087806525
 20
74.15313737266507
 30
0.0
 10
27.73609556519096
 20
74.21157478493234
 30
0.0
 10
27.83514301579263
 20
74.27357663207246
 30
0.0
  0
SPLINE
  5
5B9
330
1F
100
AcDbEntity
  8
1
  6
DASHED
 62
   155
370
    13
100
AcDbSpline
210
0.0
220
0.0
230
1.0
 70
     8
 71
     2
 72
     6
 73
     3
 74
     0
 42
0.000000001
 43
0.0000000001
 40
0.0
 40
0.0
 40
0.0
 40
1.0
 40
1.0
 40
1.0
 10
35.23330297279867
 20
71.96043016434369
 30
0.0
 10
35.21829913547671
 20
71.89788187602808
 30
0.0
 10
35.22047253588357
 20
71.82199357295733
 30
0.0
  0
SPLINE
  5
5BA
330
1F
100
AcDbEntity
  8
1
  6
Continuous
 62
   155
370
    35
100
AcDbSpline
210
0.0
220
0.0
230
1.0
 70
     8
 71
     3
 72
    10
 73
     6
 74
     0
 42
0.000000001
 43
0.0000000001
 40
0.0
 40
0.0
 40
0.0
 40
0.0
 40
0.3341114501980669
 40
0.6719024452028644
 40
1.0
 40
1.0
 40
1.0
 40
1.0
 10
50.29868586581784
 20
64.38251138442028
 30
0.0
 10
50.29966810074413
 20
64.36771437540526
 30
0.0
 10
50.30164338787765
 20
64.33795739900413
 30
0.0
 10
50.31685786613833
 20
64.29582719896888
 30
0.0
 10
50.33239970608855
 20
64.27060435593735
 30
0.0
 10
50.34132386995076
 20
64.25914578151597
 30
0.0
  0
SPLINE
  5
5BB
330
1F
100
AcDbEntity
  8
1
  6
Continuous
 62
   155
370
    70
100
AcDbSpline
210
0.0
220
0.0
230
1.0
 70
     8
 71
     3
 72
    12
 73
     8
 74
     0
 42
0.000000001
 43
0.0000000001
 40
0.0
 40
0.0
 40
0.0
 40
0.0
 40
0.0080926308664377
 40
0.2568591515895748
 40
0.5047186760815345
 40
0.7522902591398452
 40
1.0
 40
1.0
 40
1.0
 40
1.0
 10
50.34132386995076
 20
64.25914578151597
 30
0.0
 10
50.34162343351997
 20
64.25876114363787
 30
0.0
 10
50.35117683651225
 20
64.24658744745257
 30
0.0
 10
50.37277004992453
 20
64.22484966025516
 30
0.0
 10
50.41081319302189
 20
64.20086533023036
 30
0.0
 10
50.45315619739284
 20
64.1852429716952
 30
0.0
 10
50.4828627058792
 20
64.18314387017956
 30
0.0
 10
50.49772010340996
 20
64.18209402665153
 30
0.0
  0
SPLINE
  5
5BC
330
1F
100
AcDbEntity
  8
1
  6
Continuous
 62
   155
370
    70
100
AcDbSpline
210
0.0
220
0.0
230
1.0
 70
     8
 71
     3
 72
    12
 73
     8
 74
     0
 42
0.000000001
 43
0.0000000001
 40
0.0
 40
0.0
 40
0.0
 40
0.0
 40
0.2471124010790623
 40
0.4940880634320018
 40
0.7413519562987666
 40
0.9895206539575784
 40
1.0
 40
1.0
 40
1.0
 40
1.0
 10
50.49772029764192
 20
71.69905907850183
 30
0.0
 10
50.48286299410274
 20
71.69800923510545
 30
0.0
 10
50.45315660825791
 20
71.69591012923964
 30
0.0
 10
50.41081392094836
 20
71.68028773729645
 30
0.0
 10
50.37277081852015
 20
71.65630336911477
 30
0.0
 10
50.35107420035578
 20
71.63446164613414
 30
0.0
 10
50.34144456693918
 20
71.6221630709205
 30
0.0
 10
50.34105681925368
 20
71.62166294881366
 30
0.0
  0
SPLINE
  5
5BD
330
1F
100
AcDbEntity
  8
1
  6
Continuous
 62
   155
370
    35
100
AcDbSpline
210
0.0
220
0.0
230
1.0
 70
     8
 71
     3
 72
    10
 73
     6
 74
     0
 42
0.000000001
 43
0.0000000001
 40
0.0
 40
0.0
 40
0.0
 40
0.0
 40
0.3258846912539483
 40
0.6647871683458321
 40
1.0
 40
1.0
 40
1.0
 40
1.0
 10
50.34105681925368
 20
71.62166294881366
 30
0.0
 10
50.33224694696582
 20
71.61029985870597
 30
0.0
 10
50.31680805988791
 20
71.58518753859889
 30
0.0
 10
50.30164323996916
 20
71.54319572381874
 30
0.0
 10
50.29966793381514
 20
71.51343876001164
 30
0.0
 10
50.29868568647456
 20
71.49864171272642
 30
0.0
  0
SPLINE
  5
5BE
330
1F
100
AcDbEntity
  8
1
  6
Continuous
 62
   155
370
    35
100
AcDbSpline
210
0.0
220
0.0
230
1.0
 70
    12
 71
     3
 72
    14
 73
    10
 74
     0
 42
0.000000001
 43
0.0000000001
 40
0.0
 40
0.0
 40
0.0
 40
0.0
 40
0.1455433632800846
 40
0.2892158155555203
 40
0.4334620838040688
 40
0.5771760842857441
 40
0.7138224804077976
 40
0.8519749926090278
 40
1.0
 40
1.0
 40
1.0
 40
1.0
 10
50.41927000842348
 20
63.92378360052659
 30
0.0
 41
1.170909258087074
 10
50.41927011305633
 20
63.93850873600836
 30
0.0
 41
1.170909258087074
 10
50.41961114762392
 20
63.96784643175461
 30
0.0
 41
1.170909258087074
 10
50.42111324139846
 20
64.00961701813229
 30
0.0
 41
1.170909258087074
 10
50.42351897850036
 20
64.04713142209548
 30
0.0
 41
1.170909258087074
 10
50.4266670034963
 20
64.07824029482434
 30
0.0
 41
1.170909258087074
 10
50.43037436737943
 20
64.10192988599435
 30
0.0
 41
1.170909258087074
 10
50.43455544532502
 20
64.11794970479667
 30
0.0
 41
1.170909258087074
 10
50.43757131312353
 20
64.1227262193292
 30
0.0
 41
1.170909258087074
 10
50.43913599507981
 20
64.12350950635202
 30
0.0
 41
1.170909258087074
  0
SPLINE
  5
5BF
330
1F
100
AcDbEntity
  8
1
  6
Continuous
 62
   155
370
    70
100
AcDbSpline
210
0.0
220
0.0
230
1.0
 70
    24
 71
     1
 72
     4
 73
     2
 74
     0
 42
0.000000001
 43
0.0000000001
 40
0.0
 40
0.0
 40
1.0
 40
1.0
 10
50.22047267414901
 20
64.05916398443318
 30
0.0
 10
50.22229032378711
 20
64.0004535121939
 30
0.0
  0
SPLINE
  5
5C0
330
1F
100
AcDbEntity
  8
1
  6
Continuous
 62
   155
370
    70
100
AcDbSpline
210
0.0
220
0.0
230
1.0
 70
     8
 71
     2
 72
     6
 73
     3
 74
     0
 42
0.000000001
 43
0.0000000001
 40
0.0
 40
0.0
 40
0.0
 40
1.0
 40
1.0
 40
1.0
 10
50.22229032378711
 20
64.0004535121939
 30
0.0
 10
50.22268675825107
 20
63.95661822531359
 30
0.0
 10
50.23330284762065
 20
63.92072265040058
 30
0.0
  0
SPLINE
  5
5C1
330
1F
100
AcDbEntity
  8
1
  6
Continuous
 62
   155
370
    35
100
AcDbSpline
210
0.0
220
0.0
230
1.0
 70
    12
 71
     3
 72
    14
 73
    10
 74
     0
 42
0.000000001
 43
0.0000000001
 40
0.0
 40
0.0
 40
0.0
 40
0.0
 40
0.1490449300268063
 40
0.2960669466816669
 40
0.4432396181124235
 40
0.5889210809224386
 40
0.7231815869184706
 40
0.8548318815433976
 40
1.0
 40
1.0
 40
1.0
 40
1.0
 10
50.43913406132079
 20
71.75764362487394
 30
0.0
 41
1.170904490947219
 10
50.43755854701859
 20
71.7584324693529
 30
0.0
 41
1.170904490947219
 10
50.43443894878013
 20
71.76339592059249
 30
0.0
 41
1.170904490947219
 10
50.43006627492758
 20
71.7805515127231
 30
0.0
 41
1.170904490947219
 10
50.42622625869316
 20
71.80633354853366
 30
0.0
 41
1.170904490947219
 10
50.4231675746685
 20
71.83860550109213
 30
0.0
 41
1.170904490947219
 10
50.42097628979448
 20
71.87490703533284
 30
0.0
 41
1.170904490947219
 10
50.41959396450795
 20
71.91459617561515
 30
0.0
 41
1.170904490947219
 10
50.41926815368176
 20
71.94268263508043
 30
0.0
 41
1.170904490947219
 10
50.4192680720235
 20
71.95736953600107
 30
0.0
 41
1.170904490947219
  0
SPLINE
  5
5C2
330
1F
100
AcDbEntity
  8
1
  6
Continuous
 62
   155
370
    70
100
AcDbSpline
210
0.0
220
0.0
230
1.0
 70
     8
 71
     3
 72
    12
 73
     8
 74
     0
 42
0.000000001
 43
0.0000000001
 40
0.0
 40
0.0
 40
0.0
 40
0.0
 40
0.1998869688581348
 40
0.3999152266436012
 40
0.5999434844290675
 40
0.7999717422145338
 40
1.0
 40
1.0
 40
1.0
 40
1.0
 10
50.2394143255686
 20
64.32324014476153
 30
0.0
 10
50.23721736244869
 20
64.32103273779484
 30
0.0
 10
50.23309244886998
 20
64.30441499523485
 30
0.0
 10
50.22744968953297
 20
64.244616890679
 30
0.0
 10
50.22304088851011
 20
64.15598182674069
 30
0.0
 10
50.22020369886938
 20
64.04511801731093
 30
0.0
 10
50.21954195989451
 20
63.96571586820096
 30
0.0
 10
50.21954368977853
 20
63.92387068773676
 30
0.0
  0
SPLINE
  5
5C3
330
1F
100
AcDbEntity
  8
1
  6
Continuous
 62
   155
370
    70
100
AcDbSpline
210
0.0
220
0.0
230
1.0
 70
     8
 71
     3
 72
    12
 73
     8
 74
     0
 42
0.000000001
 43
0.0000000001
 40
0.0
 40
0.0
 40
0.0
 40
0.0
 40
0.2000281763850236
 40
0.4000563527700471
 40
0.6000845291550708
 40
0.8001127055400943
 40
1.0
 40
1.0
 40
1.0
 40
1.0
 10
50.21954368547032
 20
71.9572819669133
 30
0.0
 10
50.21954148784425
 20
71.91543115389487
 30
0.0
 10
50.2202040406291
 20
71.83602047724648
 30
0.0
 10
50.22304142442641
 20
71.72515171830443
 30
0.0
 10
50.22745063034402
 20
71.63652172579408
 30
0.0
 10
50.23309309601669
 20
71.57673256505657
 30
0.0
 10
50.23721789744453
 20
71.5601204170552
 30
0.0
 10
50.23941431728911
 20
71.5579130818012
 30
0.0
  0
SPLINE
  5
5C4
330
1F
100
AcDbEntity
  8
1
  6
DASHED
 62
   155
370
    13
100
AcDbSpline
210
0.0
220
0.0
230
1.0
 70
     8
 71
     3
 72
    10
 73
     6
 74
     0
 42
0.000000001
 43
0.0000000001
 40
0.0
 40
0.0
 40
0.0
 40
0.0
 40
0.3333326081870279
 40
0.6666663040935139
 40
1.0
 40
1.0
 40
1.0
 40
1.0
 10
67.22514270463094
 20
72.26157717515363
 30
0.0
 10
67.25562532432704
 20
72.23148811447115
 30
0.0
 10
67.31848802827605
 20
72.1712483623447
 30
0.0
 10
67.4184878580237
 20
72.08071960914961
 30
0.0
 10
67.48895656463861
 20
72.02027491408546
 30
0.0
 10
67.52514298892947
 20
71.99003118180578
 30
0.0
  0
SPLINE
  5
5C5
330
1F
100
AcDbEntity
  8
1
  6
DASHED
 62
   155
370
    13
100
AcDbSpline
210
0.0
220
0.0
230
1.0
 70
     8
 71
     3
 72
    10
 73
     6
 74
     0
 42
0.000000001
 43
0.0000000001
 40
0.0
 40
0.0
 40
0.0
 40
0.0
 40
0.333333936361319
 40
0.666667872722638
 40
1.0
 40
1.0
 40
1.0
 40
1.0
 10
67.52514298892947
 20
63.89112220057577
 30
0.0
 10
67.48850510183941
 20
63.86050114668166
 30
0.0
 10
67.41744628920759
 20
63.79952420623489
 30
0.0
 10
67.31743802135114
 20
63.70892055185966
 30
0.0
 10
67.25518263697619
 20
63.64922829220844
 30
0.0
 10
67.22514289532288
 20
63.61957639533071
 30
0.0
  0
SPLINE
  5
5C6
330
1F
100
AcDbEntity
  8
1
  6
DASHED
 62
   155
370
    13
100
AcDbSpline
210
0.0
220
0.0
230
1.0
 70
     8
 71
     3
 72
     8
 73
     4
 74
     0
 42
0.000000001
 43
0.0000000001
 40
0.0
 40
0.0
 40
0.0
 40
0.0
 40
1.0
 40
1.0
 40
1.0
 40
1.0
 10
67.22514291581734
 20
62.57920562476379
 30
0.0
 10
67.3250132939717
 20
62.63276521894676
 30
0.0
 10
67.42502491687594
 20
62.68729299932212
 30
0.0
 10
67.5251429889301
 20
62.74255085867677
 30
0.0
  0
SPLINE
  5
5C7
330
1F
100
AcDbEntity
  8
1
  6
DASHED
 62
   155
370
    13
100
AcDbSpline
210
0.0
220
0.0
230
1.0
 70
     8
 71
     3
 72
     8
 73
     4
 74
     0
 42
0.000000001
 43
0.0000000001
 40
0.0
 40
0.0
 40
0.0
 40
0.0
 40
1.0
 40
1.0
 40
1.0
 40
1.0
 10
67.52514298892855
 20
73.13860252369832
 30
0.0
 10
67.42502491666082
 20
73.19386038317094
 30
0.0
 10
67.32501329368762
 20
73.24838816358306
 30
0.0
 10
67.22514291532073
 20
73.30194775787716
 30
0.0
  0
SPLINE
  5
5C8
330
1F
100
AcDbEntity
  8
1
  6
DASHED
 62
   155
370
    13
100
AcDbSpline
210
0.0
220
0.0
230
1.0
 70
     8
 71
     3
 72
     8
 73
     4
 74
     0
 42
0.000000001
 43
0.0000000001
 40
0.0
 40
0.0
 40
0.0
 40
0.0
 40
1.0
 40
1.0
 40
1.0
 40
1.0
 10
57.83514299337888
 20
61.6075765111003
 30
0.0
 10
57.73609554724321
 20
61.66957836121597
 30
0.0
 10
57.63600087253032
 20
61.72801577277486
 30
0.0
 10
57.535142988887
 20
61.78385544281435
 30
0.0
  0
SPLINE
  5
5C9
330
1F
100
AcDbEntity
  8
1
  6
DASHED
 62
   155
370
    13
100
AcDbSpline
210
0.0
220
0.0
230
1.0
 70
     8
 71
     3
 72
     8
 73
     4
 74
     0
 42
0.000000001
 43
0.0000000001
 40
0.0
 40
0.0
 40
0.0
 40
0.0
 40
1.0
 40
1.0
 40
1.0
 40
1.0
 10
57.53514298968538
 20
74.09729770720537
 30
0.0
 10
57.63600087806525
 20
74.15313737266507
 30
0.0
 10
57.73609556519096
 20
74.21157478493234
 30
0.0
 10
57.83514301579264
 20
74.27357663207246
 30
0.0
  0
SPLINE
  5
5CA
330
1F
100
AcDbEntity
  8
1
  6
DASHED
 62
   155
370
    13
100
AcDbSpline
210
0.0
220
0.0
230
1.0
 70
     8
 71
     2
 72
     6
 73
     3
 74
     0
 42
0.000000001
 43
0.0000000001
 40
0.0
 40
0.0
 40
0.0
 40
1.0
 40
1.0
 40
1.0
 10
65.23330297279867
 20
71.96043016434369
 30
0.0
 10
65.21829913547671
 20
71.89788187602808
 30
0.0
 10
65.22047253588357
 20
71.82199357295733
 30
0.0
  0
SPLINE
  5
5CB
330
1F
100
AcDbEntity
  8
1
  6
Continuous
 62
   155
370
    35
100
AcDbSpline
210
0.0
220
0.0
230
1.0
 70
     8
 71
     3
 72
    10
 73
     6
 74
     0
 42
0.000000001
 43
0.0000000001
 40
0.0
 40
0.0
 40
0.0
 40
0.0
 40
0.3341114501980788
 40
0.6719024452028882
 40
1.0
 40
1.0
 40
1.0
 40
1.0
 10
65.29868586581784
 20
64.38251138442028
 30
0.0
 10
65.29966810074414
 20
64.36771437540526
 30
0.0
 10
65.30164338787766
 20
64.33795739900413
 30
0.0
 10
65.31685786613835
 20
64.2958271989689
 30
0.0
 10
65.33239970608855
 20
64.27060435593737
 30
0.0
 10
65.34132386995077
 20
64.25914578151597
 30
0.0
  0
SPLINE
  5
5CC
330
1F
100
AcDbEntity
  8
1
  6
Continuous
 62
   155
370
    70
100
AcDbSpline
210
0.0
220
0.0
230
1.0
 70
     8
 71
     3
 72
    12
 73
     8
 74
     0
 42
0.000000001
 43
0.0000000001
 40
0.0
 40
0.0
 40
0.0
 40
0.0
 40
0.0080926308664637
 40
0.2568591515895943
 40
0.5047186760815475
 40
0.7522902591398516
 40
1.0
 40
1.0
 40
1.0
 40
1.0
 10
65.34132386995077
 20
64.25914578151597
 30
0.0
 10
65.34162343351998
 20
64.25876114363787
 30
0.0
 10
65.35117683651227
 20
64.24658744745257
 30
0.0
 10
65.37277004992454
 20
64.22484966025516
 30
0.0
 10
65.41081319302191
 20
64.20086533023036
 30
0.0
 10
65.45315619739284
 20
64.1852429716952
 30
0.0
 10
65.48286270587921
 20
64.18314387017956
 30
0.0
 10
65.49772010340997
 20
64.18209402665153
 30
0.0
  0
SPLINE
  5
5CD
330
1F
100
AcDbEntity
  8
1
  6
Continuous
 62
   155
370
    70
100
AcDbSpline
210
0.0
220
0.0
230
1.0
 70
     8
 71
     3
 72
    12
 73
     8
 74
     0
 42
0.000000001
 43
0.0000000001
 40
0.0
 40
0.0
 40
0.0
 40
0.0
 40
0.2471124010790595
 40
0.4940880634319962
 40
0.7413519562987582
 40
0.9895206539575672
 40
1.0
 40
1.0
 40
1.0
 40
1.0
 10
65.49772029764193
 20
71.69905907850183
 30
0.0
 10
65.48286299410276
 20
71.69800923510545
 30
0.0
 10
65.45315660825793
 20
71.69591012923964
 30
0.0
 10
65.41081392094837
 20
71.68028773729645
 30
0.0
 10
65.37277081852017
 20
71.65630336911477
 30
0.0
 10
65.3510742003558
 20
71.63446164613414
 30
0.0
 10
65.34144456693922
 20
71.6221630709205
 30
0.0
 10
65.34105681925371
 20
71.62166294881366
 30
0.0
  0
SPLINE
  5
5CE
330
1F
100
AcDbEntity
  8
1
  6
Continuous
 62
   155
370
    35
100
AcDbSpline
210
0.0
220
0.0
230
1.0
 70
     8
 71
     3
 72
    10
 73
     6
 74
     0
 42
0.000000001
 43
0.0000000001
 40
0.0
 40
0.0
 40
0.0
 40
0.0
 40
0.3258846912539379
 40
0.6647871683458269
 40
1.0
 40
1.0
 40
1.0
 40
1.0
 10
65.34105681925371
 20
71.62166294881366
 30
0.0
 10
65.33224694696584
 20
71.61029985870597
 30
0.0
 10
65.31680805988793
 20
71.58518753859889
 30
0.0
 10
65.30164323996917
 20
71.54319572381874
 30
0.0
 10
65.29966793381516
 20
71.51343876001164
 30
0.0
 10
65.29868568647458
 20
71.49864171272642
 30
0.0
  0
SPLINE
  5
5CF
330
1F
100
AcDbEntity
  8
1
  6
Continuous
 62
   155
370
    35
100
AcDbSpline
210
0.0
220
0.0
230
1.0
 70
    12
 71
     3
 72
    14
 73
    10
 74
     0
 42
0.000000001
 43
0.0000000001
 40
0.0
 40
0.0
 40
0.0
 40
0.0
 40
0.1455433632800846
 40
0.2892158155555203
 40
0.4334620838040688
 40
0.5771760842857441
 40
0.7138224804077976
 40
0.8519749926090278
 40
1.0
 40
1.0
 40
1.0
 40
1.0
 10
65.4192700084235
 20
63.92378360052659
 30
0.0
 41
1.170909258087074
 10
65.41927011305634
 20
63.93850873600836
 30
0.0
 41
1.170909258087074
 10
65.41961114762393
 20
63.96784643175461
 30
0.0
 41
1.170909258087074
 10
65.42111324139847
 20
64.00961701813229
 30
0.0
 41
1.170909258087074
 10
65.42351897850037
 20
64.04713142209548
 30
0.0
 41
1.170909258087074
 10
65.4266670034963
 20
64.07824029482434
 30
0.0
 41
1.170909258087074
 10
65.43037436737944
 20
64.10192988599435
 30
0.0
 41
1.170909258087074
 10
65.43455544532503
 20
64.11794970479667
 30
0.0
 41
1.170909258087074
 10
65.43757131312354
 20
64.1227262193292
 30
0.0
 41
1.170909258087074
 10
65.43913599507982
 20
64.12350950635202
 30
0.0
 41
1.170909258087074
  0
SPLINE
  5
5D0
330
1F
100
AcDbEntity
  8
1
  6
Continuous
 62
   155
370
    70
100
AcDbSpline
210
0.0
220
0.0
230
1.0
 70
    24
 71
     1
 72
     4
 73
     2
 74
     0
 42
0.000000001
 43
0.0000000001
 40
0.0
 40
0.0
 40
1.0
 40
1.0
 10
65.22047267414902
 20
64.05916398443318
 30
0.0
 10
65.22229032378712
 20
64.0004535121939
 30
0.0
  0
SPLINE
  5
5D1
330
1F
100
AcDbEntity
  8
1
  6
Continuous
 62
   155
370
    70
100
AcDbSpline
210
0.0
220
0.0
230
1.0
 70
     8
 71
     2
 72
     6
 73
     3
 74
     0
 42
0.000000001
 43
0.0000000001
 40
0.0
 40
0.0
 40
0.0
 40
1.0
 40
1.0
 40
1.0
 10
65.22229032378712
 20
64.0004535121939
 30
0.0
 10
65.22268675825109
 20
63.95661822531359
 30
0.0
 10
65.23330284762066
 20
63.92072265040058
 30
0.0
  0
SPLINE
  5
5D2
330
1F
100
AcDbEntity
  8
1
  6
Continuous
 62
   155
370
    35
100
AcDbSpline
210
0.0
220
0.0
230
1.0
 70
    12
 71
     3
 72
    14
 73
    10
 74
     0
 42
0.000000001
 43
0.0000000001
 40
0.0
 40
0.0
 40
0.0
 40
0.0
 40
0.1490449300268063
 40
0.2960669466816669
 40
0.4432396181124235
 40
0.5889210809224386
 40
0.7231815869184706
 40
0.8548318815433976
 40
1.0
 40
1.0
 40
1.0
 40
1.0
 10
65.4391340613208
 20
71.75764362487394
 30
0.0
 41
1.170904490947219
 10
65.4375585470186
 20
71.7584324693529
 30
0.0
 41
1.170904490947219
 10
65.43443894878013
 20
71.76339592059249
 30
0.0
 41
1.170904490947219
 10
65.43006627492758
 20
71.7805515127231
 30
0.0
 41
1.170904490947219
 10
65.42622625869316
 20
71.80633354853366
 30
0.0
 41
1.170904490947219
 10
65.42316757466851
 20
71.83860550109213
 30
0.0
 41
1.170904490947219
 10
65.42097628979448
 20
71.87490703533284
 30
0.0
 41
1.170904490947219
 10
65.41959396450795
 20
71.91459617561515
 30
0.0
 41
1.170904490947219
 10
65.41926815368177
 20
71.94268263508043
 30
0.0
 41
1.170904490947219
 10
65.41926807202351
 20
71.95736953600107
 30
0.0
 41
1.170904490947219
  0
SPLINE
  5
5D3
330
1F
100
AcDbEntity
  8
1
  6
Continuous
 62
   155
370
    70
100
AcDbSpline
210
0.0
220
0.0
230
1.0
 70
     8
 71
     3
 72
    12
 73
     8
 74
     0
 42
0.000000001
 43
0.0000000001
 40
0.0
 40
0.0
 40
0.0
 40
0.0
 40
0.1998869688581348
 40
0.3999152266436012
 40
0.5999434844290675
 40
0.7999717422145338
 40
1.0
 40
1.0
 40
1.0
 40
1.0
 10
65.23941432556862
 20
64.32324014476153
 30
0.0
 10
65.2372173624487
 20
64.32103273779484
 30
0.0
 10
65.23309244887
 20
64.30441499523485
 30
0.0
 10
65.22744968953299
 20
64.244616890679
 30
0.0
 10
65.22304088851013
 20
64.15598182674069
 30
0.0
 10
65.2202036988694
 20
64.04511801731093
 30
0.0
 10
65.21954195989451
 20
63.96571586820096
 30
0.0
 10
65.21954368977855
 20
63.92387068773676
 30
0.0
  0
SPLINE
  5
5D4
330
1F
100
AcDbEntity
  8
1
  6
Continuous
 62
   155
370
    70
100
AcDbSpline
210
0.0
220
0.0
230
1.0
 70
     8
 71
     3
 72
    12
 73
     8
 74
     0
 42
0.000000001
 43
0.0000000001
 40
0.0
 40
0.0
 40
0.0
 40
0.0
 40
0.2000281763850236
 40
0.4000563527700471
 40
0.6000845291550708
 40
0.8001127055400943
 40
1.0
 40
1.0
 40
1.0
 40
1.0
 10
65.21954368547034
 20
71.9572819669133
 30
0.0
 10
65.21954148784425
 20
71.91543115389487
 30
0.0
 10
65.22020404062911
 20
71.83602047724648
 30
0.0
 10
65.22304142442641
 20
71.72515171830443
 30
0.0
 10
65.22745063034404
 20
71.63652172579408
 30
0.0
 10
65.2330930960167
 20
71.57673256505657
 30
0.0
 10
65.23721789744454
 20
71.5601204170552
 30
0.0
 10
65.23941431728912
 20
71.5579130818012
 30
0.0
  0
SPLINE
  5
5D5
330
1F
100
AcDbEntity
  8
1
  6
DASHED
 62
   155
370
    13
100
AcDbSpline
210
0.0
220
0.0
230
1.0
 70
     8
 71
     3
 72
    10
 73
     6
 74
     0
 42
0.000000001
 43
0.0000000001
 40
0.0
 40
0.0
 40
0.0
 40
0.0
 40
0.3333326081870279
 40
0.6666663040935139
 40
1.0
 40
1.0
 40
1.0
 40
1.0
 10
37.22514270463093
 20
72.26157717515363
 30
0.0
 10
37.25562532432703
 20
72.23148811447115
 30
0.0
 10
37.31848802827605
 20
72.1712483623447
 30
0.0
 10
37.41848785802368
 20
72.08071960914961
 30
0.0
 10
37.4889565646386
 20
72.02027491408546
 30
0.0
 10
37.52514298892947
 20
71.99003118180578
 30
0.0
  0
SPLINE
  5
5D6
330
1F
100
AcDbEntity
  8
1
  6
DASHED
 62
   155
370
    13
100
AcDbSpline
210
0.0
220
0.0
230
1.0
 70
     8
 71
     3
 72
    10
 73
     6
 74
     0
 42
0.000000001
 43
0.0000000001
 40
0.0
 40
0.0
 40
0.0
 40
0.0
 40
0.333333936361319
 40
0.666667872722638
 40
1.0
 40
1.0
 40
1.0
 40
1.0
 10
37.52514298892947
 20
63.89112220057577
 30
0.0
 10
37.4885051018394
 20
63.86050114668166
 30
0.0
 10
37.41744628920758
 20
63.79952420623489
 30
0.0
 10
37.31743802135113
 20
63.70892055185966
 30
0.0
 10
37.25518263697618
 20
63.64922829220844
 30
0.0
 10
37.22514289532287
 20
63.61957639533071
 30
0.0
  0
SPLINE
  5
5D7
330
1F
100
AcDbEntity
  8
1
  6
DASHED
 62
   155
370
    13
100
AcDbSpline
210
0.0
220
0.0
230
1.0
 70
     8
 71
     3
 72
     8
 73
     4
 74
     0
 42
0.000000001
 43
0.0000000001
 40
0.0
 40
0.0
 40
0.0
 40
0.0
 40
1.0
 40
1.0
 40
1.0
 40
1.0
 10
37.22514291581734
 20
62.57920562476379
 30
0.0
 10
37.32501329397169
 20
62.63276521894676
 30
0.0
 10
37.42502491687593
 20
62.68729299932212
 30
0.0
 10
37.52514298893009
 20
62.74255085867677
 30
0.0
  0
SPLINE
  5
5D8
330
1F
100
AcDbEntity
  8
1
  6
DASHED
 62
   155
370
    13
100
AcDbSpline
210
0.0
220
0.0
230
1.0
 70
     8
 71
     3
 72
     8
 73
     4
 74
     0
 42
0.000000001
 43
0.0000000001
 40
0.0
 40
0.0
 40
0.0
 40
0.0
 40
1.0
 40
1.0
 40
1.0
 40
1.0
 10
37.52514298892854
 20
73.13860252369832
 30
0.0
 10
37.42502491666081
 20
73.19386038317094
 30
0.0
 10
37.3250132936876
 20
73.24838816358306
 30
0.0
 10
37.22514291532072
 20
73.30194775787716
 30
0.0
  0
INSERT
  5
5D9
330
1F
100
AcDbEntity
  8
1
  6
CENTER
 62
    18
370
    35
100
AcDbBlockReference
  2
CENTERLINE1
 10
0.0
 20
0.0
 30
0.0
 41
0.5
 42
0.5
 43
0.5
  0
INSERT
  5
5E3
330
1F
100
AcDbEntity
  8
1
  6
CENTER
 62
    18
370
    35
100
AcDbBlockReference
  2
CENTERLINE2
 10
0.0
 20
0.0
 30
0.0
 41
0.5
 42
0.5
 43
0.5
  0
INSERT
  5
5ED
330
1F
100
AcDbEntity
  8
1
  6
CENTER
 62
    18
370
    35
100
AcDbBlockReference
  2
CENTERLINE3
 10
0.0
 20
0.0
 30
0.0
 41
0.5
 42
0.5
 43
0.5
  0
INSERT
  5
5F7
330
1F
100
AcDbEntity
  8
1
  6
CENTER
 62
    18
370
    35
100
AcDbBlockReference
  2
CENTERLINE4
 10
0.0
 20
0.0
 30
0.0
 41
0.5
 42
0.5
 43
0.5
  0
INSERT
  5
601
330
1F
100
AcDbEntity
  8
1
  6
CENTER
 62
    18
370
    35
100
AcDbBlockReference
  2
CENTERLINE5
 10
0.0
 20
0.0
 30
0.0
 41
0.5
 42
0.5
 43
0.5
  0
INSERT
  5
60B
330
1F
100
AcDbEntity
  8
1
  6
CENTER
 62
    18
370
    35
100
AcDbBlockReference
  2
CENTERLINE6
 10
0.0
 20
0.0
 30
0.0
 41
0.5
 42
0.5
 43
0.5
  0
INSERT
  5
615
330
1F
100
AcDbEntity
  8
1
  6
CENTER
 62
    18
370
    35
100
AcDbBlockReference
  2
CENTERLINE7
 10
0.0
 20
0.0
 30
0.0
 41
0.5
 42
0.5
 43
0.5
  0
INSERT
  5
61F
330
1F
100
AcDbEntity
  8
1
  6
CENTER
 62
    18
370
    35
100
AcDbBlockReference
  2
CENTERLINE8
 10
0.0
 20
0.0
 30
0.0
 41
0.5
 42
0.5
 43
0.5
  0
INSERT
  5
629
330
1F
100
AcDbEntity
  8
1
  6
CENTER
 62
    18
370
    35
100
AcDbBlockReference
  2
CENTERLINE9
 10
0.0
 20
0.0
 30
0.0
 41
0.5
 42
0.5
 43
0.5
  0
INSERT
  5
633
330
1F
100
AcDbEntity
  8
1
  6
CENTER
 62
    18
370
    35
100
AcDbBlockReference
  2
CENTERLINE10
 10
0.0
 20
0.0
 30
0.0
 41
0.5
 42
0.5
 43
0.5
  0
INSERT
  5
63D
330
1F
100
AcDbEntity
  8
1
  6
CENTER
 62
    18
370
    35
100
AcDbBlockReference
  2
CENTERLINE11
 10
0.0
 20
0.0
 30
0.0
 41
0.5
 42
0.5
 43
0.5
  0
INSERT
  5
647
330
1F
100
AcDbEntity
  8
1
  6
CENTER
 62
    18
370
    35
100
AcDbBlockReference
  2
CENTERLINE12
 10
0.0
 20
0.0
 30
0.0
 41
0.5
 42
0.5
 43
0.5
  0
INSERT
  5
651
330
1F
100
AcDbEntity
  8
1
  6
CENTER
 62
    18
370
    35
100
AcDbBlockReference
  2
CENTERLINE13
 10
0.0
 20
0.0
 30
0.0
 41
0.5
 42
0.5
 43
0.5
  0
INSERT
  5
65B
330
1F
100
AcDbEntity
  8
1
  6
CENTER
 62
    18
370
    35
100
AcDbBlockReference
  2
CENTERLINE14
 10
0.0
 20
0.0
 30
0.0
 41
0.5
 42
0.5
 43
0.5
  0
INSERT
  5
665
330
1F
100
AcDbEntity
  8
1
  6
CENTER
 62
    18
370
    35
100
AcDbBlockReference
  2
CENTERLINE15
 10
0.0
 20
0.0
 30
0.0
 41
0.5
 42
0.5
 43
0.5
  0
INSERT
  5
66F
330
1F
100
AcDbEntity
  8
1
  6
CENTER
 62
    18
370
    35
100
AcDbBlockReference
  2
CENTERLINE16
 10
0.0
 20
0.0
 30
0.0
 41
0.5
 42
0.5
 43
0.5
  0
MTEXT
  5
679
330
1F
100
AcDbEntity
  8
220
  6
Continuous
 62
    18
370
    13
100
AcDbMText
 10
14.500424
 20
145.932101
 30
0.0
 40
1.75
 41
0.0
 71
     7
 72
     5
  1
\fArial Unicode MS|b0|i0;\W1.0000;1
  7
Arial Unicode MS
 73
     2
 44
1.047437
  0
MTEXT
  5
67A
330
1F
100
AcDbEntity
  8
220
  6
Continuous
 62
    18
370
    13
100
AcDbMText
 10
0.614936
 20
135.060682
 30
0.0
 40
1.75
 41
0.0
 71
     7
 72
     5
  1
\fArial Unicode MS|b0|i0;\W1.0000;A
  7
Arial Unicode MS
 73
     2
 44
1.047437
  0
MTEXT
  5
67B
330
1F
100
AcDbEntity
  8
220
  6
Continuous
 62
    18
370
    13
100
AcDbMText
 10
14.500424
 20
-0.067899
 30
0.0
 40
1.75
 41
0.0
 71
     7
 72
     5
  1
\fArial Unicode MS|b0|i0;\W1.0000;1
  7
Arial Unicode MS
 73
     2
 44
1.047437
  0
MTEXT
  5
67C
330
1F
100
AcDbEntity
  8
220
  6
Continuous
 62
    18
370
    13
100
AcDbMText
 10
208.114936
 20
135.060682
 30
0.0
 40
1.75
 41
0.0
 71
     7
 72
     5
  1
\fArial Unicode MS|b0|i0;\W1.0000;A
  7
Arial Unicode MS
 73
     2
 44
1.047437
  0
MTEXT
  5
67D
330
1F
100
AcDbEntity
  8
220
  6
Continuous
 62
    18
370
    13
100
AcDbMText
 10
42.000424
 20
145.932101
 30
0.0
 40
1.75
 41
0.0
 71
     7
 72
     5
  1
\fArial Unicode MS|b0|i0;\W1.0000;2
  7
Arial Unicode MS
 73
     2
 44
1.047437
  0
MTEXT
  5
67E
330
1F
100
AcDbEntity
  8
220
  6
Continuous
 62
    18
370
    13
100
AcDbMText
 10
0.614936
 20
110.435682
 30
0.0
 40
1.75
 41
0.0
 71
     7
 72
     5
  1
\fArial Unicode MS|b0|i0;\W1.0000;B
  7
Arial Unicode MS
 73
     2
 44
1.047437
  0
MTEXT
  5
67F
330
1F
100
AcDbEntity
  8
220
  6
Continuous
 62
    18
370
    13
100
AcDbMText
 10
42.000424
 20
-0.067899
 30
0.0
 40
1.75
 41
0.0
 71
     7
 72
     5
  1
\fArial Unicode MS|b0|i0;\W1.0000;2
  7
Arial Unicode MS
 73
     2
 44
1.047437
  0
MTEXT
  5
680
330
1F
100
AcDbEntity
  8
220
  6
Continuous
 62
    18
370
    13
100
AcDbMText
 10
208.114936
 20
110.435682
 30
0.0
 40
1.75
 41
0.0
 71
     7
 72
     5
  1
\fArial Unicode MS|b0|i0;\W1.0000;B
  7
Arial Unicode MS
 73
     2
 44
1.047437
  0
MTEXT
  5
681
330
1F
100
AcDbEntity
  8
220
  6
Continuous
 62
    18
370
    13
100
AcDbMText
 10
67.000424
 20
145.932101
 30
0.0
 40
1.75
 41
0.0
 71
     7
 72
     5
  1
\fArial Unicode MS|b0|i0;\W1.0000;3
  7
Arial Unicode MS
 73
     2
 44
1.047437
  0
MTEXT
  5
682
330
1F
100
AcDbEntity
  8
220
  6
Continuous
 62
    18
370
    13
100
AcDbMText
 10
0.547491
 20
85.420761
 30
0.0
 40
1.75
 41
0.0
 71
     7
 72
     5
  1
\fArial Unicode MS|b0|i0;\W1.0000;C
  7
Arial Unicode MS
 73
     2
 44
1.047437
  0
MTEXT
  5
683
330
1F
100
AcDbEntity
  8
220
  6
Continuous
 62
    18
370
    13
100
AcDbMText
 10
67.000424
 20
-0.067899
 30
0.0
 40
1.75
 41
0.0
 71
     7
 72
     5
  1
\fArial Unicode MS|b0|i0;\W1.0000;3
  7
Arial Unicode MS
 73
     2
 44
1.047437
  0
MTEXT
  5
684
330
1F
100
AcDbEntity
  8
220
  6
Continuous
 62
    18
370
    13
100
AcDbMText
 10
208.047491
 20
85.420761
 30
0.0
 40
1.75
 41
0.0
 71
     7
 72
     5
  1
\fArial Unicode MS|b0|i0;\W1.0000;C
  7
Arial Unicode MS
 73
     2
 44
1.047437
  0
MTEXT
  5
685
330
1F
100
AcDbEntity
  8
220
  6
Continuous
 62
    18
370
    13
100
AcDbMText
 10
92.000424
 20
145.935682
 30
0.0
 40
1.75
 41
0.0
 71
     7
 72
     5
  1
\fArial Unicode MS|b0|i0;\W1.0000;4
  7
Arial Unicode MS
 73
     2
 44
1.047437
  0
MTEXT
  5
686
330
1F
100
AcDbEntity
  8
220
  6
Continuous
 62
    18
370
    13
100
AcDbMText
 10
0.547491
 20
60.435682
 30
0.0
 40
1.75
 41
0.0
 71
     7
 72
     5
  1
\fArial Unicode MS|b0|i0;\W1.0000;D
  7
Arial Unicode MS
 73
     2
 44
1.047437
  0
MTEXT
  5
687
330
1F
100
AcDbEntity
  8
220
  6
Continuous
 62
    18
370
    13
100
AcDbMText
 10
92.000424
 20
-0.064318
 30
0.0
 40
1.75
 41
0.0
 71
     7
 72
     5
  1
\fArial Unicode MS|b0|i0;\W1.0000;4
  7
Arial Unicode MS
 73
     2
 44
1.047437
  0
MTEXT
  5
688
330
1F
100
AcDbEntity
  8
220
  6
Continuous
 62
    18
370
    13
100
AcDbMText
 10
208.047491
 20
60.435682
 30
0.0
 40
1.75
 41
0.0
 71
     7
 72
     5
  1
\fArial Unicode MS|b0|i0;\W1.0000;D
  7
Arial Unicode MS
 73
     2
 44
1.047437
  0
MTEXT
  5
689
330
1F
100
AcDbEntity
  8
220
  6
Continuous
 62
    18
370
    13
100
AcDbMText
 10
117.000424
 20
145.935682
 30
0.0
 40
1.75
 41
0.0
 71
     7
 72
     5
  1
\fArial Unicode MS|b0|i0;\W1.0000;5
  7
Arial Unicode MS
 73
     2
 44
1.047437
  0
MTEXT
  5
68A
330
1F
100
AcDbEntity
  8
220
  6
Continuous
 62
    18
370
    13
100
AcDbMText
 10
0.614936
 20
35.435682
 30
0.0
 40
1.75
 41
0.0
 71
     7
 72
     5
  1
\fArial Unicode MS|b0|i0;\W1.0000;E
  7
Arial Unicode MS
 73
     2
 44
1.047437
  0
MTEXT
  5
68B
330
1F
100
AcDbEntity
  8
220
  6
Continuous
 62
    18
370
    13
100
AcDbMText
 10
117.000424
 20
-0.064318
 30
0.0
 40
1.75
 41
0.0
 71
     7
 72
     5
  1
\fArial Unicode MS|b0|i0;\W1.0000;5
  7
Arial Unicode MS
 73
     2
 44
1.047437
  0
MTEXT
  5
68C
330
1F
100
AcDbEntity
  8
220
  6
Continuous
 62
    18
370
    13
100
AcDbMText
 10
208.114936
 20
35.435682
 30
0.0
 40
1.75
 41
0.0
 71
     7
 72
     5
  1
\fArial Unicode MS|b0|i0;\W1.0000;E
  7
Arial Unicode MS
 73
     2
 44
1.047437
  0
MTEXT
  5
68D
330
1F
100
AcDbEntity
  8
220
  6
Continuous
 62
    18
370
    13
100
AcDbMText
 10
142.000424
 20
145.932101
 30
0.0
 40
1.75
 41
0.0
 71
     7
 72
     5
  1
\fArial Unicode MS|b0|i0;\W1.0000;6
  7
Arial Unicode MS
 73
     2
 44
1.047437
  0
MTEXT
  5
68E
330
1F
100
AcDbEntity
  8
220
  6
Continuous
 62
    18
370
    13
100
AcDbMText
 10
0.683575
 20
10.810682
 30
0.0
 40
1.75
 41
0.0
 71
     7
 72
     5
  1
\fArial Unicode MS|b0|i0;\W1.0000;F
  7
Arial Unicode MS
 73
     2
 44
1.047437
  0
MTEXT
  5
68F
330
1F
100
AcDbEntity
  8
220
  6
Continuous
 62
    18
370
    13
100
AcDbMText
 10
142.000424
 20
-0.067899
 30
0.0
 40
1.75
 41
0.0
 71
     7
 72
     5
  1
\fArial Unicode MS|b0|i0;\W1.0000;6
  7
Arial Unicode MS
 73
     2
 44
1.047437
  0
MTEXT
  5
690
330
1F
100
AcDbEntity
  8
220
  6
Continuous
 62
    18
370
    13
100
AcDbMText
 10
208.183575
 20
10.810682
 30
0.0
 40
1.75
 41
0.0
 71
     7
 72
     5
  1
\fArial Unicode MS|b0|i0;\W1.0000;F
  7
Arial Unicode MS
 73
     2
 44
1.047437
  0
MTEXT
  5
691
330
1F
100
AcDbEntity
  8
220
  6
Continuous
 62
    18
370
    13
100
AcDbMText
 10
167.000424
 20
145.935682
 30
0.0
 40
1.75
 41
0.0
 71
     7
 72
     5
  1
\fArial Unicode MS|b0|i0;\W1.0000;7
  7
Arial Unicode MS
 73
     2
 44
1.047437
  0
MTEXT
  5
692
330
1F
100
AcDbEntity
  8
220
  6
Continuous
 62
    18
370
    13
100
AcDbMText
 10
167.000424
 20
-0.064318
 30
0.0
 40
1.75
 41
0.0
 71
     7
 72
     5
  1
\fArial Unicode MS|b0|i0;\W1.0000;7
  7
Arial Unicode MS
 73
     2
 44
1.047437
  0
MTEXT
  5
693
330
1F
100
AcDbEntity
  8
220
  6
Continuous
 62
    18
370
    13
100
AcDbMText
 10
194.500424
 20
145.932101
 30
0.0
 40
1.75
 41
0.0
 71
     7
 72
     5
  1
\fArial Unicode MS|b0|i0;\W1.0000;8
  7
Arial Unicode MS
 73
     2
 44
1.047437
  0
MTEXT
  5
694
330
1F
100
AcDbEntity
  8
220
  6
Continuous
 62
    18
370
    13
100
AcDbMText
 10
194.500424
 20
-0.067899
 30
0.0
 40
1.75
 41
0.0
 71
     7
 72
     5
  1
\fArial Unicode MS|b0|i0;\W1.0000;8
  7
Arial Unicode MS
 73
     2
 44
1.047437
  0
LINE
  5
695
330
1F
100
AcDbEntity
  8
1
 62
    18
370
    35
100
AcDbLine
 10
21.804598
 20
77.3142
 30
0.0
 11
21.804598
 21
77.3142
 31
0.0
  0
LEADER
  5
696
102
{ACAD_REACTORS
330
698
102
}
102
{ACAD_XDICTIONARY
360
697
102
}
330
1F
100
AcDbEntity
  8
1
  6
Continuous
 62
    18
370
    35
100
AcDbLeader
  3
Standard
 73
     2
 76
     3
 10
33.276343
 20
72.540577
 30
0.0
 10
25.054598
 20
77.3142
 30
0.0
 10
22.554598
 20
77.3142
 30
0.0
340
699
1001
ACAD
1000
DSTYLE
1002
{
1070
    40
1040
0.5
1070
   341
1005
0
1070
    41
1040
3.5
1002
}
  0
INSERT
  5
699
102
{ACAD_REACTORS
330
696
102
}
330
1F
100
AcDbEntity
  8
1
  6
Continuous
 62
    18
370
    13
100
AcDbBlockReference
  2
LABLE3D_1
 10
22.554598
 20
77.3142
 30
0.0
 41
0.5
 42
0.5
 43
0.5
  0
LINE
  5
69E
330
1F
100
AcDbEntity
  8
1
 62
    18
370
    35
100
AcDbLine
 10
21.191105
 20
64.982988
 30
0.0
 11
21.191105
 21
64.982988
 31
0.0
  0
LEADER
  5
69F
102
{ACAD_REACTORS
330
6A1
102
}
102
{ACAD_XDICTIONARY
360
6A0
102
}
330
1F
100
AcDbEntity
  8
1
  6
Continuous
 62
    18
370
    35
100
AcDbLeader
  3
Standard
 73
     2
 76
     3
 10
29.554143
 20
63.340577
 30
0.0
 10
24.441105
 20
64.982988
 30
0.0
 10
21.941105
 20
64.982988
 30
0.0
340
6A2
1001
ACAD
1000
DSTYLE
1002
{
1070
    40
1040
0.5
1070
   341
1005
0
1070
    41
1040
3.5
1002
}
  0
INSERT
  5
6A2
102
{ACAD_REACTORS
330
69F
102
}
330
1F
100
AcDbEntity
  8
1
  6
Continuous
 62
    18
370
    13
100
AcDbBlockReference
  2
LABLE3D_2
 10
21.941105
 20
64.982988
 30
0.0
 41
0.5
 42
0.5
 43
0.5
  0
LINE
  5
6A7
330
1F
100
AcDbEntity
  8
1
 62
    18
370
    35
100
AcDbLine
 10
21.313804
 20
72.222207
 30
0.0
 11
21.313804
 21
72.222207
 31
0.0
  0
LEADER
  5
6A8
102
{ACAD_REACTORS
330
6AA
102
}
102
{ACAD_XDICTIONARY
360
6A9
102
}
330
1F
100
AcDbEntity
  8
1
  6
Continuous
 62
    18
370
    35
100
AcDbLeader
  3
Standard
 73
     2
 76
     3
 10
29.554143
 20
70.656777
 30
0.0
 10
24.563804
 20
72.222207
 30
0.0
 10
22.063804
 20
72.222207
 30
0.0
340
6AB
1001
ACAD
1000
DSTYLE
1002
{
1070
    40
1040
0.5
1070
   341
1005
0
1070
    41
1040
3.5
1002
}
  0
INSERT
  5
6AB
102
{ACAD_REACTORS
330
6A8
102
}
330
1F
100
AcDbEntity
  8
1
  6
Continuous
 62
    18
370
    13
100
AcDbBlockReference
  2
LABLE3D_3
 10
22.063804
 20
72.222207
 30
0.0
 41
0.5
 42
0.5
 43
0.5
  0
LINE
  5
6B0
330
1F
100
AcDbEntity
  8
1
 62
    18
370
    35
100
AcDbLine
 10
21.129756
 20
68.3572
 30
0.0
 11
21.129756
 21
68.3572
 31
0.0
  0
LEADER
  5
6B1
102
{ACAD_REACTORS
330
6B3
102
}
102
{ACAD_XDICTIONARY
360
6B2
102
}
330
1F
100
AcDbEntity
  8
1
  6
Continuous
 62
    18
370
    35
100
AcDbLeader
  3
Standard
 73
     2
 76
     3
 10
33.276343
 20
65.224377
 30
0.0
 10
24.379756
 20
68.3572
 30
0.0
 10
21.879756
 20
68.3572
 30
0.0
340
6B4
1001
ACAD
1000
DSTYLE
1002
{
1070
    40
1040
0.5
1070
   341
1005
0
1070
    41
1040
3.5
1002
}
  0
INSERT
  5
6B4
102
{ACAD_REACTORS
330
6B1
102
}
330
1F
100
AcDbEntity
  8
1
  6
Continuous
 62
    18
370
    13
100
AcDbBlockReference
  2
LABLE3D_4
 10
21.879756
 20
68.3572
 30
0.0
 41
0.5
 42
0.5
 43
0.5
  0
LINE
  5
6B9
330
1F
100
AcDbEntity
  8
1
 62
    18
370
    35
100
AcDbLine
 10
39.841843
 20
52.246295
 30
0.0
 11
39.841843
 21
52.246295
 31
0.0
  0
LEADER
  5
6BA
102
{ACAD_REACTORS
330
6BC
102
}
102
{ACAD_XDICTIONARY
360
6BB
102
}
330
1F
100
AcDbEntity
  8
1
  6
Continuous
 62
    18
370
    35
100
AcDbLeader
  3
Standard
 73
     2
 76
     3
 10
47.530143
 20
57.440577
 30
0.0
 10
43.091843
 20
52.246295
 30
0.0
 10
40.591843
 20
52.246295
 30
0.0
340
6BD
1001
ACAD
1000
DSTYLE
1002
{
1070
    40
1040
0.5
1070
   341
1005
0
1070
    41
1040
3.5
1002
}
  0
INSERT
  5
6BD
102
{ACAD_REACTORS
330
6BA
102
}
330
1F
100
AcDbEntity
  8
1
  6
Continuous
 62
    18
370
    13
100
AcDbBlockReference
  2
LABLE3D_5
 10
40.591843
 20
52.246295
 30
0.0
 41
0.5
 42
0.5
 43
0.5
  0
LINE
  5
6C2
330
1F
100
AcDbEntity
  8
1
 62
    18
370
    35
100
AcDbLine
 10
29.889287
 20
88.505657
 30
0.0
 11
29.889287
 21
88.505657
 31
0.0
  0
LEADER
  5
6C3
102
{ACAD_REACTORS
330
6C5
102
}
102
{ACAD_XDICTIONARY
360
6C4
102
}
330
1F
100
AcDbEntity
  8
1
  6
Continuous
 62
    18
370
    35
100
AcDbLeader
  3
Standard
 73
     2
 76
     3
 10
32.530143
 20
78.440577
 30
0.0
 10
33.139287
 20
88.505657
 30
0.0
 10
30.639287
 20
88.505657
 30
0.0
340
6C6
1001
ACAD
1000
DSTYLE
1002
{
1070
    40
1040
0.5
1070
   341
1005
0
1070
    41
1040
3.5
1002
}
  0
INSERT
  5
6C6
102
{ACAD_REACTORS
330
6C3
102
}
330
1F
100
AcDbEntity
  8
1
  6
Continuous
 62
    18
370
    13
100
AcDbBlockReference
  2
LABLE3D_6
 10
30.639287
 20
88.505657
 30
0.0
 41
0.5
 42
0.5
 43
0.5
  0
LINE
  5
6CB
330
1F
100
AcDbEntity
  8
1
 62
    18
370
    35
100
AcDbLine
 10
22.362493
 20
54.332172
 30
0.0
 11
22.362493
 21
54.332172
 31
0.0
  0
LEADER
  5
6CC
102
{ACAD_REACTORS
330
6CE
102
}
102
{ACAD_XDICTIONARY
360
6CD
102
}
330
1F
100
AcDbEntity
  8
1
  6
Continuous
 62
    18
370
    35
100
AcDbLeader
  3
Standard
 73
     2
 76
     3
 10
32.530143
 20
57.440577
 30
0.0
 10
25.612493
 20
54.332172
 30
0.0
 10
23.112493
 20
54.332172
 30
0.0
340
6CF
1001
ACAD
1000
DSTYLE
1002
{
1070
    40
1040
0.5
1070
   341
1005
0
1070
    41
1040
3.5
1002
}
  0
INSERT
  5
6CF
102
{ACAD_REACTORS
330
6CC
102
}
330
1F
100
AcDbEntity
  8
1
  6
Continuous
 62
    18
370
    13
100
AcDbBlockReference
  2
LABLE3D_7
 10
23.112493
 20
54.332172
 30
0.0
 41
0.5
 42
0.5
 43
0.5
  0
LINE
  5
6D4
330
1F
100
AcDbEntity
  8
1
 62
    18
370
    35
100
AcDbLine
 10
65.677305
 20
88.444308
 30
0.0
 11
65.677305
 21
88.444308
 31
0.0
  0
LEADER
  5
6D5
102
{ACAD_REACTORS
330
6D7
102
}
102
{ACAD_XDICTIONARY
360
6D6
102
}
330
1F
100
AcDbEntity
  8
1
  6
Continuous
 62
    18
370
    35
100
AcDbLeader
  3
Standard
 73
     2
 76
     3
 10
62.530143
 20
78.440577
 30
0.0
 10
62.427305
 20
88.444308
 30
0.0
 10
64.927305
 20
88.444308
 30
0.0
340
6D8
1001
ACAD
1000
DSTYLE
1002
{
1070
    40
1040
0.5
1070
   341
1005
0
1070
    41
1040
3.5
1002
}
  0
INSERT
  5
6D8
102
{ACAD_REACTORS
330
6D5
102
}
330
1F
100
AcDbEntity
  8
1
  6
Continuous
 62
    18
370
    13
100
AcDbBlockReference
  2
LABLE3D_8
 10
64.927305
 20
88.444308
 30
0.0
 41
0.5
 42
0.5
 43
0.5
  0
LINE
  5
6DD
330
1F
100
AcDbEntity
  8
1
 62
    18
370
    35
100
AcDbLine
 10
54.504329
 20
52.368994
 30
0.0
 11
54.504329
 21
52.368994
 31
0.0
  0
LEADER
  5
6DE
102
{ACAD_REACTORS
330
6E0
102
}
102
{ACAD_XDICTIONARY
360
6DF
102
}
330
1F
100
AcDbEntity
  8
1
  6
Continuous
 62
    18
370
    35
100
AcDbLeader
  3
Standard
 73
     2
 76
     3
 10
62.530143
 20
57.440577
 30
0.0
 10
57.754329
 20
52.368994
 30
0.0
 10
55.254329
 20
52.368994
 30
0.0
340
6E1
1001
ACAD
1000
DSTYLE
1002
{
1070
    40
1040
0.5
1070
   341
1005
0
1070
    41
1040
3.5
1002
}
  0
INSERT
  5
6E1
102
{ACAD_REACTORS
330
6DE
102
}
330
1F
100
AcDbEntity
  8
1
  6
Continuous
 62
    18
370
    13
100
AcDbBlockReference
  2
LABLE3D_9
 10
55.254329
 20
52.368994
 30
0.0
 41
0.5
 42
0.5
 43
0.5
  0
LINE
  5
6E6
330
1F
100
AcDbEntity
  8
1
 62
    18
370
    35
100
AcDbLine
 10
40.061838
 20
69.623728
 30
0.0
 11
40.061838
 21
69.623728
 31
0.0
  0
LEADER
  5
6E7
102
{ACAD_REACTORS
330
6E9
102
}
102
{ACAD_XDICTIONARY
360
6E8
102
}
330
1F
100
AcDbEntity
  8
1
  6
Continuous
 62
    18
370
    35
100
AcDbLeader
  3
Standard
 73
     2
 76
     3
 10
48.276343
 20
65.224377
 30
0.0
 10
43.311838
 20
69.623728
 30
0.0
 10
40.811838
 20
69.623728
 30
0.0
340
6EA
1001
ACAD
1000
DSTYLE
1002
{
1070
    40
1040
0.5
1070
   341
1005
0
1070
    41
1040
3.5
1002
}
  0
INSERT
  5
6EA
102
{ACAD_REACTORS
330
6E7
102
}
330
1F
100
AcDbEntity
  8
1
  6
Continuous
 62
    18
370
    13
100
AcDbBlockReference
  2
LABLE3D_10
 10
40.811838
 20
69.623728
 30
0.0
 41
0.5
 42
0.5
 43
0.5
  0
MTEXT
  5
6EF
330
1F
100
AcDbEntity
  8
1
  6
Continuous
 62
    18
370
    13
100
AcDbMText
 10
37.219622
 20
104.334297
 30
0.0
 40
5.0
 41
0.0
 71
     7
 72
     5
  1
\fArial Unicode MS|b0|i0;\W1.0000;7318321pakiet4.DXF\PW NC-VISU 2
  7
Arial Unicode MS
 73
     1
 44
1.047437
  0
LINE
  5
6F0
330
1F
100
AcDbEntity
  8
1
 62
    18
370
    35
100
AcDbLine
 10
87.937422
 20
71.709605
 30
0.0
 11
87.937422
 21
71.709605
 31
0.0
  0
LEADER
  5
6F1
102
{ACAD_REACTORS
330
6F3
102
}
102
{ACAD_XDICTIONARY
360
6F2
102
}
330
1F
100
AcDbEntity
  8
1
  6
Continuous
 62
    18
370
    35
100
AcDbLeader
  3
Standard
 73
     2
 76
     3
 10
74.554143
 20
70.656777
 30
0.0
 10
84.687422
 20
71.709605
 30
0.0
 10
87.187422
 20
71.709605
 30
0.0
340
6F4
1001
ACAD
1000
DSTYLE
1002
{
1070
    40
1040
0.5
1070
   341
1005
0
1070
    41
1040
3.5
1002
}
  0
INSERT
  5
6F4
102
{ACAD_REACTORS
330
6F1
102
}
330
1F
100
AcDbEntity
  8
1
  6
Continuous
 62
    18
370
    13
100
AcDbBlockReference
  2
LABLE3D_11
 10
87.187422
 20
71.709605
 30
0.0
 41
0.5
 42
0.5
 43
0.5
  0
LINE
  5
6F9
330
1F
100
AcDbEntity
  8
1
 62
    18
370
    35
100
AcDbLine
 10
88.117636
 20
66.099977
 30
0.0
 11
88.117636
 21
66.099977
 31
0.0
  0
LEADER
  5
6FA
102
{ACAD_REACTORS
330
6FC
102
}
102
{ACAD_XDICTIONARY
360
6FB
102
}
330
1F
100
AcDbEntity
  8
1
  6
Continuous
 62
    18
370
    35
100
AcDbLeader
  3
Standard
 73
     2
 76
     3
 10
78.276343
 20
65.224377
 30
0.0
 10
84.867636
 20
66.099977
 30
0.0
 10
87.367636
 20
66.099977
 30
0.0
340
6FD
1001
ACAD
1000
DSTYLE
1002
{
1070
    40
1040
0.5
1070
   341
1005
0
1070
    41
1040
3.5
1002
}
  0
INSERT
  5
6FD
102
{ACAD_REACTORS
330
6FA
102
}
330
1F
100
AcDbEntity
  8
1
  6
Continuous
 62
    18
370
    13
100
AcDbBlockReference
  2
LABLE3D_12
 10
87.367636
 20
66.099977
 30
0.0
 41
0.5
 42
0.5
 43
0.5
  0
LINE
  5
702
330
1F
100
AcDbEntity
  8
1
 62
    18
370
    35
100
AcDbLine
 10
40.061838
 20
77.660488
 30
0.0
 11
40.061838
 21
77.660488
 31
0.0
  0
LEADER
  5
703
102
{ACAD_REACTORS
330
705
102
}
102
{ACAD_XDICTIONARY
360
704
102
}
330
1F
100
AcDbEntity
  8
1
  6
Continuous
 62
    18
370
    35
100
AcDbLeader
  3
Standard
 73
     2
 76
     3
 10
48.276343
 20
72.540577
 30
0.0
 10
43.311838
 20
77.660488
 30
0.0
 10
40.811838
 20
77.660488
 30
0.0
340
706
1001
ACAD
1000
DSTYLE
1002
{
1070
    40
1040
0.5
1070
   341
1005
0
1070
    41
1040
3.5
1002
}
  0
INSERT
  5
706
102
{ACAD_REACTORS
330
703
102
}
330
1F
100
AcDbEntity
  8
1
  6
Continuous
 62
    18
370
    13
100
AcDbBlockReference
  2
LABLE3D_13
 10
40.811838
 20
77.660488
 30
0.0
 41
0.5
 42
0.5
 43
0.5
  0
LINE
  5
70B
330
1F
100
AcDbEntity
  8
1
 62
    18
370
    35
100
AcDbLine
 10
42.70609
 20
88.137561
 30
0.0
 11
42.70609
 21
88.137561
 31
0.0
  0
LEADER
  5
70C
102
{ACAD_REACTORS
330
70E
102
}
102
{ACAD_XDICTIONARY
360
70D
102
}
330
1F
100
AcDbEntity
  8
1
  6
Continuous
 62
    18
370
    35
100
AcDbLeader
  3
Standard
 73
     2
 76
     3
 10
47.530143
 20
78.440577
 30
0.0
 10
45.95609
 20
88.137561
 30
0.0
 10
43.45609
 20
88.137561
 30
0.0
340
70F
1001
ACAD
1000
DSTYLE
1002
{
1070
    40
1040
0.5
1070
   341
1005
0
1070
    41
1040
3.5
1002
}
  0
INSERT
  5
70F
102
{ACAD_REACTORS
330
70C
102
}
330
1F
100
AcDbEntity
  8
1
  6
Continuous
 62
    18
370
    13
100
AcDbBlockReference
  2
LABLE3D_14
 10
43.45609
 20
88.137561
 30
0.0
 41
0.5
 42
0.5
 43
0.5
  0
LINE
  5
714
330
1F
100
AcDbEntity
  8
1
 62
    18
370
    35
100
AcDbLine
 10
39.87779
 20
73.550084
 30
0.0
 11
39.87779
 21
73.550084
 31
0.0
  0
LEADER
  5
715
102
{ACAD_REACTORS
330
717
102
}
102
{ACAD_XDICTIONARY
360
716
102
}
330
1F
100
AcDbEntity
  8
1
  6
Continuous
 62
    18
370
    35
100
AcDbLeader
  3
Standard
 73
     2
 76
     3
 10
44.554143
 20
70.656777
 30
0.0
 10
43.12779
 20
73.550084
 30
0.0
 10
40.62779
 20
73.550084
 30
0.0
340
718
1001
ACAD
1000
DSTYLE
1002
{
1070
    40
1040
0.5
1070
   341
1005
0
1070
    41
1040
3.5
1002
}
  0
INSERT
  5
718
102
{ACAD_REACTORS
330
715
102
}
330
1F
100
AcDbEntity
  8
1
  6
Continuous
 62
    18
370
    13
100
AcDbBlockReference
  2
LABLE3D_15
 10
40.62779
 20
73.550084
 30
0.0
 41
0.5
 42
0.5
 43
0.5
  0
LINE
  5
71D
330
1F
100
AcDbEntity
  8
1
 62
    18
370
    35
100
AcDbLine
 10
87.964262
 20
79.366766
 30
0.0
 11
87.964262
 21
79.366766
 31
0.0
  0
LEADER
  5
71E
102
{ACAD_REACTORS
330
720
102
}
102
{ACAD_XDICTIONARY
360
71F
102
}
330
1F
100
AcDbEntity
  8
1
  6
Continuous
 62
    18
370
    35
100
AcDbLeader
  3
Standard
 73
     2
 76
     3
 10
78.276343
 20
72.540577
 30
0.0
 10
84.714262
 20
79.366766
 30
0.0
 10
87.214262
 20
79.366766
 30
0.0
340
721
1001
ACAD
1000
DSTYLE
1002
{
1070
    40
1040
0.5
1070
   341
1005
0
1070
    41
1040
3.5
1002
}
  0
INSERT
  5
721
102
{ACAD_REACTORS
330
71E
102
}
330
1F
100
AcDbEntity
  8
1
  6
Continuous
 62
    18
370
    13
100
AcDbBlockReference
  2
LABLE3D_16
 10
87.214262
 20
79.366766
 30
0.0
 41
0.5
 42
0.5
 43
0.5
  0
LINE
  5
726
330
1F
100
AcDbEntity
  8
1
 62
    18
370
    35
100
AcDbLine
 10
54.300083
 20
76.740248
 30
0.0
 11
54.300083
 21
76.740248
 31
0.0
  0
LEADER
  5
727
102
{ACAD_REACTORS
330
729
102
}
102
{ACAD_XDICTIONARY
360
728
102
}
330
1F
100
AcDbEntity
  8
1
  6
Continuous
 62
    18
370
    35
100
AcDbLeader
  3
Standard
 73
     2
 76
     3
 10
63.276343
 20
72.540577
 30
0.0
 10
57.550083
 20
76.740248
 30
0.0
 10
55.050083
 20
76.740248
 30
0.0
340
72A
1001
ACAD
1000
DSTYLE
1002
{
1070
    40
1040
0.5
1070
   341
1005
0
1070
    41
1040
3.5
1002
}
  0
INSERT
  5
72A
102
{ACAD_REACTORS
330
727
102
}
330
1F
100
AcDbEntity
  8
1
  6
Continuous
 62
    18
370
    13
100
AcDbBlockReference
  2
LABLE3D_17
 10
55.050083
 20
76.740248
 30
0.0
 41
0.5
 42
0.5
 43
0.5
  0
LINE
  5
72F
330
1F
100
AcDbEntity
  8
1
 62
    18
370
    35
100
AcDbLine
 10
54.361433
 20
73.304687
 30
0.0
 11
54.361433
 21
73.304687
 31
0.0
  0
LEADER
  5
730
102
{ACAD_REACTORS
330
732
102
}
102
{ACAD_XDICTIONARY
360
731
102
}
330
1F
100
AcDbEntity
  8
1
  6
Continuous
 62
    18
370
    35
100
AcDbLeader
  3
Standard
 73
     2
 76
     3
 10
59.554143
 20
70.656777
 30
0.0
 10
57.611433
 20
73.304687
 30
0.0
 10
55.111433
 20
73.304687
 30
0.0
340
733
1001
ACAD
1000
DSTYLE
1002
{
1070
    40
1040
0.5
1070
   341
1005
0
1070
    41
1040
3.5
1002
}
  0
INSERT
  5
733
102
{ACAD_REACTORS
330
730
102
}
330
1F
100
AcDbEntity
  8
1
  6
Continuous
 62
    18
370
    13
100
AcDbBlockReference
  2
LABLE3D_18
 10
55.111433
 20
73.304687
 30
0.0
 41
0.5
 42
0.5
 43
0.5
  0
LINE
  5
738
330
1F
100
AcDbEntity
  8
1
 62
    18
370
    35
100
AcDbLine
 10
70.288118
 20
52.163857
 30
0.0
 11
70.288118
 21
52.163857
 31
0.0
  0
LEADER
  5
739
102
{ACAD_REACTORS
330
73B
102
}
102
{ACAD_XDICTIONARY
360
73A
102
}
330
1F
100
AcDbEntity
  8
1
  6
Continuous
 62
    18
370
    35
100
AcDbLeader
  3
Standard
 73
     2
 76
     3
 10
77.530143
 20
57.440577
 30
0.0
 10
73.538118
 20
52.163857
 30
0.0
 10
71.038118
 20
52.163857
 30
0.0
340
73C
1001
ACAD
1000
DSTYLE
1002
{
1070
    40
1040
0.5
1070
   341
1005
0
1070
    41
1040
3.5
1002
}
  0
INSERT
  5
73C
102
{ACAD_REACTORS
330
739
102
}
330
1F
100
AcDbEntity
  8
1
  6
Continuous
 62
    18
370
    13
100
AcDbBlockReference
  2
LABLE3D_19
 10
71.038118
 20
52.163857
 30
0.0
 41
0.5
 42
0.5
 43
0.5
  0
LINE
  5
741
330
1F
100
AcDbEntity
  8
1
 62
    18
370
    35
100
AcDbLine
 10
54.300083
 20
68.51944
 30
0.0
 11
54.300083
 21
68.51944
 31
0.0
  0
LEADER
  5
742
102
{ACAD_REACTORS
330
744
102
}
102
{ACAD_XDICTIONARY
360
743
102
}
330
1F
100
AcDbEntity
  8
1
  6
Continuous
 62
    18
370
    35
100
AcDbLeader
  3
Standard
 73
     2
 76
     3
 10
63.276343
 20
65.224377
 30
0.0
 10
57.550083
 20
68.51944
 30
0.0
 10
55.050083
 20
68.51944
 30
0.0
340
745
1001
ACAD
1000
DSTYLE
1002
{
1070
    40
1040
0.5
1070
   341
1005
0
1070
    41
1040
3.5
1002
}
  0
INSERT
  5
745
102
{ACAD_REACTORS
330
742
102
}
330
1F
100
AcDbEntity
  8
1
  6
Continuous
 62
    18
370
    13
100
AcDbBlockReference
  2
LABLE3D_20
 10
55.050083
 20
68.51944
 30
0.0
 41
0.5
 42
0.5
 43
0.5
  0
LINE
  5
74A
330
1F
100
AcDbEntity
  8
1
 62
    18
370
    35
100
AcDbLine
 10
54.785674
 20
65.02253
 30
0.0
 11
54.785674
 21
65.02253
 31
0.0
  0
LEADER
  5
74B
102
{ACAD_REACTORS
330
74D
102
}
102
{ACAD_XDICTIONARY
360
74C
102
}
330
1F
100
AcDbEntity
  8
1
  6
Continuous
 62
    18
370
    35
100
AcDbLeader
  3
Standard
 73
     2
 76
     3
 10
59.554143
 20
63.340577
 30
0.0
 10
58.035674
 20
65.02253
 30
0.0
 10
55.535674
 20
65.02253
 30
0.0
340
74E
1001
ACAD
1000
DSTYLE
1002
{
1070
    40
1040
0.5
1070
   341
1005
0
1070
    41
1040
3.5
1002
}
  0
INSERT
  5
74E
102
{ACAD_REACTORS
330
74B
102
}
330
1F
100
AcDbEntity
  8
1
  6
Continuous
 62
    18
370
    13
100
AcDbBlockReference
  2
LABLE3D_21
 10
55.535674
 20
65.02253
 30
0.0
 41
0.5
 42
0.5
 43
0.5
  0
LINE
  5
753
330
1F
100
AcDbEntity
  8
1
 62
    18
370
    35
100
AcDbLine
 10
87.810889
 20
61.958898
 30
0.0
 11
87.810889
 21
61.958898
 31
0.0
  0
LEADER
  5
754
102
{ACAD_REACTORS
330
756
102
}
102
{ACAD_XDICTIONARY
360
755
102
}
330
1F
100
AcDbEntity
  8
1
  6
Continuous
 62
    18
370
    35
100
AcDbLeader
  3
Standard
 73
     2
 76
     3
 10
74.554143
 20
63.340577
 30
0.0
 10
84.560889
 20
61.958898
 30
0.0
 10
87.060889
 20
61.958898
 30
0.0
340
757
1001
ACAD
1000
DSTYLE
1002
{
1070
    40
1040
0.5
1070
   341
1005
0
1070
    41
1040
3.5
1002
}
  0
INSERT
  5
757
102
{ACAD_REACTORS
330
754
102
}
330
1F
100
AcDbEntity
  8
1
  6
Continuous
 62
    18
370
    13
100
AcDbBlockReference
  2
LABLE3D_22
 10
87.060889
 20
61.958898
 30
0.0
 41
0.5
 42
0.5
 43
0.5
  0
LINE
  5
75C
330
1F
100
AcDbEntity
  8
1
 62
    18
370
    35
100
AcDbLine
 10
79.2934
 20
88.137561
 30
0.0
 11
79.2934
 21
88.137561
 31
0.0
  0
LEADER
  5
75D
102
{ACAD_REACTORS
330
75F
102
}
102
{ACAD_XDICTIONARY
360
75E
102
}
330
1F
100
AcDbEntity
  8
1
  6
Continuous
 62
    18
370
    35
100
AcDbLeader
  3
Standard
 73
     2
 76
     3
 10
77.530143
 20
78.440577
 30
0.0
 10
76.0434
 20
88.137561
 30
0.0
 10
78.5434
 20
88.137561
 30
0.0
340
760
1001
ACAD
1000
DSTYLE
1002
{
1070
    40
1040
0.5
1070
   341
1005
0
1070
    41
1040
3.5
1002
}
  0
INSERT
  5
760
102
{ACAD_REACTORS
330
75D
102
}
330
1F
100
AcDbEntity
  8
1
  6
Continuous
 62
    18
370
    13
100
AcDbBlockReference
  2
LABLE3D_23
 10
78.5434
 20
88.137561
 30
0.0
 41
0.5
 42
0.5
 43
0.5
  0
LINE
  5
765
330
1F
100
AcDbEntity
  8
1
 62
    18
370
    35
100
AcDbLine
 10
39.93914
 20
65.820071
 30
0.0
 11
39.93914
 21
65.820071
 31
0.0
  0
LEADER
  5
766
102
{ACAD_REACTORS
330
768
102
}
102
{ACAD_XDICTIONARY
360
767
102
}
330
1F
100
AcDbEntity
  8
1
  6
Continuous
 62
    18
370
    35
100
AcDbLeader
  3
Standard
 73
     2
 76
     3
 10
44.554143
 20
63.340577
 30
0.0
 10
43.18914
 20
65.820071
 30
0.0
 10
40.68914
 20
65.820071
 30
0.0
340
769
1001
ACAD
1000
DSTYLE
1002
{
1070
    40
1040
0.5
1070
   341
1005
0
1070
    41
1040
3.5
1002
}
  0
INSERT
  5
769
102
{ACAD_REACTORS
330
766
102
}
330
1F
100
AcDbEntity
  8
1
  6
Continuous
 62
    18
370
    13
100
AcDbBlockReference
  2
LABLE3D_24
 10
40.68914
 20
65.820071
 30
0.0
 41
0.5
 42
0.5
 43
0.5
  0
INSERT
  5
76E
102
{ACAD_REACTORS
330
777
330
783
330
78F
330
79B
330
7A7
330
7B3
330
7BF
330
7CB
102
}
330
1F
100
AcDbEntity
  8
1
  6
Continuous
 62
    18
370
    13
100
AcDbBlockReference
  2
_U0
 10
0.0
 20
0.0
 30
0.0
 41
0.5
 42
0.5
 43
0.5
  0
DIMENSION
  5
775
102
{ACAD_REACTORS
330
777
102
}
102
{ACAD_XDICTIONARY
360
776
102
}
330
1F
100
AcDbEntity
  8
1
  6
Continuous
 62
    18
370
    13
100
AcDbDimension
  2
_U1
 10
17.530143
 20
50.940577
 30
0.0
 11
92.530143
 21
41.345379
 31
0.0
 70
   230
  1
\fArial Unicode MS|b0|i0;\C18;75
 71
     1
 42
150.0
  3
Standard
100
AcDbOrdinateDimension
 13
92.530143
 23
50.940577
 33
0.0
 14
92.530143
 24
43.512046
 34
0.0
1001
ACAD
1000
DSTYLE
1002
{
1070
   371
1070
    35
1070
   372
1070
    35
1070
    40
1040
0.5
1070
     3
1000

1070
   170
1070
     0
1070
   144
1040
2.0
1070
   277
1070
     2
1070
   284
1070
     8
1070
   278
1070
    44
1070
   146
1040
1.0
1070
   345
1005
16
1070
   347
1005
16
1070
   346
1005
16
1070
   344
1005
0
1070
   343
1005
0
1070
   172
1070
     1
1070
    76
1070
     0
1070
    75
1070
     0
1070
   282
1070
     0
1070
   281
1070
     0
1070
    71
1070
     0
1070
   279
1070
     0
1070
   173
1070
     1
1070
   340
1005
6F
1070
   271
1070
     3
1070
   272
1070
     2
1070
    73
1070
     0
1070
   171
1070
     3
1070
   274
1070
     4
1070
   177
1070
    18
1070
   176
1070
    18
1070
   178
1070
    18
1070
    78
1070
     8
1070
    48
1040
-0.1
1070
    41
1040
3.5
1070
   147
1040
1.5
1070
    42
1040
0.0
1070
    44
1040
2.0
1070
   140
1040
3.5
1002
}
1001
ACAD_DSTYLE_DIM_LINETYPE
1070
   380
1005
16
1001
ACAD_DSTYLE_DIM_EXT1_LINETYPE
1070
   381
1005
16
1001
ACAD_DSTYLE_DIM_EXT2_LINETYPE
1070
   382
1005
16
  0
DIMENSION
  5
781
102
{ACAD_REACTORS
330
783
102
}
102
{ACAD_XDICTIONARY
360
782
102
}
330
1F
100
AcDbEntity
  8
1
  6
Continuous
 62
    18
370
    13
100
AcDbDimension
  2
_U2
 10
17.530143
 20
50.940577
 30
0.0
 11
11.540658
 21
52.940577
 31
0.0
 70
   166
  1
\fArial Unicode MS|b0|i0;\C18;2
 71
     1
 42
4.0
  3
Standard
100
AcDbOrdinateDimension
 13
28.030143
 23
52.940577
 33
0.0
 14
12.873991
 24
52.940577
 34
0.0
1001
ACAD
1000
DSTYLE
1002
{
1070
   371
1070
    35
1070
   372
1070
    35
1070
    40
1040
0.5
1070
     3
1000

1070
   170
1070
     0
1070
   144
1040
2.0
1070
   277
1070
     2
1070
   284
1070
     8
1070
   278
1070
    44
1070
   146
1040
1.0
1070
   345
1005
16
1070
   347
1005
16
1070
   346
1005
16
1070
   344
1005
0
1070
   343
1005
0
1070
   172
1070
     1
1070
    76
1070
     0
1070
    75
1070
     0
1070
   282
1070
     0
1070
   281
1070
     0
1070
    71
1070
     0
1070
   279
1070
     0
1070
   173
1070
     1
1070
   340
1005
6F
1070
   271
1070
     3
1070
   272
1070
     2
1070
    73
1070
     0
1070
   171
1070
     3
1070
   274
1070
     4
1070
   177
1070
    18
1070
   176
1070
    18
1070
   178
1070
    18
1070
    78
1070
     8
1070
    48
1040
-0.1
1070
    41
1040
3.5
1070
   147
1040
1.5
1070
    42
1040
0.0
1070
    44
1040
2.0
1070
   140
1040
3.5
1002
}
1001
ACAD_DSTYLE_DIM_LINETYPE
1070
   380
1005
16
1001
ACAD_DSTYLE_DIM_EXT1_LINETYPE
1070
   381
1005
16
1001
ACAD_DSTYLE_DIM_EXT2_LINETYPE
1070
   382
1005
16
  0
DIMENSION
  5
78D
102
{ACAD_REACTORS
330
78F
102
}
102
{ACAD_XDICTIONARY
360
78E
102
}
330
1F
100
AcDbEntity
  8
1
  6
Continuous
 62
    18
370
    13
100
AcDbDimension
  2
_U3
 10
17.530143
 20
50.940577
 30
0.0
 11
57.530143
 21
41.345379
 31
0.0
 70
   230
  1
\fArial Unicode MS|b0|i0;\C18;40
 71
     1
 42
80.0
  3
Standard
100
AcDbOrdinateDimension
 13
57.530143
 23
55.521077
 33
0.0
 14
57.530143
 24
43.512046
 34
0.0
1001
ACAD
1000
DSTYLE
1002
{
1070
   371
1070
    35
1070
   372
1070
    35
1070
    40
1040
0.5
1070
     3
1000

1070
   170
1070
     0
1070
   144
1040
2.0
1070
   277
1070
     2
1070
   284
1070
     8
1070
   278
1070
    44
1070
   146
1040
1.0
1070
   345
1005
16
1070
   347
1005
16
1070
   346
1005
16
1070
   344
1005
0
1070
   343
1005
0
1070
   172
1070
     1
1070
    76
1070
     0
1070
    75
1070
     0
1070
   282
1070
     0
1070
   281
1070
     0
1070
    71
1070
     0
1070
   279
1070
     0
1070
   173
1070
     1
1070
   340
1005
6F
1070
   271
1070
     3
1070
   272
1070
     2
1070
    73
1070
     0
1070
   171
1070
     3
1070
   274
1070
     4
1070
   177
1070
    18
1070
   176
1070
    18
1070
   178
1070
    18
1070
    78
1070
     8
1070
    48
1040
-0.1
1070
    41
1040
3.5
1070
   147
1040
1.5
1070
    42
1040
0.0
1070
    44
1040
2.0
1070
   140
1040
3.5
1002
}
1001
ACAD_DSTYLE_DIM_LINETYPE
1070
   380
1005
16
1001
ACAD_DSTYLE_DIM_EXT1_LINETYPE
1070
   381
1005
16
1001
ACAD_DSTYLE_DIM_EXT2_LINETYPE
1070
   382
1005
16
  0
DIMENSION
  5
799
102
{ACAD_REACTORS
330
79B
102
}
102
{ACAD_XDICTIONARY
360
79A
102
}
330
1F
100
AcDbEntity
  8
1
  6
Continuous
 62
    18
370
    13
100
AcDbDimension
  2
_U4
 10
17.530143
 20
50.940577
 30
0.0
 11
27.530143
 21
41.345379
 31
0.0
 70
   230
  1
\fArial Unicode MS|b0|i0;\C18;10
 71
     1
 42
20.0
  3
Standard
100
AcDbOrdinateDimension
 13
27.530143
 23
53.440577
 33
0.0
 14
27.530143
 24
43.387046
 34
0.0
1001
ACAD
1000
DSTYLE
1002
{
1070
   371
1070
    35
1070
   372
1070
    35
1070
    40
1040
0.5
1070
     3
1000

1070
   170
1070
     0
1070
   144
1040
2.0
1070
   277
1070
     2
1070
   284
1070
     8
1070
   278
1070
    44
1070
   146
1040
1.0
1070
   345
1005
16
1070
   347
1005
16
1070
   346
1005
16
1070
   344
1005
0
1070
   343
1005
0
1070
   172
1070
     1
1070
    76
1070
     0
1070
    75
1070
     0
1070
   282
1070
     0
1070
   281
1070
     0
1070
    71
1070
     0
1070
   279
1070
     0
1070
   173
1070
     1
1070
   340
1005
6F
1070
   271
1070
     3
1070
   272
1070
     2
1070
    73
1070
     0
1070
   171
1070
     3
1070
   274
1070
     4
1070
   177
1070
    18
1070
   176
1070
    18
1070
   178
1070
    18
1070
    78
1070
     8
1070
    48
1040
-0.1
1070
    41
1040
3.5
1070
   147
1040
1.5
1070
    42
1040
0.0
1070
    44
1040
2.0
1070
   140
1040
3.5
1002
}
1001
ACAD_DSTYLE_DIM_LINETYPE
1070
   380
1005
16
1001
ACAD_DSTYLE_DIM_EXT1_LINETYPE
1070
   381
1005
16
1001
ACAD_DSTYLE_DIM_EXT2_LINETYPE
1070
   382
1005
16
  0
DIMENSION
  5
7A5
102
{ACAD_REACTORS
330
7A7
102
}
102
{ACAD_XDICTIONARY
360
7A6
102
}
330
1F
100
AcDbEntity
  8
1
  6
Continuous
 62
    18
370
    13
100
AcDbDimension
  2
_U5
 10
17.530143
 20
50.940577
 30
0.0
 11
10.860831
 21
82.940577
 31
0.0
 70
   166
  1
\fArial Unicode MS|b0|i0;\C18;32
 71
     1
 42
64.0
  3
Standard
100
AcDbOrdinateDimension
 13
32.530143
 23
82.940577
 33
0.0
 14
13.027498
 24
82.940577
 34
0.0
1001
ACAD
1000
DSTYLE
1002
{
1070
   371
1070
    35
1070
   372
1070
    35
1070
    40
1040
0.5
1070
     3
1000

1070
   170
1070
     0
1070
   144
1040
2.0
1070
   277
1070
     2
1070
   284
1070
     8
1070
   278
1070
    44
1070
   146
1040
1.0
1070
   345
1005
16
1070
   347
1005
16
1070
   346
1005
16
1070
   344
1005
0
1070
   343
1005
0
1070
   172
1070
     1
1070
    76
1070
     0
1070
    75
1070
     0
1070
   282
1070
     0
1070
   281
1070
     0
1070
    71
1070
     0
1070
   279
1070
     0
1070
   173
1070
     1
1070
   340
1005
6F
1070
   271
1070
     3
1070
   272
1070
     2
1070
    73
1070
     0
1070
   171
1070
     3
1070
   274
1070
     4
1070
   177
1070
    18
1070
   176
1070
    18
1070
   178
1070
    18
1070
    78
1070
     8
1070
    48
1040
-0.1
1070
    41
1040
3.5
1070
   147
1040
1.5
1070
    42
1040
0.0
1070
    44
1040
2.0
1070
   140
1040
3.5
1002
}
1001
ACAD_DSTYLE_DIM_LINETYPE
1070
   380
1005
16
1001
ACAD_DSTYLE_DIM_EXT1_LINETYPE
1070
   381
1005
16
1001
ACAD_DSTYLE_DIM_EXT2_LINETYPE
1070
   382
1005
16
  0
DIMENSION
  5
7B1
102
{ACAD_REACTORS
330
7B3
102
}
102
{ACAD_XDICTIONARY
360
7B2
102
}
330
1F
100
AcDbEntity
  8
1
  6
Continuous
 62
    18
370
    13
100
AcDbDimension
  2
_U6
 10
17.530143
 20
50.940577
 30
0.0
 11
42.530143
 21
41.345379
 31
0.0
 70
   230
  1
\fArial Unicode MS|b0|i0;\C18;25
 71
     1
 42
50.0
  3
Standard
100
AcDbOrdinateDimension
 13
42.530143
 23
55.521077
 33
0.0
 14
42.530143
 24
43.512046
 34
0.0
1001
ACAD
1000
DSTYLE
1002
{
1070
   371
1070
    35
1070
   372
1070
    35
1070
    40
1040
0.5
1070
     3
1000

1070
   170
1070
     0
1070
   144
1040
2.0
1070
   277
1070
     2
1070
   284
1070
     8
1070
   278
1070
    44
1070
   146
1040
1.0
1070
   345
1005
16
1070
   347
1005
16
1070
   346
1005
16
1070
   344
1005
0
1070
   343
1005
0
1070
   172
1070
     1
1070
    76
1070
     0
1070
    75
1070
     0
1070
   282
1070
     0
1070
   281
1070
     0
1070
    71
1070
     0
1070
   279
1070
     0
1070
   173
1070
     1
1070
   340
1005
6F
1070
   271
1070
     3
1070
   272
1070
     2
1070
    73
1070
     0
1070
   171
1070
     3
1070
   274
1070
     4
1070
   177
1070
    18
1070
   176
1070
    18
1070
   178
1070
    18
1070
    78
1070
     8
1070
    48
1040
-0.1
1070
    41
1040
3.5
1070
   147
1040
1.5
1070
    42
1040
0.0
1070
    44
1040
2.0
1070
   140
1040
3.5
1002
}
1001
ACAD_DSTYLE_DIM_LINETYPE
1070
   380
1005
16
1001
ACAD_DSTYLE_DIM_EXT1_LINETYPE
1070
   381
1005
16
1001
ACAD_DSTYLE_DIM_EXT2_LINETYPE
1070
   382
1005
16
  0
DIMENSION
  5
7BD
102
{ACAD_REACTORS
330
7BF
102
}
102
{ACAD_XDICTIONARY
360
7BE
102
}
330
1F
100
AcDbEntity
  8
1
  6
Continuous
 62
    18
370
    13
100
AcDbDimension
  2
_U7
 10
17.530143
 20
50.940577
 30
0.0
 11
10.860831
 21
95.940577
 31
0.0
 70
   166
  1
\fArial Unicode MS|b0|i0;\C18;45
 71
     1
 42
90.0
  3
Standard
100
AcDbOrdinateDimension
 13
17.530143
 23
95.940577
 33
0.0
 14
13.027498
 24
95.940577
 34
0.0
1001
ACAD
1000
DSTYLE
1002
{
1070
   371
1070
    35
1070
   372
1070
    35
1070
    40
1040
0.5
1070
     3
1000

1070
   170
1070
     0
1070
   144
1040
2.0
1070
   277
1070
     2
1070
   284
1070
     8
1070
   278
1070
    44
1070
   146
1040
1.0
1070
   345
1005
16
1070
   347
1005
16
1070
   346
1005
16
1070
   344
1005
0
1070
   343
1005
0
1070
   172
1070
     1
1070
    76
1070
     0
1070
    75
1070
     0
1070
   282
1070
     0
1070
   281
1070
     0
1070
    71
1070
     0
1070
   279
1070
     0
1070
   173
1070
     1
1070
   340
1005
6F
1070
   271
1070
     3
1070
   272
1070
     2
1070
    73
1070
     0
1070
   171
1070
     3
1070
   274
1070
     4
1070
   177
1070
    18
1070
   176
1070
    18
1070
   178
1070
    18
1070
    78
1070
     8
1070
    48
1040
-0.1
1070
    41
1040
3.5
1070
   147
1040
1.5
1070
    42
1040
0.0
1070
    44
1040
2.0
1070
   140
1040
3.5
1002
}
1001
ACAD_DSTYLE_DIM_LINETYPE
1070
   380
1005
16
1001
ACAD_DSTYLE_DIM_EXT1_LINETYPE
1070
   381
1005
16
1001
ACAD_DSTYLE_DIM_EXT2_LINETYPE
1070
   382
1005
16
  0
DIMENSION
  5
7C9
102
{ACAD_REACTORS
330
7CB
102
}
102
{ACAD_XDICTIONARY
360
7CA
102
}
330
1F
100
AcDbEntity
  8
1
  6
Continuous
 62
    18
370
    13
100
AcDbDimension
  2
_U8
 10
17.530143
 20
50.940577
 30
0.0
 11
72.530143
 21
41.345379
 31
0.0
 70
   230
  1
\fArial Unicode MS|b0|i0;\C18;55
 71
     1
 42
110.0
  3
Standard
100
AcDbOrdinateDimension
 13
72.530143
 23
55.521077
 33
0.0
 14
72.530143
 24
43.512046
 34
0.0
1001
ACAD
1000
DSTYLE
1002
{
1070
   371
1070
    35
1070
   372
1070
    35
1070
    40
1040
0.5
1070
     3
1000

1070
   170
1070
     0
1070
   144
1040
2.0
1070
   277
1070
     2
1070
   284
1070
     8
1070
   278
1070
    44
1070
   146
1040
1.0
1070
   345
1005
16
1070
   347
1005
16
1070
   346
1005
16
1070
   344
1005
0
1070
   343
1005
0
1070
   172
1070
     1
1070
    76
1070
     0
1070
    75
1070
     0
1070
   282
1070
     0
1070
   281
1070
     0
1070
    71
1070
     0
1070
   279
1070
     0
1070
   173
1070
     1
1070
   340
1005
6F
1070
   271
1070
     3
1070
   272
1070
     2
1070
    73
1070
     0
1070
   171
1070
     3
1070
   274
1070
     4
1070
   177
1070
    18
1070
   176
1070
    18
1070
   178
1070
    18
1070
    78
1070
     8
1070
    48
1040
-0.1
1070
    41
1040
3.5
1070
   147
1040
1.5
1070
    42
1040
0.0
1070
    44
1040
2.0
1070
   140
1040
3.5
1002
}
1001
ACAD_DSTYLE_DIM_LINETYPE
1070
   380
1005
16
1001
ACAD_DSTYLE_DIM_EXT1_LINETYPE
1070
   381
1005
16
1001
ACAD_DSTYLE_DIM_EXT2_LINETYPE
1070
   382
1005
16
  0
DIMENSION
  5
7D5
102
{ACAD_REACTORS
330
7D7
102
}
102
{ACAD_XDICTIONARY
360
7D6
102
}
330
1F
100
AcDbEntity
  8
1
  6
Continuous
 62
    18
370
    13
100
AcDbDimension
  2
_U9
 10
57.530143
 20
85.958934
 30
0.0
 11
64.94681
 21
85.958934
 31
0.0
 70
   160
 71
     1
 42
5.0
  3
Standard
100
AcDbAlignedDimension
 13
52.530143
 23
79.625426
 33
0.0
 14
57.530143
 24
79.360077
 34
0.0
 50
180.0
100
AcDbRotatedDimension
1001
ACAD
1000
DSTYLE
1002
{
1070
   371
1070
    35
1070
   372
1070
    35
1070
    40
1040
0.5
1070
   170
1070
     0
1070
   144
1040
1.0
1070
   277
1070
     2
1070
   284
1070
     8
1070
   278
1070
    44
1070
   146
1040
1.0
1070
   345
1005
16
1070
   347
1005
16
1070
   346
1005
16
1070
   344
1005
0
1070
   343
1005
0
1070
   172
1070
     1
1070
    76
1070
     0
1070
    75
1070
     0
1070
   282
1070
     0
1070
   281
1070
     0
1070
    71
1070
     0
1070
    74
1070
     0
1070
   279
1070
     0
1070
   173
1070
     1
1070
   340
1005
6F
1070
   271
1070
     3
1070
   272
1070
     2
1070
    77
1070
     1
1070
    73
1070
     0
1070
   171
1070
     3
1070
   274
1070
     4
1070
   177
1070
    18
1070
   176
1070
    18
1070
   178
1070
    18
1070
    78
1070
     8
1070
    48
1040
-0.1
1070
    41
1040
3.5
1070
   147
1040
1.75
1070
    42
1040
0.0
1070
    44
1040
2.0
1070
   140
1040
3.5
1002
}
1001
ACAD_DSTYLE_DIM_LINETYPE
1070
   380
1005
16
1001
ACAD_DSTYLE_DIM_EXT1_LINETYPE
1070
   381
1005
16
1001
ACAD_DSTYLE_DIM_EXT2_LINETYPE
1070
   382
1005
16
  0
INSERT
  5
7E1
330
1F
100
AcDbEntity
  8
1
  6
Continuous
 62
   163
370
    18
100
AcDbBlockReference
  2
TabularNote1
 10
128.710879
 20
141.03859
 30
0.0
 41
0.5
 42
0.5
 43
0.5
  0
INSERT
  5
948
330
1F
100
AcDbEntity
  8
1
  6
Continuous
 62
   163
370
    18
100
AcDbBlockReference
  2
Block
 10
0.0
 20
0.0
 30
0.0
 41
0.5
 42
0.5
 43
0.5
  0
ENDSEC
  0
SECTION
  2
OBJECTS
  0
DICTIONARY
  5
C
330
0
100
AcDbDictionary
281
     1
  3
ACAD_DETAILVIEWSTYLE
350
B20
  3
ACAD_GROUP
350
D
  3
ACAD_LAYOUT
350
1A
  3
ACAD_MATERIAL
350
43
  3
ACAD_MLEADERSTYLE
350
5B
  3
ACAD_MLINESTYLE
350
17
  3
ACAD_PLOTSETTINGS
350
19
  3
ACAD_PLOTSTYLENAME
350
E
  3
ACAD_SCALELIST
350
47
  3
ACAD_SECTIONVIEWSTYLE
350
B21
  3
ACAD_TABLESTYLE
350
59
  3
ACAD_VISUALSTYLE
350
2A
  3
ACDB_RECOMPOSE_DATA
350
B1D
  3
AcDbVariableDictionary
350
ADD
  0
DICTIONARY
  5
ADB
330
8
100
AcDbDictionary
280
     1
281
     1
  3
ACAD_XREC_ROUNDTRIP
360
ADC
  0
DICTIONARY
  5
697
330
696
100
AcDbDictionary
280
     1
281
     1
  3
ACAD_DIMASSOC
360
698
  0
DICTIONARY
  5
6A0
330
69F
100
AcDbDictionary
280
     1
281
     1
  3
ACAD_DIMASSOC
360
6A1
  0
DICTIONARY
  5
6A9
330
6A8
100
AcDbDictionary
280
     1
281
     1
  3
ACAD_DIMASSOC
360
6AA
  0
DICTIONARY
  5
6B2
330
6B1
100
AcDbDictionary
280
     1
281
     1
  3
ACAD_DIMASSOC
360
6B3
  0
DICTIONARY
  5
6BB
330
6BA
100
AcDbDictionary
280
     1
281
     1
  3
ACAD_DIMASSOC
360
6BC
  0
DICTIONARY
  5
6C4
330
6C3
100
AcDbDictionary
280
     1
281
     1
  3
ACAD_DIMASSOC
360
6C5
  0
DICTIONARY
  5
6CD
330
6CC
100
AcDbDictionary
280
     1
281
     1
  3
ACAD_DIMASSOC
360
6CE
  0
DICTIONARY
  5
6D6
330
6D5
100
AcDbDictionary
280
     1
281
     1
  3
ACAD_DIMASSOC
360
6D7
  0
DICTIONARY
  5
6DF
330
6DE
100
AcDbDictionary
280
     1
281
     1
  3
ACAD_DIMASSOC
360
6E0
  0
DICTIONARY
  5
6E8
330
6E7
100
AcDbDictionary
280
     1
281
     1
  3
ACAD_DIMASSOC
360
6E9
  0
DICTIONARY
  5
6F2
330
6F1
100
AcDbDictionary
280
     1
281
     1
  3
ACAD_DIMASSOC
360
6F3
  0
DICTIONARY
  5
6FB
330
6FA
100
AcDbDictionary
280
     1
281
     1
  3
ACAD_DIMASSOC
360
6FC
  0
DICTIONARY
  5
704
330
703
100
AcDbDictionary
280
     1
281
     1
  3
ACAD_DIMASSOC
360
705
  0
DICTIONARY
  5
70D
330
70C
100
AcDbDictionary
280
     1
281
     1
  3
ACAD_DIMASSOC
360
70E
  0
DICTIONARY
  5
716
330
715
100
AcDbDictionary
280
     1
281
     1
  3
ACAD_DIMASSOC
360
717
  0
DICTIONARY
  5
71F
330
71E
100
AcDbDictionary
280
     1
281
     1
  3
ACAD_DIMASSOC
360
720
  0
DICTIONARY
  5
728
330
727
100
AcDbDictionary
280
     1
281
     1
  3
ACAD_DIMASSOC
360
729
  0
DICTIONARY
  5
731
330
730
100
AcDbDictionary
280
     1
281
     1
  3
ACAD_DIMASSOC
360
732
  0
DICTIONARY
  5
73A
330
739
100
AcDbDictionary
280
     1
281
     1
  3
ACAD_DIMASSOC
360
73B
  0
DICTIONARY
  5
743
330
742
100
AcDbDictionary
280
     1
281
     1
  3
ACAD_DIMASSOC
360
744
  0
DICTIONARY
  5
74C
330
74B
100
AcDbDictionary
280
     1
281
     1
  3
ACAD_DIMASSOC
360
74D
  0
DICTIONARY
  5
755
330
754
100
AcDbDictionary
280
     1
281
     1
  3
ACAD_DIMASSOC
360
756
  0
DICTIONARY
  5
75E
330
75D
100
AcDbDictionary
280
     1
281
     1
  3
ACAD_DIMASSOC
360
75F
  0
DICTIONARY
  5
767
330
766
100
AcDbDictionary
280
     1
281
     1
  3
ACAD_DIMASSOC
360
768
  0
DICTIONARY
  5
776
330
775
100
AcDbDictionary
280
     1
281
     1
  3
ACAD_DIMASSOC
360
777
  0
DICTIONARY
  5
782
330
781
100
AcDbDictionary
280
     1
281
     1
  3
ACAD_DIMASSOC
360
783
  0
DICTIONARY
  5
78E
330
78D
100
AcDbDictionary
280
     1
281
     1
  3
ACAD_DIMASSOC
360
78F
  0
DICTIONARY
  5
79A
330
799
100
AcDbDictionary
280
     1
281
     1
  3
ACAD_DIMASSOC
360
79B
  0
DICTIONARY
  5
7A6
330
7A5
100
AcDbDictionary
280
     1
281
     1
  3
ACAD_DIMASSOC
360
7A7
  0
DICTIONARY
  5
7B2
330
7B1
100
AcDbDictionary
280
     1
281
     1
  3
ACAD_DIMASSOC
360
7B3
  0
DICTIONARY
  5
7BE
330
7BD
100
AcDbDictionary
280
     1
281
     1
  3
ACAD_DIMASSOC
360
7BF
  0
DICTIONARY
  5
7CA
330
7C9
100
AcDbDictionary
280
     1
281
     1
  3
ACAD_DIMASSOC
360
7CB
  0
DICTIONARY
  5
7D6
330
7D5
100
AcDbDictionary
280
     1
281
     1
  3
ACAD_DIMASSOC
360
7D7
  0
DICTIONARY
  5
B20
102
{ACAD_REACTORS
330
C
102
}
330
C
100
AcDbDictionary
281
     1
  0
DICTIONARY
  5
D
102
{ACAD_REACTORS
330
C
102
}
330
C
100
AcDbDictionary
281
     1
  0
DICTIONARY
  5
1A
102
{ACAD_REACTORS
330
C
102
}
330
C
100
AcDbDictionary
281
     1
  3
Layout1
350
1E
  3
Layout2
350
26
  3
Model
350
22
  0
DICTIONARY
  5
43
102
{ACAD_REACTORS
330
C
102
}
330
C
100
AcDbDictionary
281
     1
  3
ByBlock
350
45
  3
ByLayer
350
44
  3
Global
350
46
  0
DICTIONARY
  5
5B
102
{ACAD_REACTORS
330
C
102
}
330
C
100
AcDbDictionary
281
     1
  3
Standard
350
5C
  0
DICTIONARY
  5
17
102
{ACAD_REACTORS
330
C
102
}
330
C
100
AcDbDictionary
281
     1
  3
Standard
350
18
  0
DICTIONARY
  5
19
102
{ACAD_REACTORS
330
C
102
}
330
C
100
AcDbDictionary
281
     1
  0
ACDBDICTIONARYWDFLT
  5
E
102
{ACAD_REACTORS
330
C
102
}
330
C
100
AcDbDictionary
281
     1
  3
Normal
350
F
100
AcDbDictionaryWithDefault
340
F
  0
DICTIONARY
  5
47
102
{ACAD_REACTORS
330
C
102
}
330
C
100
AcDbDictionary
281
     1
  3
A0
350
48
  3
A1
350
49
  3
A2
350
4A
  3
A3
350
4B
  3
A4
350
4C
  3
A5
350
4D
  3
A6
350
4E
  3
A7
350
4F
  3
A8
350
50
  3
A9
350
51
  3
B1
350
52
  3
B2
350
53
  3
B3
350
54
  3
B4
350
55
  3
B5
350
56
  3
B6
350
57
  3
B7
350
58
  0
DICTIONARY
  5
B21
102
{ACAD_REACTORS
330
C
102
}
330
C
100
AcDbDictionary
281
     1
  0
DICTIONARY
  5
59
102
{ACAD_REACTORS
330
C
102
}
330
C
100
AcDbDictionary
281
     1
  3
Standard
350
5A
  0
DICTIONARY
  5
2A
102
{ACAD_REACTORS
330
C
102
}
330
C
100
AcDbDictionary
281
     1
  3
2dWireframe
350
2F
  3
Basic
350
32
  3
Brighten
350
36
  3
ColorChange
350
3A
  3
Conceptual
350
34
  3
Dim
350
35
  3
EdgeColorOff
350
3D
  3
Facepattern
350
39
  3
Flat
350
2B
  3
FlatWithEdges
350
2C
  3
Gouraud
350
2D
  3
GouraudWithEdges
350
2E
  3
Hidden
350
31
  3
JitterOff
350
3B
  3
Linepattern
350
38
  3
OverhangOff
350
3C
  3
Realistic
350
33
  3
Shaded
350
42
  3
Shaded with edges
350
41
  3
Shades of Gray
350
3E
  3
Sketchy
350
3F
  3
Thicken
350
37
  3
Wireframe
350
30
  3
X-Ray
350
40
  0
XRECORD
  5
B1D
102
{ACAD_REACTORS
330
C
102
}
330
C
100
AcDbXrecord
280
     1
 90
        1
330
5A
  0
DICTIONARY
  5
ADD
102
{ACAD_REACTORS
330
C
102
}
330
C
100
AcDbDictionary
281
     1
  3
CANNOSCALE
350
ADE
  3
CMLEADERSTYLE
350
B1F
  3
CTABLESTYLE
350
B1E
  3
MSLTSCALE
350
ADF
  3
XCLIPFRAME
350
AE0
  0
XRECORD
  5
ADC
102
{ACAD_REACTORS
330
ADB
102
}
330
ADB
100
AcDbXrecord
280
     1
102
VTR_0.000_0.000_1.000_1.000_VISUALSTYLE
340
2F
102
VTR_0.000_0.000_1.000_1.000_GRIDDISPLAY
 70
     3
102
VTR_0.000_0.000_1.000_1.000_GRIDMAJOR
 70
     5
102
VTR_0.000_0.000_1.000_1.000_DEFAULTLIGHTING
280
     1
102
VTR_0.000_0.000_1.000_1.000_DEFAULTLIGHTINGTYPE
 70
     1
102
VTR_0.000_0.000_1.000_1.000_BRIGHTNESS
141
0.0
102
VTR_0.000_0.000_1.000_1.000_CONTRAST
142
0.0
  0
DIMASSOC
  5
698
102
{ACAD_REACTORS
330
697
102
}
330
697
100
AcDbDimAssoc
330
696
 90
        1
 70
     0
 71
     1
  1
AcDbOsnapPointRef
 72
     4
331
8E
 73
     3
 91
        1
 40
0.0
 10
66.552686
 20
145.081153
 30
0.0
 75
     0
  0
DIMASSOC
  5
6A1
102
{ACAD_REACTORS
330
6A0
102
}
330
6A0
100
AcDbDimAssoc
330
69F
 90
        1
 70
     0
 71
     1
  1
AcDbOsnapPointRef
 72
     4
331
8F
 73
     3
 91
        1
 40
0.0
 10
59.108286
 20
126.681153
 30
0.0
 75
     0
  0
DIMASSOC
  5
6AA
102
{ACAD_REACTORS
330
6A9
102
}
330
6A9
100
AcDbDimAssoc
330
6A8
 90
        1
 70
     0
 71
     1
  1
AcDbOsnapPointRef
 72
     4
331
90
 73
     3
 91
        1
 40
0.0
 10
59.108286
 20
141.313553
 30
0.0
 75
     0
  0
DIMASSOC
  5
6B3
102
{ACAD_REACTORS
330
6B2
102
}
330
6B2
100
AcDbDimAssoc
330
6B1
 90
        1
 70
     0
 71
     1
  1
AcDbOsnapPointRef
 72
     4
331
91
 73
     3
 91
        1
 40
0.0
 10
66.552686
 20
130.448753
 30
0.0
 75
     0
  0
DIMASSOC
  5
6BC
102
{ACAD_REACTORS
330
6BB
102
}
330
6BB
100
AcDbDimAssoc
330
6BA
 90
        1
 70
     0
 71
     1
  1
AcDbOsnapPointRef
 72
     4
331
92
 73
     3
 91
        1
 40
0.0
 10
95.060286
 20
114.881153
 30
0.0
 75
     0
  0
DIMASSOC
  5
6C5
102
{ACAD_REACTORS
330
6C4
102
}
330
6C4
100
AcDbDimAssoc
330
6C3
 90
        1
 70
     0
 71
     1
  1
AcDbOsnapPointRef
 72
     4
331
93
 73
     3
 91
        1
 40
0.0
 10
65.060286
 20
156.881153
 30
0.0
 75
     0
  0
DIMASSOC
  5
6CE
102
{ACAD_REACTORS
330
6CD
102
}
330
6CD
100
AcDbDimAssoc
330
6CC
 90
        1
 70
     0
 71
     1
  1
AcDbOsnapPointRef
 72
     4
331
94
 73
     3
 91
        1
 40
0.0
 10
65.060286
 20
114.881153
 30
0.0
 75
     0
  0
DIMASSOC
  5
6D7
102
{ACAD_REACTORS
330
6D6
102
}
330
6D6
100
AcDbDimAssoc
330
6D5
 90
        1
 70
     0
 71
     1
  1
AcDbOsnapPointRef
 72
     4
331
95
 73
     3
 91
        1
 40
0.0
 10
125.060286
 20
156.881153
 30
0.0
 75
     0
  0
DIMASSOC
  5
6E0
102
{ACAD_REACTORS
330
6DF
102
}
330
6DF
100
AcDbDimAssoc
330
6DE
 90
        1
 70
     0
 71
     1
  1
AcDbOsnapPointRef
 72
     4
331
96
 73
     3
 91
        1
 40
0.0
 10
125.060286
 20
114.881153
 30
0.0
 75
     0
  0
DIMASSOC
  5
6E9
102
{ACAD_REACTORS
330
6E8
102
}
330
6E8
100
AcDbDimAssoc
330
6E7
 90
        1
 70
     0
 71
     1
  1
AcDbOsnapPointRef
 72
     4
331
97
 73
     3
 91
        1
 40
0.0
 10
96.552686
 20
130.448753
 30
0.0
 75
     0
  0
DIMASSOC
  5
6F3
102
{ACAD_REACTORS
330
6F2
102
}
330
6F2
100
AcDbDimAssoc
330
6F1
 90
        1
 70
     0
 71
     1
  1
AcDbOsnapPointRef
 72
     4
331
98
 73
     3
 91
        1
 40
0.0
 10
149.108286
 20
141.313553
 30
0.0
 75
     0
  0
DIMASSOC
  5
6FC
102
{ACAD_REACTORS
330
6FB
102
}
330
6FB
100
AcDbDimAssoc
330
6FA
 90
        1
 70
     0
 71
     1
  1
AcDbOsnapPointRef
 72
     4
331
99
 73
     3
 91
        1
 40
0.0
 10
156.552686
 20
130.448753
 30
0.0
 75
     0
  0
DIMASSOC
  5
705
102
{ACAD_REACTORS
330
704
102
}
330
704
100
AcDbDimAssoc
330
703
 90
        1
 70
     0
 71
     1
  1
AcDbOsnapPointRef
 72
     4
331
9A
 73
     3
 91
        1
 40
0.0
 10
96.552686
 20
145.081153
 30
0.0
 75
     0
  0
DIMASSOC
  5
70E
102
{ACAD_REACTORS
330
70D
102
}
330
70D
100
AcDbDimAssoc
330
70C
 90
        1
 70
     0
 71
     1
  1
AcDbOsnapPointRef
 72
     4
331
9B
 73
     3
 91
        1
 40
0.0
 10
95.060286
 20
156.881153
 30
0.0
 75
     0
  0
DIMASSOC
  5
717
102
{ACAD_REACTORS
330
716
102
}
330
716
100
AcDbDimAssoc
330
715
 90
        1
 70
     0
 71
     1
  1
AcDbOsnapPointRef
 72
     4
331
9C
 73
     3
 91
        1
 40
0.0
 10
89.108286
 20
141.313553
 30
0.0
 75
     0
  0
DIMASSOC
  5
720
102
{ACAD_REACTORS
330
71F
102
}
330
71F
100
AcDbDimAssoc
330
71E
 90
        1
 70
     0
 71
     1
  1
AcDbOsnapPointRef
 72
     4
331
9D
 73
     3
 91
        1
 40
0.0
 10
156.552686
 20
145.081153
 30
0.0
 75
     0
  0
DIMASSOC
  5
729
102
{ACAD_REACTORS
330
728
102
}
330
728
100
AcDbDimAssoc
330
727
 90
        1
 70
     0
 71
     1
  1
AcDbOsnapPointRef
 72
     4
331
9E
 73
     3
 91
        1
 40
0.0
 10
126.552686
 20
145.081153
 30
0.0
 75
     0
  0
DIMASSOC
  5
732
102
{ACAD_REACTORS
330
731
102
}
330
731
100
AcDbDimAssoc
330
730
 90
        1
 70
     0
 71
     1
  1
AcDbOsnapPointRef
 72
     4
331
9F
 73
     3
 91
        1
 40
0.0
 10
119.108286
 20
141.313553
 30
0.0
 75
     0
  0
DIMASSOC
  5
73B
102
{ACAD_REACTORS
330
73A
102
}
330
73A
100
AcDbDimAssoc
330
739
 90
        1
 70
     0
 71
     1
  1
AcDbOsnapPointRef
 72
     4
331
A0
 73
     3
 91
        1
 40
0.0
 10
155.060286
 20
114.881153
 30
0.0
 75
     0
  0
DIMASSOC
  5
744
102
{ACAD_REACTORS
330
743
102
}
330
743
100
AcDbDimAssoc
330
742
 90
        1
 70
     0
 71
     1
  1
AcDbOsnapPointRef
 72
     4
331
A1
 73
     3
 91
        1
 40
0.0
 10
126.552686
 20
130.448753
 30
0.0
 75
     0
  0
DIMASSOC
  5
74D
102
{ACAD_REACTORS
330
74C
102
}
330
74C
100
AcDbDimAssoc
330
74B
 90
        1
 70
     0
 71
     1
  1
AcDbOsnapPointRef
 72
     4
331
A2
 73
     3
 91
        1
 40
0.0
 10
119.108286
 20
126.681153
 30
0.0
 75
     0
  0
DIMASSOC
  5
756
102
{ACAD_REACTORS
330
755
102
}
330
755
100
AcDbDimAssoc
330
754
 90
        1
 70
     0
 71
     1
  1
AcDbOsnapPointRef
 72
     4
331
A3
 73
     3
 91
        1
 40
0.0
 10
149.108286
 20
126.681153
 30
0.0
 75
     0
  0
DIMASSOC
  5
75F
102
{ACAD_REACTORS
330
75E
102
}
330
75E
100
AcDbDimAssoc
330
75D
 90
        1
 70
     0
 71
     1
  1
AcDbOsnapPointRef
 72
     4
331
A4
 73
     3
 91
        1
 40
0.0
 10
155.060286
 20
156.881153
 30
0.0
 75
     0
  0
DIMASSOC
  5
768
102
{ACAD_REACTORS
330
767
102
}
330
767
100
AcDbDimAssoc
330
766
 90
        1
 70
     0
 71
     1
  1
AcDbOsnapPointRef
 72
     4
331
A5
 73
     3
 91
        1
 40
0.0
 10
89.108286
 20
126.681153
 30
0.0
 75
     0
  0
DIMASSOC
  5
777
102
{ACAD_REACTORS
330
776
102
}
330
776
100
AcDbDimAssoc
330
775
 90
        3
 70
     0
 71
     1
  1
AcDbOsnapPointRef
 72
    10
331
76E
 73
     2
 91
        1
 40
0.0
 10
35.060286
 20
101.881153
 30
0.0
 75
     0
  1
AcDbOsnapPointRef
 72
     1
331
494
 73
     2
 91
        2
 40
1.0
 10
185.060286
 20
101.881153
 30
0.0
 75
     0
  0
DIMASSOC
  5
783
102
{ACAD_REACTORS
330
782
102
}
330
782
100
AcDbDimAssoc
330
781
 90
        3
 70
     0
 71
     1
  1
AcDbOsnapPointRef
 72
    10
331
76E
 73
     2
 91
        1
 40
0.0
 10
35.060286
 20
101.881153
 30
0.0
 75
     0
  1
AcDbOsnapPointRef
 72
     1
331
AE
 73
     2
 91
        2
 40
1.0
 10
56.060286
 20
105.881153
 30
0.0
 75
     0
  0
DIMASSOC
  5
78F
102
{ACAD_REACTORS
330
78E
102
}
330
78E
100
AcDbDimAssoc
330
78D
 90
        3
 70
     0
 71
     1
  1
AcDbOsnapPointRef
 72
    10
331
76E
 73
     2
 91
        1
 40
0.0
 10
35.060286
 20
101.881153
 30
0.0
 75
     0
  1
AcDbOsnapPointRef
 72
     2
331
245
 73
     2
 91
        2
 40
4.161
 10
115.060286
 20
111.042153
 30
0.0
 75
     0
  0
DIMASSOC
  5
79B
102
{ACAD_REACTORS
330
79A
102
}
330
79A
100
AcDbDimAssoc
330
799
 90
        3
 70
     0
 71
     1
  1
AcDbOsnapPointRef
 72
    10
331
76E
 73
     2
 91
        1
 40
0.0
 10
35.060286
 20
101.881153
 30
0.0
 75
     0
  1
AcDbOsnapPointRef
 72
    13
331
AF
 73
     2
 91
        2
 40
0.0
 10
55.060286
 20
106.881153
 30
0.0
 75
     0
  0
DIMASSOC
  5
7A7
102
{ACAD_REACTORS
330
7A6
102
}
330
7A6
100
AcDbDimAssoc
330
7A5
 90
        3
 70
     0
 71
     1
  1
AcDbOsnapPointRef
 72
    10
331
76E
 73
     2
 91
        1
 40
0.0
 10
35.060286
 20
101.881153
 30
0.0
 75
     0
  1
AcDbOsnapPointRef
 72
     2
331
128
 73
     2
 91
        2
 40
5.0
 10
65.060286
 20
165.881153
 30
0.0
 75
     0
  0
DIMASSOC
  5
7B3
102
{ACAD_REACTORS
330
7B2
102
}
330
7B2
100
AcDbDimAssoc
330
7B1
 90
        3
 70
     0
 71
     1
  1
AcDbOsnapPointRef
 72
    10
331
76E
 73
     2
 91
        1
 40
0.0
 10
35.060286
 20
101.881153
 30
0.0
 75
     0
  1
AcDbOsnapPointRef
 72
     2
331
1B2
 73
     2
 91
        2
 40
4.161
 10
85.060286
 20
111.042153
 30
0.0
 75
     0
  0
DIMASSOC
  5
7BF
102
{ACAD_REACTORS
330
7BE
102
}
330
7BE
100
AcDbDimAssoc
330
7BD
 90
        3
 70
     0
 71
     1
  1
AcDbOsnapPointRef
 72
    10
331
76E
 73
     2
 91
        1
 40
0.0
 10
35.060286
 20
101.881153
 30
0.0
 75
     0
  1
AcDbOsnapPointRef
 72
    13
331
495
 73
     2
 91
        2
 40
0.0
 10
35.060286
 20
191.881153
 30
0.0
 75
     0
  0
DIMASSOC
  5
7CB
102
{ACAD_REACTORS
330
7CA
102
}
330
7CA
100
AcDbDimAssoc
330
7C9
 90
        3
 70
     0
 71
     1
  1
AcDbOsnapPointRef
 72
    10
331
76E
 73
     2
 91
        1
 40
0.0
 10
35.060286
 20
101.881153
 30
0.0
 75
     0
  1
AcDbOsnapPointRef
 72
     2
331
33B
 73
     2
 91
        2
 40
4.161
 10
145.060286
 20
111.042153
 30
0.0
 75
     0
  0
DIMASSOC
  5
7D7
102
{ACAD_REACTORS
330
7D6
102
}
330
7D6
100
AcDbDimAssoc
330
7D5
 90
        3
 70
     0
 71
     1
  1
AcDbOsnapPointRef
 72
    10
331
166
 73
     2
 91
        1
 40
1.630301
 10
105.060286
 20
159.250852
 30
0.0
 75
     0
  1
AcDbOsnapPointRef
 72
     2
331
249
 73
     2
 91
        2
 40
2.161
 10
115.060286
 20
158.720153
 30
0.0
 75
     0
  0
LAYOUT
  5
1E
102
{ACAD_REACTORS
330
1A
102
}
330
1A
100
AcDbPlotSettings
  1

  2
none_device
  4

  6

 40
0.0
 41
0.0
 42
0.0
 43
0.0
 44
0.0
 45
0.0
 46
0.0
 47
0.0
 48
0.0
 49
0.0
140
0.0
141
0.0
142
1.0
143
1.0
 70
   688
 72
     0
 73
     0
 74
     5
  7

 75
    16
 76
     0
 77
     2
 78
   300
147
1.0
148
0.0
149
0.0
100
AcDbLayout
  1
Layout1
 70
     1
 71
     1
 10
0.0
 20
0.0
 11
12.0
 21
9.0
 12
0.0
 22
0.0
 32
0.0
 14
-0.5
 24
-0.5
 34
-0.5
 15
5.0
 25
5.0
 35
5.0
146
0.0
 13
0.0
 23
0.0
 33
0.0
 16
1.0
 26
0.0
 36
0.0
 17
0.0
 27
1.0
 37
0.0
 76
     0
330
1B
  0
LAYOUT
  5
26
102
{ACAD_REACTORS
330
1A
102
}
330
1A
100
AcDbPlotSettings
  1

  2
none_device
  4

  6

 40
0.0
 41
0.0
 42
0.0
 43
0.0
 44
0.0
 45
0.0
 46
0.0
 47
0.0
 48
0.0
 49
0.0
140
0.0
141
0.0
142
1.0
143
1.0
 70
   688
 72
     0
 73
     0
 74
     5
  7

 75
    16
 76
     0
 77
     2
 78
   300
147
1.0
148
0.0
149
0.0
100
AcDbLayout
  1
Layout2
 70
     1
 71
     2
 10
0.0
 20
0.0
 11
0.0
 21
0.0
 12
0.0
 22
0.0
 32
0.0
 14
0.0
 24
0.0
 34
0.0
 15
0.0
 25
0.0
 35
0.0
146
0.0
 13
0.0
 23
0.0
 33
0.0
 16
1.0
 26
0.0
 36
0.0
 17
0.0
 27
1.0
 37
0.0
 76
     0
330
23
  0
LAYOUT
  5
22
102
{ACAD_REACTORS
330
1A
102
}
330
1A
100
AcDbPlotSettings
  1

  2
none_device
  4
Letter_(8.50_x_11.00_Inches)
  6

 40
6.35
 41
6.35
 42
6.350005
 43
6.350005
 44
215.9
 45
279.4
 46
0.0
 47
0.0
 48
0.0
 49
0.0
140
0.0
141
0.0
142
1.0
143
1.0
 70
  1712
 72
     0
 73
     0
 74
     0
  7

 75
     0
 76
     0
 77
     2
 78
   300
147
1.0
148
0.0
149
0.0
100
AcDbLayout
  1
Model
 70
     1
 71
     0
 10
0.0
 20
0.0
 11
12.0
 21
9.0
 12
0.0
 22
0.0
 32
0.0
 14
-0.5
 24
-0.5
 34
-0.5
 15
5.0
 25
5.0
 35
5.0
146
0.0
 13
0.0
 23
0.0
 33
0.0
 16
1.0
 26
0.0
 36
0.0
 17
0.0
 27
1.0
 37
0.0
 76
     0
330
1F
331
29
  0
MATERIAL
  5
45
102
{ACAD_REACTORS
330
43
102
}
102
{ACAD_XDICTIONARY
360
B13
102
}
330
43
100
AcDbMaterial
  1
ByBlock
  0
MATERIAL
  5
44
102
{ACAD_REACTORS
330
43
102
}
102
{ACAD_XDICTIONARY
360
B11
102
}
330
43
100
AcDbMaterial
  1
ByLayer
  0
MATERIAL
  5
46
102
{ACAD_REACTORS
330
43
102
}
102
{ACAD_XDICTIONARY
360
B15
102
}
330
43
100
AcDbMaterial
  1
Global
  0
MLEADERSTYLE
  5
5C
102
{ACAD_REACTORS
330
5B
102
}
102
{ACAD_XDICTIONARY
360
B1B
102
}
330
5B
100
AcDbMLeaderStyle
170
     2
171
     1
172
     0
 90
        2
 40
0.0
 41
0.0
173
     1
 91
-1056964608
340
14
 92
       -2
290
     1
 42
0.09
291
     1
 43
0.36
  3
Standard
341
0
 44
0.18
300

342
11
174
     1
178
     6
175
     1
176
     0
 93
-1056964608
 45
0.18
292
     0
297
     0
 46
0.18
343
0
 94
-1056964608
 47
1.0
 49
1.0
140
1.0
293
     1
141
0.0
294
     1
177
     0
142
1.0
295
     0
296
     0
143
0.125
1001
ACAD_MLEADERVER
1070
     2
  0
MLINESTYLE
  5
18
102
{ACAD_REACTORS
330
17
102
}
330
17
100
AcDbMlineStyle
  2
Standard
 70
     0
  3

 62
   256
 51
90.0
 52
90.0
 71
     2
 49
0.5
 62
   256
  6
BYLAYER
 49
-0.5
 62
   256
  6
BYLAYER
  0
ACDBPLACEHOLDER
  5
F
102
{ACAD_REACTORS
330
E
102
}
330
E
  0
SCALE
  5
48
102
{ACAD_REACTORS
330
47
102
}
330
47
100
AcDbScale
 70
     0
300
1:1
140
1.0
141
1.0
290
     1
  0
SCALE
  5
49
102
{ACAD_REACTORS
330
47
102
}
330
47
100
AcDbScale
 70
     0
300
1/128" = 1'-0"
140
0.007812
141
12.0
290
     0
  0
SCALE
  5
4A
102
{ACAD_REACTORS
330
47
102
}
330
47
100
AcDbScale
 70
     0
300
1/64" = 1'-0"
140
0.015625
141
12.0
290
     0
  0
SCALE
  5
4B
102
{ACAD_REACTORS
330
47
102
}
330
47
100
AcDbScale
 70
     0
300
1/32" = 1'-0"
140
0.03125
141
12.0
290
     0
  0
SCALE
  5
4C
102
{ACAD_REACTORS
330
47
102
}
330
47
100
AcDbScale
 70
     0
300
1/16" = 1'-0"
140
0.0625
141
12.0
290
     0
  0
SCALE
  5
4D
102
{ACAD_REACTORS
330
47
102
}
330
47
100
AcDbScale
 70
     0
300
3/32" = 1'-0"
140
0.09375
141
12.0
290
     0
  0
SCALE
  5
4E
102
{ACAD_REACTORS
330
47
102
}
330
47
100
AcDbScale
 70
     0
300
1/8" = 1'-0"
140
0.125
141
12.0
290
     0
  0
SCALE
  5
4F
102
{ACAD_REACTORS
330
47
102
}
330
47
100
AcDbScale
 70
     0
300
3/16" = 1'-0"
140
0.1875
141
12.0
290
     0
  0
SCALE
  5
50
102
{ACAD_REACTORS
330
47
102
}
330
47
100
AcDbScale
 70
     0
300
1/4" = 1'-0"
140
0.25
141
12.0
290
     0
  0
SCALE
  5
51
102
{ACAD_REACTORS
330
47
102
}
330
47
100
AcDbScale
 70
     0
300
3/8" = 1'-0"
140
0.375
141
12.0
290
     0
  0
SCALE
  5
52
102
{ACAD_REACTORS
330
47
102
}
330
47
100
AcDbScale
 70
     0
300
1/2" = 1'-0"
140
0.5
141
12.0
290
     0
  0
SCALE
  5
53
102
{ACAD_REACTORS
330
47
102
}
330
47
100
AcDbScale
 70
     0
300
3/4" = 1'-0"
140
0.75
141
12.0
290
     0
  0
SCALE
  5
54
102
{ACAD_REACTORS
330
47
102
}
330
47
100
AcDbScale
 70
     0
300
1" = 1'-0"
140
1.0
141
12.0
290
     0
  0
SCALE
  5
55
102
{ACAD_REACTORS
330
47
102
}
330
47
100
AcDbScale
 70
     0
300
1-1/2" = 1'-0"
140
1.5
141
12.0
290
     0
  0
SCALE
  5
56
102
{ACAD_REACTORS
330
47
102
}
330
47
100
AcDbScale
 70
     0
300
3" = 1'-0"
140
3.0
141
12.0
290
     0
  0
SCALE
  5
57
102
{ACAD_REACTORS
330
47
102
}
330
47
100
AcDbScale
 70
     0
300
6" = 1'-0"
140
6.0
141
12.0
290
     0
  0
SCALE
  5
58
102
{ACAD_REACTORS
330
47
102
}
330
47
100
AcDbScale
 70
     0
300
1'-0" = 1'-0"
140
12.0
141
12.0
290
     0
  0
TABLESTYLE
  5
5A
102
{ACAD_REACTORS
330
59
102
}
102
{ACAD_XDICTIONARY
360
B17
102
}
330
59
100
AcDbTableStyle
  3
Standard
 70
     0
 71
     0
 40
0.06
 41
0.06
280
     0
281
     0
  7
Standard
140
0.18
170
     2
 62
     0
 63
   257
283
     0
274
    -2
284
     1
 64
     0
275
    -2
285
     1
 65
     0
276
    -2
286
     1
 66
     0
277
    -2
287
     1
 67
     0
278
    -2
288
     1
 68
     0
279
    -2
289
     1
 69
     0
  7
Standard
140
0.25
170
     5
 62
     0
 63
   257
283
     0
274
    -2
284
     1
 64
     0
275
    -2
285
     1
 65
     0
276
    -2
286
     1
 66
     0
277
    -2
287
     1
 67
     0
278
    -2
288
     1
 68
     0
279
    -2
289
     1
 69
     0
  7
Standard
140
0.18
170
     5
 62
     0
 63
   257
283
     0
274
    -2
284
     1
 64
     0
275
    -2
285
     1
 65
     0
276
    -2
286
     1
 66
     0
277
    -2
287
     1
 67
     0
278
    -2
288
     1
 68
     0
279
    -2
289
     1
 69
     0
  0
VISUALSTYLE
  5
2F
102
{ACAD_REACTORS
330
2A
102
}
102
{ACAD_XDICTIONARY
360
AE9
102
}
330
2A
100
AcDbVisualStyle
  2
2dWireframe
 70
     4
 71
     0
 72
     2
 73
     0
 90
        0
 40
0.6
 41
30.0
 62
     5
 63
     7
421
 16777215
 74
     1
 91
        4
 64
     7
 65
   257
 75
     1
175
     1
 42
1.0
 92
        0
 66
   257
 43
1.0
 76
     1
 77
     6
 78
     2
 67
     7
 79
     5
170
     0
171
     0
290
     0
174
     0
 93
        1
 44
0.0
173
     0
291
     0
 45
0.0
1001
ACAD
1000
AcDbSavedByObjectVersion
1070
     0
  0
VISUALSTYLE
  5
32
102
{ACAD_REACTORS
330
2A
102
}
102
{ACAD_XDICTIONARY
360
AEF
102
}
330
2A
100
AcDbVisualStyle
  2
Basic
 70
     7
 71
     1
 72
     0
 73
     1
 90
        0
 40
0.6
 41
30.0
 62
     5
 63
     7
421
 16777215
 74
     0
 91
        4
 64
     7
 65
   257
 75
     1
175
     1
 42
1.0
 92
        8
 66
     7
 43
1.0
 76
     1
 77
     6
 78
     2
 67
     7
 79
     5
170
     0
171
     0
290
     0
174
     0
 93
        1
 44
0.0
173
     0
291
     1
 45
0.0
1001
ACAD
1000
AcDbSavedByObjectVersion
1070
     0
  0
VISUALSTYLE
  5
36
102
{ACAD_REACTORS
330
2A
102
}
102
{ACAD_XDICTIONARY
360
AF7
102
}
330
2A
100
AcDbVisualStyle
  2
Brighten
 70
    12
 71
     2
 72
     2
 73
     0
 90
        0
 40
0.6
 41
30.0
 62
     5
 63
     7
421
 16777215
 74
     1
 91
        4
 64
     7
 65
   257
 75
     1
175
     1
 42
1.0
 92
        8
 66
     7
 43
1.0
 76
     1
 77
     6
 78
     2
 67
     7
 79
     5
170
     0
171
     0
290
     0
174
     0
 93
        1
 44
50.0
173
     0
291
     1
 45
0.0
1001
ACAD
1000
AcDbSavedByObjectVersion
1070
     0
  0
VISUALSTYLE
  5
3A
102
{ACAD_REACTORS
330
2A
102
}
102
{ACAD_XDICTIONARY
360
AFF
102
}
330
2A
100
AcDbVisualStyle
  2
ColorChange
 70
    16
 71
     2
 72
     2
 73
     3
 90
        0
 40
0.6
 41
30.0
 62
     5
 63
     8
421
  8421504
 74
     1
 91
        4
 64
     7
 65
   257
 75
     1
175
     1
 42
1.0
 92
        8
 66
     8
424
  8421504
 43
1.0
 76
     1
 77
     6
 78
     2
 67
     7
 79
     5
170
     0
171
     0
290
     0
174
     0
 93
        1
 44
0.0
173
     0
291
     1
 45
0.0
1001
ACAD
1000
AcDbSavedByObjectVersion
1070
     0
  0
VISUALSTYLE
  5
34
102
{ACAD_REACTORS
330
2A
102
}
102
{ACAD_XDICTIONARY
360
AF3
102
}
330
2A
100
AcDbVisualStyle
  2
Conceptual
 70
     9
 71
     3
 72
     2
 73
     0
 90
        0
 40
0.6
 41
30.0
 62
     5
 63
     7
421
 16777215
 74
     2
 91
        2
 64
     7
 65
   257
 75
     1
175
     1
 42
179.0
 92
        8
 66
     7
 43
1.0
 76
     1
 77
     6
 78
     2
 67
     7
 79
     3
170
     0
171
     0
290
     0
174
     0
 93
        1
 44
0.0
173
     0
291
     0
 45
0.0
1001
ACAD
1000
AcDbSavedByObjectVersion
1070
     0
  0
VISUALSTYLE
  5
35
102
{ACAD_REACTORS
330
2A
102
}
102
{ACAD_XDICTIONARY
360
AF5
102
}
330
2A
100
AcDbVisualStyle
  2
Dim
 70
    11
 71
     2
 72
     2
 73
     0
 90
        0
 40
0.6
 41
30.0
 62
     5
 63
     7
421
 16777215
 74
     1
 91
        4
 64
     7
 65
   257
 75
     1
175
     1
 42
1.0
 92
        8
 66
     7
 43
1.0
 76
     1
 77
     6
 78
     2
 67
     7
 79
     5
170
     0
171
     0
290
     0
174
     0
 93
        1
 44
-50.0
173
     0
291
     1
 45
0.0
1001
ACAD
1000
AcDbSavedByObjectVersion
1070
     0
  0
VISUALSTYLE
  5
3D
102
{ACAD_REACTORS
330
2A
102
}
102
{ACAD_XDICTIONARY
360
B05
102
}
330
2A
100
AcDbVisualStyle
  2
EdgeColorOff
 70
    22
 71
     2
 72
     2
 73
     0
 90
        0
 40
0.6
 41
30.0
 62
     5
 63
     7
421
 16777215
 74
     1
 91
        4
 64
     7
 65
   257
 75
     1
175
     1
 42
1.0
 92
        8
 66
     7
 43
1.0
 76
     1
 77
     6
 78
     2
 67
     7
 79
     5
170
     0
171
     0
290
     0
174
     0
 93
        1
 44
0.0
173
     0
291
     1
 45
0.0
1001
ACAD
1000
AcDbSavedByObjectVersion
1070
     0
  0
VISUALSTYLE
  5
39
102
{ACAD_REACTORS
330
2A
102
}
102
{ACAD_XDICTIONARY
360
AFD
102
}
330
2A
100
AcDbVisualStyle
  2
Facepattern
 70
    15
 71
     2
 72
     2
 73
     0
 90
        0
 40
0.6
 41
30.0
 62
     5
 63
     7
421
 16777215
 74
     1
 91
        4
 64
     7
 65
   257
 75
     1
175
     1
 42
1.0
 92
        8
 66
     7
 43
1.0
 76
     1
 77
     6
 78
     2
 67
     7
 79
     5
170
     0
171
     0
290
     0
174
     0
 93
        1
 44
0.0
173
     0
291
     1
 45
0.0
1001
ACAD
1000
AcDbSavedByObjectVersion
1070
     0
  0
VISUALSTYLE
  5
2B
102
{ACAD_REACTORS
330
2A
102
}
102
{ACAD_XDICTIONARY
360
AE1
102
}
330
2A
100
AcDbVisualStyle
  2
Flat
 70
     0
 71
     2
 72
     1
 73
     1
 90
        2
 40
0.6
 41
30.0
 62
     5
 63
     7
421
 16777215
 74
     0
 91
        0
 64
     7
 65
   257
 75
     1
175
     1
 42
1.0
 92
        8
 66
     7
 43
1.0
 76
     1
 77
     6
 78
     2
 67
     7
 79
     5
170
     0
171
     0
290
     0
174
     0
 93
       13
 44
0.0
173
     0
291
     1
 45
0.0
1001
ACAD
1000
AcDbSavedByObjectVersion
1070
     0
  0
VISUALSTYLE
  5
2C
102
{ACAD_REACTORS
330
2A
102
}
102
{ACAD_XDICTIONARY
360
AE3
102
}
330
2A
100
AcDbVisualStyle
  2
FlatWithEdges
 70
     1
 71
     2
 72
     1
 73
     1
 90
        2
 40
0.6
 41
30.0
 62
     5
 63
     7
421
 16777215
 74
     1
 91
        0
 64
     7
 65
   257
 75
     1
175
     1
 42
1.0
 92
        0
 66
   257
 43
1.0
 76
     1
 77
     6
 78
     2
 67
     7
 79
     5
170
     0
171
     0
290
     0
174
     0
 93
       13
 44
0.0
173
     0
291
     1
 45
0.0
1001
ACAD
1000
AcDbSavedByObjectVersion
1070
     0
  0
VISUALSTYLE
  5
2D
102
{ACAD_REACTORS
330
2A
102
}
102
{ACAD_XDICTIONARY
360
AE5
102
}
330
2A
100
AcDbVisualStyle
  2
Gouraud
 70
     2
 71
     2
 72
     2
 73
     1
 90
        2
 40
0.6
 41
30.0
 62
     5
 63
     7
421
 16777215
 74
     0
 91
        0
 64
     7
 65
   257
 75
     1
175
     1
 42
1.0
 92
        0
 66
     7
 43
1.0
 76
     1
 77
     6
 78
     2
 67
     7
 79
     5
170
     0
171
     0
290
     0
174
     0
 93
       13
 44
0.0
173
     0
291
     1
 45
0.0
1001
ACAD
1000
AcDbSavedByObjectVersion
1070
     0
  0
VISUALSTYLE
  5
2E
102
{ACAD_REACTORS
330
2A
102
}
102
{ACAD_XDICTIONARY
360
AE7
102
}
330
2A
100
AcDbVisualStyle
  2
GouraudWithEdges
 70
     3
 71
     2
 72
     2
 73
     1
 90
        2
 40
0.6
 41
30.0
 62
     5
 63
     7
421
 16777215
 74
     1
 91
        0
 64
     7
 65
   257
 75
     1
175
     1
 42
1.0
 92
        0
 66
   257
 43
1.0
 76
     1
 77
     6
 78
     2
 67
     7
 79
     5
170
     0
171
     0
290
     0
174
     0
 93
       13
 44
0.0
173
     0
291
     1
 45
0.0
1001
ACAD
1000
AcDbSavedByObjectVersion
1070
     0
  0
VISUALSTYLE
  5
31
102
{ACAD_REACTORS
330
2A
102
}
102
{ACAD_XDICTIONARY
360
AED
102
}
330
2A
100
AcDbVisualStyle
  2
Hidden
 70
     6
 71
     1
 72
     2
 73
     2
 90
        0
 40
0.6
 41
30.0
 62
     5
 63
     7
421
 16777215
 74
     2
 91
        2
 64
     7
 65
   257
 75
     2
175
     1
 42
40.0
 92
        0
 66
   257
 43
1.0
 76
     1
 77
     6
 78
     2
 67
     7
 79
     3
170
     0
171
     0
290
     0
174
     0
 93
        1
 44
0.0
173
     0
291
     0
 45
0.0
1001
ACAD
1000
AcDbSavedByObjectVersion
1070
     0
  0
VISUALSTYLE
  5
3B
102
{ACAD_REACTORS
330
2A
102
}
102
{ACAD_XDICTIONARY
360
B01
102
}
330
2A
100
AcDbVisualStyle
  2
JitterOff
 70
    20
 71
     2
 72
     2
 73
     0
 90
        0
 40
0.6
 41
30.0
 62
     5
 63
     7
421
 16777215
 74
     1
 91
        4
 64
     7
 65
   257
 75
     1
175
     1
 42
1.0
 92
       10
 66
     7
 43
1.0
 76
     1
 77
     6
 78
     2
 67
     7
 79
     5
170
     0
171
     0
290
     0
174
     0
 93
        1
 44
0.0
173
     0
291
     1
 45
0.0
1001
ACAD
1000
AcDbSavedByObjectVersion
1070
     0
  0
VISUALSTYLE
  5
38
102
{ACAD_REACTORS
330
2A
102
}
102
{ACAD_XDICTIONARY
360
AFB
102
}
330
2A
100
AcDbVisualStyle
  2
Linepattern
 70
    14
 71
     2
 72
     2
 73
     0
 90
        0
 40
0.6
 41
30.0
 62
     5
 63
     7
421
 16777215
 74
     1
 91
        4
 64
     7
 65
   257
 75
     7
175
     7
 42
1.0
 92
        8
 66
     7
 43
1.0
 76
     1
 77
     6
 78
     2
 67
     7
 79
     5
170
     0
171
     0
290
     0
174
     0
 93
        1
 44
0.0
173
     0
291
     1
 45
0.0
1001
ACAD
1000
AcDbSavedByObjectVersion
1070
     0
  0
VISUALSTYLE
  5
3C
102
{ACAD_REACTORS
330
2A
102
}
102
{ACAD_XDICTIONARY
360
B03
102
}
330
2A
100
AcDbVisualStyle
  2
OverhangOff
 70
    21
 71
     2
 72
     2
 73
     0
 90
        0
 40
0.6
 41
30.0
 62
     5
 63
     7
421
 16777215
 74
     1
 91
        4
 64
     7
 65
   257
 75
     1
175
     1
 42
1.0
 92
        9
 66
     7
 43
1.0
 76
     1
 77
     6
 78
     2
 67
     7
 79
     5
170
     0
171
     0
290
     0
174
     0
 93
        1
 44
0.0
173
     0
291
     1
 45
0.0
1001
ACAD
1000
AcDbSavedByObjectVersion
1070
     0
  0
VISUALSTYLE
  5
33
102
{ACAD_REACTORS
330
2A
102
}
102
{ACAD_XDICTIONARY
360
AF1
102
}
330
2A
100
AcDbVisualStyle
  2
Realistic
 70
     8
 71
     2
 72
     3
 73
     0
 90
        2
 40
0.6
 41
30.0
 62
     5
 63
     7
421
 16777215
 74
     0
 91
        0
 64
     7
 65
   257
 75
     1
175
     1
 42
1.0
 92
        8
 66
   257
 43
1.0
 76
     1
 77
     6
 78
     2
 67
     7
 79
     3
170
     0
171
     0
290
     0
174
     0
 93
       13
 44
0.0
173
     0
291
     0
 45
0.0
1001
ACAD
1000
AcDbSavedByObjectVersion
1070
     0
  0
VISUALSTYLE
  5
42
102
{ACAD_REACTORS
330
2A
102
}
102
{ACAD_XDICTIONARY
360
B0F
102
}
330
2A
100
AcDbVisualStyle
  2
Shaded
 70
    27
 71
     2
 72
     2
 73
     1
 90
        2
 40
0.6
 41
30.0
 62
     5
 63
     7
421
 16777215
 74
     0
 91
        4
 64
     7
 65
   257
 75
     1
175
     1
 42
1.0
 92
        8
 66
   257
 43
1.0
 76
     1
 77
     6
 78
     2
 67
     8
425
  7895160
 79
     3
170
     0
171
     0
290
     0
174
     0
 93
        5
 44
0.0
173
     0
291
     0
 45
0.0
1001
ACAD
1000
AcDbSavedByObjectVersion
1070
     0
  0
VISUALSTYLE
  5
41
102
{ACAD_REACTORS
330
2A
102
}
102
{ACAD_XDICTIONARY
360
B0D
102
}
330
2A
100
AcDbVisualStyle
  2
Shaded with edges
 70
    26
 71
     2
 72
     2
 73
     1
 90
        2
 40
0.6
 41
30.0
 62
     5
 63
     7
421
 16777215
 74
     1
 91
       10
 64
     7
 65
   257
 75
     2
175
     1
 42
1.0
 92
        8
 66
   257
 43
1.0
 76
     1
 77
     6
 78
     2
 67
     7
 79
     3
170
     0
171
     0
290
     0
174
     0
 93
        5
 44
0.0
173
     0
291
     0
 45
0.0
1001
ACAD
1000
AcDbSavedByObjectVersion
1070
     0
  0
VISUALSTYLE
  5
3E
102
{ACAD_REACTORS
330
2A
102
}
102
{ACAD_XDICTIONARY
360
B07
102
}
330
2A
100
AcDbVisualStyle
  2
Shades of Gray
 70
    23
 71
     2
 72
     2
 73
     3
 90
        0
 40
0.6
 41
30.0
 62
     5
 63
     7
421
 16777215
 74
     2
 91
        2
 64
     7
 65
     7
 75
     1
175
     1
 42
40.0
 92
        8
 66
     7
 43
1.0
 76
     1
 77
     6
 78
     2
 67
     7
 79
     3
170
     0
171
     0
290
     0
174
     0
 93
        1
 44
0.0
173
     0
291
     0
 45
0.0
1001
ACAD
1000
AcDbSavedByObjectVersion
1070
     0
  0
VISUALSTYLE
  5
3F
102
{ACAD_REACTORS
330
2A
102
}
102
{ACAD_XDICTIONARY
360
B09
102
}
330
2A
100
AcDbVisualStyle
  2
Sketchy
 70
    24
 71
     1
 72
     2
 73
     2
 90
        0
 40
0.6
 41
30.0
 62
     5
 63
     7
421
 16777215
 74
     2
 91
        2
 64
     7
 65
     7
 75
     1
175
     1
 42
40.0
 92
       11
 66
     7
 43
1.0
 76
     1
 77
     6
 78
     2
 67
     7
 79
     6
170
     0
171
     0
290
     0
174
     0
 93
        1
 44
0.0
173
     0
291
     0
 45
0.0
1001
ACAD
1000
AcDbSavedByObjectVersion
1070
     0
  0
VISUALSTYLE
  5
37
102
{ACAD_REACTORS
330
2A
102
}
102
{ACAD_XDICTIONARY
360
AF9
102
}
330
2A
100
AcDbVisualStyle
  2
Thicken
 70
    13
 71
     2
 72
     2
 73
     0
 90
        0
 40
0.6
 41
30.0
 62
     5
 63
     7
421
 16777215
 74
     1
 91
        4
 64
     7
 65
   257
 75
     1
175
     1
 42
1.0
 92
       12
 66
     7
 43
1.0
 76
     1
 77
     6
 78
     2
 67
     7
 79
     5
170
     0
171
     0
290
     0
174
     0
 93
        1
 44
0.0
173
     0
291
     1
 45
0.0
1001
ACAD
1000
AcDbSavedByObjectVersion
1070
     0
  0
VISUALSTYLE
  5
30
102
{ACAD_REACTORS
330
2A
102
}
102
{ACAD_XDICTIONARY
360
AEB
102
}
330
2A
100
AcDbVisualStyle
  2
Wireframe
 70
     5
 71
     0
 72
     2
 73
     0
 90
        0
 40
0.6
 41
30.0
 62
     5
 63
     7
421
 16777215
 74
     1
 91
        4
 64
     7
 65
   257
 75
     1
175
     1
 42
1.0
 92
        0
 66
   257
 43
1.0
 76
     1
 77
     6
 78
     2
 67
     7
 79
     3
170
     0
171
     0
290
     0
174
     0
 93
        1
 44
0.0
173
     0
291
     0
 45
0.0
1001
ACAD
1000
AcDbSavedByObjectVersion
1070
     0
  0
VISUALSTYLE
  5
40
102
{ACAD_REACTORS
330
2A
102
}
102
{ACAD_XDICTIONARY
360
B0B
102
}
330
2A
100
AcDbVisualStyle
  2
X-Ray
 70
    25
 71
     2
 72
     2
 73
     1
 90
        1
 40
0.5
 41
30.0
 62
     5
 63
     7
421
 16777215
 74
     1
 91
        0
 64
     7
 65
   257
 75
     1
175
     1
 42
1.0
 92
        8
 66
     7
 43
1.0
 76
     1
 77
     6
 78
     2
 67
     7
 79
     3
170
     0
171
     0
290
     0
174
     0
 93
       13
 44
0.0
173
     0
291
     0
 45
0.0
1001
ACAD
1000
AcDbSavedByObjectVersion
1070
     0
  0
DICTIONARYVAR
  5
ADE
102
{ACAD_REACTORS
330
ADD
102
}
330
ADD
100
DictionaryVariables
280
     0
  1
1:1
  0
DICTIONARYVAR
  5
B1F
102
{ACAD_REACTORS
330
ADD
102
}
330
ADD
100
DictionaryVariables
280
     0
  1
Standard
  0
DICTIONARYVAR
  5
B1E
102
{ACAD_REACTORS
330
ADD
102
}
330
ADD
100
DictionaryVariables
280
     0
  1
Standard
  0
DICTIONARYVAR
  5
ADF
102
{ACAD_REACTORS
330
ADD
102
}
330
ADD
100
DictionaryVariables
280
     0
  1
1
  0
DICTIONARYVAR
  5
AE0
102
{ACAD_REACTORS
330
ADD
102
}
330
ADD
100
DictionaryVariables
280
     0
  1
2
  0
DICTIONARY
  5
B13
330
45
100
AcDbDictionary
280
     1
281
     1
  3
ACAD_XREC_ROUNDTRIP
360
B14
  0
DICTIONARY
  5
B11
330
44
100
AcDbDictionary
280
     1
281
     1
  3
ACAD_XREC_ROUNDTRIP
360
B12
  0
DICTIONARY
  5
B15
330
46
100
AcDbDictionary
280
     1
281
     1
  3
ACAD_XREC_ROUNDTRIP
360
B16
  0
DICTIONARY
  5
B1B
330
5C
100
AcDbDictionary
280
     1
281
     1
  3
ACAD_XREC_ROUNDTRIP
360
B1C
  0
DICTIONARY
  5
B17
330
5A
100
AcDbDictionary
280
     1
281
     1
  3
ACAD_ROUNDTRIP_2008_TABLESTYLE_CELLSTYLEMAP
360
B19
  3
ACAD_XREC_ROUNDTRIP
360
B18
  0
DICTIONARY
  5
AE9
330
2F
100
AcDbDictionary
280
     1
281
     1
  3
ACAD_XREC_ROUNDTRIP
360
AEA
  0
DICTIONARY
  5
AEF
330
32
100
AcDbDictionary
280
     1
281
     1
  3
ACAD_XREC_ROUNDTRIP
360
AF0
  0
DICTIONARY
  5
AF7
330
36
100
AcDbDictionary
280
     1
281
     1
  3
ACAD_XREC_ROUNDTRIP
360
AF8
  0
DICTIONARY
  5
AFF
330
3A
100
AcDbDictionary
280
     1
281
     1
  3
ACAD_XREC_ROUNDTRIP
360
B00
  0
DICTIONARY
  5
AF3
330
34
100
AcDbDictionary
280
     1
281
     1
  3
ACAD_XREC_ROUNDTRIP
360
AF4
  0
DICTIONARY
  5
AF5
330
35
100
AcDbDictionary
280
     1
281
     1
  3
ACAD_XREC_ROUNDTRIP
360
AF6
  0
DICTIONARY
  5
B05
330
3D
100
AcDbDictionary
280
     1
281
     1
  3
ACAD_XREC_ROUNDTRIP
360
B06
  0
DICTIONARY
  5
AFD
330
39
100
AcDbDictionary
280
     1
281
     1
  3
ACAD_XREC_ROUNDTRIP
360
AFE
  0
DICTIONARY
  5
AE1
330
2B
100
AcDbDictionary
280
     1
281
     1
  3
ACAD_XREC_ROUNDTRIP
360
AE2
  0
DICTIONARY
  5
AE3
330
2C
100
AcDbDictionary
280
     1
281
     1
  3
ACAD_XREC_ROUNDTRIP
360
AE4
  0
DICTIONARY
  5
AE5
330
2D
100
AcDbDictionary
280
     1
281
     1
  3
ACAD_XREC_ROUNDTRIP
360
AE6
  0
DICTIONARY
  5
AE7
330
2E
100
AcDbDictionary
280
     1
281
     1
  3
ACAD_XREC_ROUNDTRIP
360
AE8
  0
DICTIONARY
  5
AED
330
31
100
AcDbDictionary
280
     1
281
     1
  3
ACAD_XREC_ROUNDTRIP
360
AEE
  0
DICTIONARY
  5
B01
330
3B
100
AcDbDictionary
280
     1
281
     1
  3
ACAD_XREC_ROUNDTRIP
360
B02
  0
DICTIONARY
  5
AFB
330
38
100
AcDbDictionary
280
     1
281
     1
  3
ACAD_XREC_ROUNDTRIP
360
AFC
  0
DICTIONARY
  5
B03
330
3C
100
AcDbDictionary
280
     1
281
     1
  3
ACAD_XREC_ROUNDTRIP
360
B04
  0
DICTIONARY
  5
AF1
330
33
100
AcDbDictionary
280
     1
281
     1
  3
ACAD_XREC_ROUNDTRIP
360
AF2
  0
DICTIONARY
  5
B0F
330
42
100
AcDbDictionary
280
     1
281
     1
  3
ACAD_XREC_ROUNDTRIP
360
B10
  0
DICTIONARY
  5
B0D
330
41
100
AcDbDictionary
280
     1
281
     1
  3
ACAD_XREC_ROUNDTRIP
360
B0E
  0
DICTIONARY
  5
B07
330
3E
100
AcDbDictionary
280
     1
281
     1
  3
ACAD_XREC_ROUNDTRIP
360
B08
  0
DICTIONARY
  5
B09
330
3F
100
AcDbDictionary
280
     1
281
     1
  3
ACAD_XREC_ROUNDTRIP
360
B0A
  0
DICTIONARY
  5
AF9
330
37
100
AcDbDictionary
280
     1
281
     1
  3
ACAD_XREC_ROUNDTRIP
360
AFA
  0
DICTIONARY
  5
AEB
330
30
100
AcDbDictionary
280
     1
281
     1
  3
ACAD_XREC_ROUNDTRIP
360
AEC
  0
DICTIONARY
  5
B0B
330
40
100
AcDbDictionary
280
     1
281
     1
  3
ACAD_XREC_ROUNDTRIP
360
B0C
  0
XRECORD
  5
B14
102
{ACAD_REACTORS
330
B13
102
}
330
B13
100
AcDbXrecord
280
     1
102
MATERIAL
148
0.0
149
0.0
149
0.0
 93
        0
 94
      127
282
     0
 72
     1
 77
     1
171
     1
175
     1
179
     1
273
     0
  0
XRECORD
  5
B12
102
{ACAD_REACTORS
330
B11
102
}
330
B11
100
AcDbXrecord
280
     1
102
MATERIAL
148
0.0
149
0.0
149
0.0
 93
        0
 94
      127
282
     0
 72
     1
 77
     1
171
     1
175
     1
179
     1
273
     0
  0
XRECORD
  5
B16
102
{ACAD_REACTORS
330
B15
102
}
330
B15
100
AcDbXrecord
280
     1
102
MATERIAL
148
0.0
149
0.0
149
0.0
 93
        0
 94
      127
282
     0
 72
     1
 77
     1
171
     1
175
     1
179
     1
273
     0
  0
XRECORD
  5
B1C
102
{ACAD_REACTORS
330
B1B
102
}
330
B1B
100
AcDbXrecord
280
     1
102
ACAD_ROUNDTRIP_2010_MLEADER_STYLE
  0
CELLSTYLEMAP
  5
B19
102
{ACAD_REACTORS
330
B17
102
}
330
B17
100
AcDbCellStyleMap
 90
        3
300
CELLSTYLE
  1
TABLEFORMAT_BEGIN
 90
        5
170
     1
 91
        0
 92
    32768
 62
   257
 93
        1
300
CONTENTFORMAT
  1
CONTENTFORMAT_BEGIN
 90
        0
 91
        0
 92
        4
 93
        0
300

 40
0.0
140
1.0
 94
        5
 62
     0
340
11
144
0.25
309
CONTENTFORMAT_END
171
     1
301
MARGIN
  1
CELLMARGIN_BEGIN
 40
0.06
 40
0.06
 40
0.06
 40
0.06
 40
0.06
 40
0.06
309
CELLMARGIN_END
 94
        6
 95
        1
302
GRIDFORMAT
  1
GRIDFORMAT_BEGIN
 90
        0
 91
        1
 62
     0
 92
       -2
340
14
 93
        0
 40
0.045
309
GRIDFORMAT_END
 95
        2
302
GRIDFORMAT
  1
GRIDFORMAT_BEGIN
 90
        0
 91
        1
 62
     0
 92
       -2
340
14
 93
        0
 40
0.045
309
GRIDFORMAT_END
 95
        4
302
GRIDFORMAT
  1
GRIDFORMAT_BEGIN
 90
        0
 91
        1
 62
     0
 92
       -2
340
14
 93
        0
 40
0.045
309
GRIDFORMAT_END
 95
        8
302
GRIDFORMAT
  1
GRIDFORMAT_BEGIN
 90
        0
 91
        1
 62
     0
 92
       -2
340
14
 93
        0
 40
0.045
309
GRIDFORMAT_END
 95
       16
302
GRIDFORMAT
  1
GRIDFORMAT_BEGIN
 90
        0
 91
        1
 62
     0
 92
       -2
340
14
 93
        0
 40
0.045
309
GRIDFORMAT_END
 95
       32
302
GRIDFORMAT
  1
GRIDFORMAT_BEGIN
 90
        0
 91
        1
 62
     0
 92
       -2
340
14
 93
        0
 40
0.045
309
GRIDFORMAT_END
309
TABLEFORMAT_END
  1
CELLSTYLE_BEGIN
 90
        1
 91
        1
300
_TITLE
309
CELLSTYLE_END
300
CELLSTYLE
  1
TABLEFORMAT_BEGIN
 90
        5
170
     1
 91
        0
 92
        0
 62
   257
 93
        1
300
CONTENTFORMAT
  1
CONTENTFORMAT_BEGIN
 90
        0
 91
        0
 92
        4
 93
        0
300

 40
0.0
140
1.0
 94
        5
 62
     0
340
11
144
0.18
309
CONTENTFORMAT_END
171
     1
301
MARGIN
  1
CELLMARGIN_BEGIN
 40
0.06
 40
0.06
 40
0.06
 40
0.06
 40
0.06
 40
0.06
309
CELLMARGIN_END
 94
        6
 95
        1
302
GRIDFORMAT
  1
GRIDFORMAT_BEGIN
 90
        0
 91
        1
 62
     0
 92
       -2
340
14
 93
        0
 40
0.045
309
GRIDFORMAT_END
 95
        2
302
GRIDFORMAT
  1
GRIDFORMAT_BEGIN
 90
        0
 91
        1
 62
     0
 92
       -2
340
14
 93
        0
 40
0.045
309
GRIDFORMAT_END
 95
        4
302
GRIDFORMAT
  1
GRIDFORMAT_BEGIN
 90
        0
 91
        1
 62
     0
 92
       -2
340
14
 93
        0
 40
0.045
309
GRIDFORMAT_END
 95
        8
302
GRIDFORMAT
  1
GRIDFORMAT_BEGIN
 90
        0
 91
        1
 62
     0
 92
       -2
340
14
 93
        0
 40
0.045
309
GRIDFORMAT_END
 95
       16
302
GRIDFORMAT
  1
GRIDFORMAT_BEGIN
 90
        0
 91
        1
 62
     0
 92
       -2
340
14
 93
        0
 40
0.045
309
GRIDFORMAT_END
 95
       32
302
GRIDFORMAT
  1
GRIDFORMAT_BEGIN
 90
        0
 91
        1
 62
     0
 92
       -2
340
14
 93
        0
 40
0.045
309
GRIDFORMAT_END
309
TABLEFORMAT_END
  1
CELLSTYLE_BEGIN
 90
        2
 91
        1
300
_HEADER
309
CELLSTYLE_END
300
CELLSTYLE
  1
TABLEFORMAT_BEGIN
 90
        5
170
     1
 91
        0
 92
        0
 62
   257
 93
        1
300
CONTENTFORMAT
  1
CONTENTFORMAT_BEGIN
 90
        0
 91
        0
 92
        4
 93
        0
300

 40
0.0
140
1.0
 94
        2
 62
     0
340
11
144
0.18
309
CONTENTFORMAT_END
171
     1
301
MARGIN
  1
CELLMARGIN_BEGIN
 40
0.06
 40
0.06
 40
0.06
 40
0.06
 40
0.06
 40
0.06
309
CELLMARGIN_END
 94
        6
 95
        1
302
GRIDFORMAT
  1
GRIDFORMAT_BEGIN
 90
        0
 91
        1
 62
     0
 92
       -2
340
14
 93
        0
 40
0.045
309
GRIDFORMAT_END
 95
        2
302
GRIDFORMAT
  1
GRIDFORMAT_BEGIN
 90
        0
 91
        1
 62
     0
 92
       -2
340
14
 93
        0
 40
0.045
309
GRIDFORMAT_END
 95
        4
302
GRIDFORMAT
  1
GRIDFORMAT_BEGIN
 90
        0
 91
        1
 62
     0
 92
       -2
340
14
 93
        0
 40
0.045
309
GRIDFORMAT_END
 95
        8
302
GRIDFORMAT
  1
GRIDFORMAT_BEGIN
 90
        0
 91
        1
 62
     0
 92
       -2
340
14
 93
        0
 40
0.045
309
GRIDFORMAT_END
 95
       16
302
GRIDFORMAT
  1
GRIDFORMAT_BEGIN
 90
        0
 91
        1
 62
     0
 92
       -2
340
14
 93
        0
 40
0.045
309
GRIDFORMAT_END
 95
       32
302
GRIDFORMAT
  1
GRIDFORMAT_BEGIN
 90
        0
 91
        1
 62
     0
 92
       -2
340
14
 93
        0
 40
0.045
309
GRIDFORMAT_END
309
TABLEFORMAT_END
  1
CELLSTYLE_BEGIN
 90
        3
 91
        2
300
_DATA
309
CELLSTYLE_END
  0
XRECORD
  5
B18
102
{ACAD_REACTORS
330
B17
102
}
330
B17
100
AcDbXrecord
280
     1
102
ACAD_ROUNDTRIP_PRE2007_TABLESTYLE
 90
        4
 91
        0
  1

 92
        4
 93
        0
  2

 94
        4
 95
        0
  3

  0
XRECORD
  5
AEA
102
{ACAD_REACTORS
330
AE9
102
}
330
AE9
100
AcDbXrecord
280
     1
102
RTVSPropertyOp0
 70
     1
102
RTVSPropertyOp1
 70
     1
102
RTVSPropertyOp2
 70
     1
102
RTVSPropertyOp3
 70
     1
102
RTVSPropertyOp4
 70
     1
102
RTVSPropertyOp5
 70
     1
102
RTVSPropertyOp6
 70
     1
102
RTVSPropertyOp7
 70
     1
102
RTVSPropertyOp8
 70
     1
102
RTVSPropertyOp9
 70
     1
102
RTVSPropertyOp10
 70
     1
102
RTVSPropertyOp11
 70
     1
102
RTVSPropertyOp12
 70
     1
102
RTVSPropertyOp13
 70
     1
102
RTVSPropertyOp14
 70
     1
102
RTVSPropertyOp15
 70
     1
102
RTVSPropertyOp16
 70
     1
102
RTVSPropertyOp17
 70
     1
102
RTVSPropertyOp18
 70
     1
102
RTVSPropertyOp19
 70
     1
102
RTVSPropertyOp20
 70
     1
102
RTVSPropertyOp21
 70
     1
102
RTVSPropertyOp22
 70
     1
102
RTVSPropertyOp23
 70
     1
102
RTVSPropertyOp24
 70
     1
102
RTVSPropertyOp25
 70
     1
102
RTVSPropertyOp26
 70
     1
102
RTVSPropertyOp27
 70
     1
102
RTVSPropertyOp28
 70
     1
102
RTVSPropertyOp29
 70
     1
102
RTVSPropertyOp30
 70
     1
102
RTVSPropertyOp31
 70
     1
102
RTVSPropertyOp32
 70
     1
102
RTVSPropertyOp33
 70
     1
102
RTVSPropertyOp34
 70
     1
102
RTVSPropertyOp35
 70
     1
102
RTVSPropertyOp36
 70
     1
102
RTVSPropertyOp37
 70
     1
102
RTVSPropertyOp38
 70
     1
102
RTVSPropertyOp39
 70
     1
102
RTVSPropertyOp40
 70
     1
102
RTVSPropertyOp41
 70
     1
102
RTVSPropertyOp42
 70
     1
102
RTVSPropertyOp43
 70
     1
102
RTVSPropertyOp44
 70
     1
102
RTVSPropertyOp45
 70
     1
102
RTVSPropertyOp46
 70
     1
102
RTVSPropertyOp47
 70
     1
102
RTVSPropertyOp48
 70
     1
102
RTVSPropertyOp49
 70
     1
102
RTVSPropertyOp50
 70
     1
102
RTVSPropertyOp51
 70
     0
102
RTVSPropertyOp52
 70
     0
102
RTVSPropertyOp53
 70
     1
102
RTVSPropertyOp54
 70
     1
102
RTVSPropertyOp55
 70
     1
102
RTVSPropertyOp56
 70
     1
102
RTVSPropertyOp57
 70
     1
102
RTVSPost2010Prop28
280
     1
102
RTVSPost2010PropOp28
 70
     1
102
RTVSPost2010Prop29
280
     1
102
RTVSPost2010PropOp29
 70
     1
102
RTVSPost2010Prop30
280
     0
102
RTVSPost2010PropOp30
 70
     1
102
RTVSPost2010Prop31
280
     0
102
RTVSPost2010PropOp31
 70
     1
102
RTVSPost2010Prop32
280
     0
102
RTVSPost2010PropOp32
 70
     1
102
RTVSPost2010Prop33
280
     0
102
RTVSPost2010PropOp33
 70
     1
102
RTVSPost2010Prop34
280
     0
102
RTVSPost2010PropOp34
 70
     1
102
RTVSPost2010Prop35
280
     0
102
RTVSPost2010PropOp35
 70
     1
102
RTVSPost2010Prop36
280
     0
102
RTVSPost2010PropOp36
 70
     1
102
RTVSPost2010Prop37
 90
       50
102
RTVSPost2010PropOp37
 70
     1
102
RTVSPost2010Prop38
140
0.0
102
RTVSPost2010PropOp38
 70
     1
102
RTVSPost2010Prop39
140
1.0
102
RTVSPost2010PropOp39
 70
     1
102
RTVSPost2010Prop40
 90
        0
102
RTVSPost2010PropOp40
 70
     1
102
RTVSPost2010Prop41ColorIndex
 90
       18
102
RTVSPost2010Prop41ColorRGB
 90
        0
102
RTVSPost2010PropOp41
 70
     1
102
RTVSPost2010Prop42
 90
       50
102
RTVSPost2010PropOp42
 70
     1
102
RTVSPost2010Prop43
 90
        3
102
RTVSPost2010PropOp43
 70
     1
102
RTVSPost2010Prop44ColorIndex
 90
        5
102
RTVSPost2010Prop44ColorRGB
 90
      255
102
RTVSPost2010PropOp44
 70
     1
102
RTVSPost2010Prop45
280
     0
102
RTVSPost2010PropOp45
 70
     1
102
RTVSPost2010Prop46
 90
       50
102
RTVSPost2010PropOp46
 70
     1
102
RTVSPost2010Prop47
 90
       50
102
RTVSPost2010PropOp47
 70
     1
102
RTVSPost2010Prop48
 90
       50
102
RTVSPost2010PropOp48
 70
     1
102
RTVSPost2010Prop49
280
     0
102
RTVSPost2010PropOp49
 70
     1
102
RTVSPost2010Prop50
 90
       50
102
RTVSPost2010PropOp50
 70
     1
102
RTVSPost2010Prop51ColorIndex
 90
      256
102
RTVSPost2010Prop51ColorRGB
 90
-16777216
102
RTVSPost2010PropOp51
 70
     0
102
RTVSPost2010Prop52
140
1.0
102
RTVSPost2010PropOp52
 70
     0
102
RTVSPost2010Prop53
 90
        2
102
RTVSPost2010PropOp53
 70
     1
102
RTVSPost2010Prop54
  1
strokes_ogs.tif
102
RTVSPost2010PropOp54
 70
     1
102
RTVSPost2010Prop55
280
     0
102
RTVSPost2010PropOp55
 70
     1
102
RTVSPost2010Prop56
140
1.0
102
RTVSPost2010PropOp56
 70
     1
102
RTVSPost2010Prop57
140
1.0
102
RTVSPost2010PropOp57
 70
     1
  0
XRECORD
  5
AF0
102
{ACAD_REACTORS
330
AEF
102
}
330
AEF
100
AcDbXrecord
280
     1
102
RTVSPropertyOp0
 70
     1
102
RTVSPropertyOp1
 70
     1
102
RTVSPropertyOp2
 70
     1
102
RTVSPropertyOp3
 70
     1
102
RTVSPropertyOp4
 70
     1
102
RTVSPropertyOp5
 70
     1
102
RTVSPropertyOp6
 70
     1
102
RTVSPropertyOp7
 70
     1
102
RTVSPropertyOp8
 70
     1
102
RTVSPropertyOp9
 70
     1
102
RTVSPropertyOp10
 70
     1
102
RTVSPropertyOp11
 70
     1
102
RTVSPropertyOp12
 70
     1
102
RTVSPropertyOp13
 70
     1
102
RTVSPropertyOp14
 70
     1
102
RTVSPropertyOp15
 70
     1
102
RTVSPropertyOp16
 70
     1
102
RTVSPropertyOp17
 70
     1
102
RTVSPropertyOp18
 70
     1
102
RTVSPropertyOp19
 70
     1
102
RTVSPropertyOp20
 70
     1
102
RTVSPropertyOp21
 70
     1
102
RTVSPropertyOp22
 70
     1
102
RTVSPropertyOp23
 70
     1
102
RTVSPropertyOp24
 70
     1
102
RTVSPropertyOp25
 70
     1
102
RTVSPropertyOp26
 70
     1
102
RTVSPropertyOp27
 70
     1
102
RTVSPropertyOp28
 70
     1
102
RTVSPropertyOp29
 70
     1
102
RTVSPropertyOp30
 70
     1
102
RTVSPropertyOp31
 70
     1
102
RTVSPropertyOp32
 70
     1
102
RTVSPropertyOp33
 70
     1
102
RTVSPropertyOp34
 70
     1
102
RTVSPropertyOp35
 70
     1
102
RTVSPropertyOp36
 70
     1
102
RTVSPropertyOp37
 70
     1
102
RTVSPropertyOp38
 70
     1
102
RTVSPropertyOp39
 70
     1
102
RTVSPropertyOp40
 70
     1
102
RTVSPropertyOp41
 70
     1
102
RTVSPropertyOp42
 70
     1
102
RTVSPropertyOp43
 70
     1
102
RTVSPropertyOp44
 70
     1
102
RTVSPropertyOp45
 70
     1
102
RTVSPropertyOp46
 70
     1
102
RTVSPropertyOp47
 70
     1
102
RTVSPropertyOp48
 70
     1
102
RTVSPropertyOp49
 70
     1
102
RTVSPropertyOp50
 70
     1
102
RTVSPropertyOp51
 70
     0
102
RTVSPropertyOp52
 70
     0
102
RTVSPropertyOp53
 70
     1
102
RTVSPropertyOp54
 70
     1
102
RTVSPropertyOp55
 70
     1
102
RTVSPropertyOp56
 70
     1
102
RTVSPropertyOp57
 70
     1
102
RTVSPost2010Prop28
280
     0
102
RTVSPost2010PropOp28
 70
     1
102
RTVSPost2010Prop29
280
     1
102
RTVSPost2010PropOp29
 70
     1
102
RTVSPost2010Prop30
280
     1
102
RTVSPost2010PropOp30
 70
     1
102
RTVSPost2010Prop31
280
     0
102
RTVSPost2010PropOp31
 70
     1
102
RTVSPost2010Prop32
280
     0
102
RTVSPost2010PropOp32
 70
     1
102
RTVSPost2010Prop33
280
     0
102
RTVSPost2010PropOp33
 70
     1
102
RTVSPost2010Prop34
280
     0
102
RTVSPost2010PropOp34
 70
     1
102
RTVSPost2010Prop35
280
     0
102
RTVSPost2010PropOp35
 70
     1
102
RTVSPost2010Prop36
280
     0
102
RTVSPost2010PropOp36
 70
     1
102
RTVSPost2010Prop37
 90
       50
102
RTVSPost2010PropOp37
 70
     1
102
RTVSPost2010Prop38
140
0.0
102
RTVSPost2010PropOp38
 70
     1
102
RTVSPost2010Prop39
140
1.0
102
RTVSPost2010PropOp39
 70
     1
102
RTVSPost2010Prop40
 90
        0
102
RTVSPost2010PropOp40
 70
     1
102
RTVSPost2010Prop41ColorIndex
 90
       18
102
RTVSPost2010Prop41ColorRGB
 90
        0
102
RTVSPost2010PropOp41
 70
     1
102
RTVSPost2010Prop42
 90
       50
102
RTVSPost2010PropOp42
 70
     1
102
RTVSPost2010Prop43
 90
        3
102
RTVSPost2010PropOp43
 70
     1
102
RTVSPost2010Prop44ColorIndex
 90
        5
102
RTVSPost2010Prop44ColorRGB
 90
      255
102
RTVSPost2010PropOp44
 70
     1
102
RTVSPost2010Prop45
280
     0
102
RTVSPost2010PropOp45
 70
     1
102
RTVSPost2010Prop46
 90
       50
102
RTVSPost2010PropOp46
 70
     1
102
RTVSPost2010Prop47
 90
       50
102
RTVSPost2010PropOp47
 70
     1
102
RTVSPost2010Prop48
 90
       50
102
RTVSPost2010PropOp48
 70
     1
102
RTVSPost2010Prop49
280
     0
102
RTVSPost2010PropOp49
 70
     1
102
RTVSPost2010Prop50
 90
       50
102
RTVSPost2010PropOp50
 70
     1
102
RTVSPost2010Prop51ColorIndex
 90
      256
102
RTVSPost2010Prop51ColorRGB
 90
-16777216
102
RTVSPost2010PropOp51
 70
     0
102
RTVSPost2010Prop52
140
1.0
102
RTVSPost2010PropOp52
 70
     0
102
RTVSPost2010Prop53
 90
        2
102
RTVSPost2010PropOp53
 70
     1
102
RTVSPost2010Prop54
  1
strokes_ogs.tif
102
RTVSPost2010PropOp54
 70
     1
102
RTVSPost2010Prop55
280
     0
102
RTVSPost2010PropOp55
 70
     1
102
RTVSPost2010Prop56
140
1.0
102
RTVSPost2010PropOp56
 70
     1
102
RTVSPost2010Prop57
140
1.0
102
RTVSPost2010PropOp57
 70
     1
  0
XRECORD
  5
AF8
102
{ACAD_REACTORS
330
AF7
102
}
330
AF7
100
AcDbXrecord
280
     1
102
RTVSPropertyOp0
 70
     1
102
RTVSPropertyOp1
 70
     1
102
RTVSPropertyOp2
 70
     1
102
RTVSPropertyOp3
 70
     1
102
RTVSPropertyOp4
 70
     1
102
RTVSPropertyOp5
 70
     1
102
RTVSPropertyOp6
 70
     1
102
RTVSPropertyOp7
 70
     1
102
RTVSPropertyOp8
 70
     1
102
RTVSPropertyOp9
 70
     1
102
RTVSPropertyOp10
 70
     1
102
RTVSPropertyOp11
 70
     1
102
RTVSPropertyOp12
 70
     1
102
RTVSPropertyOp13
 70
     1
102
RTVSPropertyOp14
 70
     1
102
RTVSPropertyOp15
 70
     1
102
RTVSPropertyOp16
 70
     1
102
RTVSPropertyOp17
 70
     1
102
RTVSPropertyOp18
 70
     1
102
RTVSPropertyOp19
 70
     1
102
RTVSPropertyOp20
 70
     1
102
RTVSPropertyOp21
 70
     1
102
RTVSPropertyOp22
 70
     1
102
RTVSPropertyOp23
 70
     1
102
RTVSPropertyOp24
 70
     1
102
RTVSPropertyOp25
 70
     1
102
RTVSPropertyOp26
 70
     1
102
RTVSPropertyOp27
 70
     1
102
RTVSPropertyOp28
 70
     1
102
RTVSPropertyOp29
 70
     1
102
RTVSPropertyOp30
 70
     1
102
RTVSPropertyOp31
 70
     1
102
RTVSPropertyOp32
 70
     1
102
RTVSPropertyOp33
 70
     1
102
RTVSPropertyOp34
 70
     1
102
RTVSPropertyOp35
 70
     1
102
RTVSPropertyOp36
 70
     1
102
RTVSPropertyOp37
 70
     1
102
RTVSPropertyOp38
 70
     1
102
RTVSPropertyOp39
 70
     1
102
RTVSPropertyOp40
 70
     1
102
RTVSPropertyOp41
 70
     1
102
RTVSPropertyOp42
 70
     1
102
RTVSPropertyOp43
 70
     1
102
RTVSPropertyOp44
 70
     1
102
RTVSPropertyOp45
 70
     1
102
RTVSPropertyOp46
 70
     1
102
RTVSPropertyOp47
 70
     1
102
RTVSPropertyOp48
 70
     1
102
RTVSPropertyOp49
 70
     1
102
RTVSPropertyOp50
 70
     1
102
RTVSPropertyOp51
 70
     0
102
RTVSPropertyOp52
 70
     0
102
RTVSPropertyOp53
 70
     1
102
RTVSPropertyOp54
 70
     1
102
RTVSPropertyOp55
 70
     1
102
RTVSPropertyOp56
 70
     1
102
RTVSPropertyOp57
 70
     1
102
RTVSPost2010Prop28
280
     0
102
RTVSPost2010PropOp28
 70
     1
102
RTVSPost2010Prop29
280
     1
102
RTVSPost2010PropOp29
 70
     1
102
RTVSPost2010Prop30
280
     1
102
RTVSPost2010PropOp30
 70
     1
102
RTVSPost2010Prop31
280
     0
102
RTVSPost2010PropOp31
 70
     1
102
RTVSPost2010Prop32
280
     0
102
RTVSPost2010PropOp32
 70
     1
102
RTVSPost2010Prop33
280
     0
102
RTVSPost2010PropOp33
 70
     1
102
RTVSPost2010Prop34
280
     0
102
RTVSPost2010PropOp34
 70
     1
102
RTVSPost2010Prop35
280
     0
102
RTVSPost2010PropOp35
 70
     1
102
RTVSPost2010Prop36
280
     0
102
RTVSPost2010PropOp36
 70
     1
102
RTVSPost2010Prop37
 90
       50
102
RTVSPost2010PropOp37
 70
     1
102
RTVSPost2010Prop38
140
0.0
102
RTVSPost2010PropOp38
 70
     1
102
RTVSPost2010Prop39
140
1.0
102
RTVSPost2010PropOp39
 70
     1
102
RTVSPost2010Prop40
 90
        0
102
RTVSPost2010PropOp40
 70
     1
102
RTVSPost2010Prop41ColorIndex
 90
       18
102
RTVSPost2010Prop41ColorRGB
 90
        0
102
RTVSPost2010PropOp41
 70
     1
102
RTVSPost2010Prop42
 90
       50
102
RTVSPost2010PropOp42
 70
     1
102
RTVSPost2010Prop43
 90
        3
102
RTVSPost2010PropOp43
 70
     1
102
RTVSPost2010Prop44ColorIndex
 90
        5
102
RTVSPost2010Prop44ColorRGB
 90
      255
102
RTVSPost2010PropOp44
 70
     1
102
RTVSPost2010Prop45
280
     0
102
RTVSPost2010PropOp45
 70
     1
102
RTVSPost2010Prop46
 90
       50
102
RTVSPost2010PropOp46
 70
     1
102
RTVSPost2010Prop47
 90
       50
102
RTVSPost2010PropOp47
 70
     1
102
RTVSPost2010Prop48
 90
       50
102
RTVSPost2010PropOp48
 70
     1
102
RTVSPost2010Prop49
280
     0
102
RTVSPost2010PropOp49
 70
     1
102
RTVSPost2010Prop50
 90
       50
102
RTVSPost2010PropOp50
 70
     1
102
RTVSPost2010Prop51ColorIndex
 90
      256
102
RTVSPost2010Prop51ColorRGB
 90
-16777216
102
RTVSPost2010PropOp51
 70
     0
102
RTVSPost2010Prop52
140
1.0
102
RTVSPost2010PropOp52
 70
     0
102
RTVSPost2010Prop53
 90
        2
102
RTVSPost2010PropOp53
 70
     1
102
RTVSPost2010Prop54
  1
strokes_ogs.tif
102
RTVSPost2010PropOp54
 70
     1
102
RTVSPost2010Prop55
280
     0
102
RTVSPost2010PropOp55
 70
     1
102
RTVSPost2010Prop56
140
1.0
102
RTVSPost2010PropOp56
 70
     1
102
RTVSPost2010Prop57
140
1.0
102
RTVSPost2010PropOp57
 70
     1
  0
XRECORD
  5
B00
102
{ACAD_REACTORS
330
AFF
102
}
330
AFF
100
AcDbXrecord
280
     1
102
RTVSPropertyOp0
 70
     1
102
RTVSPropertyOp1
 70
     1
102
RTVSPropertyOp2
 70
     1
102
RTVSPropertyOp3
 70
     1
102
RTVSPropertyOp4
 70
     1
102
RTVSPropertyOp5
 70
     1
102
RTVSPropertyOp6
 70
     1
102
RTVSPropertyOp7
 70
     1
102
RTVSPropertyOp8
 70
     1
102
RTVSPropertyOp9
 70
     1
102
RTVSPropertyOp10
 70
     1
102
RTVSPropertyOp11
 70
     1
102
RTVSPropertyOp12
 70
     1
102
RTVSPropertyOp13
 70
     1
102
RTVSPropertyOp14
 70
     1
102
RTVSPropertyOp15
 70
     1
102
RTVSPropertyOp16
 70
     1
102
RTVSPropertyOp17
 70
     1
102
RTVSPropertyOp18
 70
     1
102
RTVSPropertyOp19
 70
     1
102
RTVSPropertyOp20
 70
     1
102
RTVSPropertyOp21
 70
     1
102
RTVSPropertyOp22
 70
     1
102
RTVSPropertyOp23
 70
     1
102
RTVSPropertyOp24
 70
     1
102
RTVSPropertyOp25
 70
     1
102
RTVSPropertyOp26
 70
     1
102
RTVSPropertyOp27
 70
     1
102
RTVSPropertyOp28
 70
     1
102
RTVSPropertyOp29
 70
     1
102
RTVSPropertyOp30
 70
     1
102
RTVSPropertyOp31
 70
     1
102
RTVSPropertyOp32
 70
     1
102
RTVSPropertyOp33
 70
     1
102
RTVSPropertyOp34
 70
     1
102
RTVSPropertyOp35
 70
     1
102
RTVSPropertyOp36
 70
     1
102
RTVSPropertyOp37
 70
     1
102
RTVSPropertyOp38
 70
     1
102
RTVSPropertyOp39
 70
     1
102
RTVSPropertyOp40
 70
     1
102
RTVSPropertyOp41
 70
     1
102
RTVSPropertyOp42
 70
     1
102
RTVSPropertyOp43
 70
     1
102
RTVSPropertyOp44
 70
     1
102
RTVSPropertyOp45
 70
     1
102
RTVSPropertyOp46
 70
     1
102
RTVSPropertyOp47
 70
     1
102
RTVSPropertyOp48
 70
     1
102
RTVSPropertyOp49
 70
     1
102
RTVSPropertyOp50
 70
     1
102
RTVSPropertyOp51
 70
     0
102
RTVSPropertyOp52
 70
     0
102
RTVSPropertyOp53
 70
     1
102
RTVSPropertyOp54
 70
     1
102
RTVSPropertyOp55
 70
     1
102
RTVSPropertyOp56
 70
     1
102
RTVSPropertyOp57
 70
     1
102
RTVSPost2010Prop28
280
     0
102
RTVSPost2010PropOp28
 70
     1
102
RTVSPost2010Prop29
280
     1
102
RTVSPost2010PropOp29
 70
     1
102
RTVSPost2010Prop30
280
     1
102
RTVSPost2010PropOp30
 70
     1
102
RTVSPost2010Prop31
280
     0
102
RTVSPost2010PropOp31
 70
     1
102
RTVSPost2010Prop32
280
     0
102
RTVSPost2010PropOp32
 70
     1
102
RTVSPost2010Prop33
280
     0
102
RTVSPost2010PropOp33
 70
     1
102
RTVSPost2010Prop34
280
     0
102
RTVSPost2010PropOp34
 70
     1
102
RTVSPost2010Prop35
280
     0
102
RTVSPost2010PropOp35
 70
     1
102
RTVSPost2010Prop36
280
     0
102
RTVSPost2010PropOp36
 70
     1
102
RTVSPost2010Prop37
 90
       50
102
RTVSPost2010PropOp37
 70
     1
102
RTVSPost2010Prop38
140
0.0
102
RTVSPost2010PropOp38
 70
     1
102
RTVSPost2010Prop39
140
1.0
102
RTVSPost2010PropOp39
 70
     1
102
RTVSPost2010Prop40
 90
        0
102
RTVSPost2010PropOp40
 70
     1
102
RTVSPost2010Prop41ColorIndex
 90
       18
102
RTVSPost2010Prop41ColorRGB
 90
        0
102
RTVSPost2010PropOp41
 70
     1
102
RTVSPost2010Prop42
 90
       50
102
RTVSPost2010PropOp42
 70
     1
102
RTVSPost2010Prop43
 90
        3
102
RTVSPost2010PropOp43
 70
     1
102
RTVSPost2010Prop44ColorIndex
 90
        5
102
RTVSPost2010Prop44ColorRGB
 90
      255
102
RTVSPost2010PropOp44
 70
     1
102
RTVSPost2010Prop45
280
     0
102
RTVSPost2010PropOp45
 70
     1
102
RTVSPost2010Prop46
 90
       50
102
RTVSPost2010PropOp46
 70
     1
102
RTVSPost2010Prop47
 90
       50
102
RTVSPost2010PropOp47
 70
     1
102
RTVSPost2010Prop48
 90
       50
102
RTVSPost2010PropOp48
 70
     1
102
RTVSPost2010Prop49
280
     0
102
RTVSPost2010PropOp49
 70
     1
102
RTVSPost2010Prop50
 90
       50
102
RTVSPost2010PropOp50
 70
     1
102
RTVSPost2010Prop51ColorIndex
 90
      256
102
RTVSPost2010Prop51ColorRGB
 90
-16777216
102
RTVSPost2010PropOp51
 70
     0
102
RTVSPost2010Prop52
140
1.0
102
RTVSPost2010PropOp52
 70
     0
102
RTVSPost2010Prop53
 90
        2
102
RTVSPost2010PropOp53
 70
     1
102
RTVSPost2010Prop54
  1
strokes_ogs.tif
102
RTVSPost2010PropOp54
 70
     1
102
RTVSPost2010Prop55
280
     0
102
RTVSPost2010PropOp55
 70
     1
102
RTVSPost2010Prop56
140
1.0
102
RTVSPost2010PropOp56
 70
     1
102
RTVSPost2010Prop57
140
1.0
102
RTVSPost2010PropOp57
 70
     1
  0
XRECORD
  5
AF4
102
{ACAD_REACTORS
330
AF3
102
}
330
AF3
100
AcDbXrecord
280
     1
102
RTVSPropertyOp0
 70
     1
102
RTVSPropertyOp1
 70
     1
102
RTVSPropertyOp2
 70
     1
102
RTVSPropertyOp3
 70
     1
102
RTVSPropertyOp4
 70
     1
102
RTVSPropertyOp5
 70
     1
102
RTVSPropertyOp6
 70
     1
102
RTVSPropertyOp7
 70
     1
102
RTVSPropertyOp8
 70
     1
102
RTVSPropertyOp9
 70
     1
102
RTVSPropertyOp10
 70
     1
102
RTVSPropertyOp11
 70
     1
102
RTVSPropertyOp12
 70
     1
102
RTVSPropertyOp13
 70
     1
102
RTVSPropertyOp14
 70
     1
102
RTVSPropertyOp15
 70
     1
102
RTVSPropertyOp16
 70
     1
102
RTVSPropertyOp17
 70
     1
102
RTVSPropertyOp18
 70
     1
102
RTVSPropertyOp19
 70
     1
102
RTVSPropertyOp20
 70
     1
102
RTVSPropertyOp21
 70
     1
102
RTVSPropertyOp22
 70
     1
102
RTVSPropertyOp23
 70
     1
102
RTVSPropertyOp24
 70
     1
102
RTVSPropertyOp25
 70
     1
102
RTVSPropertyOp26
 70
     1
102
RTVSPropertyOp27
 70
     1
102
RTVSPropertyOp28
 70
     1
102
RTVSPropertyOp29
 70
     1
102
RTVSPropertyOp30
 70
     1
102
RTVSPropertyOp31
 70
     1
102
RTVSPropertyOp32
 70
     1
102
RTVSPropertyOp33
 70
     1
102
RTVSPropertyOp34
 70
     1
102
RTVSPropertyOp35
 70
     1
102
RTVSPropertyOp36
 70
     1
102
RTVSPropertyOp37
 70
     1
102
RTVSPropertyOp38
 70
     1
102
RTVSPropertyOp39
 70
     1
102
RTVSPropertyOp40
 70
     1
102
RTVSPropertyOp41
 70
     1
102
RTVSPropertyOp42
 70
     1
102
RTVSPropertyOp43
 70
     1
102
RTVSPropertyOp44
 70
     1
102
RTVSPropertyOp45
 70
     1
102
RTVSPropertyOp46
 70
     1
102
RTVSPropertyOp47
 70
     1
102
RTVSPropertyOp48
 70
     1
102
RTVSPropertyOp49
 70
     1
102
RTVSPropertyOp50
 70
     1
102
RTVSPropertyOp51
 70
     0
102
RTVSPropertyOp52
 70
     0
102
RTVSPropertyOp53
 70
     1
102
RTVSPropertyOp54
 70
     1
102
RTVSPropertyOp55
 70
     1
102
RTVSPropertyOp56
 70
     1
102
RTVSPropertyOp57
 70
     1
102
RTVSPost2010Prop28
280
     0
102
RTVSPost2010PropOp28
 70
     1
102
RTVSPost2010Prop29
280
     1
102
RTVSPost2010PropOp29
 70
     1
102
RTVSPost2010Prop30
280
     1
102
RTVSPost2010PropOp30
 70
     1
102
RTVSPost2010Prop31
280
     0
102
RTVSPost2010PropOp31
 70
     1
102
RTVSPost2010Prop32
280
     0
102
RTVSPost2010PropOp32
 70
     1
102
RTVSPost2010Prop33
280
     0
102
RTVSPost2010PropOp33
 70
     1
102
RTVSPost2010Prop34
280
     0
102
RTVSPost2010PropOp34
 70
     1
102
RTVSPost2010Prop35
280
     0
102
RTVSPost2010PropOp35
 70
     1
102
RTVSPost2010Prop36
280
     0
102
RTVSPost2010PropOp36
 70
     1
102
RTVSPost2010Prop37
 90
       50
102
RTVSPost2010PropOp37
 70
     1
102
RTVSPost2010Prop38
140
0.0
102
RTVSPost2010PropOp38
 70
     1
102
RTVSPost2010Prop39
140
1.0
102
RTVSPost2010PropOp39
 70
     1
102
RTVSPost2010Prop40
 90
        0
102
RTVSPost2010PropOp40
 70
     1
102
RTVSPost2010Prop41ColorIndex
 90
       18
102
RTVSPost2010Prop41ColorRGB
 90
        0
102
RTVSPost2010PropOp41
 70
     1
102
RTVSPost2010Prop42
 90
       50
102
RTVSPost2010PropOp42
 70
     1
102
RTVSPost2010Prop43
 90
        3
102
RTVSPost2010PropOp43
 70
     1
102
RTVSPost2010Prop44ColorIndex
 90
        5
102
RTVSPost2010Prop44ColorRGB
 90
      255
102
RTVSPost2010PropOp44
 70
     1
102
RTVSPost2010Prop45
280
     0
102
RTVSPost2010PropOp45
 70
     1
102
RTVSPost2010Prop46
 90
       50
102
RTVSPost2010PropOp46
 70
     1
102
RTVSPost2010Prop47
 90
       50
102
RTVSPost2010PropOp47
 70
     1
102
RTVSPost2010Prop48
 90
       50
102
RTVSPost2010PropOp48
 70
     1
102
RTVSPost2010Prop49
280
     0
102
RTVSPost2010PropOp49
 70
     1
102
RTVSPost2010Prop50
 90
       50
102
RTVSPost2010PropOp50
 70
     1
102
RTVSPost2010Prop51ColorIndex
 90
      256
102
RTVSPost2010Prop51ColorRGB
 90
-16777216
102
RTVSPost2010PropOp51
 70
     0
102
RTVSPost2010Prop52
140
1.0
102
RTVSPost2010PropOp52
 70
     0
102
RTVSPost2010Prop53
 90
        2
102
RTVSPost2010PropOp53
 70
     1
102
RTVSPost2010Prop54
  1
strokes_ogs.tif
102
RTVSPost2010PropOp54
 70
     1
102
RTVSPost2010Prop55
280
     0
102
RTVSPost2010PropOp55
 70
     1
102
RTVSPost2010Prop56
140
1.0
102
RTVSPost2010PropOp56
 70
     1
102
RTVSPost2010Prop57
140
1.0
102
RTVSPost2010PropOp57
 70
     1
  0
XRECORD
  5
AF6
102
{ACAD_REACTORS
330
AF5
102
}
330
AF5
100
AcDbXrecord
280
     1
102
RTVSPropertyOp0
 70
     1
102
RTVSPropertyOp1
 70
     1
102
RTVSPropertyOp2
 70
     1
102
RTVSPropertyOp3
 70
     1
102
RTVSPropertyOp4
 70
     1
102
RTVSPropertyOp5
 70
     1
102
RTVSPropertyOp6
 70
     1
102
RTVSPropertyOp7
 70
     1
102
RTVSPropertyOp8
 70
     1
102
RTVSPropertyOp9
 70
     1
102
RTVSPropertyOp10
 70
     1
102
RTVSPropertyOp11
 70
     1
102
RTVSPropertyOp12
 70
     1
102
RTVSPropertyOp13
 70
     1
102
RTVSPropertyOp14
 70
     1
102
RTVSPropertyOp15
 70
     1
102
RTVSPropertyOp16
 70
     1
102
RTVSPropertyOp17
 70
     1
102
RTVSPropertyOp18
 70
     1
102
RTVSPropertyOp19
 70
     1
102
RTVSPropertyOp20
 70
     1
102
RTVSPropertyOp21
 70
     1
102
RTVSPropertyOp22
 70
     1
102
RTVSPropertyOp23
 70
     1
102
RTVSPropertyOp24
 70
     1
102
RTVSPropertyOp25
 70
     1
102
RTVSPropertyOp26
 70
     1
102
RTVSPropertyOp27
 70
     1
102
RTVSPropertyOp28
 70
     1
102
RTVSPropertyOp29
 70
     1
102
RTVSPropertyOp30
 70
     1
102
RTVSPropertyOp31
 70
     1
102
RTVSPropertyOp32
 70
     1
102
RTVSPropertyOp33
 70
     1
102
RTVSPropertyOp34
 70
     1
102
RTVSPropertyOp35
 70
     1
102
RTVSPropertyOp36
 70
     1
102
RTVSPropertyOp37
 70
     1
102
RTVSPropertyOp38
 70
     1
102
RTVSPropertyOp39
 70
     1
102
RTVSPropertyOp40
 70
     1
102
RTVSPropertyOp41
 70
     1
102
RTVSPropertyOp42
 70
     1
102
RTVSPropertyOp43
 70
     1
102
RTVSPropertyOp44
 70
     1
102
RTVSPropertyOp45
 70
     1
102
RTVSPropertyOp46
 70
     1
102
RTVSPropertyOp47
 70
     1
102
RTVSPropertyOp48
 70
     1
102
RTVSPropertyOp49
 70
     1
102
RTVSPropertyOp50
 70
     1
102
RTVSPropertyOp51
 70
     0
102
RTVSPropertyOp52
 70
     0
102
RTVSPropertyOp53
 70
     1
102
RTVSPropertyOp54
 70
     1
102
RTVSPropertyOp55
 70
     1
102
RTVSPropertyOp56
 70
     1
102
RTVSPropertyOp57
 70
     1
102
RTVSPost2010Prop28
280
     0
102
RTVSPost2010PropOp28
 70
     1
102
RTVSPost2010Prop29
280
     1
102
RTVSPost2010PropOp29
 70
     1
102
RTVSPost2010Prop30
280
     1
102
RTVSPost2010PropOp30
 70
     1
102
RTVSPost2010Prop31
280
     0
102
RTVSPost2010PropOp31
 70
     1
102
RTVSPost2010Prop32
280
     0
102
RTVSPost2010PropOp32
 70
     1
102
RTVSPost2010Prop33
280
     0
102
RTVSPost2010PropOp33
 70
     1
102
RTVSPost2010Prop34
280
     0
102
RTVSPost2010PropOp34
 70
     1
102
RTVSPost2010Prop35
280
     0
102
RTVSPost2010PropOp35
 70
     1
102
RTVSPost2010Prop36
280
     0
102
RTVSPost2010PropOp36
 70
     1
102
RTVSPost2010Prop37
 90
       50
102
RTVSPost2010PropOp37
 70
     1
102
RTVSPost2010Prop38
140
0.0
102
RTVSPost2010PropOp38
 70
     1
102
RTVSPost2010Prop39
140
1.0
102
RTVSPost2010PropOp39
 70
     1
102
RTVSPost2010Prop40
 90
        0
102
RTVSPost2010PropOp40
 70
     1
102
RTVSPost2010Prop41ColorIndex
 90
       18
102
RTVSPost2010Prop41ColorRGB
 90
        0
102
RTVSPost2010PropOp41
 70
     1
102
RTVSPost2010Prop42
 90
       50
102
RTVSPost2010PropOp42
 70
     1
102
RTVSPost2010Prop43
 90
        3
102
RTVSPost2010PropOp43
 70
     1
102
RTVSPost2010Prop44ColorIndex
 90
        5
102
RTVSPost2010Prop44ColorRGB
 90
      255
102
RTVSPost2010PropOp44
 70
     1
102
RTVSPost2010Prop45
280
     0
102
RTVSPost2010PropOp45
 70
     1
102
RTVSPost2010Prop46
 90
       50
102
RTVSPost2010PropOp46
 70
     1
102
RTVSPost2010Prop47
 90
       50
102
RTVSPost2010PropOp47
 70
     1
102
RTVSPost2010Prop48
 90
       50
102
RTVSPost2010PropOp48
 70
     1
102
RTVSPost2010Prop49
280
     0
102
RTVSPost2010PropOp49
 70
     1
102
RTVSPost2010Prop50
 90
       50
102
RTVSPost2010PropOp50
 70
     1
102
RTVSPost2010Prop51ColorIndex
 90
      256
102
RTVSPost2010Prop51ColorRGB
 90
-16777216
102
RTVSPost2010PropOp51
 70
     0
102
RTVSPost2010Prop52
140
1.0
102
RTVSPost2010PropOp52
 70
     0
102
RTVSPost2010Prop53
 90
        2
102
RTVSPost2010PropOp53
 70
     1
102
RTVSPost2010Prop54
  1
strokes_ogs.tif
102
RTVSPost2010PropOp54
 70
     1
102
RTVSPost2010Prop55
280
     0
102
RTVSPost2010PropOp55
 70
     1
102
RTVSPost2010Prop56
140
1.0
102
RTVSPost2010PropOp56
 70
     1
102
RTVSPost2010Prop57
140
1.0
102
RTVSPost2010PropOp57
 70
     1
  0
XRECORD
  5
B06
102
{ACAD_REACTORS
330
B05
102
}
330
B05
100
AcDbXrecord
280
     1
102
RTVSPropertyOp0
 70
     0
102
RTVSPropertyOp1
 70
     0
102
RTVSPropertyOp2
 70
     0
102
RTVSPropertyOp3
 70
     0
102
RTVSPropertyOp4
 70
     0
102
RTVSPropertyOp5
 70
     0
102
RTVSPropertyOp6
 70
     0
102
RTVSPropertyOp7
 70
     0
102
RTVSPropertyOp8
 70
     0
102
RTVSPropertyOp9
 70
     0
102
RTVSPropertyOp10
 70
     0
102
RTVSPropertyOp11
 70
     0
102
RTVSPropertyOp12
 70
     0
102
RTVSPropertyOp13
 70
     0
102
RTVSPropertyOp14
 70
     2
102
RTVSPropertyOp15
 70
     0
102
RTVSPropertyOp16
 70
     0
102
RTVSPropertyOp17
 70
     0
102
RTVSPropertyOp18
 70
     0
102
RTVSPropertyOp19
 70
     0
102
RTVSPropertyOp20
 70
     0
102
RTVSPropertyOp21
 70
     0
102
RTVSPropertyOp22
 70
     0
102
RTVSPropertyOp23
 70
     0
102
RTVSPropertyOp24
 70
     0
102
RTVSPropertyOp25
 70
     0
102
RTVSPropertyOp26
 70
     0
102
RTVSPropertyOp27
 70
     0
102
RTVSPropertyOp28
 70
     0
102
RTVSPropertyOp29
 70
     0
102
RTVSPropertyOp30
 70
     0
102
RTVSPropertyOp31
 70
     0
102
RTVSPropertyOp32
 70
     0
102
RTVSPropertyOp33
 70
     0
102
RTVSPropertyOp34
 70
     0
102
RTVSPropertyOp35
 70
     0
102
RTVSPropertyOp36
 70
     0
102
RTVSPropertyOp37
 70
     0
102
RTVSPropertyOp38
 70
     0
102
RTVSPropertyOp39
 70
     0
102
RTVSPropertyOp40
 70
     0
102
RTVSPropertyOp41
 70
     0
102
RTVSPropertyOp42
 70
     0
102
RTVSPropertyOp43
 70
     0
102
RTVSPropertyOp44
 70
     0
102
RTVSPropertyOp45
 70
     0
102
RTVSPropertyOp46
 70
     0
102
RTVSPropertyOp47
 70
     0
102
RTVSPropertyOp48
 70
     0
102
RTVSPropertyOp49
 70
     0
102
RTVSPropertyOp50
 70
     0
102
RTVSPropertyOp51
 70
     0
102
RTVSPropertyOp52
 70
     0
102
RTVSPropertyOp53
 70
     0
102
RTVSPropertyOp54
 70
     0
102
RTVSPropertyOp55
 70
     0
102
RTVSPropertyOp56
 70
     0
102
RTVSPropertyOp57
 70
     0
102
RTVSPost2010Prop28
280
     0
102
RTVSPost2010PropOp28
 70
     0
102
RTVSPost2010Prop29
280
     1
102
RTVSPost2010PropOp29
 70
     0
102
RTVSPost2010Prop30
280
     1
102
RTVSPost2010PropOp30
 70
     0
102
RTVSPost2010Prop31
280
     0
102
RTVSPost2010PropOp31
 70
     0
102
RTVSPost2010Prop32
280
     0
102
RTVSPost2010PropOp32
 70
     0
102
RTVSPost2010Prop33
280
     0
102
RTVSPost2010PropOp33
 70
     0
102
RTVSPost2010Prop34
280
     0
102
RTVSPost2010PropOp34
 70
     0
102
RTVSPost2010Prop35
280
     0
102
RTVSPost2010PropOp35
 70
     0
102
RTVSPost2010Prop36
280
     0
102
RTVSPost2010PropOp36
 70
     0
102
RTVSPost2010Prop37
 90
       50
102
RTVSPost2010PropOp37
 70
     0
102
RTVSPost2010Prop38
140
0.0
102
RTVSPost2010PropOp38
 70
     0
102
RTVSPost2010Prop39
140
1.0
102
RTVSPost2010PropOp39
 70
     0
102
RTVSPost2010Prop40
 90
        0
102
RTVSPost2010PropOp40
 70
     0
102
RTVSPost2010Prop41ColorIndex
 90
       18
102
RTVSPost2010Prop41ColorRGB
 90
        0
102
RTVSPost2010PropOp41
 70
     0
102
RTVSPost2010Prop42
 90
       50
102
RTVSPost2010PropOp42
 70
     0
102
RTVSPost2010Prop43
 90
        3
102
RTVSPost2010PropOp43
 70
     0
102
RTVSPost2010Prop44ColorIndex
 90
        5
102
RTVSPost2010Prop44ColorRGB
 90
      255
102
RTVSPost2010PropOp44
 70
     0
102
RTVSPost2010Prop45
280
     0
102
RTVSPost2010PropOp45
 70
     0
102
RTVSPost2010Prop46
 90
       50
102
RTVSPost2010PropOp46
 70
     0
102
RTVSPost2010Prop47
 90
       50
102
RTVSPost2010PropOp47
 70
     0
102
RTVSPost2010Prop48
 90
       50
102
RTVSPost2010PropOp48
 70
     0
102
RTVSPost2010Prop49
280
     0
102
RTVSPost2010PropOp49
 70
     0
102
RTVSPost2010Prop50
 90
       50
102
RTVSPost2010PropOp50
 70
     0
102
RTVSPost2010Prop51ColorIndex
 90
      256
102
RTVSPost2010Prop51ColorRGB
 90
-16777216
102
RTVSPost2010PropOp51
 70
     0
102
RTVSPost2010Prop52
140
1.0
102
RTVSPost2010PropOp52
 70
     0
102
RTVSPost2010Prop53
 90
        2
102
RTVSPost2010PropOp53
 70
     0
102
RTVSPost2010Prop54
  1
strokes_ogs.tif
102
RTVSPost2010PropOp54
 70
     0
102
RTVSPost2010Prop55
280
     0
102
RTVSPost2010PropOp55
 70
     0
102
RTVSPost2010Prop56
140
1.0
102
RTVSPost2010PropOp56
 70
     0
102
RTVSPost2010Prop57
140
1.0
102
RTVSPost2010PropOp57
 70
     0
  0
XRECORD
  5
AFE
102
{ACAD_REACTORS
330
AFD
102
}
330
AFD
100
AcDbXrecord
280
     1
102
RTVSPropertyOp0
 70
     1
102
RTVSPropertyOp1
 70
     1
102
RTVSPropertyOp2
 70
     1
102
RTVSPropertyOp3
 70
     1
102
RTVSPropertyOp4
 70
     1
102
RTVSPropertyOp5
 70
     1
102
RTVSPropertyOp6
 70
     1
102
RTVSPropertyOp7
 70
     1
102
RTVSPropertyOp8
 70
     1
102
RTVSPropertyOp9
 70
     1
102
RTVSPropertyOp10
 70
     1
102
RTVSPropertyOp11
 70
     1
102
RTVSPropertyOp12
 70
     1
102
RTVSPropertyOp13
 70
     1
102
RTVSPropertyOp14
 70
     1
102
RTVSPropertyOp15
 70
     1
102
RTVSPropertyOp16
 70
     1
102
RTVSPropertyOp17
 70
     1
102
RTVSPropertyOp18
 70
     1
102
RTVSPropertyOp19
 70
     1
102
RTVSPropertyOp20
 70
     1
102
RTVSPropertyOp21
 70
     1
102
RTVSPropertyOp22
 70
     1
102
RTVSPropertyOp23
 70
     1
102
RTVSPropertyOp24
 70
     1
102
RTVSPropertyOp25
 70
     1
102
RTVSPropertyOp26
 70
     1
102
RTVSPropertyOp27
 70
     1
102
RTVSPropertyOp28
 70
     1
102
RTVSPropertyOp29
 70
     1
102
RTVSPropertyOp30
 70
     1
102
RTVSPropertyOp31
 70
     1
102
RTVSPropertyOp32
 70
     1
102
RTVSPropertyOp33
 70
     1
102
RTVSPropertyOp34
 70
     1
102
RTVSPropertyOp35
 70
     1
102
RTVSPropertyOp36
 70
     1
102
RTVSPropertyOp37
 70
     1
102
RTVSPropertyOp38
 70
     1
102
RTVSPropertyOp39
 70
     1
102
RTVSPropertyOp40
 70
     1
102
RTVSPropertyOp41
 70
     1
102
RTVSPropertyOp42
 70
     1
102
RTVSPropertyOp43
 70
     1
102
RTVSPropertyOp44
 70
     1
102
RTVSPropertyOp45
 70
     1
102
RTVSPropertyOp46
 70
     1
102
RTVSPropertyOp47
 70
     1
102
RTVSPropertyOp48
 70
     1
102
RTVSPropertyOp49
 70
     1
102
RTVSPropertyOp50
 70
     1
102
RTVSPropertyOp51
 70
     0
102
RTVSPropertyOp52
 70
     0
102
RTVSPropertyOp53
 70
     1
102
RTVSPropertyOp54
 70
     1
102
RTVSPropertyOp55
 70
     1
102
RTVSPropertyOp56
 70
     1
102
RTVSPropertyOp57
 70
     1
102
RTVSPost2010Prop28
280
     0
102
RTVSPost2010PropOp28
 70
     1
102
RTVSPost2010Prop29
280
     1
102
RTVSPost2010PropOp29
 70
     1
102
RTVSPost2010Prop30
280
     1
102
RTVSPost2010PropOp30
 70
     1
102
RTVSPost2010Prop31
280
     0
102
RTVSPost2010PropOp31
 70
     1
102
RTVSPost2010Prop32
280
     0
102
RTVSPost2010PropOp32
 70
     1
102
RTVSPost2010Prop33
280
     0
102
RTVSPost2010PropOp33
 70
     1
102
RTVSPost2010Prop34
280
     0
102
RTVSPost2010PropOp34
 70
     1
102
RTVSPost2010Prop35
280
     0
102
RTVSPost2010PropOp35
 70
     1
102
RTVSPost2010Prop36
280
     0
102
RTVSPost2010PropOp36
 70
     1
102
RTVSPost2010Prop37
 90
       50
102
RTVSPost2010PropOp37
 70
     1
102
RTVSPost2010Prop38
140
0.0
102
RTVSPost2010PropOp38
 70
     1
102
RTVSPost2010Prop39
140
1.0
102
RTVSPost2010PropOp39
 70
     1
102
RTVSPost2010Prop40
 90
        0
102
RTVSPost2010PropOp40
 70
     1
102
RTVSPost2010Prop41ColorIndex
 90
       18
102
RTVSPost2010Prop41ColorRGB
 90
        0
102
RTVSPost2010PropOp41
 70
     1
102
RTVSPost2010Prop42
 90
       50
102
RTVSPost2010PropOp42
 70
     1
102
RTVSPost2010Prop43
 90
        3
102
RTVSPost2010PropOp43
 70
     1
102
RTVSPost2010Prop44ColorIndex
 90
        5
102
RTVSPost2010Prop44ColorRGB
 90
      255
102
RTVSPost2010PropOp44
 70
     1
102
RTVSPost2010Prop45
280
     0
102
RTVSPost2010PropOp45
 70
     1
102
RTVSPost2010Prop46
 90
       50
102
RTVSPost2010PropOp46
 70
     1
102
RTVSPost2010Prop47
 90
       50
102
RTVSPost2010PropOp47
 70
     1
102
RTVSPost2010Prop48
 90
       50
102
RTVSPost2010PropOp48
 70
     1
102
RTVSPost2010Prop49
280
     0
102
RTVSPost2010PropOp49
 70
     1
102
RTVSPost2010Prop50
 90
       50
102
RTVSPost2010PropOp50
 70
     1
102
RTVSPost2010Prop51ColorIndex
 90
      256
102
RTVSPost2010Prop51ColorRGB
 90
-16777216
102
RTVSPost2010PropOp51
 70
     0
102
RTVSPost2010Prop52
140
1.0
102
RTVSPost2010PropOp52
 70
     0
102
RTVSPost2010Prop53
 90
        2
102
RTVSPost2010PropOp53
 70
     1
102
RTVSPost2010Prop54
  1
strokes_ogs.tif
102
RTVSPost2010PropOp54
 70
     1
102
RTVSPost2010Prop55
280
     0
102
RTVSPost2010PropOp55
 70
     1
102
RTVSPost2010Prop56
140
1.0
102
RTVSPost2010PropOp56
 70
     1
102
RTVSPost2010Prop57
140
1.0
102
RTVSPost2010PropOp57
 70
     1
  0
XRECORD
  5
AE2
102
{ACAD_REACTORS
330
AE1
102
}
330
AE1
100
AcDbXrecord
280
     1
102
RTVSPropertyOp0
 70
     1
102
RTVSPropertyOp1
 70
     1
102
RTVSPropertyOp2
 70
     1
102
RTVSPropertyOp3
 70
     1
102
RTVSPropertyOp4
 70
     1
102
RTVSPropertyOp5
 70
     1
102
RTVSPropertyOp6
 70
     1
102
RTVSPropertyOp7
 70
     1
102
RTVSPropertyOp8
 70
     1
102
RTVSPropertyOp9
 70
     1
102
RTVSPropertyOp10
 70
     1
102
RTVSPropertyOp11
 70
     1
102
RTVSPropertyOp12
 70
     1
102
RTVSPropertyOp13
 70
     1
102
RTVSPropertyOp14
 70
     1
102
RTVSPropertyOp15
 70
     1
102
RTVSPropertyOp16
 70
     1
102
RTVSPropertyOp17
 70
     1
102
RTVSPropertyOp18
 70
     1
102
RTVSPropertyOp19
 70
     1
102
RTVSPropertyOp20
 70
     1
102
RTVSPropertyOp21
 70
     1
102
RTVSPropertyOp22
 70
     1
102
RTVSPropertyOp23
 70
     1
102
RTVSPropertyOp24
 70
     1
102
RTVSPropertyOp25
 70
     1
102
RTVSPropertyOp26
 70
     1
102
RTVSPropertyOp27
 70
     1
102
RTVSPropertyOp28
 70
     1
102
RTVSPropertyOp29
 70
     1
102
RTVSPropertyOp30
 70
     1
102
RTVSPropertyOp31
 70
     1
102
RTVSPropertyOp32
 70
     1
102
RTVSPropertyOp33
 70
     1
102
RTVSPropertyOp34
 70
     1
102
RTVSPropertyOp35
 70
     1
102
RTVSPropertyOp36
 70
     1
102
RTVSPropertyOp37
 70
     1
102
RTVSPropertyOp38
 70
     1
102
RTVSPropertyOp39
 70
     1
102
RTVSPropertyOp40
 70
     1
102
RTVSPropertyOp41
 70
     1
102
RTVSPropertyOp42
 70
     1
102
RTVSPropertyOp43
 70
     1
102
RTVSPropertyOp44
 70
     1
102
RTVSPropertyOp45
 70
     1
102
RTVSPropertyOp46
 70
     1
102
RTVSPropertyOp47
 70
     1
102
RTVSPropertyOp48
 70
     1
102
RTVSPropertyOp49
 70
     1
102
RTVSPropertyOp50
 70
     1
102
RTVSPropertyOp51
 70
     0
102
RTVSPropertyOp52
 70
     0
102
RTVSPropertyOp53
 70
     1
102
RTVSPropertyOp54
 70
     1
102
RTVSPropertyOp55
 70
     1
102
RTVSPropertyOp56
 70
     1
102
RTVSPropertyOp57
 70
     1
102
RTVSPost2010Prop28
280
     0
102
RTVSPost2010PropOp28
 70
     1
102
RTVSPost2010Prop29
280
     1
102
RTVSPost2010PropOp29
 70
     1
102
RTVSPost2010Prop30
280
     1
102
RTVSPost2010PropOp30
 70
     1
102
RTVSPost2010Prop31
280
     0
102
RTVSPost2010PropOp31
 70
     1
102
RTVSPost2010Prop32
280
     0
102
RTVSPost2010PropOp32
 70
     1
102
RTVSPost2010Prop33
280
     0
102
RTVSPost2010PropOp33
 70
     1
102
RTVSPost2010Prop34
280
     0
102
RTVSPost2010PropOp34
 70
     1
102
RTVSPost2010Prop35
280
     0
102
RTVSPost2010PropOp35
 70
     1
102
RTVSPost2010Prop36
280
     0
102
RTVSPost2010PropOp36
 70
     1
102
RTVSPost2010Prop37
 90
       50
102
RTVSPost2010PropOp37
 70
     1
102
RTVSPost2010Prop38
140
0.0
102
RTVSPost2010PropOp38
 70
     1
102
RTVSPost2010Prop39
140
1.0
102
RTVSPost2010PropOp39
 70
     1
102
RTVSPost2010Prop40
 90
        0
102
RTVSPost2010PropOp40
 70
     1
102
RTVSPost2010Prop41ColorIndex
 90
       18
102
RTVSPost2010Prop41ColorRGB
 90
        0
102
RTVSPost2010PropOp41
 70
     1
102
RTVSPost2010Prop42
 90
       50
102
RTVSPost2010PropOp42
 70
     1
102
RTVSPost2010Prop43
 90
        3
102
RTVSPost2010PropOp43
 70
     1
102
RTVSPost2010Prop44ColorIndex
 90
        5
102
RTVSPost2010Prop44ColorRGB
 90
      255
102
RTVSPost2010PropOp44
 70
     1
102
RTVSPost2010Prop45
280
     0
102
RTVSPost2010PropOp45
 70
     1
102
RTVSPost2010Prop46
 90
       50
102
RTVSPost2010PropOp46
 70
     1
102
RTVSPost2010Prop47
 90
       50
102
RTVSPost2010PropOp47
 70
     1
102
RTVSPost2010Prop48
 90
       50
102
RTVSPost2010PropOp48
 70
     1
102
RTVSPost2010Prop49
280
     0
102
RTVSPost2010PropOp49
 70
     1
102
RTVSPost2010Prop50
 90
       50
102
RTVSPost2010PropOp50
 70
     1
102
RTVSPost2010Prop51ColorIndex
 90
      256
102
RTVSPost2010Prop51ColorRGB
 90
-16777216
102
RTVSPost2010PropOp51
 70
     0
102
RTVSPost2010Prop52
140
1.0
102
RTVSPost2010PropOp52
 70
     0
102
RTVSPost2010Prop53
 90
        2
102
RTVSPost2010PropOp53
 70
     1
102
RTVSPost2010Prop54
  1
strokes_ogs.tif
102
RTVSPost2010PropOp54
 70
     1
102
RTVSPost2010Prop55
280
     0
102
RTVSPost2010PropOp55
 70
     1
102
RTVSPost2010Prop56
140
1.0
102
RTVSPost2010PropOp56
 70
     1
102
RTVSPost2010Prop57
140
1.0
102
RTVSPost2010PropOp57
 70
     1
  0
XRECORD
  5
AE4
102
{ACAD_REACTORS
330
AE3
102
}
330
AE3
100
AcDbXrecord
280
     1
102
RTVSPropertyOp0
 70
     1
102
RTVSPropertyOp1
 70
     1
102
RTVSPropertyOp2
 70
     1
102
RTVSPropertyOp3
 70
     1
102
RTVSPropertyOp4
 70
     1
102
RTVSPropertyOp5
 70
     1
102
RTVSPropertyOp6
 70
     1
102
RTVSPropertyOp7
 70
     1
102
RTVSPropertyOp8
 70
     1
102
RTVSPropertyOp9
 70
     1
102
RTVSPropertyOp10
 70
     1
102
RTVSPropertyOp11
 70
     1
102
RTVSPropertyOp12
 70
     1
102
RTVSPropertyOp13
 70
     1
102
RTVSPropertyOp14
 70
     1
102
RTVSPropertyOp15
 70
     1
102
RTVSPropertyOp16
 70
     1
102
RTVSPropertyOp17
 70
     1
102
RTVSPropertyOp18
 70
     1
102
RTVSPropertyOp19
 70
     1
102
RTVSPropertyOp20
 70
     1
102
RTVSPropertyOp21
 70
     1
102
RTVSPropertyOp22
 70
     1
102
RTVSPropertyOp23
 70
     1
102
RTVSPropertyOp24
 70
     1
102
RTVSPropertyOp25
 70
     1
102
RTVSPropertyOp26
 70
     1
102
RTVSPropertyOp27
 70
     1
102
RTVSPropertyOp28
 70
     1
102
RTVSPropertyOp29
 70
     1
102
RTVSPropertyOp30
 70
     1
102
RTVSPropertyOp31
 70
     1
102
RTVSPropertyOp32
 70
     1
102
RTVSPropertyOp33
 70
     1
102
RTVSPropertyOp34
 70
     1
102
RTVSPropertyOp35
 70
     1
102
RTVSPropertyOp36
 70
     1
102
RTVSPropertyOp37
 70
     1
102
RTVSPropertyOp38
 70
     1
102
RTVSPropertyOp39
 70
     1
102
RTVSPropertyOp40
 70
     1
102
RTVSPropertyOp41
 70
     1
102
RTVSPropertyOp42
 70
     1
102
RTVSPropertyOp43
 70
     1
102
RTVSPropertyOp44
 70
     1
102
RTVSPropertyOp45
 70
     1
102
RTVSPropertyOp46
 70
     1
102
RTVSPropertyOp47
 70
     1
102
RTVSPropertyOp48
 70
     1
102
RTVSPropertyOp49
 70
     1
102
RTVSPropertyOp50
 70
     1
102
RTVSPropertyOp51
 70
     0
102
RTVSPropertyOp52
 70
     0
102
RTVSPropertyOp53
 70
     1
102
RTVSPropertyOp54
 70
     1
102
RTVSPropertyOp55
 70
     1
102
RTVSPropertyOp56
 70
     1
102
RTVSPropertyOp57
 70
     1
102
RTVSPost2010Prop28
280
     0
102
RTVSPost2010PropOp28
 70
     1
102
RTVSPost2010Prop29
280
     1
102
RTVSPost2010PropOp29
 70
     1
102
RTVSPost2010Prop30
280
     1
102
RTVSPost2010PropOp30
 70
     1
102
RTVSPost2010Prop31
280
     0
102
RTVSPost2010PropOp31
 70
     1
102
RTVSPost2010Prop32
280
     0
102
RTVSPost2010PropOp32
 70
     1
102
RTVSPost2010Prop33
280
     0
102
RTVSPost2010PropOp33
 70
     1
102
RTVSPost2010Prop34
280
     0
102
RTVSPost2010PropOp34
 70
     1
102
RTVSPost2010Prop35
280
     0
102
RTVSPost2010PropOp35
 70
     1
102
RTVSPost2010Prop36
280
     0
102
RTVSPost2010PropOp36
 70
     1
102
RTVSPost2010Prop37
 90
       50
102
RTVSPost2010PropOp37
 70
     1
102
RTVSPost2010Prop38
140
0.0
102
RTVSPost2010PropOp38
 70
     1
102
RTVSPost2010Prop39
140
1.0
102
RTVSPost2010PropOp39
 70
     1
102
RTVSPost2010Prop40
 90
        0
102
RTVSPost2010PropOp40
 70
     1
102
RTVSPost2010Prop41ColorIndex
 90
       18
102
RTVSPost2010Prop41ColorRGB
 90
        0
102
RTVSPost2010PropOp41
 70
     1
102
RTVSPost2010Prop42
 90
       50
102
RTVSPost2010PropOp42
 70
     1
102
RTVSPost2010Prop43
 90
        3
102
RTVSPost2010PropOp43
 70
     1
102
RTVSPost2010Prop44ColorIndex
 90
        5
102
RTVSPost2010Prop44ColorRGB
 90
      255
102
RTVSPost2010PropOp44
 70
     1
102
RTVSPost2010Prop45
280
     0
102
RTVSPost2010PropOp45
 70
     1
102
RTVSPost2010Prop46
 90
       50
102
RTVSPost2010PropOp46
 70
     1
102
RTVSPost2010Prop47
 90
       50
102
RTVSPost2010PropOp47
 70
     1
102
RTVSPost2010Prop48
 90
       50
102
RTVSPost2010PropOp48
 70
     1
102
RTVSPost2010Prop49
280
     0
102
RTVSPost2010PropOp49
 70
     1
102
RTVSPost2010Prop50
 90
       50
102
RTVSPost2010PropOp50
 70
     1
102
RTVSPost2010Prop51ColorIndex
 90
      256
102
RTVSPost2010Prop51ColorRGB
 90
-16777216
102
RTVSPost2010PropOp51
 70
     0
102
RTVSPost2010Prop52
140
1.0
102
RTVSPost2010PropOp52
 70
     0
102
RTVSPost2010Prop53
 90
        2
102
RTVSPost2010PropOp53
 70
     1
102
RTVSPost2010Prop54
  1
strokes_ogs.tif
102
RTVSPost2010PropOp54
 70
     1
102
RTVSPost2010Prop55
280
     0
102
RTVSPost2010PropOp55
 70
     1
102
RTVSPost2010Prop56
140
1.0
102
RTVSPost2010PropOp56
 70
     1
102
RTVSPost2010Prop57
140
1.0
102
RTVSPost2010PropOp57
 70
     1
  0
XRECORD
  5
AE6
102
{ACAD_REACTORS
330
AE5
102
}
330
AE5
100
AcDbXrecord
280
     1
102
RTVSPropertyOp0
 70
     1
102
RTVSPropertyOp1
 70
     1
102
RTVSPropertyOp2
 70
     1
102
RTVSPropertyOp3
 70
     1
102
RTVSPropertyOp4
 70
     1
102
RTVSPropertyOp5
 70
     1
102
RTVSPropertyOp6
 70
     1
102
RTVSPropertyOp7
 70
     1
102
RTVSPropertyOp8
 70
     1
102
RTVSPropertyOp9
 70
     1
102
RTVSPropertyOp10
 70
     1
102
RTVSPropertyOp11
 70
     1
102
RTVSPropertyOp12
 70
     1
102
RTVSPropertyOp13
 70
     1
102
RTVSPropertyOp14
 70
     1
102
RTVSPropertyOp15
 70
     1
102
RTVSPropertyOp16
 70
     1
102
RTVSPropertyOp17
 70
     1
102
RTVSPropertyOp18
 70
     1
102
RTVSPropertyOp19
 70
     1
102
RTVSPropertyOp20
 70
     1
102
RTVSPropertyOp21
 70
     1
102
RTVSPropertyOp22
 70
     1
102
RTVSPropertyOp23
 70
     1
102
RTVSPropertyOp24
 70
     1
102
RTVSPropertyOp25
 70
     1
102
RTVSPropertyOp26
 70
     1
102
RTVSPropertyOp27
 70
     1
102
RTVSPropertyOp28
 70
     1
102
RTVSPropertyOp29
 70
     1
102
RTVSPropertyOp30
 70
     1
102
RTVSPropertyOp31
 70
     1
102
RTVSPropertyOp32
 70
     1
102
RTVSPropertyOp33
 70
     1
102
RTVSPropertyOp34
 70
     1
102
RTVSPropertyOp35
 70
     1
102
RTVSPropertyOp36
 70
     1
102
RTVSPropertyOp37
 70
     1
102
RTVSPropertyOp38
 70
     1
102
RTVSPropertyOp39
 70
     1
102
RTVSPropertyOp40
 70
     1
102
RTVSPropertyOp41
 70
     1
102
RTVSPropertyOp42
 70
     1
102
RTVSPropertyOp43
 70
     1
102
RTVSPropertyOp44
 70
     1
102
RTVSPropertyOp45
 70
     1
102
RTVSPropertyOp46
 70
     1
102
RTVSPropertyOp47
 70
     1
102
RTVSPropertyOp48
 70
     1
102
RTVSPropertyOp49
 70
     1
102
RTVSPropertyOp50
 70
     1
102
RTVSPropertyOp51
 70
     0
102
RTVSPropertyOp52
 70
     0
102
RTVSPropertyOp53
 70
     1
102
RTVSPropertyOp54
 70
     1
102
RTVSPropertyOp55
 70
     1
102
RTVSPropertyOp56
 70
     1
102
RTVSPropertyOp57
 70
     1
102
RTVSPost2010Prop28
280
     0
102
RTVSPost2010PropOp28
 70
     1
102
RTVSPost2010Prop29
280
     1
102
RTVSPost2010PropOp29
 70
     1
102
RTVSPost2010Prop30
280
     1
102
RTVSPost2010PropOp30
 70
     1
102
RTVSPost2010Prop31
280
     0
102
RTVSPost2010PropOp31
 70
     1
102
RTVSPost2010Prop32
280
     0
102
RTVSPost2010PropOp32
 70
     1
102
RTVSPost2010Prop33
280
     0
102
RTVSPost2010PropOp33
 70
     1
102
RTVSPost2010Prop34
280
     0
102
RTVSPost2010PropOp34
 70
     1
102
RTVSPost2010Prop35
280
     0
102
RTVSPost2010PropOp35
 70
     1
102
RTVSPost2010Prop36
280
     0
102
RTVSPost2010PropOp36
 70
     1
102
RTVSPost2010Prop37
 90
       50
102
RTVSPost2010PropOp37
 70
     1
102
RTVSPost2010Prop38
140
0.0
102
RTVSPost2010PropOp38
 70
     1
102
RTVSPost2010Prop39
140
1.0
102
RTVSPost2010PropOp39
 70
     1
102
RTVSPost2010Prop40
 90
        0
102
RTVSPost2010PropOp40
 70
     1
102
RTVSPost2010Prop41ColorIndex
 90
       18
102
RTVSPost2010Prop41ColorRGB
 90
        0
102
RTVSPost2010PropOp41
 70
     1
102
RTVSPost2010Prop42
 90
       50
102
RTVSPost2010PropOp42
 70
     1
102
RTVSPost2010Prop43
 90
        3
102
RTVSPost2010PropOp43
 70
     1
102
RTVSPost2010Prop44ColorIndex
 90
        5
102
RTVSPost2010Prop44ColorRGB
 90
      255
102
RTVSPost2010PropOp44
 70
     1
102
RTVSPost2010Prop45
280
     0
102
RTVSPost2010PropOp45
 70
     1
102
RTVSPost2010Prop46
 90
       50
102
RTVSPost2010PropOp46
 70
     1
102
RTVSPost2010Prop47
 90
       50
102
RTVSPost2010PropOp47
 70
     1
102
RTVSPost2010Prop48
 90
       50
102
RTVSPost2010PropOp48
 70
     1
102
RTVSPost2010Prop49
280
     0
102
RTVSPost2010PropOp49
 70
     1
102
RTVSPost2010Prop50
 90
       50
102
RTVSPost2010PropOp50
 70
     1
102
RTVSPost2010Prop51ColorIndex
 90
      256
102
RTVSPost2010Prop51ColorRGB
 90
-16777216
102
RTVSPost2010PropOp51
 70
     0
102
RTVSPost2010Prop52
140
1.0
102
RTVSPost2010PropOp52
 70
     0
102
RTVSPost2010Prop53
 90
        2
102
RTVSPost2010PropOp53
 70
     1
102
RTVSPost2010Prop54
  1
strokes_ogs.tif
102
RTVSPost2010PropOp54
 70
     1
102
RTVSPost2010Prop55
280
     0
102
RTVSPost2010PropOp55
 70
     1
102
RTVSPost2010Prop56
140
1.0
102
RTVSPost2010PropOp56
 70
     1
102
RTVSPost2010Prop57
140
1.0
102
RTVSPost2010PropOp57
 70
     1
  0
XRECORD
  5
AE8
102
{ACAD_REACTORS
330
AE7
102
}
330
AE7
100
AcDbXrecord
280
     1
102
RTVSPropertyOp0
 70
     1
102
RTVSPropertyOp1
 70
     1
102
RTVSPropertyOp2
 70
     1
102
RTVSPropertyOp3
 70
     1
102
RTVSPropertyOp4
 70
     1
102
RTVSPropertyOp5
 70
     1
102
RTVSPropertyOp6
 70
     1
102
RTVSPropertyOp7
 70
     1
102
RTVSPropertyOp8
 70
     1
102
RTVSPropertyOp9
 70
     1
102
RTVSPropertyOp10
 70
     1
102
RTVSPropertyOp11
 70
     1
102
RTVSPropertyOp12
 70
     1
102
RTVSPropertyOp13
 70
     1
102
RTVSPropertyOp14
 70
     1
102
RTVSPropertyOp15
 70
     1
102
RTVSPropertyOp16
 70
     1
102
RTVSPropertyOp17
 70
     1
102
RTVSPropertyOp18
 70
     1
102
RTVSPropertyOp19
 70
     1
102
RTVSPropertyOp20
 70
     1
102
RTVSPropertyOp21
 70
     1
102
RTVSPropertyOp22
 70
     1
102
RTVSPropertyOp23
 70
     1
102
RTVSPropertyOp24
 70
     1
102
RTVSPropertyOp25
 70
     1
102
RTVSPropertyOp26
 70
     1
102
RTVSPropertyOp27
 70
     1
102
RTVSPropertyOp28
 70
     1
102
RTVSPropertyOp29
 70
     1
102
RTVSPropertyOp30
 70
     1
102
RTVSPropertyOp31
 70
     1
102
RTVSPropertyOp32
 70
     1
102
RTVSPropertyOp33
 70
     1
102
RTVSPropertyOp34
 70
     1
102
RTVSPropertyOp35
 70
     1
102
RTVSPropertyOp36
 70
     1
102
RTVSPropertyOp37
 70
     1
102
RTVSPropertyOp38
 70
     1
102
RTVSPropertyOp39
 70
     1
102
RTVSPropertyOp40
 70
     1
102
RTVSPropertyOp41
 70
     1
102
RTVSPropertyOp42
 70
     1
102
RTVSPropertyOp43
 70
     1
102
RTVSPropertyOp44
 70
     1
102
RTVSPropertyOp45
 70
     1
102
RTVSPropertyOp46
 70
     1
102
RTVSPropertyOp47
 70
     1
102
RTVSPropertyOp48
 70
     1
102
RTVSPropertyOp49
 70
     1
102
RTVSPropertyOp50
 70
     1
102
RTVSPropertyOp51
 70
     0
102
RTVSPropertyOp52
 70
     0
102
RTVSPropertyOp53
 70
     1
102
RTVSPropertyOp54
 70
     1
102
RTVSPropertyOp55
 70
     1
102
RTVSPropertyOp56
 70
     1
102
RTVSPropertyOp57
 70
     1
102
RTVSPost2010Prop28
280
     0
102
RTVSPost2010PropOp28
 70
     1
102
RTVSPost2010Prop29
280
     1
102
RTVSPost2010PropOp29
 70
     1
102
RTVSPost2010Prop30
280
     1
102
RTVSPost2010PropOp30
 70
     1
102
RTVSPost2010Prop31
280
     0
102
RTVSPost2010PropOp31
 70
     1
102
RTVSPost2010Prop32
280
     0
102
RTVSPost2010PropOp32
 70
     1
102
RTVSPost2010Prop33
280
     0
102
RTVSPost2010PropOp33
 70
     1
102
RTVSPost2010Prop34
280
     0
102
RTVSPost2010PropOp34
 70
     1
102
RTVSPost2010Prop35
280
     0
102
RTVSPost2010PropOp35
 70
     1
102
RTVSPost2010Prop36
280
     0
102
RTVSPost2010PropOp36
 70
     1
102
RTVSPost2010Prop37
 90
       50
102
RTVSPost2010PropOp37
 70
     1
102
RTVSPost2010Prop38
140
0.0
102
RTVSPost2010PropOp38
 70
     1
102
RTVSPost2010Prop39
140
1.0
102
RTVSPost2010PropOp39
 70
     1
102
RTVSPost2010Prop40
 90
        0
102
RTVSPost2010PropOp40
 70
     1
102
RTVSPost2010Prop41ColorIndex
 90
       18
102
RTVSPost2010Prop41ColorRGB
 90
        0
102
RTVSPost2010PropOp41
 70
     1
102
RTVSPost2010Prop42
 90
       50
102
RTVSPost2010PropOp42
 70
     1
102
RTVSPost2010Prop43
 90
        3
102
RTVSPost2010PropOp43
 70
     1
102
RTVSPost2010Prop44ColorIndex
 90
        5
102
RTVSPost2010Prop44ColorRGB
 90
      255
102
RTVSPost2010PropOp44
 70
     1
102
RTVSPost2010Prop45
280
     0
102
RTVSPost2010PropOp45
 70
     1
102
RTVSPost2010Prop46
 90
       50
102
RTVSPost2010PropOp46
 70
     1
102
RTVSPost2010Prop47
 90
       50
102
RTVSPost2010PropOp47
 70
     1
102
RTVSPost2010Prop48
 90
       50
102
RTVSPost2010PropOp48
 70
     1
102
RTVSPost2010Prop49
280
     0
102
RTVSPost2010PropOp49
 70
     1
102
RTVSPost2010Prop50
 90
       50
102
RTVSPost2010PropOp50
 70
     1
102
RTVSPost2010Prop51ColorIndex
 90
      256
102
RTVSPost2010Prop51ColorRGB
 90
-16777216
102
RTVSPost2010PropOp51
 70
     0
102
RTVSPost2010Prop52
140
1.0
102
RTVSPost2010PropOp52
 70
     0
102
RTVSPost2010Prop53
 90
        2
102
RTVSPost2010PropOp53
 70
     1
102
RTVSPost2010Prop54
  1
strokes_ogs.tif
102
RTVSPost2010PropOp54
 70
     1
102
RTVSPost2010Prop55
280
     0
102
RTVSPost2010PropOp55
 70
     1
102
RTVSPost2010Prop56
140
1.0
102
RTVSPost2010PropOp56
 70
     1
102
RTVSPost2010Prop57
140
1.0
102
RTVSPost2010PropOp57
 70
     1
  0
XRECORD
  5
AEE
102
{ACAD_REACTORS
330
AED
102
}
330
AED
100
AcDbXrecord
280
     1
102
RTVSPropertyOp0
 70
     1
102
RTVSPropertyOp1
 70
     1
102
RTVSPropertyOp2
 70
     1
102
RTVSPropertyOp3
 70
     1
102
RTVSPropertyOp4
 70
     1
102
RTVSPropertyOp5
 70
     1
102
RTVSPropertyOp6
 70
     1
102
RTVSPropertyOp7
 70
     1
102
RTVSPropertyOp8
 70
     1
102
RTVSPropertyOp9
 70
     1
102
RTVSPropertyOp10
 70
     1
102
RTVSPropertyOp11
 70
     1
102
RTVSPropertyOp12
 70
     1
102
RTVSPropertyOp13
 70
     1
102
RTVSPropertyOp14
 70
     1
102
RTVSPropertyOp15
 70
     1
102
RTVSPropertyOp16
 70
     1
102
RTVSPropertyOp17
 70
     1
102
RTVSPropertyOp18
 70
     1
102
RTVSPropertyOp19
 70
     1
102
RTVSPropertyOp20
 70
     1
102
RTVSPropertyOp21
 70
     1
102
RTVSPropertyOp22
 70
     1
102
RTVSPropertyOp23
 70
     1
102
RTVSPropertyOp24
 70
     1
102
RTVSPropertyOp25
 70
     1
102
RTVSPropertyOp26
 70
     1
102
RTVSPropertyOp27
 70
     1
102
RTVSPropertyOp28
 70
     1
102
RTVSPropertyOp29
 70
     1
102
RTVSPropertyOp30
 70
     1
102
RTVSPropertyOp31
 70
     1
102
RTVSPropertyOp32
 70
     1
102
RTVSPropertyOp33
 70
     1
102
RTVSPropertyOp34
 70
     1
102
RTVSPropertyOp35
 70
     1
102
RTVSPropertyOp36
 70
     1
102
RTVSPropertyOp37
 70
     1
102
RTVSPropertyOp38
 70
     1
102
RTVSPropertyOp39
 70
     1
102
RTVSPropertyOp40
 70
     1
102
RTVSPropertyOp41
 70
     1
102
RTVSPropertyOp42
 70
     1
102
RTVSPropertyOp43
 70
     1
102
RTVSPropertyOp44
 70
     1
102
RTVSPropertyOp45
 70
     1
102
RTVSPropertyOp46
 70
     1
102
RTVSPropertyOp47
 70
     1
102
RTVSPropertyOp48
 70
     1
102
RTVSPropertyOp49
 70
     1
102
RTVSPropertyOp50
 70
     1
102
RTVSPropertyOp51
 70
     0
102
RTVSPropertyOp52
 70
     0
102
RTVSPropertyOp53
 70
     1
102
RTVSPropertyOp54
 70
     1
102
RTVSPropertyOp55
 70
     1
102
RTVSPropertyOp56
 70
     1
102
RTVSPropertyOp57
 70
     1
102
RTVSPost2010Prop28
280
     0
102
RTVSPost2010PropOp28
 70
     1
102
RTVSPost2010Prop29
280
     1
102
RTVSPost2010PropOp29
 70
     1
102
RTVSPost2010Prop30
280
     1
102
RTVSPost2010PropOp30
 70
     1
102
RTVSPost2010Prop31
280
     0
102
RTVSPost2010PropOp31
 70
     1
102
RTVSPost2010Prop32
280
     0
102
RTVSPost2010PropOp32
 70
     1
102
RTVSPost2010Prop33
280
     0
102
RTVSPost2010PropOp33
 70
     1
102
RTVSPost2010Prop34
280
     0
102
RTVSPost2010PropOp34
 70
     1
102
RTVSPost2010Prop35
280
     0
102
RTVSPost2010PropOp35
 70
     1
102
RTVSPost2010Prop36
280
     0
102
RTVSPost2010PropOp36
 70
     1
102
RTVSPost2010Prop37
 90
       50
102
RTVSPost2010PropOp37
 70
     1
102
RTVSPost2010Prop38
140
0.0
102
RTVSPost2010PropOp38
 70
     1
102
RTVSPost2010Prop39
140
1.0
102
RTVSPost2010PropOp39
 70
     1
102
RTVSPost2010Prop40
 90
        0
102
RTVSPost2010PropOp40
 70
     1
102
RTVSPost2010Prop41ColorIndex
 90
       18
102
RTVSPost2010Prop41ColorRGB
 90
        0
102
RTVSPost2010PropOp41
 70
     1
102
RTVSPost2010Prop42
 90
       50
102
RTVSPost2010PropOp42
 70
     1
102
RTVSPost2010Prop43
 90
        3
102
RTVSPost2010PropOp43
 70
     1
102
RTVSPost2010Prop44ColorIndex
 90
        5
102
RTVSPost2010Prop44ColorRGB
 90
      255
102
RTVSPost2010PropOp44
 70
     1
102
RTVSPost2010Prop45
280
     0
102
RTVSPost2010PropOp45
 70
     1
102
RTVSPost2010Prop46
 90
       50
102
RTVSPost2010PropOp46
 70
     1
102
RTVSPost2010Prop47
 90
       50
102
RTVSPost2010PropOp47
 70
     1
102
RTVSPost2010Prop48
 90
       50
102
RTVSPost2010PropOp48
 70
     1
102
RTVSPost2010Prop49
280
     0
102
RTVSPost2010PropOp49
 70
     1
102
RTVSPost2010Prop50
 90
       50
102
RTVSPost2010PropOp50
 70
     1
102
RTVSPost2010Prop51ColorIndex
 90
      256
102
RTVSPost2010Prop51ColorRGB
 90
-16777216
102
RTVSPost2010PropOp51
 70
     0
102
RTVSPost2010Prop52
140
1.0
102
RTVSPost2010PropOp52
 70
     0
102
RTVSPost2010Prop53
 90
        2
102
RTVSPost2010PropOp53
 70
     1
102
RTVSPost2010Prop54
  1
strokes_ogs.tif
102
RTVSPost2010PropOp54
 70
     1
102
RTVSPost2010Prop55
280
     0
102
RTVSPost2010PropOp55
 70
     1
102
RTVSPost2010Prop56
140
1.0
102
RTVSPost2010PropOp56
 70
     1
102
RTVSPost2010Prop57
140
1.0
102
RTVSPost2010PropOp57
 70
     1
  0
XRECORD
  5
B02
102
{ACAD_REACTORS
330
B01
102
}
330
B01
100
AcDbXrecord
280
     1
102
RTVSPropertyOp0
 70
     0
102
RTVSPropertyOp1
 70
     0
102
RTVSPropertyOp2
 70
     0
102
RTVSPropertyOp3
 70
     0
102
RTVSPropertyOp4
 70
     0
102
RTVSPropertyOp5
 70
     0
102
RTVSPropertyOp6
 70
     0
102
RTVSPropertyOp7
 70
     0
102
RTVSPropertyOp8
 70
     0
102
RTVSPropertyOp9
 70
     0
102
RTVSPropertyOp10
 70
     0
102
RTVSPropertyOp11
 70
     0
102
RTVSPropertyOp12
 70
     0
102
RTVSPropertyOp13
 70
     0
102
RTVSPropertyOp14
 70
     2
102
RTVSPropertyOp15
 70
     0
102
RTVSPropertyOp16
 70
     0
102
RTVSPropertyOp17
 70
     0
102
RTVSPropertyOp18
 70
     0
102
RTVSPropertyOp19
 70
     0
102
RTVSPropertyOp20
 70
     0
102
RTVSPropertyOp21
 70
     0
102
RTVSPropertyOp22
 70
     0
102
RTVSPropertyOp23
 70
     0
102
RTVSPropertyOp24
 70
     0
102
RTVSPropertyOp25
 70
     0
102
RTVSPropertyOp26
 70
     0
102
RTVSPropertyOp27
 70
     0
102
RTVSPropertyOp28
 70
     0
102
RTVSPropertyOp29
 70
     0
102
RTVSPropertyOp30
 70
     0
102
RTVSPropertyOp31
 70
     0
102
RTVSPropertyOp32
 70
     0
102
RTVSPropertyOp33
 70
     0
102
RTVSPropertyOp34
 70
     0
102
RTVSPropertyOp35
 70
     0
102
RTVSPropertyOp36
 70
     0
102
RTVSPropertyOp37
 70
     0
102
RTVSPropertyOp38
 70
     0
102
RTVSPropertyOp39
 70
     0
102
RTVSPropertyOp40
 70
     0
102
RTVSPropertyOp41
 70
     0
102
RTVSPropertyOp42
 70
     0
102
RTVSPropertyOp43
 70
     0
102
RTVSPropertyOp44
 70
     0
102
RTVSPropertyOp45
 70
     0
102
RTVSPropertyOp46
 70
     0
102
RTVSPropertyOp47
 70
     0
102
RTVSPropertyOp48
 70
     0
102
RTVSPropertyOp49
 70
     0
102
RTVSPropertyOp50
 70
     0
102
RTVSPropertyOp51
 70
     0
102
RTVSPropertyOp52
 70
     0
102
RTVSPropertyOp53
 70
     0
102
RTVSPropertyOp54
 70
     0
102
RTVSPropertyOp55
 70
     0
102
RTVSPropertyOp56
 70
     0
102
RTVSPropertyOp57
 70
     0
102
RTVSPost2010Prop28
280
     0
102
RTVSPost2010PropOp28
 70
     0
102
RTVSPost2010Prop29
280
     1
102
RTVSPost2010PropOp29
 70
     0
102
RTVSPost2010Prop30
280
     1
102
RTVSPost2010PropOp30
 70
     0
102
RTVSPost2010Prop31
280
     0
102
RTVSPost2010PropOp31
 70
     0
102
RTVSPost2010Prop32
280
     0
102
RTVSPost2010PropOp32
 70
     0
102
RTVSPost2010Prop33
280
     0
102
RTVSPost2010PropOp33
 70
     0
102
RTVSPost2010Prop34
280
     0
102
RTVSPost2010PropOp34
 70
     0
102
RTVSPost2010Prop35
280
     0
102
RTVSPost2010PropOp35
 70
     0
102
RTVSPost2010Prop36
280
     0
102
RTVSPost2010PropOp36
 70
     0
102
RTVSPost2010Prop37
 90
       50
102
RTVSPost2010PropOp37
 70
     0
102
RTVSPost2010Prop38
140
0.0
102
RTVSPost2010PropOp38
 70
     0
102
RTVSPost2010Prop39
140
1.0
102
RTVSPost2010PropOp39
 70
     0
102
RTVSPost2010Prop40
 90
        0
102
RTVSPost2010PropOp40
 70
     0
102
RTVSPost2010Prop41ColorIndex
 90
       18
102
RTVSPost2010Prop41ColorRGB
 90
        0
102
RTVSPost2010PropOp41
 70
     0
102
RTVSPost2010Prop42
 90
       50
102
RTVSPost2010PropOp42
 70
     0
102
RTVSPost2010Prop43
 90
        3
102
RTVSPost2010PropOp43
 70
     0
102
RTVSPost2010Prop44ColorIndex
 90
        5
102
RTVSPost2010Prop44ColorRGB
 90
      255
102
RTVSPost2010PropOp44
 70
     0
102
RTVSPost2010Prop45
280
     0
102
RTVSPost2010PropOp45
 70
     0
102
RTVSPost2010Prop46
 90
       50
102
RTVSPost2010PropOp46
 70
     0
102
RTVSPost2010Prop47
 90
       50
102
RTVSPost2010PropOp47
 70
     0
102
RTVSPost2010Prop48
 90
       50
102
RTVSPost2010PropOp48
 70
     0
102
RTVSPost2010Prop49
280
     0
102
RTVSPost2010PropOp49
 70
     0
102
RTVSPost2010Prop50
 90
       50
102
RTVSPost2010PropOp50
 70
     0
102
RTVSPost2010Prop51ColorIndex
 90
      256
102
RTVSPost2010Prop51ColorRGB
 90
-16777216
102
RTVSPost2010PropOp51
 70
     0
102
RTVSPost2010Prop52
140
1.0
102
RTVSPost2010PropOp52
 70
     0
102
RTVSPost2010Prop53
 90
        2
102
RTVSPost2010PropOp53
 70
     0
102
RTVSPost2010Prop54
  1
strokes_ogs.tif
102
RTVSPost2010PropOp54
 70
     0
102
RTVSPost2010Prop55
280
     0
102
RTVSPost2010PropOp55
 70
     0
102
RTVSPost2010Prop56
140
1.0
102
RTVSPost2010PropOp56
 70
     0
102
RTVSPost2010Prop57
140
1.0
102
RTVSPost2010PropOp57
 70
     0
  0
XRECORD
  5
AFC
102
{ACAD_REACTORS
330
AFB
102
}
330
AFB
100
AcDbXrecord
280
     1
102
RTVSPropertyOp0
 70
     1
102
RTVSPropertyOp1
 70
     1
102
RTVSPropertyOp2
 70
     1
102
RTVSPropertyOp3
 70
     1
102
RTVSPropertyOp4
 70
     1
102
RTVSPropertyOp5
 70
     1
102
RTVSPropertyOp6
 70
     1
102
RTVSPropertyOp7
 70
     1
102
RTVSPropertyOp8
 70
     1
102
RTVSPropertyOp9
 70
     1
102
RTVSPropertyOp10
 70
     1
102
RTVSPropertyOp11
 70
     1
102
RTVSPropertyOp12
 70
     1
102
RTVSPropertyOp13
 70
     1
102
RTVSPropertyOp14
 70
     1
102
RTVSPropertyOp15
 70
     1
102
RTVSPropertyOp16
 70
     1
102
RTVSPropertyOp17
 70
     1
102
RTVSPropertyOp18
 70
     1
102
RTVSPropertyOp19
 70
     1
102
RTVSPropertyOp20
 70
     1
102
RTVSPropertyOp21
 70
     1
102
RTVSPropertyOp22
 70
     1
102
RTVSPropertyOp23
 70
     1
102
RTVSPropertyOp24
 70
     1
102
RTVSPropertyOp25
 70
     1
102
RTVSPropertyOp26
 70
     1
102
RTVSPropertyOp27
 70
     1
102
RTVSPropertyOp28
 70
     1
102
RTVSPropertyOp29
 70
     1
102
RTVSPropertyOp30
 70
     1
102
RTVSPropertyOp31
 70
     1
102
RTVSPropertyOp32
 70
     1
102
RTVSPropertyOp33
 70
     1
102
RTVSPropertyOp34
 70
     1
102
RTVSPropertyOp35
 70
     1
102
RTVSPropertyOp36
 70
     1
102
RTVSPropertyOp37
 70
     1
102
RTVSPropertyOp38
 70
     1
102
RTVSPropertyOp39
 70
     1
102
RTVSPropertyOp40
 70
     1
102
RTVSPropertyOp41
 70
     1
102
RTVSPropertyOp42
 70
     1
102
RTVSPropertyOp43
 70
     1
102
RTVSPropertyOp44
 70
     1
102
RTVSPropertyOp45
 70
     1
102
RTVSPropertyOp46
 70
     1
102
RTVSPropertyOp47
 70
     1
102
RTVSPropertyOp48
 70
     1
102
RTVSPropertyOp49
 70
     1
102
RTVSPropertyOp50
 70
     1
102
RTVSPropertyOp51
 70
     0
102
RTVSPropertyOp52
 70
     0
102
RTVSPropertyOp53
 70
     1
102
RTVSPropertyOp54
 70
     1
102
RTVSPropertyOp55
 70
     1
102
RTVSPropertyOp56
 70
     1
102
RTVSPropertyOp57
 70
     1
102
RTVSPost2010Prop28
280
     0
102
RTVSPost2010PropOp28
 70
     1
102
RTVSPost2010Prop29
280
     1
102
RTVSPost2010PropOp29
 70
     1
102
RTVSPost2010Prop30
280
     1
102
RTVSPost2010PropOp30
 70
     1
102
RTVSPost2010Prop31
280
     0
102
RTVSPost2010PropOp31
 70
     1
102
RTVSPost2010Prop32
280
     0
102
RTVSPost2010PropOp32
 70
     1
102
RTVSPost2010Prop33
280
     0
102
RTVSPost2010PropOp33
 70
     1
102
RTVSPost2010Prop34
280
     0
102
RTVSPost2010PropOp34
 70
     1
102
RTVSPost2010Prop35
280
     0
102
RTVSPost2010PropOp35
 70
     1
102
RTVSPost2010Prop36
280
     0
102
RTVSPost2010PropOp36
 70
     1
102
RTVSPost2010Prop37
 90
       50
102
RTVSPost2010PropOp37
 70
     1
102
RTVSPost2010Prop38
140
0.0
102
RTVSPost2010PropOp38
 70
     1
102
RTVSPost2010Prop39
140
1.0
102
RTVSPost2010PropOp39
 70
     1
102
RTVSPost2010Prop40
 90
        0
102
RTVSPost2010PropOp40
 70
     1
102
RTVSPost2010Prop41ColorIndex
 90
       18
102
RTVSPost2010Prop41ColorRGB
 90
        0
102
RTVSPost2010PropOp41
 70
     1
102
RTVSPost2010Prop42
 90
       50
102
RTVSPost2010PropOp42
 70
     1
102
RTVSPost2010Prop43
 90
        3
102
RTVSPost2010PropOp43
 70
     1
102
RTVSPost2010Prop44ColorIndex
 90
        5
102
RTVSPost2010Prop44ColorRGB
 90
      255
102
RTVSPost2010PropOp44
 70
     1
102
RTVSPost2010Prop45
280
     0
102
RTVSPost2010PropOp45
 70
     1
102
RTVSPost2010Prop46
 90
       50
102
RTVSPost2010PropOp46
 70
     1
102
RTVSPost2010Prop47
 90
       50
102
RTVSPost2010PropOp47
 70
     1
102
RTVSPost2010Prop48
 90
       50
102
RTVSPost2010PropOp48
 70
     1
102
RTVSPost2010Prop49
280
     0
102
RTVSPost2010PropOp49
 70
     1
102
RTVSPost2010Prop50
 90
       50
102
RTVSPost2010PropOp50
 70
     1
102
RTVSPost2010Prop51ColorIndex
 90
      256
102
RTVSPost2010Prop51ColorRGB
 90
-16777216
102
RTVSPost2010PropOp51
 70
     0
102
RTVSPost2010Prop52
140
1.0
102
RTVSPost2010PropOp52
 70
     0
102
RTVSPost2010Prop53
 90
        2
102
RTVSPost2010PropOp53
 70
     1
102
RTVSPost2010Prop54
  1
strokes_ogs.tif
102
RTVSPost2010PropOp54
 70
     1
102
RTVSPost2010Prop55
280
     0
102
RTVSPost2010PropOp55
 70
     1
102
RTVSPost2010Prop56
140
1.0
102
RTVSPost2010PropOp56
 70
     1
102
RTVSPost2010Prop57
140
1.0
102
RTVSPost2010PropOp57
 70
     1
  0
XRECORD
  5
B04
102
{ACAD_REACTORS
330
B03
102
}
330
B03
100
AcDbXrecord
280
     1
102
RTVSPropertyOp0
 70
     0
102
RTVSPropertyOp1
 70
     0
102
RTVSPropertyOp2
 70
     0
102
RTVSPropertyOp3
 70
     0
102
RTVSPropertyOp4
 70
     0
102
RTVSPropertyOp5
 70
     0
102
RTVSPropertyOp6
 70
     0
102
RTVSPropertyOp7
 70
     0
102
RTVSPropertyOp8
 70
     0
102
RTVSPropertyOp9
 70
     0
102
RTVSPropertyOp10
 70
     0
102
RTVSPropertyOp11
 70
     0
102
RTVSPropertyOp12
 70
     0
102
RTVSPropertyOp13
 70
     0
102
RTVSPropertyOp14
 70
     2
102
RTVSPropertyOp15
 70
     0
102
RTVSPropertyOp16
 70
     0
102
RTVSPropertyOp17
 70
     0
102
RTVSPropertyOp18
 70
     0
102
RTVSPropertyOp19
 70
     0
102
RTVSPropertyOp20
 70
     0
102
RTVSPropertyOp21
 70
     0
102
RTVSPropertyOp22
 70
     0
102
RTVSPropertyOp23
 70
     0
102
RTVSPropertyOp24
 70
     0
102
RTVSPropertyOp25
 70
     0
102
RTVSPropertyOp26
 70
     0
102
RTVSPropertyOp27
 70
     0
102
RTVSPropertyOp28
 70
     0
102
RTVSPropertyOp29
 70
     0
102
RTVSPropertyOp30
 70
     0
102
RTVSPropertyOp31
 70
     0
102
RTVSPropertyOp32
 70
     0
102
RTVSPropertyOp33
 70
     0
102
RTVSPropertyOp34
 70
     0
102
RTVSPropertyOp35
 70
     0
102
RTVSPropertyOp36
 70
     0
102
RTVSPropertyOp37
 70
     0
102
RTVSPropertyOp38
 70
     0
102
RTVSPropertyOp39
 70
     0
102
RTVSPropertyOp40
 70
     0
102
RTVSPropertyOp41
 70
     0
102
RTVSPropertyOp42
 70
     0
102
RTVSPropertyOp43
 70
     0
102
RTVSPropertyOp44
 70
     0
102
RTVSPropertyOp45
 70
     0
102
RTVSPropertyOp46
 70
     0
102
RTVSPropertyOp47
 70
     0
102
RTVSPropertyOp48
 70
     0
102
RTVSPropertyOp49
 70
     0
102
RTVSPropertyOp50
 70
     0
102
RTVSPropertyOp51
 70
     0
102
RTVSPropertyOp52
 70
     0
102
RTVSPropertyOp53
 70
     0
102
RTVSPropertyOp54
 70
     0
102
RTVSPropertyOp55
 70
     0
102
RTVSPropertyOp56
 70
     0
102
RTVSPropertyOp57
 70
     0
102
RTVSPost2010Prop28
280
     0
102
RTVSPost2010PropOp28
 70
     0
102
RTVSPost2010Prop29
280
     1
102
RTVSPost2010PropOp29
 70
     0
102
RTVSPost2010Prop30
280
     1
102
RTVSPost2010PropOp30
 70
     0
102
RTVSPost2010Prop31
280
     0
102
RTVSPost2010PropOp31
 70
     0
102
RTVSPost2010Prop32
280
     0
102
RTVSPost2010PropOp32
 70
     0
102
RTVSPost2010Prop33
280
     0
102
RTVSPost2010PropOp33
 70
     0
102
RTVSPost2010Prop34
280
     0
102
RTVSPost2010PropOp34
 70
     0
102
RTVSPost2010Prop35
280
     0
102
RTVSPost2010PropOp35
 70
     0
102
RTVSPost2010Prop36
280
     0
102
RTVSPost2010PropOp36
 70
     0
102
RTVSPost2010Prop37
 90
       50
102
RTVSPost2010PropOp37
 70
     0
102
RTVSPost2010Prop38
140
0.0
102
RTVSPost2010PropOp38
 70
     0
102
RTVSPost2010Prop39
140
1.0
102
RTVSPost2010PropOp39
 70
     0
102
RTVSPost2010Prop40
 90
        0
102
RTVSPost2010PropOp40
 70
     0
102
RTVSPost2010Prop41ColorIndex
 90
       18
102
RTVSPost2010Prop41ColorRGB
 90
        0
102
RTVSPost2010PropOp41
 70
     0
102
RTVSPost2010Prop42
 90
       50
102
RTVSPost2010PropOp42
 70
     0
102
RTVSPost2010Prop43
 90
        3
102
RTVSPost2010PropOp43
 70
     0
102
RTVSPost2010Prop44ColorIndex
 90
        5
102
RTVSPost2010Prop44ColorRGB
 90
      255
102
RTVSPost2010PropOp44
 70
     0
102
RTVSPost2010Prop45
280
     0
102
RTVSPost2010PropOp45
 70
     0
102
RTVSPost2010Prop46
 90
       50
102
RTVSPost2010PropOp46
 70
     0
102
RTVSPost2010Prop47
 90
       50
102
RTVSPost2010PropOp47
 70
     0
102
RTVSPost2010Prop48
 90
       50
102
RTVSPost2010PropOp48
 70
     0
102
RTVSPost2010Prop49
280
     0
102
RTVSPost2010PropOp49
 70
     0
102
RTVSPost2010Prop50
 90
       50
102
RTVSPost2010PropOp50
 70
     0
102
RTVSPost2010Prop51ColorIndex
 90
      256
102
RTVSPost2010Prop51ColorRGB
 90
-16777216
102
RTVSPost2010PropOp51
 70
     0
102
RTVSPost2010Prop52
140
1.0
102
RTVSPost2010PropOp52
 70
     0
102
RTVSPost2010Prop53
 90
        2
102
RTVSPost2010PropOp53
 70
     0
102
RTVSPost2010Prop54
  1
strokes_ogs.tif
102
RTVSPost2010PropOp54
 70
     0
102
RTVSPost2010Prop55
280
     0
102
RTVSPost2010PropOp55
 70
     0
102
RTVSPost2010Prop56
140
1.0
102
RTVSPost2010PropOp56
 70
     0
102
RTVSPost2010Prop57
140
1.0
102
RTVSPost2010PropOp57
 70
     0
  0
XRECORD
  5
AF2
102
{ACAD_REACTORS
330
AF1
102
}
330
AF1
100
AcDbXrecord
280
     1
102
RTVSPropertyOp0
 70
     1
102
RTVSPropertyOp1
 70
     1
102
RTVSPropertyOp2
 70
     1
102
RTVSPropertyOp3
 70
     1
102
RTVSPropertyOp4
 70
     1
102
RTVSPropertyOp5
 70
     1
102
RTVSPropertyOp6
 70
     1
102
RTVSPropertyOp7
 70
     1
102
RTVSPropertyOp8
 70
     1
102
RTVSPropertyOp9
 70
     1
102
RTVSPropertyOp10
 70
     1
102
RTVSPropertyOp11
 70
     1
102
RTVSPropertyOp12
 70
     1
102
RTVSPropertyOp13
 70
     1
102
RTVSPropertyOp14
 70
     1
102
RTVSPropertyOp15
 70
     1
102
RTVSPropertyOp16
 70
     1
102
RTVSPropertyOp17
 70
     1
102
RTVSPropertyOp18
 70
     1
102
RTVSPropertyOp19
 70
     1
102
RTVSPropertyOp20
 70
     1
102
RTVSPropertyOp21
 70
     1
102
RTVSPropertyOp22
 70
     1
102
RTVSPropertyOp23
 70
     1
102
RTVSPropertyOp24
 70
     1
102
RTVSPropertyOp25
 70
     1
102
RTVSPropertyOp26
 70
     1
102
RTVSPropertyOp27
 70
     1
102
RTVSPropertyOp28
 70
     1
102
RTVSPropertyOp29
 70
     1
102
RTVSPropertyOp30
 70
     1
102
RTVSPropertyOp31
 70
     1
102
RTVSPropertyOp32
 70
     1
102
RTVSPropertyOp33
 70
     1
102
RTVSPropertyOp34
 70
     1
102
RTVSPropertyOp35
 70
     1
102
RTVSPropertyOp36
 70
     1
102
RTVSPropertyOp37
 70
     1
102
RTVSPropertyOp38
 70
     1
102
RTVSPropertyOp39
 70
     1
102
RTVSPropertyOp40
 70
     1
102
RTVSPropertyOp41
 70
     1
102
RTVSPropertyOp42
 70
     1
102
RTVSPropertyOp43
 70
     1
102
RTVSPropertyOp44
 70
     1
102
RTVSPropertyOp45
 70
     1
102
RTVSPropertyOp46
 70
     1
102
RTVSPropertyOp47
 70
     1
102
RTVSPropertyOp48
 70
     1
102
RTVSPropertyOp49
 70
     1
102
RTVSPropertyOp50
 70
     1
102
RTVSPropertyOp51
 70
     0
102
RTVSPropertyOp52
 70
     0
102
RTVSPropertyOp53
 70
     1
102
RTVSPropertyOp54
 70
     1
102
RTVSPropertyOp55
 70
     1
102
RTVSPropertyOp56
 70
     1
102
RTVSPropertyOp57
 70
     1
102
RTVSPost2010Prop28
280
     0
102
RTVSPost2010PropOp28
 70
     1
102
RTVSPost2010Prop29
280
     1
102
RTVSPost2010PropOp29
 70
     1
102
RTVSPost2010Prop30
280
     1
102
RTVSPost2010PropOp30
 70
     1
102
RTVSPost2010Prop31
280
     0
102
RTVSPost2010PropOp31
 70
     1
102
RTVSPost2010Prop32
280
     0
102
RTVSPost2010PropOp32
 70
     1
102
RTVSPost2010Prop33
280
     0
102
RTVSPost2010PropOp33
 70
     1
102
RTVSPost2010Prop34
280
     0
102
RTVSPost2010PropOp34
 70
     1
102
RTVSPost2010Prop35
280
     0
102
RTVSPost2010PropOp35
 70
     1
102
RTVSPost2010Prop36
280
     0
102
RTVSPost2010PropOp36
 70
     1
102
RTVSPost2010Prop37
 90
       50
102
RTVSPost2010PropOp37
 70
     1
102
RTVSPost2010Prop38
140
0.0
102
RTVSPost2010PropOp38
 70
     1
102
RTVSPost2010Prop39
140
1.0
102
RTVSPost2010PropOp39
 70
     1
102
RTVSPost2010Prop40
 90
        0
102
RTVSPost2010PropOp40
 70
     1
102
RTVSPost2010Prop41ColorIndex
 90
       18
102
RTVSPost2010Prop41ColorRGB
 90
        0
102
RTVSPost2010PropOp41
 70
     1
102
RTVSPost2010Prop42
 90
       50
102
RTVSPost2010PropOp42
 70
     1
102
RTVSPost2010Prop43
 90
        3
102
RTVSPost2010PropOp43
 70
     1
102
RTVSPost2010Prop44ColorIndex
 90
        5
102
RTVSPost2010Prop44ColorRGB
 90
      255
102
RTVSPost2010PropOp44
 70
     1
102
RTVSPost2010Prop45
280
     0
102
RTVSPost2010PropOp45
 70
     1
102
RTVSPost2010Prop46
 90
       50
102
RTVSPost2010PropOp46
 70
     1
102
RTVSPost2010Prop47
 90
       50
102
RTVSPost2010PropOp47
 70
     1
102
RTVSPost2010Prop48
 90
       50
102
RTVSPost2010PropOp48
 70
     1
102
RTVSPost2010Prop49
280
     0
102
RTVSPost2010PropOp49
 70
     1
102
RTVSPost2010Prop50
 90
       50
102
RTVSPost2010PropOp50
 70
     1
102
RTVSPost2010Prop51ColorIndex
 90
      256
102
RTVSPost2010Prop51ColorRGB
 90
-16777216
102
RTVSPost2010PropOp51
 70
     0
102
RTVSPost2010Prop52
140
1.0
102
RTVSPost2010PropOp52
 70
     0
102
RTVSPost2010Prop53
 90
        2
102
RTVSPost2010PropOp53
 70
     1
102
RTVSPost2010Prop54
  1
strokes_ogs.tif
102
RTVSPost2010PropOp54
 70
     1
102
RTVSPost2010Prop55
280
     0
102
RTVSPost2010PropOp55
 70
     1
102
RTVSPost2010Prop56
140
1.0
102
RTVSPost2010PropOp56
 70
     1
102
RTVSPost2010Prop57
140
1.0
102
RTVSPost2010PropOp57
 70
     1
  0
XRECORD
  5
B10
102
{ACAD_REACTORS
330
B0F
102
}
330
B0F
100
AcDbXrecord
280
     1
102
RTVSPropertyOp0
 70
     1
102
RTVSPropertyOp1
 70
     1
102
RTVSPropertyOp2
 70
     1
102
RTVSPropertyOp3
 70
     1
102
RTVSPropertyOp4
 70
     1
102
RTVSPropertyOp5
 70
     1
102
RTVSPropertyOp6
 70
     1
102
RTVSPropertyOp7
 70
     1
102
RTVSPropertyOp8
 70
     1
102
RTVSPropertyOp9
 70
     1
102
RTVSPropertyOp10
 70
     1
102
RTVSPropertyOp11
 70
     1
102
RTVSPropertyOp12
 70
     1
102
RTVSPropertyOp13
 70
     1
102
RTVSPropertyOp14
 70
     1
102
RTVSPropertyOp15
 70
     1
102
RTVSPropertyOp16
 70
     1
102
RTVSPropertyOp17
 70
     1
102
RTVSPropertyOp18
 70
     1
102
RTVSPropertyOp19
 70
     1
102
RTVSPropertyOp20
 70
     1
102
RTVSPropertyOp21
 70
     1
102
RTVSPropertyOp22
 70
     1
102
RTVSPropertyOp23
 70
     1
102
RTVSPropertyOp24
 70
     1
102
RTVSPropertyOp25
 70
     1
102
RTVSPropertyOp26
 70
     1
102
RTVSPropertyOp27
 70
     1
102
RTVSPropertyOp28
 70
     1
102
RTVSPropertyOp29
 70
     1
102
RTVSPropertyOp30
 70
     1
102
RTVSPropertyOp31
 70
     1
102
RTVSPropertyOp32
 70
     1
102
RTVSPropertyOp33
 70
     1
102
RTVSPropertyOp34
 70
     1
102
RTVSPropertyOp35
 70
     1
102
RTVSPropertyOp36
 70
     1
102
RTVSPropertyOp37
 70
     1
102
RTVSPropertyOp38
 70
     1
102
RTVSPropertyOp39
 70
     1
102
RTVSPropertyOp40
 70
     1
102
RTVSPropertyOp41
 70
     1
102
RTVSPropertyOp42
 70
     1
102
RTVSPropertyOp43
 70
     1
102
RTVSPropertyOp44
 70
     1
102
RTVSPropertyOp45
 70
     1
102
RTVSPropertyOp46
 70
     1
102
RTVSPropertyOp47
 70
     1
102
RTVSPropertyOp48
 70
     1
102
RTVSPropertyOp49
 70
     1
102
RTVSPropertyOp50
 70
     1
102
RTVSPropertyOp51
 70
     0
102
RTVSPropertyOp52
 70
     0
102
RTVSPropertyOp53
 70
     1
102
RTVSPropertyOp54
 70
     1
102
RTVSPropertyOp55
 70
     1
102
RTVSPropertyOp56
 70
     1
102
RTVSPropertyOp57
 70
     1
102
RTVSPost2010Prop28
280
     0
102
RTVSPost2010PropOp28
 70
     1
102
RTVSPost2010Prop29
280
     1
102
RTVSPost2010PropOp29
 70
     1
102
RTVSPost2010Prop30
280
     1
102
RTVSPost2010PropOp30
 70
     1
102
RTVSPost2010Prop31
280
     0
102
RTVSPost2010PropOp31
 70
     1
102
RTVSPost2010Prop32
280
     0
102
RTVSPost2010PropOp32
 70
     1
102
RTVSPost2010Prop33
280
     0
102
RTVSPost2010PropOp33
 70
     1
102
RTVSPost2010Prop34
280
     0
102
RTVSPost2010PropOp34
 70
     1
102
RTVSPost2010Prop35
280
     0
102
RTVSPost2010PropOp35
 70
     1
102
RTVSPost2010Prop36
280
     0
102
RTVSPost2010PropOp36
 70
     1
102
RTVSPost2010Prop37
 90
       50
102
RTVSPost2010PropOp37
 70
     1
102
RTVSPost2010Prop38
140
0.0
102
RTVSPost2010PropOp38
 70
     1
102
RTVSPost2010Prop39
140
1.0
102
RTVSPost2010PropOp39
 70
     1
102
RTVSPost2010Prop40
 90
        0
102
RTVSPost2010PropOp40
 70
     1
102
RTVSPost2010Prop41ColorIndex
 90
       18
102
RTVSPost2010Prop41ColorRGB
 90
        0
102
RTVSPost2010PropOp41
 70
     1
102
RTVSPost2010Prop42
 90
       50
102
RTVSPost2010PropOp42
 70
     1
102
RTVSPost2010Prop43
 90
        3
102
RTVSPost2010PropOp43
 70
     1
102
RTVSPost2010Prop44ColorIndex
 90
        5
102
RTVSPost2010Prop44ColorRGB
 90
      255
102
RTVSPost2010PropOp44
 70
     1
102
RTVSPost2010Prop45
280
     0
102
RTVSPost2010PropOp45
 70
     1
102
RTVSPost2010Prop46
 90
       50
102
RTVSPost2010PropOp46
 70
     1
102
RTVSPost2010Prop47
 90
       50
102
RTVSPost2010PropOp47
 70
     1
102
RTVSPost2010Prop48
 90
       50
102
RTVSPost2010PropOp48
 70
     1
102
RTVSPost2010Prop49
280
     0
102
RTVSPost2010PropOp49
 70
     1
102
RTVSPost2010Prop50
 90
       50
102
RTVSPost2010PropOp50
 70
     1
102
RTVSPost2010Prop51ColorIndex
 90
      256
102
RTVSPost2010Prop51ColorRGB
 90
-16777216
102
RTVSPost2010PropOp51
 70
     0
102
RTVSPost2010Prop52
140
1.0
102
RTVSPost2010PropOp52
 70
     0
102
RTVSPost2010Prop53
 90
        2
102
RTVSPost2010PropOp53
 70
     1
102
RTVSPost2010Prop54
  1
strokes_ogs.tif
102
RTVSPost2010PropOp54
 70
     1
102
RTVSPost2010Prop55
280
     0
102
RTVSPost2010PropOp55
 70
     1
102
RTVSPost2010Prop56
140
1.0
102
RTVSPost2010PropOp56
 70
     1
102
RTVSPost2010Prop57
140
1.0
102
RTVSPost2010PropOp57
 70
     1
  0
XRECORD
  5
B0E
102
{ACAD_REACTORS
330
B0D
102
}
330
B0D
100
AcDbXrecord
280
     1
102
RTVSPropertyOp0
 70
     1
102
RTVSPropertyOp1
 70
     1
102
RTVSPropertyOp2
 70
     1
102
RTVSPropertyOp3
 70
     1
102
RTVSPropertyOp4
 70
     1
102
RTVSPropertyOp5
 70
     1
102
RTVSPropertyOp6
 70
     1
102
RTVSPropertyOp7
 70
     1
102
RTVSPropertyOp8
 70
     1
102
RTVSPropertyOp9
 70
     1
102
RTVSPropertyOp10
 70
     1
102
RTVSPropertyOp11
 70
     1
102
RTVSPropertyOp12
 70
     1
102
RTVSPropertyOp13
 70
     1
102
RTVSPropertyOp14
 70
     1
102
RTVSPropertyOp15
 70
     1
102
RTVSPropertyOp16
 70
     1
102
RTVSPropertyOp17
 70
     1
102
RTVSPropertyOp18
 70
     1
102
RTVSPropertyOp19
 70
     1
102
RTVSPropertyOp20
 70
     1
102
RTVSPropertyOp21
 70
     1
102
RTVSPropertyOp22
 70
     1
102
RTVSPropertyOp23
 70
     1
102
RTVSPropertyOp24
 70
     1
102
RTVSPropertyOp25
 70
     1
102
RTVSPropertyOp26
 70
     1
102
RTVSPropertyOp27
 70
     1
102
RTVSPropertyOp28
 70
     1
102
RTVSPropertyOp29
 70
     1
102
RTVSPropertyOp30
 70
     1
102
RTVSPropertyOp31
 70
     1
102
RTVSPropertyOp32
 70
     1
102
RTVSPropertyOp33
 70
     1
102
RTVSPropertyOp34
 70
     1
102
RTVSPropertyOp35
 70
     1
102
RTVSPropertyOp36
 70
     1
102
RTVSPropertyOp37
 70
     1
102
RTVSPropertyOp38
 70
     1
102
RTVSPropertyOp39
 70
     1
102
RTVSPropertyOp40
 70
     1
102
RTVSPropertyOp41
 70
     1
102
RTVSPropertyOp42
 70
     1
102
RTVSPropertyOp43
 70
     1
102
RTVSPropertyOp44
 70
     1
102
RTVSPropertyOp45
 70
     1
102
RTVSPropertyOp46
 70
     1
102
RTVSPropertyOp47
 70
     1
102
RTVSPropertyOp48
 70
     1
102
RTVSPropertyOp49
 70
     1
102
RTVSPropertyOp50
 70
     1
102
RTVSPropertyOp51
 70
     0
102
RTVSPropertyOp52
 70
     0
102
RTVSPropertyOp53
 70
     1
102
RTVSPropertyOp54
 70
     1
102
RTVSPropertyOp55
 70
     1
102
RTVSPropertyOp56
 70
     1
102
RTVSPropertyOp57
 70
     1
102
RTVSPost2010Prop28
280
     0
102
RTVSPost2010PropOp28
 70
     1
102
RTVSPost2010Prop29
280
     1
102
RTVSPost2010PropOp29
 70
     1
102
RTVSPost2010Prop30
280
     1
102
RTVSPost2010PropOp30
 70
     1
102
RTVSPost2010Prop31
280
     0
102
RTVSPost2010PropOp31
 70
     1
102
RTVSPost2010Prop32
280
     0
102
RTVSPost2010PropOp32
 70
     1
102
RTVSPost2010Prop33
280
     0
102
RTVSPost2010PropOp33
 70
     1
102
RTVSPost2010Prop34
280
     0
102
RTVSPost2010PropOp34
 70
     1
102
RTVSPost2010Prop35
280
     0
102
RTVSPost2010PropOp35
 70
     1
102
RTVSPost2010Prop36
280
     0
102
RTVSPost2010PropOp36
 70
     1
102
RTVSPost2010Prop37
 90
       50
102
RTVSPost2010PropOp37
 70
     1
102
RTVSPost2010Prop38
140
0.0
102
RTVSPost2010PropOp38
 70
     1
102
RTVSPost2010Prop39
140
1.0
102
RTVSPost2010PropOp39
 70
     1
102
RTVSPost2010Prop40
 90
        0
102
RTVSPost2010PropOp40
 70
     1
102
RTVSPost2010Prop41ColorIndex
 90
       18
102
RTVSPost2010Prop41ColorRGB
 90
        0
102
RTVSPost2010PropOp41
 70
     1
102
RTVSPost2010Prop42
 90
       50
102
RTVSPost2010PropOp42
 70
     1
102
RTVSPost2010Prop43
 90
        3
102
RTVSPost2010PropOp43
 70
     1
102
RTVSPost2010Prop44ColorIndex
 90
        5
102
RTVSPost2010Prop44ColorRGB
 90
      255
102
RTVSPost2010PropOp44
 70
     1
102
RTVSPost2010Prop45
280
     0
102
RTVSPost2010PropOp45
 70
     1
102
RTVSPost2010Prop46
 90
       50
102
RTVSPost2010PropOp46
 70
     1
102
RTVSPost2010Prop47
 90
       50
102
RTVSPost2010PropOp47
 70
     1
102
RTVSPost2010Prop48
 90
       50
102
RTVSPost2010PropOp48
 70
     1
102
RTVSPost2010Prop49
280
     0
102
RTVSPost2010PropOp49
 70
     1
102
RTVSPost2010Prop50
 90
       50
102
RTVSPost2010PropOp50
 70
     1
102
RTVSPost2010Prop51ColorIndex
 90
      256
102
RTVSPost2010Prop51ColorRGB
 90
-16777216
102
RTVSPost2010PropOp51
 70
     0
102
RTVSPost2010Prop52
140
1.0
102
RTVSPost2010PropOp52
 70
     0
102
RTVSPost2010Prop53
 90
        2
102
RTVSPost2010PropOp53
 70
     1
102
RTVSPost2010Prop54
  1
strokes_ogs.tif
102
RTVSPost2010PropOp54
 70
     1
102
RTVSPost2010Prop55
280
     0
102
RTVSPost2010PropOp55
 70
     1
102
RTVSPost2010Prop56
140
1.0
102
RTVSPost2010PropOp56
 70
     1
102
RTVSPost2010Prop57
140
1.0
102
RTVSPost2010PropOp57
 70
     1
  0
XRECORD
  5
B08
102
{ACAD_REACTORS
330
B07
102
}
330
B07
100
AcDbXrecord
280
     1
102
RTVSPropertyOp0
 70
     1
102
RTVSPropertyOp1
 70
     1
102
RTVSPropertyOp2
 70
     1
102
RTVSPropertyOp3
 70
     1
102
RTVSPropertyOp4
 70
     1
102
RTVSPropertyOp5
 70
     1
102
RTVSPropertyOp6
 70
     1
102
RTVSPropertyOp7
 70
     1
102
RTVSPropertyOp8
 70
     1
102
RTVSPropertyOp9
 70
     1
102
RTVSPropertyOp10
 70
     1
102
RTVSPropertyOp11
 70
     1
102
RTVSPropertyOp12
 70
     1
102
RTVSPropertyOp13
 70
     1
102
RTVSPropertyOp14
 70
     1
102
RTVSPropertyOp15
 70
     1
102
RTVSPropertyOp16
 70
     1
102
RTVSPropertyOp17
 70
     1
102
RTVSPropertyOp18
 70
     1
102
RTVSPropertyOp19
 70
     1
102
RTVSPropertyOp20
 70
     1
102
RTVSPropertyOp21
 70
     1
102
RTVSPropertyOp22
 70
     1
102
RTVSPropertyOp23
 70
     1
102
RTVSPropertyOp24
 70
     1
102
RTVSPropertyOp25
 70
     1
102
RTVSPropertyOp26
 70
     1
102
RTVSPropertyOp27
 70
     1
102
RTVSPropertyOp28
 70
     1
102
RTVSPropertyOp29
 70
     1
102
RTVSPropertyOp30
 70
     1
102
RTVSPropertyOp31
 70
     1
102
RTVSPropertyOp32
 70
     1
102
RTVSPropertyOp33
 70
     1
102
RTVSPropertyOp34
 70
     1
102
RTVSPropertyOp35
 70
     1
102
RTVSPropertyOp36
 70
     1
102
RTVSPropertyOp37
 70
     1
102
RTVSPropertyOp38
 70
     1
102
RTVSPropertyOp39
 70
     1
102
RTVSPropertyOp40
 70
     1
102
RTVSPropertyOp41
 70
     1
102
RTVSPropertyOp42
 70
     1
102
RTVSPropertyOp43
 70
     1
102
RTVSPropertyOp44
 70
     1
102
RTVSPropertyOp45
 70
     1
102
RTVSPropertyOp46
 70
     1
102
RTVSPropertyOp47
 70
     1
102
RTVSPropertyOp48
 70
     1
102
RTVSPropertyOp49
 70
     1
102
RTVSPropertyOp50
 70
     1
102
RTVSPropertyOp51
 70
     0
102
RTVSPropertyOp52
 70
     0
102
RTVSPropertyOp53
 70
     1
102
RTVSPropertyOp54
 70
     1
102
RTVSPropertyOp55
 70
     1
102
RTVSPropertyOp56
 70
     1
102
RTVSPropertyOp57
 70
     1
102
RTVSPost2010Prop28
280
     0
102
RTVSPost2010PropOp28
 70
     1
102
RTVSPost2010Prop29
280
     1
102
RTVSPost2010PropOp29
 70
     1
102
RTVSPost2010Prop30
280
     1
102
RTVSPost2010PropOp30
 70
     1
102
RTVSPost2010Prop31
280
     0
102
RTVSPost2010PropOp31
 70
     1
102
RTVSPost2010Prop32
280
     0
102
RTVSPost2010PropOp32
 70
     1
102
RTVSPost2010Prop33
280
     0
102
RTVSPost2010PropOp33
 70
     1
102
RTVSPost2010Prop34
280
     0
102
RTVSPost2010PropOp34
 70
     1
102
RTVSPost2010Prop35
280
     0
102
RTVSPost2010PropOp35
 70
     1
102
RTVSPost2010Prop36
280
     0
102
RTVSPost2010PropOp36
 70
     1
102
RTVSPost2010Prop37
 90
       50
102
RTVSPost2010PropOp37
 70
     1
102
RTVSPost2010Prop38
140
0.0
102
RTVSPost2010PropOp38
 70
     1
102
RTVSPost2010Prop39
140
1.0
102
RTVSPost2010PropOp39
 70
     1
102
RTVSPost2010Prop40
 90
        0
102
RTVSPost2010PropOp40
 70
     1
102
RTVSPost2010Prop41ColorIndex
 90
       18
102
RTVSPost2010Prop41ColorRGB
 90
        0
102
RTVSPost2010PropOp41
 70
     1
102
RTVSPost2010Prop42
 90
       50
102
RTVSPost2010PropOp42
 70
     1
102
RTVSPost2010Prop43
 90
        3
102
RTVSPost2010PropOp43
 70
     1
102
RTVSPost2010Prop44ColorIndex
 90
        5
102
RTVSPost2010Prop44ColorRGB
 90
      255
102
RTVSPost2010PropOp44
 70
     1
102
RTVSPost2010Prop45
280
     0
102
RTVSPost2010PropOp45
 70
     1
102
RTVSPost2010Prop46
 90
       50
102
RTVSPost2010PropOp46
 70
     1
102
RTVSPost2010Prop47
 90
       50
102
RTVSPost2010PropOp47
 70
     1
102
RTVSPost2010Prop48
 90
       50
102
RTVSPost2010PropOp48
 70
     1
102
RTVSPost2010Prop49
280
     0
102
RTVSPost2010PropOp49
 70
     1
102
RTVSPost2010Prop50
 90
       50
102
RTVSPost2010PropOp50
 70
     1
102
RTVSPost2010Prop51ColorIndex
 90
      256
102
RTVSPost2010Prop51ColorRGB
 90
-16777216
102
RTVSPost2010PropOp51
 70
     0
102
RTVSPost2010Prop52
140
1.0
102
RTVSPost2010PropOp52
 70
     0
102
RTVSPost2010Prop53
 90
        2
102
RTVSPost2010PropOp53
 70
     1
102
RTVSPost2010Prop54
  1
strokes_ogs.tif
102
RTVSPost2010PropOp54
 70
     1
102
RTVSPost2010Prop55
280
     0
102
RTVSPost2010PropOp55
 70
     1
102
RTVSPost2010Prop56
140
1.0
102
RTVSPost2010PropOp56
 70
     1
102
RTVSPost2010Prop57
140
1.0
102
RTVSPost2010PropOp57
 70
     1
  0
XRECORD
  5
B0A
102
{ACAD_REACTORS
330
B09
102
}
330
B09
100
AcDbXrecord
280
     1
102
RTVSPropertyOp0
 70
     1
102
RTVSPropertyOp1
 70
     1
102
RTVSPropertyOp2
 70
     1
102
RTVSPropertyOp3
 70
     1
102
RTVSPropertyOp4
 70
     1
102
RTVSPropertyOp5
 70
     1
102
RTVSPropertyOp6
 70
     1
102
RTVSPropertyOp7
 70
     1
102
RTVSPropertyOp8
 70
     1
102
RTVSPropertyOp9
 70
     1
102
RTVSPropertyOp10
 70
     1
102
RTVSPropertyOp11
 70
     1
102
RTVSPropertyOp12
 70
     1
102
RTVSPropertyOp13
 70
     1
102
RTVSPropertyOp14
 70
     1
102
RTVSPropertyOp15
 70
     1
102
RTVSPropertyOp16
 70
     1
102
RTVSPropertyOp17
 70
     1
102
RTVSPropertyOp18
 70
     1
102
RTVSPropertyOp19
 70
     1
102
RTVSPropertyOp20
 70
     1
102
RTVSPropertyOp21
 70
     1
102
RTVSPropertyOp22
 70
     1
102
RTVSPropertyOp23
 70
     1
102
RTVSPropertyOp24
 70
     1
102
RTVSPropertyOp25
 70
     1
102
RTVSPropertyOp26
 70
     1
102
RTVSPropertyOp27
 70
     1
102
RTVSPropertyOp28
 70
     1
102
RTVSPropertyOp29
 70
     1
102
RTVSPropertyOp30
 70
     1
102
RTVSPropertyOp31
 70
     1
102
RTVSPropertyOp32
 70
     1
102
RTVSPropertyOp33
 70
     1
102
RTVSPropertyOp34
 70
     1
102
RTVSPropertyOp35
 70
     1
102
RTVSPropertyOp36
 70
     1
102
RTVSPropertyOp37
 70
     1
102
RTVSPropertyOp38
 70
     1
102
RTVSPropertyOp39
 70
     1
102
RTVSPropertyOp40
 70
     1
102
RTVSPropertyOp41
 70
     1
102
RTVSPropertyOp42
 70
     1
102
RTVSPropertyOp43
 70
     1
102
RTVSPropertyOp44
 70
     1
102
RTVSPropertyOp45
 70
     1
102
RTVSPropertyOp46
 70
     1
102
RTVSPropertyOp47
 70
     1
102
RTVSPropertyOp48
 70
     1
102
RTVSPropertyOp49
 70
     1
102
RTVSPropertyOp50
 70
     1
102
RTVSPropertyOp51
 70
     0
102
RTVSPropertyOp52
 70
     0
102
RTVSPropertyOp53
 70
     1
102
RTVSPropertyOp54
 70
     1
102
RTVSPropertyOp55
 70
     1
102
RTVSPropertyOp56
 70
     1
102
RTVSPropertyOp57
 70
     1
102
RTVSPost2010Prop28
280
     0
102
RTVSPost2010PropOp28
 70
     1
102
RTVSPost2010Prop29
280
     1
102
RTVSPost2010PropOp29
 70
     1
102
RTVSPost2010Prop30
280
     1
102
RTVSPost2010PropOp30
 70
     1
102
RTVSPost2010Prop31
280
     0
102
RTVSPost2010PropOp31
 70
     1
102
RTVSPost2010Prop32
280
     0
102
RTVSPost2010PropOp32
 70
     1
102
RTVSPost2010Prop33
280
     0
102
RTVSPost2010PropOp33
 70
     1
102
RTVSPost2010Prop34
280
     0
102
RTVSPost2010PropOp34
 70
     1
102
RTVSPost2010Prop35
280
     0
102
RTVSPost2010PropOp35
 70
     1
102
RTVSPost2010Prop36
280
     0
102
RTVSPost2010PropOp36
 70
     1
102
RTVSPost2010Prop37
 90
       50
102
RTVSPost2010PropOp37
 70
     1
102
RTVSPost2010Prop38
140
0.0
102
RTVSPost2010PropOp38
 70
     1
102
RTVSPost2010Prop39
140
1.0
102
RTVSPost2010PropOp39
 70
     1
102
RTVSPost2010Prop40
 90
        0
102
RTVSPost2010PropOp40
 70
     1
102
RTVSPost2010Prop41ColorIndex
 90
       18
102
RTVSPost2010Prop41ColorRGB
 90
        0
102
RTVSPost2010PropOp41
 70
     1
102
RTVSPost2010Prop42
 90
       50
102
RTVSPost2010PropOp42
 70
     1
102
RTVSPost2010Prop43
 90
        3
102
RTVSPost2010PropOp43
 70
     1
102
RTVSPost2010Prop44ColorIndex
 90
        5
102
RTVSPost2010Prop44ColorRGB
 90
      255
102
RTVSPost2010PropOp44
 70
     1
102
RTVSPost2010Prop45
280
     0
102
RTVSPost2010PropOp45
 70
     1
102
RTVSPost2010Prop46
 90
       50
102
RTVSPost2010PropOp46
 70
     1
102
RTVSPost2010Prop47
 90
       50
102
RTVSPost2010PropOp47
 70
     1
102
RTVSPost2010Prop48
 90
       50
102
RTVSPost2010PropOp48
 70
     1
102
RTVSPost2010Prop49
280
     0
102
RTVSPost2010PropOp49
 70
     1
102
RTVSPost2010Prop50
 90
       50
102
RTVSPost2010PropOp50
 70
     1
102
RTVSPost2010Prop51ColorIndex
 90
      256
102
RTVSPost2010Prop51ColorRGB
 90
-16777216
102
RTVSPost2010PropOp51
 70
     0
102
RTVSPost2010Prop52
140
1.0
102
RTVSPost2010PropOp52
 70
     0
102
RTVSPost2010Prop53
 90
        2
102
RTVSPost2010PropOp53
 70
     1
102
RTVSPost2010Prop54
  1
strokes_ogs.tif
102
RTVSPost2010PropOp54
 70
     1
102
RTVSPost2010Prop55
280
     0
102
RTVSPost2010PropOp55
 70
     1
102
RTVSPost2010Prop56
140
1.0
102
RTVSPost2010PropOp56
 70
     1
102
RTVSPost2010Prop57
140
1.0
102
RTVSPost2010PropOp57
 70
     1
  0
XRECORD
  5
AFA
102
{ACAD_REACTORS
330
AF9
102
}
330
AF9
100
AcDbXrecord
280
     1
102
RTVSPropertyOp0
 70
     1
102
RTVSPropertyOp1
 70
     1
102
RTVSPropertyOp2
 70
     1
102
RTVSPropertyOp3
 70
     1
102
RTVSPropertyOp4
 70
     1
102
RTVSPropertyOp5
 70
     1
102
RTVSPropertyOp6
 70
     1
102
RTVSPropertyOp7
 70
     1
102
RTVSPropertyOp8
 70
     1
102
RTVSPropertyOp9
 70
     1
102
RTVSPropertyOp10
 70
     1
102
RTVSPropertyOp11
 70
     1
102
RTVSPropertyOp12
 70
     1
102
RTVSPropertyOp13
 70
     1
102
RTVSPropertyOp14
 70
     1
102
RTVSPropertyOp15
 70
     1
102
RTVSPropertyOp16
 70
     1
102
RTVSPropertyOp17
 70
     1
102
RTVSPropertyOp18
 70
     1
102
RTVSPropertyOp19
 70
     1
102
RTVSPropertyOp20
 70
     1
102
RTVSPropertyOp21
 70
     1
102
RTVSPropertyOp22
 70
     1
102
RTVSPropertyOp23
 70
     1
102
RTVSPropertyOp24
 70
     1
102
RTVSPropertyOp25
 70
     1
102
RTVSPropertyOp26
 70
     1
102
RTVSPropertyOp27
 70
     1
102
RTVSPropertyOp28
 70
     1
102
RTVSPropertyOp29
 70
     1
102
RTVSPropertyOp30
 70
     1
102
RTVSPropertyOp31
 70
     1
102
RTVSPropertyOp32
 70
     1
102
RTVSPropertyOp33
 70
     1
102
RTVSPropertyOp34
 70
     1
102
RTVSPropertyOp35
 70
     1
102
RTVSPropertyOp36
 70
     1
102
RTVSPropertyOp37
 70
     1
102
RTVSPropertyOp38
 70
     1
102
RTVSPropertyOp39
 70
     1
102
RTVSPropertyOp40
 70
     1
102
RTVSPropertyOp41
 70
     1
102
RTVSPropertyOp42
 70
     1
102
RTVSPropertyOp43
 70
     1
102
RTVSPropertyOp44
 70
     1
102
RTVSPropertyOp45
 70
     1
102
RTVSPropertyOp46
 70
     1
102
RTVSPropertyOp47
 70
     1
102
RTVSPropertyOp48
 70
     1
102
RTVSPropertyOp49
 70
     1
102
RTVSPropertyOp50
 70
     1
102
RTVSPropertyOp51
 70
     0
102
RTVSPropertyOp52
 70
     0
102
RTVSPropertyOp53
 70
     1
102
RTVSPropertyOp54
 70
     1
102
RTVSPropertyOp55
 70
     1
102
RTVSPropertyOp56
 70
     1
102
RTVSPropertyOp57
 70
     1
102
RTVSPost2010Prop28
280
     0
102
RTVSPost2010PropOp28
 70
     1
102
RTVSPost2010Prop29
280
     1
102
RTVSPost2010PropOp29
 70
     1
102
RTVSPost2010Prop30
280
     1
102
RTVSPost2010PropOp30
 70
     1
102
RTVSPost2010Prop31
280
     0
102
RTVSPost2010PropOp31
 70
     1
102
RTVSPost2010Prop32
280
     0
102
RTVSPost2010PropOp32
 70
     1
102
RTVSPost2010Prop33
280
     0
102
RTVSPost2010PropOp33
 70
     1
102
RTVSPost2010Prop34
280
     0
102
RTVSPost2010PropOp34
 70
     1
102
RTVSPost2010Prop35
280
     0
102
RTVSPost2010PropOp35
 70
     1
102
RTVSPost2010Prop36
280
     0
102
RTVSPost2010PropOp36
 70
     1
102
RTVSPost2010Prop37
 90
       50
102
RTVSPost2010PropOp37
 70
     1
102
RTVSPost2010Prop38
140
0.0
102
RTVSPost2010PropOp38
 70
     1
102
RTVSPost2010Prop39
140
1.0
102
RTVSPost2010PropOp39
 70
     1
102
RTVSPost2010Prop40
 90
        0
102
RTVSPost2010PropOp40
 70
     1
102
RTVSPost2010Prop41ColorIndex
 90
       18
102
RTVSPost2010Prop41ColorRGB
 90
        0
102
RTVSPost2010PropOp41
 70
     1
102
RTVSPost2010Prop42
 90
       50
102
RTVSPost2010PropOp42
 70
     1
102
RTVSPost2010Prop43
 90
        3
102
RTVSPost2010PropOp43
 70
     1
102
RTVSPost2010Prop44ColorIndex
 90
        5
102
RTVSPost2010Prop44ColorRGB
 90
      255
102
RTVSPost2010PropOp44
 70
     1
102
RTVSPost2010Prop45
280
     0
102
RTVSPost2010PropOp45
 70
     1
102
RTVSPost2010Prop46
 90
       50
102
RTVSPost2010PropOp46
 70
     1
102
RTVSPost2010Prop47
 90
       50
102
RTVSPost2010PropOp47
 70
     1
102
RTVSPost2010Prop48
 90
       50
102
RTVSPost2010PropOp48
 70
     1
102
RTVSPost2010Prop49
280
     0
102
RTVSPost2010PropOp49
 70
     1
102
RTVSPost2010Prop50
 90
       50
102
RTVSPost2010PropOp50
 70
     1
102
RTVSPost2010Prop51ColorIndex
 90
      256
102
RTVSPost2010Prop51ColorRGB
 90
-16777216
102
RTVSPost2010PropOp51
 70
     0
102
RTVSPost2010Prop52
140
1.0
102
RTVSPost2010PropOp52
 70
     0
102
RTVSPost2010Prop53
 90
        2
102
RTVSPost2010PropOp53
 70
     1
102
RTVSPost2010Prop54
  1
strokes_ogs.tif
102
RTVSPost2010PropOp54
 70
     1
102
RTVSPost2010Prop55
280
     0
102
RTVSPost2010PropOp55
 70
     1
102
RTVSPost2010Prop56
140
1.0
102
RTVSPost2010PropOp56
 70
     1
102
RTVSPost2010Prop57
140
1.0
102
RTVSPost2010PropOp57
 70
     1
  0
XRECORD
  5
AEC
102
{ACAD_REACTORS
330
AEB
102
}
330
AEB
100
AcDbXrecord
280
     1
102
RTVSPropertyOp0
 70
     1
102
RTVSPropertyOp1
 70
     1
102
RTVSPropertyOp2
 70
     1
102
RTVSPropertyOp3
 70
     1
102
RTVSPropertyOp4
 70
     1
102
RTVSPropertyOp5
 70
     1
102
RTVSPropertyOp6
 70
     1
102
RTVSPropertyOp7
 70
     1
102
RTVSPropertyOp8
 70
     1
102
RTVSPropertyOp9
 70
     1
102
RTVSPropertyOp10
 70
     1
102
RTVSPropertyOp11
 70
     1
102
RTVSPropertyOp12
 70
     1
102
RTVSPropertyOp13
 70
     1
102
RTVSPropertyOp14
 70
     1
102
RTVSPropertyOp15
 70
     1
102
RTVSPropertyOp16
 70
     1
102
RTVSPropertyOp17
 70
     1
102
RTVSPropertyOp18
 70
     1
102
RTVSPropertyOp19
 70
     1
102
RTVSPropertyOp20
 70
     1
102
RTVSPropertyOp21
 70
     1
102
RTVSPropertyOp22
 70
     1
102
RTVSPropertyOp23
 70
     1
102
RTVSPropertyOp24
 70
     1
102
RTVSPropertyOp25
 70
     1
102
RTVSPropertyOp26
 70
     1
102
RTVSPropertyOp27
 70
     1
102
RTVSPropertyOp28
 70
     1
102
RTVSPropertyOp29
 70
     1
102
RTVSPropertyOp30
 70
     1
102
RTVSPropertyOp31
 70
     1
102
RTVSPropertyOp32
 70
     1
102
RTVSPropertyOp33
 70
     1
102
RTVSPropertyOp34
 70
     1
102
RTVSPropertyOp35
 70
     1
102
RTVSPropertyOp36
 70
     1
102
RTVSPropertyOp37
 70
     1
102
RTVSPropertyOp38
 70
     1
102
RTVSPropertyOp39
 70
     1
102
RTVSPropertyOp40
 70
     1
102
RTVSPropertyOp41
 70
     1
102
RTVSPropertyOp42
 70
     1
102
RTVSPropertyOp43
 70
     1
102
RTVSPropertyOp44
 70
     1
102
RTVSPropertyOp45
 70
     1
102
RTVSPropertyOp46
 70
     1
102
RTVSPropertyOp47
 70
     1
102
RTVSPropertyOp48
 70
     1
102
RTVSPropertyOp49
 70
     1
102
RTVSPropertyOp50
 70
     1
102
RTVSPropertyOp51
 70
     0
102
RTVSPropertyOp52
 70
     0
102
RTVSPropertyOp53
 70
     1
102
RTVSPropertyOp54
 70
     1
102
RTVSPropertyOp55
 70
     1
102
RTVSPropertyOp56
 70
     1
102
RTVSPropertyOp57
 70
     1
102
RTVSPost2010Prop28
280
     0
102
RTVSPost2010PropOp28
 70
     1
102
RTVSPost2010Prop29
280
     1
102
RTVSPost2010PropOp29
 70
     1
102
RTVSPost2010Prop30
280
     1
102
RTVSPost2010PropOp30
 70
     1
102
RTVSPost2010Prop31
280
     0
102
RTVSPost2010PropOp31
 70
     1
102
RTVSPost2010Prop32
280
     0
102
RTVSPost2010PropOp32
 70
     1
102
RTVSPost2010Prop33
280
     0
102
RTVSPost2010PropOp33
 70
     1
102
RTVSPost2010Prop34
280
     0
102
RTVSPost2010PropOp34
 70
     1
102
RTVSPost2010Prop35
280
     0
102
RTVSPost2010PropOp35
 70
     1
102
RTVSPost2010Prop36
280
     0
102
RTVSPost2010PropOp36
 70
     1
102
RTVSPost2010Prop37
 90
       50
102
RTVSPost2010PropOp37
 70
     1
102
RTVSPost2010Prop38
140
0.0
102
RTVSPost2010PropOp38
 70
     1
102
RTVSPost2010Prop39
140
1.0
102
RTVSPost2010PropOp39
 70
     1
102
RTVSPost2010Prop40
 90
        0
102
RTVSPost2010PropOp40
 70
     1
102
RTVSPost2010Prop41ColorIndex
 90
       18
102
RTVSPost2010Prop41ColorRGB
 90
        0
102
RTVSPost2010PropOp41
 70
     1
102
RTVSPost2010Prop42
 90
       50
102
RTVSPost2010PropOp42
 70
     1
102
RTVSPost2010Prop43
 90
        3
102
RTVSPost2010PropOp43
 70
     1
102
RTVSPost2010Prop44ColorIndex
 90
        5
102
RTVSPost2010Prop44ColorRGB
 90
      255
102
RTVSPost2010PropOp44
 70
     1
102
RTVSPost2010Prop45
280
     0
102
RTVSPost2010PropOp45
 70
     1
102
RTVSPost2010Prop46
 90
       50
102
RTVSPost2010PropOp46
 70
     1
102
RTVSPost2010Prop47
 90
       50
102
RTVSPost2010PropOp47
 70
     1
102
RTVSPost2010Prop48
 90
       50
102
RTVSPost2010PropOp48
 70
     1
102
RTVSPost2010Prop49
280
     0
102
RTVSPost2010PropOp49
 70
     1
102
RTVSPost2010Prop50
 90
       50
102
RTVSPost2010PropOp50
 70
     1
102
RTVSPost2010Prop51ColorIndex
 90
      256
102
RTVSPost2010Prop51ColorRGB
 90
-16777216
102
RTVSPost2010PropOp51
 70
     0
102
RTVSPost2010Prop52
140
1.0
102
RTVSPost2010PropOp52
 70
     0
102
RTVSPost2010Prop53
 90
        2
102
RTVSPost2010PropOp53
 70
     1
102
RTVSPost2010Prop54
  1
strokes_ogs.tif
102
RTVSPost2010PropOp54
 70
     1
102
RTVSPost2010Prop55
280
     0
102
RTVSPost2010PropOp55
 70
     1
102
RTVSPost2010Prop56
140
1.0
102
RTVSPost2010PropOp56
 70
     1
102
RTVSPost2010Prop57
140
1.0
102
RTVSPost2010PropOp57
 70
     1
  0
XRECORD
  5
B0C
102
{ACAD_REACTORS
330
B0B
102
}
330
B0B
100
AcDbXrecord
280
     1
102
RTVSPropertyOp0
 70
     1
102
RTVSPropertyOp1
 70
     1
102
RTVSPropertyOp2
 70
     1
102
RTVSPropertyOp3
 70
     1
102
RTVSPropertyOp4
 70
     1
102
RTVSPropertyOp5
 70
     1
102
RTVSPropertyOp6
 70
     1
102
RTVSPropertyOp7
 70
     1
102
RTVSPropertyOp8
 70
     1
102
RTVSPropertyOp9
 70
     1
102
RTVSPropertyOp10
 70
     1
102
RTVSPropertyOp11
 70
     1
102
RTVSPropertyOp12
 70
     1
102
RTVSPropertyOp13
 70
     1
102
RTVSPropertyOp14
 70
     1
102
RTVSPropertyOp15
 70
     1
102
RTVSPropertyOp16
 70
     1
102
RTVSPropertyOp17
 70
     1
102
RTVSPropertyOp18
 70
     1
102
RTVSPropertyOp19
 70
     1
102
RTVSPropertyOp20
 70
     1
102
RTVSPropertyOp21
 70
     1
102
RTVSPropertyOp22
 70
     1
102
RTVSPropertyOp23
 70
     1
102
RTVSPropertyOp24
 70
     1
102
RTVSPropertyOp25
 70
     1
102
RTVSPropertyOp26
 70
     1
102
RTVSPropertyOp27
 70
     1
102
RTVSPropertyOp28
 70
     1
102
RTVSPropertyOp29
 70
     1
102
RTVSPropertyOp30
 70
     1
102
RTVSPropertyOp31
 70
     1
102
RTVSPropertyOp32
 70
     1
102
RTVSPropertyOp33
 70
     1
102
RTVSPropertyOp34
 70
     1
102
RTVSPropertyOp35
 70
     1
102
RTVSPropertyOp36
 70
     1
102
RTVSPropertyOp37
 70
     1
102
RTVSPropertyOp38
 70
     1
102
RTVSPropertyOp39
 70
     1
102
RTVSPropertyOp40
 70
     1
102
RTVSPropertyOp41
 70
     1
102
RTVSPropertyOp42
 70
     1
102
RTVSPropertyOp43
 70
     1
102
RTVSPropertyOp44
 70
     1
102
RTVSPropertyOp45
 70
     1
102
RTVSPropertyOp46
 70
     1
102
RTVSPropertyOp47
 70
     1
102
RTVSPropertyOp48
 70
     1
102
RTVSPropertyOp49
 70
     1
102
RTVSPropertyOp50
 70
     1
102
RTVSPropertyOp51
 70
     0
102
RTVSPropertyOp52
 70
     0
102
RTVSPropertyOp53
 70
     1
102
RTVSPropertyOp54
 70
     1
102
RTVSPropertyOp55
 70
     1
102
RTVSPropertyOp56
 70
     1
102
RTVSPropertyOp57
 70
     1
102
RTVSPost2010Prop28
280
     0
102
RTVSPost2010PropOp28
 70
     1
102
RTVSPost2010Prop29
280
     1
102
RTVSPost2010PropOp29
 70
     1
102
RTVSPost2010Prop30
280
     1
102
RTVSPost2010PropOp30
 70
     1
102
RTVSPost2010Prop31
280
     0
102
RTVSPost2010PropOp31
 70
     1
102
RTVSPost2010Prop32
280
     0
102
RTVSPost2010PropOp32
 70
     1
102
RTVSPost2010Prop33
280
     0
102
RTVSPost2010PropOp33
 70
     1
102
RTVSPost2010Prop34
280
     0
102
RTVSPost2010PropOp34
 70
     1
102
RTVSPost2010Prop35
280
     0
102
RTVSPost2010PropOp35
 70
     1
102
RTVSPost2010Prop36
280
     0
102
RTVSPost2010PropOp36
 70
     1
102
RTVSPost2010Prop37
 90
       50
102
RTVSPost2010PropOp37
 70
     1
102
RTVSPost2010Prop38
140
0.0
102
RTVSPost2010PropOp38
 70
     1
102
RTVSPost2010Prop39
140
1.0
102
RTVSPost2010PropOp39
 70
     1
102
RTVSPost2010Prop40
 90
        0
102
RTVSPost2010PropOp40
 70
     1
102
RTVSPost2010Prop41ColorIndex
 90
       18
102
RTVSPost2010Prop41ColorRGB
 90
        0
102
RTVSPost2010PropOp41
 70
     1
102
RTVSPost2010Prop42
 90
       50
102
RTVSPost2010PropOp42
 70
     1
102
RTVSPost2010Prop43
 90
        3
102
RTVSPost2010PropOp43
 70
     1
102
RTVSPost2010Prop44ColorIndex
 90
        5
102
RTVSPost2010Prop44ColorRGB
 90
      255
102
RTVSPost2010PropOp44
 70
     1
102
RTVSPost2010Prop45
280
     0
102
RTVSPost2010PropOp45
 70
     1
102
RTVSPost2010Prop46
 90
       50
102
RTVSPost2010PropOp46
 70
     1
102
RTVSPost2010Prop47
 90
       50
102
RTVSPost2010PropOp47
 70
     1
102
RTVSPost2010Prop48
 90
       50
102
RTVSPost2010PropOp48
 70
     1
102
RTVSPost2010Prop49
280
     0
102
RTVSPost2010PropOp49
 70
     1
102
RTVSPost2010Prop50
 90
       50
102
RTVSPost2010PropOp50
 70
     1
102
RTVSPost2010Prop51ColorIndex
 90
      256
102
RTVSPost2010Prop51ColorRGB
 90
-16777216
102
RTVSPost2010PropOp51
 70
     0
102
RTVSPost2010Prop52
140
1.0
102
RTVSPost2010PropOp52
 70
     0
102
RTVSPost2010Prop53
 90
        2
102
RTVSPost2010PropOp53
 70
     1
102
RTVSPost2010Prop54
  1
strokes_ogs.tif
102
RTVSPost2010PropOp54
 70
     1
102
RTVSPost2010Prop55
280
     0
102
RTVSPost2010PropOp55
 70
     1
102
RTVSPost2010Prop56
140
1.0
102
RTVSPost2010PropOp56
 70
     1
102
RTVSPost2010Prop57
140
1.0
102
RTVSPost2010PropOp57
 70
     1
  0
ENDSEC
  0
EOF
