ISO-10303-21;
HEADER;
FILE_DESCRIPTION(('Creo Elements/Direct Modeling STEP Export'),'2;1');
FILE_NAME('er1.stp','2026-09-02T12:42:14',(''),(''),
'Creo Elements/Direct Modeling STEP processor for AP214 (Solid Model)',
'Creo Elements/Direct Modeling 20.1  10-Mar-2018 (C) Parametric Technolo
gy GmbH','');
FILE_SCHEMA(('AUTOMOTIVE_DESIGN { 1 0 10303 214 1 1 1 1 }'));
ENDSEC;
DATA;
#10=CARTESIAN_POINT('',(0.,0.,0.));
#20=DIRECTION('',(0.,0.,1.));
#30=DIRECTION('',(1.,0.,0.));
#40=AXIS2_PLACEMENT_3D('',#10,#20,#30);
#50=PLANE('',#40);
#60=CARTESIAN_POINT('',(113.5,-122.5,0.));
#70=DIRECTION('',(-1.,0.,0.));
#80=VECTOR('',#70,1.);
#90=LINE('',#60,#80);
#100=CARTESIAN_POINT('',(113.5,-122.5,0.));
#110=VERTEX_POINT('',#100);
#120=CARTESIAN_POINT('',(-125.5,-122.5,0.));
#130=VERTEX_POINT('',#120);
#140=EDGE_CURVE('',#110,#130,#90,.T.);
#150=ORIENTED_EDGE('',*,*,#140,.T.);
#160=CARTESIAN_POINT('',(113.5,116.5,0.));
#170=DIRECTION('',(0.,-1.,0.));
#180=VECTOR('',#170,1.);
#190=LINE('',#160,#180);
#200=CARTESIAN_POINT('',(113.5,116.5,0.));
#210=VERTEX_POINT('',#200);
#220=EDGE_CURVE('',#210,#110,#190,.T.);
#230=ORIENTED_EDGE('',*,*,#220,.T.);
#240=CARTESIAN_POINT('',(-125.5,116.5,0.));
#250=DIRECTION('',(1.,0.,0.));
#260=VECTOR('',#250,1.);
#270=LINE('',#240,#260);
#280=CARTESIAN_POINT('',(-125.5,116.5,0.));
#290=VERTEX_POINT('',#280);
#300=EDGE_CURVE('',#290,#210,#270,.T.);
#310=ORIENTED_EDGE('',*,*,#300,.T.);
#320=CARTESIAN_POINT('',(-125.5,-122.5,0.));
#330=DIRECTION('',(0.,1.,0.));
#340=VECTOR('',#330,1.);
#350=LINE('',#320,#340);
#360=EDGE_CURVE('',#130,#290,#350,.T.);
#370=ORIENTED_EDGE('',*,*,#360,.T.);
#380=EDGE_LOOP('',(#370,#310,#230,#150));
#390=FACE_OUTER_BOUND('',#380,.T.);
#400=CARTESIAN_POINT('',(-116.125,66.125,0.));
#410=DIRECTION('',(0.,0.,1.));
#420=DIRECTION('',(1.,0.,0.));
#430=AXIS2_PLACEMENT_3D('',#400,#410,#420);
#440=CIRCLE('',#430,5.);
#450=CARTESIAN_POINT('',(-111.125,66.125,0.));
#460=VERTEX_POINT('',#450);
#470=CARTESIAN_POINT('',(-121.125,66.125,0.));
#480=VERTEX_POINT('',#470);
#490=EDGE_CURVE('',#460,#480,#440,.T.);
#500=ORIENTED_EDGE('',*,*,#490,.T.);
#510=EDGE_CURVE('',#480,#460,#440,.T.);
#520=ORIENTED_EDGE('',*,*,#510,.T.);
#530=EDGE_LOOP('',(#520,#500));
#540=FACE_BOUND('',#530,.T.);
#550=CARTESIAN_POINT('',(53.75,56.75,0.));
#560=DIRECTION('',(0.,0.,1.));
#570=DIRECTION('',(1.,0.,0.));
#580=AXIS2_PLACEMENT_3D('',#550,#560,#570);
#590=CIRCLE('',#580,12.5);
#600=CARTESIAN_POINT('',(42.2323582988107,61.6073582988107,0.));
#610=VERTEX_POINT('',#600);
#620=CARTESIAN_POINT('',(42.2323582988107,51.8926417011893,0.));
#630=VERTEX_POINT('',#620);
#640=EDGE_CURVE('',#610,#630,#590,.T.);
#650=ORIENTED_EDGE('',*,*,#640,.T.);
#660=CARTESIAN_POINT('',(44.375,66.125,0.));
#670=DIRECTION('',(0.,0.,1.));
#680=DIRECTION('',(1.,0.,0.));
#690=AXIS2_PLACEMENT_3D('',#660,#670,#680);
#700=CIRCLE('',#690,5.);
#710=CARTESIAN_POINT('',(48.8926417011893,68.2676417011893,0.));
#720=VERTEX_POINT('',#710);
#730=EDGE_CURVE('',#720,#610,#700,.T.);
#740=ORIENTED_EDGE('',*,*,#730,.T.);
#750=CARTESIAN_POINT('',(53.75,56.75,0.));
#760=DIRECTION('',(0.,0.,1.));
#770=DIRECTION('',(1.,0.,0.));
#780=AXIS2_PLACEMENT_3D('',#750,#760,#770);
#790=CIRCLE('',#780,12.5);
#800=CARTESIAN_POINT('',(58.6073582988107,68.2676417011893,0.));
#810=VERTEX_POINT('',#800);
#820=EDGE_CURVE('',#810,#720,#790,.T.);
#830=ORIENTED_EDGE('',*,*,#820,.T.);
#840=CARTESIAN_POINT('',(63.125,66.125,0.));
#850=DIRECTION('',(0.,0.,1.));
#860=DIRECTION('',(1.,0.,0.));
#870=AXIS2_PLACEMENT_3D('',#840,#850,#860);
#880=CIRCLE('',#870,5.);
#890=CARTESIAN_POINT('',(65.2676417011893,61.6073582988107,0.));
#900=VERTEX_POINT('',#890);
#910=EDGE_CURVE('',#900,#810,#880,.T.);
#920=ORIENTED_EDGE('',*,*,#910,.T.);
#930=CARTESIAN_POINT('',(53.75,56.75,0.));
#940=DIRECTION('',(0.,0.,1.));
#950=DIRECTION('',(1.,0.,0.));
#960=AXIS2_PLACEMENT_3D('',#930,#940,#950);
#970=CIRCLE('',#960,12.5);
#980=CARTESIAN_POINT('',(65.2676417011893,51.8926417011893,0.));
#990=VERTEX_POINT('',#980);
#1000=EDGE_CURVE('',#990,#900,#970,.T.);
#1010=ORIENTED_EDGE('',*,*,#1000,.T.);
#1020=CARTESIAN_POINT('',(63.125,47.375,0.));
#1030=DIRECTION('',(0.,0.,1.));
#1040=DIRECTION('',(1.,0.,0.));
#1050=AXIS2_PLACEMENT_3D('',#1020,#1030,#1040);
#1060=CIRCLE('',#1050,4.99999999999999);
#1070=CARTESIAN_POINT('',(58.6073582988107,45.2323582988107,0.));
#1080=VERTEX_POINT('',#1070);
#1090=EDGE_CURVE('',#1080,#990,#1060,.T.);
#1100=ORIENTED_EDGE('',*,*,#1090,.T.);
#1110=CARTESIAN_POINT('',(53.75,56.75,0.));
#1120=DIRECTION('',(0.,0.,1.));
#1130=DIRECTION('',(1.,0.,0.));
#1140=AXIS2_PLACEMENT_3D('',#1110,#1120,#1130);
#1150=CIRCLE('',#1140,12.5);
#1160=CARTESIAN_POINT('',(48.8926417011893,45.2323582988107,0.));
#1170=VERTEX_POINT('',#1160);
#1180=EDGE_CURVE('',#1170,#1080,#1150,.T.);
#1190=ORIENTED_EDGE('',*,*,#1180,.T.);
#1200=CARTESIAN_POINT('',(44.375,47.375,0.));
#1210=DIRECTION('',(0.,0.,1.));
#1220=DIRECTION('',(1.,0.,0.));
#1230=AXIS2_PLACEMENT_3D('',#1200,#1210,#1220);
#1240=CIRCLE('',#1230,5.);
#1250=EDGE_CURVE('',#630,#1170,#1240,.T.);
#1260=ORIENTED_EDGE('',*,*,#1250,.T.);
#1270=EDGE_LOOP('',(#1260,#1190,#1100,#1010,#920,#830,#740,#650));
#1280=FACE_BOUND('',#1270,.T.);
#1290=CARTESIAN_POINT('',(83.625,86.625,0.));
#1300=DIRECTION('',(0.,0.,1.));
#1310=DIRECTION('',(1.,0.,0.));
#1320=AXIS2_PLACEMENT_3D('',#1290,#1300,#1310);
#1330=CIRCLE('',#1320,12.5);
#1340=CARTESIAN_POINT('',(86.8038040427171,98.71405310014,0.));
#1350=VERTEX_POINT('',#1340);
#1360=CARTESIAN_POINT('',(95.71405310014,89.8038040427171,0.));
#1370=VERTEX_POINT('',#1360);
#1380=EDGE_CURVE('',#1350,#1370,#1330,.T.);
#1390=ORIENTED_EDGE('',*,*,#1380,.T.);
#1400=CARTESIAN_POINT('',(96.75,99.75,0.));
#1410=DIRECTION('',(0.,0.,1.));
#1420=DIRECTION('',(1.,0.,0.));
#1430=AXIS2_PLACEMENT_3D('',#1400,#1410,#1420);
#1440=CIRCLE('',#1430,10.);
#1450=CARTESIAN_POINT('',(99.6349238709604,109.324821891751,0.));
#1460=VERTEX_POINT('',#1450);
#1470=EDGE_CURVE('',#1460,#1350,#1440,.T.);
#1480=ORIENTED_EDGE('',*,*,#1470,.T.);
#1490=CARTESIAN_POINT('',(104.125,107.125,0.));
#1500=DIRECTION('',(0.,0.,1.));
#1510=DIRECTION('',(1.,0.,0.));
#1520=AXIS2_PLACEMENT_3D('',#1490,#1500,#1510);
#1530=CIRCLE('',#1520,5.);
#1540=CARTESIAN_POINT('',(106.324821891751,102.63492387096,0.));
#1550=VERTEX_POINT('',#1540);
#1560=EDGE_CURVE('',#1550,#1460,#1530,.T.);
#1570=ORIENTED_EDGE('',*,*,#1560,.T.);
#1580=CARTESIAN_POINT('',(96.75,99.75,0.));
#1590=DIRECTION('',(0.,0.,1.));
#1600=DIRECTION('',(1.,0.,0.));
#1610=AXIS2_PLACEMENT_3D('',#1580,#1590,#1600);
#1620=CIRCLE('',#1610,10.);
#1630=EDGE_CURVE('',#1370,#1550,#1620,.T.);
#1640=ORIENTED_EDGE('',*,*,#1630,.T.);
#1650=EDGE_LOOP('',(#1640,#1570,#1480,#1390));
#1660=FACE_BOUND('',#1650,.T.);
#1670=CARTESIAN_POINT('',(83.625,26.875,0.));
#1680=DIRECTION('',(0.,0.,1.));
#1690=DIRECTION('',(1.,0.,0.));
#1700=AXIS2_PLACEMENT_3D('',#1670,#1680,#1690);
#1710=CIRCLE('',#1700,12.5);
#1720=CARTESIAN_POINT('',(95.7140531001401,23.6961959572829,0.));
#1730=VERTEX_POINT('',#1720);
#1740=CARTESIAN_POINT('',(86.8038040427171,14.7859468998599,0.));
#1750=VERTEX_POINT('',#1740);
#1760=EDGE_CURVE('',#1730,#1750,#1710,.T.);
#1770=ORIENTED_EDGE('',*,*,#1760,.T.);
#1780=CARTESIAN_POINT('',(96.75,13.75,0.));
#1790=DIRECTION('',(0.,0.,1.));
#1800=DIRECTION('',(1.,0.,0.));
#1810=AXIS2_PLACEMENT_3D('',#1780,#1790,#1800);
#1820=CIRCLE('',#1810,10.);
#1830=CARTESIAN_POINT('',(106.324821891751,10.8650761290396,0.));
#1840=VERTEX_POINT('',#1830);
#1850=EDGE_CURVE('',#1840,#1730,#1820,.T.);
#1860=ORIENTED_EDGE('',*,*,#1850,.T.);
#1870=CARTESIAN_POINT('',(104.125,6.375,0.));
#1880=DIRECTION('',(0.,0.,1.));
#1890=DIRECTION('',(1.,0.,0.));
#1900=AXIS2_PLACEMENT_3D('',#1870,#1880,#1890);
#1910=CIRCLE('',#1900,5.);
#1920=CARTESIAN_POINT('',(99.6349238709604,4.17517810824857,0.));
#1930=VERTEX_POINT('',#1920);
#1940=EDGE_CURVE('',#1930,#1840,#1910,.T.);
#1950=ORIENTED_EDGE('',*,*,#1940,.T.);
#1960=CARTESIAN_POINT('',(96.75,13.75,0.));
#1970=DIRECTION('',(0.,0.,1.));
#1980=DIRECTION('',(1.,0.,0.));
#1990=AXIS2_PLACEMENT_3D('',#1960,#1970,#1980);
#2000=CIRCLE('',#1990,10.);
#2010=EDGE_CURVE('',#1750,#1930,#2000,.T.);
#2020=ORIENTED_EDGE('',*,*,#2010,.T.);
#2030=EDGE_LOOP('',(#2020,#1950,#1860,#1770));
#2040=FACE_BOUND('',#2030,.T.);
#2050=CARTESIAN_POINT('',(3.37500000000001,6.37500000000001,0.));
#2060=DIRECTION('',(0.,0.,1.));
#2070=DIRECTION('',(1.,0.,0.));
#2080=AXIS2_PLACEMENT_3D('',#2050,#2060,#2070);
#2090=CIRCLE('',#2080,5.);
#2100=CARTESIAN_POINT('',(1.17517810824856,10.8650761290396,0.));
#2110=VERTEX_POINT('',#2100);
#2120=CARTESIAN_POINT('',(7.86507612903959,4.17517810824857,0.));
#2130=VERTEX_POINT('',#2120);
#2140=EDGE_CURVE('',#2110,#2130,#2090,.T.);
#2150=ORIENTED_EDGE('',*,*,#2140,.T.);
#2160=CARTESIAN_POINT('',(10.75,13.75,0.));
#2170=DIRECTION('',(0.,0.,1.));
#2180=DIRECTION('',(1.,0.,0.));
#2190=AXIS2_PLACEMENT_3D('',#2160,#2170,#2180);
#2200=CIRCLE('',#2190,10.);
#2210=CARTESIAN_POINT('',(11.7859468998599,23.6961959572829,0.));
#2220=VERTEX_POINT('',#2210);
#2230=EDGE_CURVE('',#2220,#2110,#2200,.T.);
#2240=ORIENTED_EDGE('',*,*,#2230,.T.);
#2250=CARTESIAN_POINT('',(23.875,26.875,0.));
#2260=DIRECTION('',(0.,0.,1.));
#2270=DIRECTION('',(1.,0.,0.));
#2280=AXIS2_PLACEMENT_3D('',#2250,#2260,#2270);
#2290=CIRCLE('',#2280,12.5);
#2300=CARTESIAN_POINT('',(20.6961959572829,14.7859468998599,0.));
#2310=VERTEX_POINT('',#2300);
#2320=EDGE_CURVE('',#2310,#2220,#2290,.T.);
#2330=ORIENTED_EDGE('',*,*,#2320,.T.);
#2340=CARTESIAN_POINT('',(10.75,13.75,0.));
#2350=DIRECTION('',(0.,0.,1.));
#2360=DIRECTION('',(1.,0.,0.));
#2370=AXIS2_PLACEMENT_3D('',#2340,#2350,#2360);
#2380=CIRCLE('',#2370,10.);
#2390=EDGE_CURVE('',#2130,#2310,#2380,.T.);
#2400=ORIENTED_EDGE('',*,*,#2390,.T.);
#2410=EDGE_LOOP('',(#2400,#2330,#2240,#2150));
#2420=FACE_BOUND('',#2410,.T.);
#2430=CARTESIAN_POINT('',(10.75,99.75,0.));
#2440=DIRECTION('',(0.,0.,1.));
#2450=DIRECTION('',(1.,0.,0.));
#2460=AXIS2_PLACEMENT_3D('',#2430,#2440,#2450);
#2470=CIRCLE('',#2460,10.);
#2480=CARTESIAN_POINT('',(1.17517810824856,102.63492387096,0.));
#2490=VERTEX_POINT('',#2480);
#2500=CARTESIAN_POINT('',(11.78594689986,89.8038040427171,0.));
#2510=VERTEX_POINT('',#2500);
#2520=EDGE_CURVE('',#2490,#2510,#2470,.T.);
#2530=ORIENTED_EDGE('',*,*,#2520,.T.);
#2540=CARTESIAN_POINT('',(3.375,107.125,0.));
#2550=DIRECTION('',(0.,0.,1.));
#2560=DIRECTION('',(1.,0.,0.));
#2570=AXIS2_PLACEMENT_3D('',#2540,#2550,#2560);
#2580=CIRCLE('',#2570,5.);
#2590=CARTESIAN_POINT('',(7.86507612903959,109.324821891751,0.));
#2600=VERTEX_POINT('',#2590);
#2610=EDGE_CURVE('',#2600,#2490,#2580,.T.);
#2620=ORIENTED_EDGE('',*,*,#2610,.T.);
#2630=CARTESIAN_POINT('',(10.75,99.75,0.));
#2640=DIRECTION('',(0.,0.,1.));
#2650=DIRECTION('',(1.,0.,0.));
#2660=AXIS2_PLACEMENT_3D('',#2630,#2640,#2650);
#2670=CIRCLE('',#2660,10.);
#2680=CARTESIAN_POINT('',(20.6961959572829,98.71405310014,0.));
#2690=VERTEX_POINT('',#2680);
#2700=EDGE_CURVE('',#2690,#2600,#2670,.T.);
#2710=ORIENTED_EDGE('',*,*,#2700,.T.);
#2720=CARTESIAN_POINT('',(23.875,86.625,0.));
#2730=DIRECTION('',(0.,0.,1.));
#2740=DIRECTION('',(1.,0.,0.));
#2750=AXIS2_PLACEMENT_3D('',#2720,#2730,#2740);
#2760=CIRCLE('',#2750,12.5);
#2770=EDGE_CURVE('',#2510,#2690,#2760,.T.);
#2780=ORIENTED_EDGE('',*,*,#2770,.T.);
#2790=EDGE_LOOP('',(#2780,#2710,#2620,#2530));
#2800=FACE_BOUND('',#2790,.T.);
#2810=CARTESIAN_POINT('',(10.75,-19.75,0.));
#2820=DIRECTION('',(0.,0.,1.));
#2830=DIRECTION('',(1.,0.,0.));
#2840=AXIS2_PLACEMENT_3D('',#2810,#2820,#2830);
#2850=CIRCLE('',#2840,10.);
#2860=CARTESIAN_POINT('',(1.17517810824856,-16.8650761290396,0.));
#2870=VERTEX_POINT('',#2860);
#2880=CARTESIAN_POINT('',(11.78594689986,-29.6961959572829,0.));
#2890=VERTEX_POINT('',#2880);
#2900=EDGE_CURVE('',#2870,#2890,#2850,.T.);
#2910=ORIENTED_EDGE('',*,*,#2900,.T.);
#2920=CARTESIAN_POINT('',(3.37500000000002,-12.375,0.));
#2930=DIRECTION('',(0.,0.,1.));
#2940=DIRECTION('',(1.,0.,0.));
#2950=AXIS2_PLACEMENT_3D('',#2920,#2930,#2940);
#2960=CIRCLE('',#2950,5.);
#2970=CARTESIAN_POINT('',(7.86507612903959,-10.1751781082486,0.));
#2980=VERTEX_POINT('',#2970);
#2990=EDGE_CURVE('',#2980,#2870,#2960,.T.);
#3000=ORIENTED_EDGE('',*,*,#2990,.T.);
#3010=CARTESIAN_POINT('',(10.75,-19.75,0.));
#3020=DIRECTION('',(0.,0.,1.));
#3030=DIRECTION('',(1.,0.,0.));
#3040=AXIS2_PLACEMENT_3D('',#3010,#3020,#3030);
#3050=CIRCLE('',#3040,10.);
#3060=CARTESIAN_POINT('',(20.6961959572829,-20.7859468998599,0.));
#3070=VERTEX_POINT('',#3060);
#3080=EDGE_CURVE('',#3070,#2980,#3050,.T.);
#3090=ORIENTED_EDGE('',*,*,#3080,.T.);
#3100=CARTESIAN_POINT('',(23.875,-32.875,0.));
#3110=DIRECTION('',(0.,0.,1.));
#3120=DIRECTION('',(1.,0.,0.));
#3130=AXIS2_PLACEMENT_3D('',#3100,#3110,#3120);
#3140=CIRCLE('',#3130,12.5);
#3150=EDGE_CURVE('',#2890,#3070,#3140,.T.);
#3160=ORIENTED_EDGE('',*,*,#3150,.T.);
#3170=EDGE_LOOP('',(#3160,#3090,#3000,#2910));
#3180=FACE_BOUND('',#3170,.T.);
#3190=CARTESIAN_POINT('',(83.625,-32.875,0.));
#3200=DIRECTION('',(0.,0.,1.));
#3210=DIRECTION('',(1.,0.,0.));
#3220=AXIS2_PLACEMENT_3D('',#3190,#3200,#3210);
#3230=CIRCLE('',#3220,12.5);
#3240=CARTESIAN_POINT('',(86.8038040427171,-20.78594689986,0.));
#3250=VERTEX_POINT('',#3240);
#3260=CARTESIAN_POINT('',(95.71405310014,-29.6961959572829,0.));
#3270=VERTEX_POINT('',#3260);
#3280=EDGE_CURVE('',#3250,#3270,#3230,.T.);
#3290=ORIENTED_EDGE('',*,*,#3280,.T.);
#3300=CARTESIAN_POINT('',(96.75,-19.75,0.));
#3310=DIRECTION('',(0.,0.,1.));
#3320=DIRECTION('',(1.,0.,0.));
#3330=AXIS2_PLACEMENT_3D('',#3300,#3310,#3320);
#3340=CIRCLE('',#3330,10.);
#3350=CARTESIAN_POINT('',(99.6349238709604,-10.1751781082486,0.));
#3360=VERTEX_POINT('',#3350);
#3370=EDGE_CURVE('',#3360,#3250,#3340,.T.);
#3380=ORIENTED_EDGE('',*,*,#3370,.T.);
#3390=CARTESIAN_POINT('',(104.125,-12.375,0.));
#3400=DIRECTION('',(0.,0.,1.));
#3410=DIRECTION('',(1.,0.,0.));
#3420=AXIS2_PLACEMENT_3D('',#3390,#3400,#3410);
#3430=CIRCLE('',#3420,5.);
#3440=CARTESIAN_POINT('',(106.324821891751,-16.8650761290396,0.));
#3450=VERTEX_POINT('',#3440);
#3460=EDGE_CURVE('',#3450,#3360,#3430,.T.);
#3470=ORIENTED_EDGE('',*,*,#3460,.T.);
#3480=CARTESIAN_POINT('',(96.75,-19.75,0.));
#3490=DIRECTION('',(0.,0.,1.));
#3500=DIRECTION('',(1.,0.,0.));
#3510=AXIS2_PLACEMENT_3D('',#3480,#3490,#3500);
#3520=CIRCLE('',#3510,10.);
#3530=EDGE_CURVE('',#3270,#3450,#3520,.T.);
#3540=ORIENTED_EDGE('',*,*,#3530,.T.);
#3550=EDGE_LOOP('',(#3540,#3470,#3380,#3290));
#3560=FACE_BOUND('',#3550,.T.);
#3570=CARTESIAN_POINT('',(44.375,-72.125,0.));
#3580=DIRECTION('',(0.,0.,1.));
#3590=DIRECTION('',(1.,0.,0.));
#3600=AXIS2_PLACEMENT_3D('',#3570,#3580,#3590);
#3610=CIRCLE('',#3600,5.);
#3620=CARTESIAN_POINT('',(42.2323582988107,-67.6073582988107,0.));
#3630=VERTEX_POINT('',#3620);
#3640=CARTESIAN_POINT('',(48.8926417011893,-74.2676417011893,0.));
#3650=VERTEX_POINT('',#3640);
#3660=EDGE_CURVE('',#3630,#3650,#3610,.T.);
#3670=ORIENTED_EDGE('',*,*,#3660,.T.);
#3680=CARTESIAN_POINT('',(53.75,-62.75,0.));
#3690=DIRECTION('',(0.,0.,1.));
#3700=DIRECTION('',(1.,0.,0.));
#3710=AXIS2_PLACEMENT_3D('',#3680,#3690,#3700);
#3720=CIRCLE('',#3710,12.5);
#3730=CARTESIAN_POINT('',(42.2323582988107,-57.8926417011893,0.));
#3740=VERTEX_POINT('',#3730);
#3750=EDGE_CURVE('',#3740,#3630,#3720,.T.);
#3760=ORIENTED_EDGE('',*,*,#3750,.T.);
#3770=CARTESIAN_POINT('',(44.375,-53.375,0.));
#3780=DIRECTION('',(0.,0.,1.));
#3790=DIRECTION('',(1.,0.,0.));
#3800=AXIS2_PLACEMENT_3D('',#3770,#3780,#3790);
#3810=CIRCLE('',#3800,5.);
#3820=CARTESIAN_POINT('',(48.8926417011893,-51.2323582988107,0.));
#3830=VERTEX_POINT('',#3820);
#3840=EDGE_CURVE('',#3830,#3740,#3810,.T.);
#3850=ORIENTED_EDGE('',*,*,#3840,.T.);
#3860=CARTESIAN_POINT('',(53.75,-62.75,0.));
#3870=DIRECTION('',(0.,0.,1.));
#3880=DIRECTION('',(1.,0.,0.));
#3890=AXIS2_PLACEMENT_3D('',#3860,#3870,#3880);
#3900=CIRCLE('',#3890,12.5);
#3910=CARTESIAN_POINT('',(58.6073582988107,-51.2323582988107,0.));
#3920=VERTEX_POINT('',#3910);
#3930=EDGE_CURVE('',#3920,#3830,#3900,.T.);
#3940=ORIENTED_EDGE('',*,*,#3930,.T.);
#3950=CARTESIAN_POINT('',(63.125,-53.375,0.));
#3960=DIRECTION('',(0.,0.,1.));
#3970=DIRECTION('',(1.,0.,0.));
#3980=AXIS2_PLACEMENT_3D('',#3950,#3960,#3970);
#3990=CIRCLE('',#3980,5.);
#4000=CARTESIAN_POINT('',(65.2676417011893,-57.8926417011893,0.));
#4010=VERTEX_POINT('',#4000);
#4020=EDGE_CURVE('',#4010,#3920,#3990,.T.);
#4030=ORIENTED_EDGE('',*,*,#4020,.T.);
#4040=CARTESIAN_POINT('',(53.75,-62.75,0.));
#4050=DIRECTION('',(0.,0.,1.));
#4060=DIRECTION('',(1.,0.,0.));
#4070=AXIS2_PLACEMENT_3D('',#4040,#4050,#4060);
#4080=CIRCLE('',#4070,12.5);
#4090=CARTESIAN_POINT('',(65.2676417011893,-67.6073582988107,0.));
#4100=VERTEX_POINT('',#4090);
#4110=EDGE_CURVE('',#4100,#4010,#4080,.T.);
#4120=ORIENTED_EDGE('',*,*,#4110,.T.);
#4130=CARTESIAN_POINT('',(63.125,-72.125,0.));
#4140=DIRECTION('',(0.,0.,1.));
#4150=DIRECTION('',(1.,0.,0.));
#4160=AXIS2_PLACEMENT_3D('',#4130,#4140,#4150);
#4170=CIRCLE('',#4160,5.00000000000001);
#4180=CARTESIAN_POINT('',(58.6073582988107,-74.2676417011893,0.));
#4190=VERTEX_POINT('',#4180);
#4200=EDGE_CURVE('',#4190,#4100,#4170,.T.);
#4210=ORIENTED_EDGE('',*,*,#4200,.T.);
#4220=CARTESIAN_POINT('',(53.75,-62.75,0.));
#4230=DIRECTION('',(0.,0.,1.));
#4240=DIRECTION('',(1.,0.,0.));
#4250=AXIS2_PLACEMENT_3D('',#4220,#4230,#4240);
#4260=CIRCLE('',#4250,12.5);
#4270=EDGE_CURVE('',#3650,#4190,#4260,.T.);
#4280=ORIENTED_EDGE('',*,*,#4270,.T.);
#4290=EDGE_LOOP('',(#4280,#4210,#4120,#4030,#3940,#3850,#3760,#3670));
#4300=FACE_BOUND('',#4290,.T.);
#4310=CARTESIAN_POINT('',(83.625,-92.625,0.));
#4320=DIRECTION('',(0.,0.,1.));
#4330=DIRECTION('',(1.,0.,0.));
#4340=AXIS2_PLACEMENT_3D('',#4310,#4320,#4330);
#4350=CIRCLE('',#4340,12.5);
#4360=CARTESIAN_POINT('',(95.7140531001401,-95.8038040427171,0.));
#4370=VERTEX_POINT('',#4360);
#4380=CARTESIAN_POINT('',(86.8038040427171,-104.71405310014,0.));
#4390=VERTEX_POINT('',#4380);
#4400=EDGE_CURVE('',#4370,#4390,#4350,.T.);
#4410=ORIENTED_EDGE('',*,*,#4400,.T.);
#4420=CARTESIAN_POINT('',(96.75,-105.75,0.));
#4430=DIRECTION('',(0.,0.,1.));
#4440=DIRECTION('',(1.,0.,0.));
#4450=AXIS2_PLACEMENT_3D('',#4420,#4430,#4440);
#4460=CIRCLE('',#4450,10.);
#4470=CARTESIAN_POINT('',(106.324821891751,-108.63492387096,0.));
#4480=VERTEX_POINT('',#4470);
#4490=EDGE_CURVE('',#4480,#4370,#4460,.T.);
#4500=ORIENTED_EDGE('',*,*,#4490,.T.);
#4510=CARTESIAN_POINT('',(104.125,-113.125,0.));
#4520=DIRECTION('',(0.,0.,1.));
#4530=DIRECTION('',(1.,0.,0.));
#4540=AXIS2_PLACEMENT_3D('',#4510,#4520,#4530);
#4550=CIRCLE('',#4540,5.);
#4560=CARTESIAN_POINT('',(99.6349238709604,-115.324821891751,0.));
#4570=VERTEX_POINT('',#4560);
#4580=EDGE_CURVE('',#4570,#4480,#4550,.T.);
#4590=ORIENTED_EDGE('',*,*,#4580,.T.);
#4600=CARTESIAN_POINT('',(96.75,-105.75,0.));
#4610=DIRECTION('',(0.,0.,1.));
#4620=DIRECTION('',(1.,0.,0.));
#4630=AXIS2_PLACEMENT_3D('',#4600,#4610,#4620);
#4640=CIRCLE('',#4630,10.);
#4650=EDGE_CURVE('',#4390,#4570,#4640,.T.);
#4660=ORIENTED_EDGE('',*,*,#4650,.T.);
#4670=EDGE_LOOP('',(#4660,#4590,#4500,#4410));
#4680=FACE_BOUND('',#4670,.T.);
#4690=CARTESIAN_POINT('',(3.37499999999999,-113.125,0.));
#4700=DIRECTION('',(0.,0.,1.));
#4710=DIRECTION('',(1.,0.,0.));
#4720=AXIS2_PLACEMENT_3D('',#4690,#4700,#4710);
#4730=CIRCLE('',#4720,5.);
#4740=CARTESIAN_POINT('',(1.17517810824855,-108.63492387096,0.));
#4750=VERTEX_POINT('',#4740);
#4760=CARTESIAN_POINT('',(7.86507612903958,-115.324821891751,0.));
#4770=VERTEX_POINT('',#4760);
#4780=EDGE_CURVE('',#4750,#4770,#4730,.T.);
#4790=ORIENTED_EDGE('',*,*,#4780,.T.);
#4800=CARTESIAN_POINT('',(10.75,-105.75,0.));
#4810=DIRECTION('',(0.,0.,1.));
#4820=DIRECTION('',(1.,0.,0.));
#4830=AXIS2_PLACEMENT_3D('',#4800,#4810,#4820);
#4840=CIRCLE('',#4830,10.);
#4850=CARTESIAN_POINT('',(11.78594689986,-95.8038040427171,0.));
#4860=VERTEX_POINT('',#4850);
#4870=EDGE_CURVE('',#4860,#4750,#4840,.T.);
#4880=ORIENTED_EDGE('',*,*,#4870,.T.);
#4890=CARTESIAN_POINT('',(23.875,-92.625,0.));
#4900=DIRECTION('',(0.,0.,1.));
#4910=DIRECTION('',(1.,0.,0.));
#4920=AXIS2_PLACEMENT_3D('',#4890,#4900,#4910);
#4930=CIRCLE('',#4920,12.5);
#4940=CARTESIAN_POINT('',(20.6961959572829,-104.71405310014,0.));
#4950=VERTEX_POINT('',#4940);
#4960=EDGE_CURVE('',#4950,#4860,#4930,.T.);
#4970=ORIENTED_EDGE('',*,*,#4960,.T.);
#4980=CARTESIAN_POINT('',(10.75,-105.75,0.));
#4990=DIRECTION('',(0.,0.,1.));
#5000=DIRECTION('',(1.,0.,0.));
#5010=AXIS2_PLACEMENT_3D('',#4980,#4990,#5000);
#5020=CIRCLE('',#5010,10.);
#5030=EDGE_CURVE('',#4770,#4950,#5020,.T.);
#5040=ORIENTED_EDGE('',*,*,#5030,.T.);
#5050=EDGE_LOOP('',(#5040,#4970,#4880,#4790));
#5060=FACE_BOUND('',#5050,.T.);
#5070=CARTESIAN_POINT('',(-116.125,-113.125,0.));
#5080=DIRECTION('',(0.,0.,1.));
#5090=DIRECTION('',(1.,0.,0.));
#5100=AXIS2_PLACEMENT_3D('',#5070,#5080,#5090);
#5110=CIRCLE('',#5100,5.);
#5120=CARTESIAN_POINT('',(-118.324821891751,-108.63492387096,0.));
#5130=VERTEX_POINT('',#5120);
#5140=CARTESIAN_POINT('',(-111.63492387096,-115.324821891751,0.));
#5150=VERTEX_POINT('',#5140);
#5160=EDGE_CURVE('',#5130,#5150,#5110,.T.);
#5170=ORIENTED_EDGE('',*,*,#5160,.T.);
#5180=CARTESIAN_POINT('',(-108.75,-105.75,0.));
#5190=DIRECTION('',(0.,0.,1.));
#5200=DIRECTION('',(1.,0.,0.));
#5210=AXIS2_PLACEMENT_3D('',#5180,#5190,#5200);
#5220=CIRCLE('',#5210,10.);
#5230=CARTESIAN_POINT('',(-107.71405310014,-95.8038040427171,0.));
#5240=VERTEX_POINT('',#5230);
#5250=EDGE_CURVE('',#5240,#5130,#5220,.T.);
#5260=ORIENTED_EDGE('',*,*,#5250,.T.);
#5270=CARTESIAN_POINT('',(-95.625,-92.625,0.));
#5280=DIRECTION('',(0.,0.,1.));
#5290=DIRECTION('',(1.,0.,0.));
#5300=AXIS2_PLACEMENT_3D('',#5270,#5280,#5290);
#5310=CIRCLE('',#5300,12.5);
#5320=CARTESIAN_POINT('',(-98.8038040427171,-104.71405310014,0.));
#5330=VERTEX_POINT('',#5320);
#5340=EDGE_CURVE('',#5330,#5240,#5310,.T.);
#5350=ORIENTED_EDGE('',*,*,#5340,.T.);
#5360=CARTESIAN_POINT('',(-108.75,-105.75,0.));
#5370=DIRECTION('',(0.,0.,1.));
#5380=DIRECTION('',(1.,0.,0.));
#5390=AXIS2_PLACEMENT_3D('',#5360,#5370,#5380);
#5400=CIRCLE('',#5390,10.);
#5410=EDGE_CURVE('',#5150,#5330,#5400,.T.);
#5420=ORIENTED_EDGE('',*,*,#5410,.T.);
#5430=EDGE_LOOP('',(#5420,#5350,#5260,#5170));
#5440=FACE_BOUND('',#5430,.T.);
#5450=CARTESIAN_POINT('',(-35.875,-92.625,0.));
#5460=DIRECTION('',(0.,0.,1.));
#5470=DIRECTION('',(1.,0.,0.));
#5480=AXIS2_PLACEMENT_3D('',#5450,#5460,#5470);
#5490=CIRCLE('',#5480,12.5);
#5500=CARTESIAN_POINT('',(-23.7859468998599,-95.8038040427171,0.));
#5510=VERTEX_POINT('',#5500);
#5520=CARTESIAN_POINT('',(-32.6961959572829,-104.71405310014,0.));
#5530=VERTEX_POINT('',#5520);
#5540=EDGE_CURVE('',#5510,#5530,#5490,.T.);
#5550=ORIENTED_EDGE('',*,*,#5540,.T.);
#5560=CARTESIAN_POINT('',(-22.75,-105.75,0.));
#5570=DIRECTION('',(0.,0.,1.));
#5580=DIRECTION('',(1.,0.,0.));
#5590=AXIS2_PLACEMENT_3D('',#5560,#5570,#5580);
#5600=CIRCLE('',#5590,10.);
#5610=CARTESIAN_POINT('',(-13.1751781082486,-108.63492387096,0.));
#5620=VERTEX_POINT('',#5610);
#5630=EDGE_CURVE('',#5620,#5510,#5600,.T.);
#5640=ORIENTED_EDGE('',*,*,#5630,.T.);
#5650=CARTESIAN_POINT('',(-15.375,-113.125,0.));
#5660=DIRECTION('',(0.,0.,1.));
#5670=DIRECTION('',(1.,0.,0.));
#5680=AXIS2_PLACEMENT_3D('',#5650,#5660,#5670);
#5690=CIRCLE('',#5680,5.);
#5700=CARTESIAN_POINT('',(-19.8650761290396,-115.324821891751,0.));
#5710=VERTEX_POINT('',#5700);
#5720=EDGE_CURVE('',#5710,#5620,#5690,.T.);
#5730=ORIENTED_EDGE('',*,*,#5720,.T.);
#5740=CARTESIAN_POINT('',(-22.75,-105.75,0.));
#5750=DIRECTION('',(0.,0.,1.));
#5760=DIRECTION('',(1.,0.,0.));
#5770=AXIS2_PLACEMENT_3D('',#5740,#5750,#5760);
#5780=CIRCLE('',#5770,10.);
#5790=EDGE_CURVE('',#5530,#5710,#5780,.T.);
#5800=ORIENTED_EDGE('',*,*,#5790,.T.);
#5810=EDGE_LOOP('',(#5800,#5730,#5640,#5550));
#5820=FACE_BOUND('',#5810,.T.);
#5830=CARTESIAN_POINT('',(-35.875,86.625,0.));
#5840=DIRECTION('',(0.,0.,1.));
#5850=DIRECTION('',(1.,0.,0.));
#5860=AXIS2_PLACEMENT_3D('',#5830,#5840,#5850);
#5870=CIRCLE('',#5860,12.5);
#5880=CARTESIAN_POINT('',(-32.6961959572829,98.7140531001401,0.));
#5890=VERTEX_POINT('',#5880);
#5900=CARTESIAN_POINT('',(-23.7859468998599,89.8038040427171,0.));
#5910=VERTEX_POINT('',#5900);
#5920=EDGE_CURVE('',#5890,#5910,#5870,.T.);
#5930=ORIENTED_EDGE('',*,*,#5920,.T.);
#5940=CARTESIAN_POINT('',(-22.75,99.75,0.));
#5950=DIRECTION('',(0.,0.,1.));
#5960=DIRECTION('',(1.,0.,0.));
#5970=AXIS2_PLACEMENT_3D('',#5940,#5950,#5960);
#5980=CIRCLE('',#5970,10.);
#5990=CARTESIAN_POINT('',(-19.8650761290396,109.324821891751,0.));
#6000=VERTEX_POINT('',#5990);
#6010=EDGE_CURVE('',#6000,#5890,#5980,.T.);
#6020=ORIENTED_EDGE('',*,*,#6010,.T.);
#6030=CARTESIAN_POINT('',(-15.375,107.125,0.));
#6040=DIRECTION('',(0.,0.,1.));
#6050=DIRECTION('',(1.,0.,0.));
#6060=AXIS2_PLACEMENT_3D('',#6030,#6040,#6050);
#6070=CIRCLE('',#6060,5.);
#6080=CARTESIAN_POINT('',(-13.1751781082486,102.63492387096,0.));
#6090=VERTEX_POINT('',#6080);
#6100=EDGE_CURVE('',#6090,#6000,#6070,.T.);
#6110=ORIENTED_EDGE('',*,*,#6100,.T.);
#6120=CARTESIAN_POINT('',(-22.75,99.75,0.));
#6130=DIRECTION('',(0.,0.,1.));
#6140=DIRECTION('',(1.,0.,0.));
#6150=AXIS2_PLACEMENT_3D('',#6120,#6130,#6140);
#6160=CIRCLE('',#6150,10.);
#6170=EDGE_CURVE('',#5910,#6090,#6160,.T.);
#6180=ORIENTED_EDGE('',*,*,#6170,.T.);
#6190=EDGE_LOOP('',(#6180,#6110,#6020,#5930));
#6200=FACE_BOUND('',#6190,.T.);
#6210=CARTESIAN_POINT('',(-65.75,56.75,0.));
#6220=DIRECTION('',(0.,0.,1.));
#6230=DIRECTION('',(1.,0.,0.));
#6240=AXIS2_PLACEMENT_3D('',#6210,#6220,#6230);
#6250=CIRCLE('',#6240,12.5);
#6260=CARTESIAN_POINT('',(-77.2676417011893,61.6073582988107,0.));
#6270=VERTEX_POINT('',#6260);
#6280=CARTESIAN_POINT('',(-77.2676417011893,51.8926417011893,0.));
#6290=VERTEX_POINT('',#6280);
#6300=EDGE_CURVE('',#6270,#6290,#6250,.T.);
#6310=ORIENTED_EDGE('',*,*,#6300,.T.);
#6320=CARTESIAN_POINT('',(-75.125,66.125,0.));
#6330=DIRECTION('',(0.,0.,1.));
#6340=DIRECTION('',(1.,0.,0.));
#6350=AXIS2_PLACEMENT_3D('',#6320,#6330,#6340);
#6360=CIRCLE('',#6350,5.);
#6370=CARTESIAN_POINT('',(-70.6073582988107,68.2676417011893,0.));
#6380=VERTEX_POINT('',#6370);
#6390=EDGE_CURVE('',#6380,#6270,#6360,.T.);
#6400=ORIENTED_EDGE('',*,*,#6390,.T.);
#6410=CARTESIAN_POINT('',(-65.75,56.75,0.));
#6420=DIRECTION('',(0.,0.,1.));
#6430=DIRECTION('',(1.,0.,0.));
#6440=AXIS2_PLACEMENT_3D('',#6410,#6420,#6430);
#6450=CIRCLE('',#6440,12.5);
#6460=CARTESIAN_POINT('',(-60.8926417011893,68.2676417011893,0.));
#6470=VERTEX_POINT('',#6460);
#6480=EDGE_CURVE('',#6470,#6380,#6450,.T.);
#6490=ORIENTED_EDGE('',*,*,#6480,.T.);
#6500=CARTESIAN_POINT('',(-56.375,66.125,0.));
#6510=DIRECTION('',(0.,0.,1.));
#6520=DIRECTION('',(1.,0.,0.));
#6530=AXIS2_PLACEMENT_3D('',#6500,#6510,#6520);
#6540=CIRCLE('',#6530,5.);
#6550=CARTESIAN_POINT('',(-54.2323582988107,61.6073582988107,0.));
#6560=VERTEX_POINT('',#6550);
#6570=EDGE_CURVE('',#6560,#6470,#6540,.T.);
#6580=ORIENTED_EDGE('',*,*,#6570,.T.);
#6590=CARTESIAN_POINT('',(-65.75,56.75,0.));
#6600=DIRECTION('',(0.,0.,1.));
#6610=DIRECTION('',(1.,0.,0.));
#6620=AXIS2_PLACEMENT_3D('',#6590,#6600,#6610);
#6630=CIRCLE('',#6620,12.5);
#6640=CARTESIAN_POINT('',(-54.2323582988107,51.8926417011893,0.));
#6650=VERTEX_POINT('',#6640);
#6660=EDGE_CURVE('',#6650,#6560,#6630,.T.);
#6670=ORIENTED_EDGE('',*,*,#6660,.T.);
#6680=CARTESIAN_POINT('',(-56.375,47.375,0.));
#6690=DIRECTION('',(0.,0.,1.));
#6700=DIRECTION('',(1.,0.,0.));
#6710=AXIS2_PLACEMENT_3D('',#6680,#6690,#6700);
#6720=CIRCLE('',#6710,5.);
#6730=CARTESIAN_POINT('',(-60.8926417011893,45.2323582988107,0.));
#6740=VERTEX_POINT('',#6730);
#6750=EDGE_CURVE('',#6740,#6650,#6720,.T.);
#6760=ORIENTED_EDGE('',*,*,#6750,.T.);
#6770=CARTESIAN_POINT('',(-65.75,56.75,0.));
#6780=DIRECTION('',(0.,0.,1.));
#6790=DIRECTION('',(1.,0.,0.));
#6800=AXIS2_PLACEMENT_3D('',#6770,#6780,#6790);
#6810=CIRCLE('',#6800,12.5);
#6820=CARTESIAN_POINT('',(-70.6073582988107,45.2323582988107,0.));
#6830=VERTEX_POINT('',#6820);
#6840=EDGE_CURVE('',#6830,#6740,#6810,.T.);
#6850=ORIENTED_EDGE('',*,*,#6840,.T.);
#6860=CARTESIAN_POINT('',(-75.125,47.375,0.));
#6870=DIRECTION('',(0.,0.,1.));
#6880=DIRECTION('',(1.,0.,0.));
#6890=AXIS2_PLACEMENT_3D('',#6860,#6870,#6880);
#6900=CIRCLE('',#6890,5.);
#6910=EDGE_CURVE('',#6290,#6830,#6900,.T.);
#6920=ORIENTED_EDGE('',*,*,#6910,.T.);
#6930=EDGE_LOOP('',(#6920,#6850,#6760,#6670,#6580,#6490,#6400,#6310));
#6940=FACE_BOUND('',#6930,.T.);
#6950=CARTESIAN_POINT('',(-75.125,-72.125,0.));
#6960=DIRECTION('',(0.,0.,1.));
#6970=DIRECTION('',(1.,0.,0.));
#6980=AXIS2_PLACEMENT_3D('',#6950,#6960,#6970);
#6990=CIRCLE('',#6980,5.);
#7000=CARTESIAN_POINT('',(-77.2676417011893,-67.6073582988107,0.));
#7010=VERTEX_POINT('',#7000);
#7020=CARTESIAN_POINT('',(-70.6073582988107,-74.2676417011893,0.));
#7030=VERTEX_POINT('',#7020);
#7040=EDGE_CURVE('',#7010,#7030,#6990,.T.);
#7050=ORIENTED_EDGE('',*,*,#7040,.T.);
#7060=CARTESIAN_POINT('',(-65.75,-62.75,0.));
#7070=DIRECTION('',(0.,0.,1.));
#7080=DIRECTION('',(1.,0.,0.));
#7090=AXIS2_PLACEMENT_3D('',#7060,#7070,#7080);
#7100=CIRCLE('',#7090,12.5);
#7110=CARTESIAN_POINT('',(-77.2676417011893,-57.8926417011893,0.));
#7120=VERTEX_POINT('',#7110);
#7130=EDGE_CURVE('',#7120,#7010,#7100,.T.);
#7140=ORIENTED_EDGE('',*,*,#7130,.T.);
#7150=CARTESIAN_POINT('',(-75.125,-53.375,0.));
#7160=DIRECTION('',(0.,0.,1.));
#7170=DIRECTION('',(1.,0.,0.));
#7180=AXIS2_PLACEMENT_3D('',#7150,#7160,#7170);
#7190=CIRCLE('',#7180,5.);
#7200=CARTESIAN_POINT('',(-70.6073582988107,-51.2323582988107,0.));
#7210=VERTEX_POINT('',#7200);
#7220=EDGE_CURVE('',#7210,#7120,#7190,.T.);
#7230=ORIENTED_EDGE('',*,*,#7220,.T.);
#7240=CARTESIAN_POINT('',(-65.75,-62.75,0.));
#7250=DIRECTION('',(0.,0.,1.));
#7260=DIRECTION('',(1.,0.,0.));
#7270=AXIS2_PLACEMENT_3D('',#7240,#7250,#7260);
#7280=CIRCLE('',#7270,12.5);
#7290=CARTESIAN_POINT('',(-60.8926417011893,-51.2323582988107,0.));
#7300=VERTEX_POINT('',#7290);
#7310=EDGE_CURVE('',#7300,#7210,#7280,.T.);
#7320=ORIENTED_EDGE('',*,*,#7310,.T.);
#7330=CARTESIAN_POINT('',(-56.375,-53.375,0.));
#7340=DIRECTION('',(0.,0.,1.));
#7350=DIRECTION('',(1.,0.,0.));
#7360=AXIS2_PLACEMENT_3D('',#7330,#7340,#7350);
#7370=CIRCLE('',#7360,5.);
#7380=CARTESIAN_POINT('',(-54.2323582988107,-57.8926417011893,0.));
#7390=VERTEX_POINT('',#7380);
#7400=EDGE_CURVE('',#7390,#7300,#7370,.T.);
#7410=ORIENTED_EDGE('',*,*,#7400,.T.);
#7420=CARTESIAN_POINT('',(-65.75,-62.75,0.));
#7430=DIRECTION('',(0.,0.,1.));
#7440=DIRECTION('',(1.,0.,0.));
#7450=AXIS2_PLACEMENT_3D('',#7420,#7430,#7440);
#7460=CIRCLE('',#7450,12.5);
#7470=CARTESIAN_POINT('',(-54.2323582988107,-67.6073582988107,0.));
#7480=VERTEX_POINT('',#7470);
#7490=EDGE_CURVE('',#7480,#7390,#7460,.T.);
#7500=ORIENTED_EDGE('',*,*,#7490,.T.);
#7510=CARTESIAN_POINT('',(-56.375,-72.125,0.));
#7520=DIRECTION('',(0.,0.,1.));
#7530=DIRECTION('',(1.,0.,0.));
#7540=AXIS2_PLACEMENT_3D('',#7510,#7520,#7530);
#7550=CIRCLE('',#7540,5.);
#7560=CARTESIAN_POINT('',(-60.8926417011893,-74.2676417011893,0.));
#7570=VERTEX_POINT('',#7560);
#7580=EDGE_CURVE('',#7570,#7480,#7550,.T.);
#7590=ORIENTED_EDGE('',*,*,#7580,.T.);
#7600=CARTESIAN_POINT('',(-65.75,-62.75,0.));
#7610=DIRECTION('',(0.,0.,1.));
#7620=DIRECTION('',(1.,0.,0.));
#7630=AXIS2_PLACEMENT_3D('',#7600,#7610,#7620);
#7640=CIRCLE('',#7630,12.5);
#7650=EDGE_CURVE('',#7030,#7570,#7640,.T.);
#7660=ORIENTED_EDGE('',*,*,#7650,.T.);
#7670=EDGE_LOOP('',(#7660,#7590,#7500,#7410,#7320,#7230,#7140,#7050));
#7680=FACE_BOUND('',#7670,.T.);
#7690=CARTESIAN_POINT('',(-35.8749999999999,26.8749999999999,0.));
#7700=DIRECTION('',(0.,0.,1.));
#7710=DIRECTION('',(1.,0.,0.));
#7720=AXIS2_PLACEMENT_3D('',#7690,#7700,#7710);
#7730=CIRCLE('',#7720,12.5);
#7740=CARTESIAN_POINT('',(-23.7859468998599,23.6961959572829,0.));
#7750=VERTEX_POINT('',#7740);
#7760=CARTESIAN_POINT('',(-32.6961959572829,14.7859468998599,0.));
#7770=VERTEX_POINT('',#7760);
#7780=EDGE_CURVE('',#7750,#7770,#7730,.T.);
#7790=ORIENTED_EDGE('',*,*,#7780,.T.);
#7800=CARTESIAN_POINT('',(-22.75,13.75,0.));
#7810=DIRECTION('',(0.,0.,1.));
#7820=DIRECTION('',(1.,0.,0.));
#7830=AXIS2_PLACEMENT_3D('',#7800,#7810,#7820);
#7840=CIRCLE('',#7830,10.);
#7850=CARTESIAN_POINT('',(-13.1751781082486,10.8650761290396,0.));
#7860=VERTEX_POINT('',#7850);
#7870=EDGE_CURVE('',#7860,#7750,#7840,.T.);
#7880=ORIENTED_EDGE('',*,*,#7870,.T.);
#7890=CARTESIAN_POINT('',(-15.375,6.37499999999998,0.));
#7900=DIRECTION('',(0.,0.,1.));
#7910=DIRECTION('',(1.,0.,0.));
#7920=AXIS2_PLACEMENT_3D('',#7890,#7900,#7910);
#7930=CIRCLE('',#7920,5.);
#7940=CARTESIAN_POINT('',(-19.8650761290396,4.17517810824857,0.));
#7950=VERTEX_POINT('',#7940);
#7960=EDGE_CURVE('',#7950,#7860,#7930,.T.);
#7970=ORIENTED_EDGE('',*,*,#7960,.T.);
#7980=CARTESIAN_POINT('',(-22.75,13.75,0.));
#7990=DIRECTION('',(0.,0.,1.));
#8000=DIRECTION('',(1.,0.,0.));
#8010=AXIS2_PLACEMENT_3D('',#7980,#7990,#8000);
#8020=CIRCLE('',#8010,10.);
#8030=EDGE_CURVE('',#7770,#7950,#8020,.T.);
#8040=ORIENTED_EDGE('',*,*,#8030,.T.);
#8050=EDGE_LOOP('',(#8040,#7970,#7880,#7790));
#8060=FACE_BOUND('',#8050,.T.);
#8070=CARTESIAN_POINT('',(-108.75,-19.75,0.));
#8080=DIRECTION('',(0.,0.,1.));
#8090=DIRECTION('',(1.,0.,0.));
#8100=AXIS2_PLACEMENT_3D('',#8070,#8080,#8090);
#8110=CIRCLE('',#8100,10.);
#8120=CARTESIAN_POINT('',(-118.324821891751,-16.8650761290396,0.));
#8130=VERTEX_POINT('',#8120);
#8140=CARTESIAN_POINT('',(-107.71405310014,-29.6961959572829,0.));
#8150=VERTEX_POINT('',#8140);
#8160=EDGE_CURVE('',#8130,#8150,#8110,.T.);
#8170=ORIENTED_EDGE('',*,*,#8160,.T.);
#8180=CARTESIAN_POINT('',(-116.125,-12.375,0.));
#8190=DIRECTION('',(0.,0.,1.));
#8200=DIRECTION('',(1.,0.,0.));
#8210=AXIS2_PLACEMENT_3D('',#8180,#8190,#8200);
#8220=CIRCLE('',#8210,5.);
#8230=CARTESIAN_POINT('',(-111.63492387096,-10.1751781082486,0.));
#8240=VERTEX_POINT('',#8230);
#8250=EDGE_CURVE('',#8240,#8130,#8220,.T.);
#8260=ORIENTED_EDGE('',*,*,#8250,.T.);
#8270=CARTESIAN_POINT('',(-108.75,-19.75,0.));
#8280=DIRECTION('',(0.,0.,1.));
#8290=DIRECTION('',(1.,0.,0.));
#8300=AXIS2_PLACEMENT_3D('',#8270,#8280,#8290);
#8310=CIRCLE('',#8300,10.);
#8320=CARTESIAN_POINT('',(-98.8038040427171,-20.7859468998599,0.));
#8330=VERTEX_POINT('',#8320);
#8340=EDGE_CURVE('',#8330,#8240,#8310,.T.);
#8350=ORIENTED_EDGE('',*,*,#8340,.T.);
#8360=CARTESIAN_POINT('',(-95.6250000000001,-32.8749999999999,0.));
#8370=DIRECTION('',(0.,0.,1.));
#8380=DIRECTION('',(1.,0.,0.));
#8390=AXIS2_PLACEMENT_3D('',#8360,#8370,#8380);
#8400=CIRCLE('',#8390,12.5);
#8410=EDGE_CURVE('',#8150,#8330,#8400,.T.);
#8420=ORIENTED_EDGE('',*,*,#8410,.T.);
#8430=EDGE_LOOP('',(#8420,#8350,#8260,#8170));
#8440=FACE_BOUND('',#8430,.T.);
#8450=CARTESIAN_POINT('',(-108.75,99.75,0.));
#8460=DIRECTION('',(0.,0.,1.));
#8470=DIRECTION('',(1.,0.,0.));
#8480=AXIS2_PLACEMENT_3D('',#8450,#8460,#8470);
#8490=CIRCLE('',#8480,10.);
#8500=CARTESIAN_POINT('',(-118.324821891751,102.63492387096,0.));
#8510=VERTEX_POINT('',#8500);
#8520=CARTESIAN_POINT('',(-107.71405310014,89.8038040427171,0.));
#8530=VERTEX_POINT('',#8520);
#8540=EDGE_CURVE('',#8510,#8530,#8490,.T.);
#8550=ORIENTED_EDGE('',*,*,#8540,.T.);
#8560=CARTESIAN_POINT('',(-116.125,107.125,0.));
#8570=DIRECTION('',(0.,0.,1.));
#8580=DIRECTION('',(1.,0.,0.));
#8590=AXIS2_PLACEMENT_3D('',#8560,#8570,#8580);
#8600=CIRCLE('',#8590,5.);
#8610=CARTESIAN_POINT('',(-111.63492387096,109.324821891751,0.));
#8620=VERTEX_POINT('',#8610);
#8630=EDGE_CURVE('',#8620,#8510,#8600,.T.);
#8640=ORIENTED_EDGE('',*,*,#8630,.T.);
#8650=CARTESIAN_POINT('',(-108.75,99.75,0.));
#8660=DIRECTION('',(0.,0.,1.));
#8670=DIRECTION('',(1.,0.,0.));
#8680=AXIS2_PLACEMENT_3D('',#8650,#8660,#8670);
#8690=CIRCLE('',#8680,10.);
#8700=CARTESIAN_POINT('',(-98.8038040427171,98.7140531001401,0.));
#8710=VERTEX_POINT('',#8700);
#8720=EDGE_CURVE('',#8710,#8620,#8690,.T.);
#8730=ORIENTED_EDGE('',*,*,#8720,.T.);
#8740=CARTESIAN_POINT('',(-95.6250000000001,86.6250000000001,0.));
#8750=DIRECTION('',(0.,0.,1.));
#8760=DIRECTION('',(1.,0.,0.));
#8770=AXIS2_PLACEMENT_3D('',#8740,#8750,#8760);
#8780=CIRCLE('',#8770,12.5);
#8790=EDGE_CURVE('',#8530,#8710,#8780,.T.);
#8800=ORIENTED_EDGE('',*,*,#8790,.T.);
#8810=EDGE_LOOP('',(#8800,#8730,#8640,#8550));
#8820=FACE_BOUND('',#8810,.T.);
#8830=CARTESIAN_POINT('',(-116.125,6.37500000000001,0.));
#8840=DIRECTION('',(0.,0.,1.));
#8850=DIRECTION('',(1.,0.,0.));
#8860=AXIS2_PLACEMENT_3D('',#8830,#8840,#8850);
#8870=CIRCLE('',#8860,5.);
#8880=CARTESIAN_POINT('',(-118.324821891751,10.8650761290396,0.));
#8890=VERTEX_POINT('',#8880);
#8900=CARTESIAN_POINT('',(-111.63492387096,4.17517810824857,0.));
#8910=VERTEX_POINT('',#8900);
#8920=EDGE_CURVE('',#8890,#8910,#8870,.T.);
#8930=ORIENTED_EDGE('',*,*,#8920,.T.);
#8940=CARTESIAN_POINT('',(-108.75,13.75,0.));
#8950=DIRECTION('',(0.,0.,1.));
#8960=DIRECTION('',(1.,0.,0.));
#8970=AXIS2_PLACEMENT_3D('',#8940,#8950,#8960);
#8980=CIRCLE('',#8970,10.);
#8990=CARTESIAN_POINT('',(-107.71405310014,23.6961959572829,0.));
#9000=VERTEX_POINT('',#8990);
#9010=EDGE_CURVE('',#9000,#8890,#8980,.T.);
#9020=ORIENTED_EDGE('',*,*,#9010,.T.);
#9030=CARTESIAN_POINT('',(-95.625,26.8749999999999,0.));
#9040=DIRECTION('',(0.,0.,1.));
#9050=DIRECTION('',(1.,0.,0.));
#9060=AXIS2_PLACEMENT_3D('',#9030,#9040,#9050);
#9070=CIRCLE('',#9060,12.5);
#9080=CARTESIAN_POINT('',(-98.8038040427171,14.7859468998599,0.));
#9090=VERTEX_POINT('',#9080);
#9100=EDGE_CURVE('',#9090,#9000,#9070,.T.);
#9110=ORIENTED_EDGE('',*,*,#9100,.T.);
#9120=CARTESIAN_POINT('',(-108.75,13.75,0.));
#9130=DIRECTION('',(0.,0.,1.));
#9140=DIRECTION('',(1.,0.,0.));
#9150=AXIS2_PLACEMENT_3D('',#9120,#9130,#9140);
#9160=CIRCLE('',#9150,10.);
#9170=EDGE_CURVE('',#8910,#9090,#9160,.T.);
#9180=ORIENTED_EDGE('',*,*,#9170,.T.);
#9190=EDGE_LOOP('',(#9180,#9110,#9020,#8930));
#9200=FACE_BOUND('',#9190,.T.);
#9210=CARTESIAN_POINT('',(-35.875,-32.875,0.));
#9220=DIRECTION('',(0.,0.,1.));
#9230=DIRECTION('',(1.,0.,0.));
#9240=AXIS2_PLACEMENT_3D('',#9210,#9220,#9230);
#9250=CIRCLE('',#9240,12.5);
#9260=CARTESIAN_POINT('',(-32.6961959572829,-20.78594689986,0.));
#9270=VERTEX_POINT('',#9260);
#9280=CARTESIAN_POINT('',(-23.78594689986,-29.6961959572829,0.));
#9290=VERTEX_POINT('',#9280);
#9300=EDGE_CURVE('',#9270,#9290,#9250,.T.);
#9310=ORIENTED_EDGE('',*,*,#9300,.T.);
#9320=CARTESIAN_POINT('',(-22.75,-19.75,0.));
#9330=DIRECTION('',(0.,0.,1.));
#9340=DIRECTION('',(1.,0.,0.));
#9350=AXIS2_PLACEMENT_3D('',#9320,#9330,#9340);
#9360=CIRCLE('',#9350,10.);
#9370=CARTESIAN_POINT('',(-19.8650761290396,-10.1751781082486,0.));
#9380=VERTEX_POINT('',#9370);
#9390=EDGE_CURVE('',#9380,#9270,#9360,.T.);
#9400=ORIENTED_EDGE('',*,*,#9390,.T.);
#9410=CARTESIAN_POINT('',(-15.375,-12.375,0.));
#9420=DIRECTION('',(0.,0.,1.));
#9430=DIRECTION('',(1.,0.,0.));
#9440=AXIS2_PLACEMENT_3D('',#9410,#9420,#9430);
#9450=CIRCLE('',#9440,5.);
#9460=CARTESIAN_POINT('',(-13.1751781082486,-16.8650761290396,0.));
#9470=VERTEX_POINT('',#9460);
#9480=EDGE_CURVE('',#9470,#9380,#9450,.T.);
#9490=ORIENTED_EDGE('',*,*,#9480,.T.);
#9500=CARTESIAN_POINT('',(-22.75,-19.75,0.));
#9510=DIRECTION('',(0.,0.,1.));
#9520=DIRECTION('',(1.,0.,0.));
#9530=AXIS2_PLACEMENT_3D('',#9500,#9510,#9520);
#9540=CIRCLE('',#9530,10.);
#9550=EDGE_CURVE('',#9290,#9470,#9540,.T.);
#9560=ORIENTED_EDGE('',*,*,#9550,.T.);
#9570=EDGE_LOOP('',(#9560,#9490,#9400,#9310));
#9580=FACE_BOUND('',#9570,.T.);
#9590=CARTESIAN_POINT('',(63.125,107.125,0.));
#9600=DIRECTION('',(0.,0.,1.));
#9610=DIRECTION('',(1.,0.,0.));
#9620=AXIS2_PLACEMENT_3D('',#9590,#9600,#9610);
#9630=CIRCLE('',#9620,5.);
#9640=CARTESIAN_POINT('',(68.125,107.125,0.));
#9650=VERTEX_POINT('',#9640);
#9660=CARTESIAN_POINT('',(58.125,107.125,0.));
#9670=VERTEX_POINT('',#9660);
#9680=EDGE_CURVE('',#9650,#9670,#9630,.T.);
#9690=ORIENTED_EDGE('',*,*,#9680,.T.);
#9700=EDGE_CURVE('',#9670,#9650,#9630,.T.);
#9710=ORIENTED_EDGE('',*,*,#9700,.T.);
#9720=EDGE_LOOP('',(#9710,#9690));
#9730=FACE_BOUND('',#9720,.T.);
#9740=CARTESIAN_POINT('',(44.375,107.125,0.));
#9750=DIRECTION('',(0.,0.,1.));
#9760=DIRECTION('',(1.,0.,0.));
#9770=AXIS2_PLACEMENT_3D('',#9740,#9750,#9760);
#9780=CIRCLE('',#9770,4.99999999999999);
#9790=CARTESIAN_POINT('',(49.375,107.125,0.));
#9800=VERTEX_POINT('',#9790);
#9810=CARTESIAN_POINT('',(39.375,107.125,0.));
#9820=VERTEX_POINT('',#9810);
#9830=EDGE_CURVE('',#9800,#9820,#9780,.T.);
#9840=ORIENTED_EDGE('',*,*,#9830,.T.);
#9850=EDGE_CURVE('',#9820,#9800,#9780,.T.);
#9860=ORIENTED_EDGE('',*,*,#9850,.T.);
#9870=EDGE_LOOP('',(#9860,#9840));
#9880=FACE_BOUND('',#9870,.T.);
#9890=CARTESIAN_POINT('',(104.125,-72.125,0.));
#9900=DIRECTION('',(0.,0.,1.));
#9910=DIRECTION('',(1.,0.,0.));
#9920=AXIS2_PLACEMENT_3D('',#9890,#9900,#9910);
#9930=CIRCLE('',#9920,5.);
#9940=CARTESIAN_POINT('',(109.125,-72.125,0.));
#9950=VERTEX_POINT('',#9940);
#9960=CARTESIAN_POINT('',(99.125,-72.125,0.));
#9970=VERTEX_POINT('',#9960);
#9980=EDGE_CURVE('',#9950,#9970,#9930,.T.);
#9990=ORIENTED_EDGE('',*,*,#9980,.T.);
#10000=EDGE_CURVE('',#9970,#9950,#9930,.T.);
#10010=ORIENTED_EDGE('',*,*,#10000,.T.);
#10020=EDGE_LOOP('',(#10010,#9990));
#10030=FACE_BOUND('',#10020,.T.);
#10040=CARTESIAN_POINT('',(104.125,-53.375,0.));
#10050=DIRECTION('',(0.,0.,1.));
#10060=DIRECTION('',(1.,0.,0.));
#10070=AXIS2_PLACEMENT_3D('',#10040,#10050,#10060);
#10080=CIRCLE('',#10070,5.);
#10090=CARTESIAN_POINT('',(109.125,-53.375,0.));
#10100=VERTEX_POINT('',#10090);
#10110=CARTESIAN_POINT('',(99.125,-53.375,0.));
#10120=VERTEX_POINT('',#10110);
#10130=EDGE_CURVE('',#10100,#10120,#10080,.T.);
#10140=ORIENTED_EDGE('',*,*,#10130,.T.);
#10150=EDGE_CURVE('',#10120,#10100,#10080,.T.);
#10160=ORIENTED_EDGE('',*,*,#10150,.T.);
#10170=EDGE_LOOP('',(#10160,#10140));
#10180=FACE_BOUND('',#10170,.T.);
#10190=CARTESIAN_POINT('',(104.125,47.375,0.));
#10200=DIRECTION('',(0.,0.,1.));
#10210=DIRECTION('',(1.,0.,0.));
#10220=AXIS2_PLACEMENT_3D('',#10190,#10200,#10210);
#10230=CIRCLE('',#10220,5.);
#10240=CARTESIAN_POINT('',(109.125,47.375,0.));
#10250=VERTEX_POINT('',#10240);
#10260=CARTESIAN_POINT('',(99.125,47.375,0.));
#10270=VERTEX_POINT('',#10260);
#10280=EDGE_CURVE('',#10250,#10270,#10230,.T.);
#10290=ORIENTED_EDGE('',*,*,#10280,.T.);
#10300=EDGE_CURVE('',#10270,#10250,#10230,.T.);
#10310=ORIENTED_EDGE('',*,*,#10300,.T.);
#10320=EDGE_LOOP('',(#10310,#10290));
#10330=FACE_BOUND('',#10320,.T.);
#10340=CARTESIAN_POINT('',(104.125,66.125,0.));
#10350=DIRECTION('',(0.,0.,1.));
#10360=DIRECTION('',(1.,0.,0.));
#10370=AXIS2_PLACEMENT_3D('',#10340,#10350,#10360);
#10380=CIRCLE('',#10370,5.);
#10390=CARTESIAN_POINT('',(109.125,66.125,0.));
#10400=VERTEX_POINT('',#10390);
#10410=CARTESIAN_POINT('',(99.125,66.125,0.));
#10420=VERTEX_POINT('',#10410);
#10430=EDGE_CURVE('',#10400,#10420,#10380,.T.);
#10440=ORIENTED_EDGE('',*,*,#10430,.T.);
#10450=EDGE_CURVE('',#10420,#10400,#10380,.T.);
#10460=ORIENTED_EDGE('',*,*,#10450,.T.);
#10470=EDGE_LOOP('',(#10460,#10440));
#10480=FACE_BOUND('',#10470,.T.);
#10490=CARTESIAN_POINT('',(-15.375,-53.375,0.));
#10500=DIRECTION('',(0.,0.,1.));
#10510=DIRECTION('',(1.,0.,0.));
#10520=AXIS2_PLACEMENT_3D('',#10490,#10500,#10510);
#10530=CIRCLE('',#10520,5.);
#10540=CARTESIAN_POINT('',(-10.375,-53.375,0.));
#10550=VERTEX_POINT('',#10540);
#10560=CARTESIAN_POINT('',(-20.375,-53.375,0.));
#10570=VERTEX_POINT('',#10560);
#10580=EDGE_CURVE('',#10550,#10570,#10530,.T.);
#10590=ORIENTED_EDGE('',*,*,#10580,.T.);
#10600=EDGE_CURVE('',#10570,#10550,#10530,.T.);
#10610=ORIENTED_EDGE('',*,*,#10600,.T.);
#10620=EDGE_LOOP('',(#10610,#10590));
#10630=FACE_BOUND('',#10620,.T.);
#10640=CARTESIAN_POINT('',(-15.375,-72.125,0.));
#10650=DIRECTION('',(0.,0.,1.));
#10660=DIRECTION('',(1.,0.,0.));
#10670=AXIS2_PLACEMENT_3D('',#10640,#10650,#10660);
#10680=CIRCLE('',#10670,5.);
#10690=CARTESIAN_POINT('',(-10.375,-72.125,0.));
#10700=VERTEX_POINT('',#10690);
#10710=CARTESIAN_POINT('',(-20.375,-72.125,0.));
#10720=VERTEX_POINT('',#10710);
#10730=EDGE_CURVE('',#10700,#10720,#10680,.T.);
#10740=ORIENTED_EDGE('',*,*,#10730,.T.);
#10750=EDGE_CURVE('',#10720,#10700,#10680,.T.);
#10760=ORIENTED_EDGE('',*,*,#10750,.T.);
#10770=EDGE_LOOP('',(#10760,#10740));
#10780=FACE_BOUND('',#10770,.T.);
#10790=CARTESIAN_POINT('',(-15.375,47.375,0.));
#10800=DIRECTION('',(0.,0.,1.));
#10810=DIRECTION('',(1.,0.,0.));
#10820=AXIS2_PLACEMENT_3D('',#10790,#10800,#10810);
#10830=CIRCLE('',#10820,5.);
#10840=CARTESIAN_POINT('',(-10.375,47.375,0.));
#10850=VERTEX_POINT('',#10840);
#10860=CARTESIAN_POINT('',(-20.375,47.375,0.));
#10870=VERTEX_POINT('',#10860);
#10880=EDGE_CURVE('',#10850,#10870,#10830,.T.);
#10890=ORIENTED_EDGE('',*,*,#10880,.T.);
#10900=EDGE_CURVE('',#10870,#10850,#10830,.T.);
#10910=ORIENTED_EDGE('',*,*,#10900,.T.);
#10920=EDGE_LOOP('',(#10910,#10890));
#10930=FACE_BOUND('',#10920,.T.);
#10940=CARTESIAN_POINT('',(-15.375,66.125,0.));
#10950=DIRECTION('',(0.,0.,1.));
#10960=DIRECTION('',(1.,0.,0.));
#10970=AXIS2_PLACEMENT_3D('',#10940,#10950,#10960);
#10980=CIRCLE('',#10970,5.);
#10990=CARTESIAN_POINT('',(-10.375,66.125,0.));
#11000=VERTEX_POINT('',#10990);
#11010=CARTESIAN_POINT('',(-20.375,66.125,0.));
#11020=VERTEX_POINT('',#11010);
#11030=EDGE_CURVE('',#11000,#11020,#10980,.T.);
#11040=ORIENTED_EDGE('',*,*,#11030,.T.);
#11050=EDGE_CURVE('',#11020,#11000,#10980,.T.);
#11060=ORIENTED_EDGE('',*,*,#11050,.T.);
#11070=EDGE_LOOP('',(#11060,#11040));
#11080=FACE_BOUND('',#11070,.T.);
#11090=CARTESIAN_POINT('',(3.375,-72.125,0.));
#11100=DIRECTION('',(0.,0.,1.));
#11110=DIRECTION('',(1.,0.,0.));
#11120=AXIS2_PLACEMENT_3D('',#11090,#11100,#11110);
#11130=CIRCLE('',#11120,5.);
#11140=CARTESIAN_POINT('',(8.375,-72.125,0.));
#11150=VERTEX_POINT('',#11140);
#11160=CARTESIAN_POINT('',(-1.625,-72.125,0.));
#11170=VERTEX_POINT('',#11160);
#11180=EDGE_CURVE('',#11150,#11170,#11130,.T.);
#11190=ORIENTED_EDGE('',*,*,#11180,.T.);
#11200=EDGE_CURVE('',#11170,#11150,#11130,.T.);
#11210=ORIENTED_EDGE('',*,*,#11200,.T.);
#11220=EDGE_LOOP('',(#11210,#11190));
#11230=FACE_BOUND('',#11220,.T.);
#11240=CARTESIAN_POINT('',(3.375,-53.375,0.));
#11250=DIRECTION('',(0.,0.,1.));
#11260=DIRECTION('',(1.,0.,0.));
#11270=AXIS2_PLACEMENT_3D('',#11240,#11250,#11260);
#11280=CIRCLE('',#11270,5.);
#11290=CARTESIAN_POINT('',(8.375,-53.375,0.));
#11300=VERTEX_POINT('',#11290);
#11310=CARTESIAN_POINT('',(-1.625,-53.375,0.));
#11320=VERTEX_POINT('',#11310);
#11330=EDGE_CURVE('',#11300,#11320,#11280,.T.);
#11340=ORIENTED_EDGE('',*,*,#11330,.T.);
#11350=EDGE_CURVE('',#11320,#11300,#11280,.T.);
#11360=ORIENTED_EDGE('',*,*,#11350,.T.);
#11370=EDGE_LOOP('',(#11360,#11340));
#11380=FACE_BOUND('',#11370,.T.);
#11390=CARTESIAN_POINT('',(3.375,47.375,0.));
#11400=DIRECTION('',(0.,0.,1.));
#11410=DIRECTION('',(1.,0.,0.));
#11420=AXIS2_PLACEMENT_3D('',#11390,#11400,#11410);
#11430=CIRCLE('',#11420,5.);
#11440=CARTESIAN_POINT('',(8.375,47.375,0.));
#11450=VERTEX_POINT('',#11440);
#11460=CARTESIAN_POINT('',(-1.625,47.375,0.));
#11470=VERTEX_POINT('',#11460);
#11480=EDGE_CURVE('',#11450,#11470,#11430,.T.);
#11490=ORIENTED_EDGE('',*,*,#11480,.T.);
#11500=EDGE_CURVE('',#11470,#11450,#11430,.T.);
#11510=ORIENTED_EDGE('',*,*,#11500,.T.);
#11520=EDGE_LOOP('',(#11510,#11490));
#11530=FACE_BOUND('',#11520,.T.);
#11540=CARTESIAN_POINT('',(3.375,66.125,0.));
#11550=DIRECTION('',(0.,0.,1.));
#11560=DIRECTION('',(1.,0.,0.));
#11570=AXIS2_PLACEMENT_3D('',#11540,#11550,#11560);
#11580=CIRCLE('',#11570,5.);
#11590=CARTESIAN_POINT('',(8.375,66.125,0.));
#11600=VERTEX_POINT('',#11590);
#11610=CARTESIAN_POINT('',(-1.625,66.125,0.));
#11620=VERTEX_POINT('',#11610);
#11630=EDGE_CURVE('',#11600,#11620,#11580,.T.);
#11640=ORIENTED_EDGE('',*,*,#11630,.T.);
#11650=EDGE_CURVE('',#11620,#11600,#11580,.T.);
#11660=ORIENTED_EDGE('',*,*,#11650,.T.);
#11670=EDGE_LOOP('',(#11660,#11640));
#11680=FACE_BOUND('',#11670,.T.);
#11690=CARTESIAN_POINT('',(44.375,6.375,0.));
#11700=DIRECTION('',(0.,0.,1.));
#11710=DIRECTION('',(1.,0.,0.));
#11720=AXIS2_PLACEMENT_3D('',#11690,#11700,#11710);
#11730=CIRCLE('',#11720,5.);
#11740=CARTESIAN_POINT('',(49.375,6.375,0.));
#11750=VERTEX_POINT('',#11740);
#11760=CARTESIAN_POINT('',(39.375,6.375,0.));
#11770=VERTEX_POINT('',#11760);
#11780=EDGE_CURVE('',#11750,#11770,#11730,.T.);
#11790=ORIENTED_EDGE('',*,*,#11780,.T.);
#11800=EDGE_CURVE('',#11770,#11750,#11730,.T.);
#11810=ORIENTED_EDGE('',*,*,#11800,.T.);
#11820=EDGE_LOOP('',(#11810,#11790));
#11830=FACE_BOUND('',#11820,.T.);
#11840=CARTESIAN_POINT('',(63.125,6.375,0.));
#11850=DIRECTION('',(0.,0.,1.));
#11860=DIRECTION('',(1.,0.,0.));
#11870=AXIS2_PLACEMENT_3D('',#11840,#11850,#11860);
#11880=CIRCLE('',#11870,5.);
#11890=CARTESIAN_POINT('',(68.125,6.375,0.));
#11900=VERTEX_POINT('',#11890);
#11910=CARTESIAN_POINT('',(58.125,6.375,0.));
#11920=VERTEX_POINT('',#11910);
#11930=EDGE_CURVE('',#11900,#11920,#11880,.T.);
#11940=ORIENTED_EDGE('',*,*,#11930,.T.);
#11950=EDGE_CURVE('',#11920,#11900,#11880,.T.);
#11960=ORIENTED_EDGE('',*,*,#11950,.T.);
#11970=EDGE_LOOP('',(#11960,#11940));
#11980=FACE_BOUND('',#11970,.T.);
#11990=CARTESIAN_POINT('',(44.375,-12.375,0.));
#12000=DIRECTION('',(0.,0.,1.));
#12010=DIRECTION('',(1.,0.,0.));
#12020=AXIS2_PLACEMENT_3D('',#11990,#12000,#12010);
#12030=CIRCLE('',#12020,5.);
#12040=CARTESIAN_POINT('',(49.375,-12.375,0.));
#12050=VERTEX_POINT('',#12040);
#12060=CARTESIAN_POINT('',(39.375,-12.375,0.));
#12070=VERTEX_POINT('',#12060);
#12080=EDGE_CURVE('',#12050,#12070,#12030,.T.);
#12090=ORIENTED_EDGE('',*,*,#12080,.T.);
#12100=EDGE_CURVE('',#12070,#12050,#12030,.T.);
#12110=ORIENTED_EDGE('',*,*,#12100,.T.);
#12120=EDGE_LOOP('',(#12110,#12090));
#12130=FACE_BOUND('',#12120,.T.);
#12140=CARTESIAN_POINT('',(63.125,-12.375,0.));
#12150=DIRECTION('',(0.,0.,1.));
#12160=DIRECTION('',(1.,0.,0.));
#12170=AXIS2_PLACEMENT_3D('',#12140,#12150,#12160);
#12180=CIRCLE('',#12170,5.);
#12190=CARTESIAN_POINT('',(68.125,-12.375,0.));
#12200=VERTEX_POINT('',#12190);
#12210=CARTESIAN_POINT('',(58.125,-12.375,0.));
#12220=VERTEX_POINT('',#12210);
#12230=EDGE_CURVE('',#12200,#12220,#12180,.T.);
#12240=ORIENTED_EDGE('',*,*,#12230,.T.);
#12250=EDGE_CURVE('',#12220,#12200,#12180,.T.);
#12260=ORIENTED_EDGE('',*,*,#12250,.T.);
#12270=EDGE_LOOP('',(#12260,#12240));
#12280=FACE_BOUND('',#12270,.T.);
#12290=CARTESIAN_POINT('',(63.125,-113.125,0.));
#12300=DIRECTION('',(0.,0.,1.));
#12310=DIRECTION('',(1.,0.,0.));
#12320=AXIS2_PLACEMENT_3D('',#12290,#12300,#12310);
#12330=CIRCLE('',#12320,5.);
#12340=CARTESIAN_POINT('',(68.125,-113.125,0.));
#12350=VERTEX_POINT('',#12340);
#12360=CARTESIAN_POINT('',(58.125,-113.125,0.));
#12370=VERTEX_POINT('',#12360);
#12380=EDGE_CURVE('',#12350,#12370,#12330,.T.);
#12390=ORIENTED_EDGE('',*,*,#12380,.T.);
#12400=EDGE_CURVE('',#12370,#12350,#12330,.T.);
#12410=ORIENTED_EDGE('',*,*,#12400,.T.);
#12420=EDGE_LOOP('',(#12410,#12390));
#12430=FACE_BOUND('',#12420,.T.);
#12440=CARTESIAN_POINT('',(44.375,-113.125,0.));
#12450=DIRECTION('',(0.,0.,1.));
#12460=DIRECTION('',(1.,0.,0.));
#12470=AXIS2_PLACEMENT_3D('',#12440,#12450,#12460);
#12480=CIRCLE('',#12470,5.);
#12490=CARTESIAN_POINT('',(49.375,-113.125,0.));
#12500=VERTEX_POINT('',#12490);
#12510=CARTESIAN_POINT('',(39.375,-113.125,0.));
#12520=VERTEX_POINT('',#12510);
#12530=EDGE_CURVE('',#12500,#12520,#12480,.T.);
#12540=ORIENTED_EDGE('',*,*,#12530,.T.);
#12550=EDGE_CURVE('',#12520,#12500,#12480,.T.);
#12560=ORIENTED_EDGE('',*,*,#12550,.T.);
#12570=EDGE_LOOP('',(#12560,#12540));
#12580=FACE_BOUND('',#12570,.T.);
#12590=CARTESIAN_POINT('',(-56.375,-113.125,0.));
#12600=DIRECTION('',(0.,0.,1.));
#12610=DIRECTION('',(1.,0.,0.));
#12620=AXIS2_PLACEMENT_3D('',#12590,#12600,#12610);
#12630=CIRCLE('',#12620,5.);
#12640=CARTESIAN_POINT('',(-51.375,-113.125,0.));
#12650=VERTEX_POINT('',#12640);
#12660=CARTESIAN_POINT('',(-61.375,-113.125,0.));
#12670=VERTEX_POINT('',#12660);
#12680=EDGE_CURVE('',#12650,#12670,#12630,.T.);
#12690=ORIENTED_EDGE('',*,*,#12680,.T.);
#12700=EDGE_CURVE('',#12670,#12650,#12630,.T.);
#12710=ORIENTED_EDGE('',*,*,#12700,.T.);
#12720=EDGE_LOOP('',(#12710,#12690));
#12730=FACE_BOUND('',#12720,.T.);
#12740=CARTESIAN_POINT('',(-75.125,-113.125,0.));
#12750=DIRECTION('',(0.,0.,1.));
#12760=DIRECTION('',(1.,0.,0.));
#12770=AXIS2_PLACEMENT_3D('',#12740,#12750,#12760);
#12780=CIRCLE('',#12770,5.);
#12790=CARTESIAN_POINT('',(-70.125,-113.125,0.));
#12800=VERTEX_POINT('',#12790);
#12810=CARTESIAN_POINT('',(-80.125,-113.125,0.));
#12820=VERTEX_POINT('',#12810);
#12830=EDGE_CURVE('',#12800,#12820,#12780,.T.);
#12840=ORIENTED_EDGE('',*,*,#12830,.T.);
#12850=EDGE_CURVE('',#12820,#12800,#12780,.T.);
#12860=ORIENTED_EDGE('',*,*,#12850,.T.);
#12870=EDGE_LOOP('',(#12860,#12840));
#12880=FACE_BOUND('',#12870,.T.);
#12890=CARTESIAN_POINT('',(-75.125,107.125,0.));
#12900=DIRECTION('',(0.,0.,1.));
#12910=DIRECTION('',(1.,0.,0.));
#12920=AXIS2_PLACEMENT_3D('',#12890,#12900,#12910);
#12930=CIRCLE('',#12920,5.);
#12940=CARTESIAN_POINT('',(-70.125,107.125,0.));
#12950=VERTEX_POINT('',#12940);
#12960=CARTESIAN_POINT('',(-80.125,107.125,0.));
#12970=VERTEX_POINT('',#12960);
#12980=EDGE_CURVE('',#12950,#12970,#12930,.T.);
#12990=ORIENTED_EDGE('',*,*,#12980,.T.);
#13000=EDGE_CURVE('',#12970,#12950,#12930,.T.);
#13010=ORIENTED_EDGE('',*,*,#13000,.T.);
#13020=EDGE_LOOP('',(#13010,#12990));
#13030=FACE_BOUND('',#13020,.T.);
#13040=CARTESIAN_POINT('',(-75.125,6.375,0.));
#13050=DIRECTION('',(0.,0.,1.));
#13060=DIRECTION('',(1.,0.,0.));
#13070=AXIS2_PLACEMENT_3D('',#13040,#13050,#13060);
#13080=CIRCLE('',#13070,5.);
#13090=CARTESIAN_POINT('',(-70.125,6.375,0.));
#13100=VERTEX_POINT('',#13090);
#13110=CARTESIAN_POINT('',(-80.125,6.375,0.));
#13120=VERTEX_POINT('',#13110);
#13130=EDGE_CURVE('',#13100,#13120,#13080,.T.);
#13140=ORIENTED_EDGE('',*,*,#13130,.T.);
#13150=EDGE_CURVE('',#13120,#13100,#13080,.T.);
#13160=ORIENTED_EDGE('',*,*,#13150,.T.);
#13170=EDGE_LOOP('',(#13160,#13140));
#13180=FACE_BOUND('',#13170,.T.);
#13190=CARTESIAN_POINT('',(-75.125,-12.375,0.));
#13200=DIRECTION('',(0.,0.,1.));
#13210=DIRECTION('',(1.,0.,0.));
#13220=AXIS2_PLACEMENT_3D('',#13190,#13200,#13210);
#13230=CIRCLE('',#13220,5.);
#13240=CARTESIAN_POINT('',(-70.125,-12.375,0.));
#13250=VERTEX_POINT('',#13240);
#13260=CARTESIAN_POINT('',(-80.125,-12.375,0.));
#13270=VERTEX_POINT('',#13260);
#13280=EDGE_CURVE('',#13250,#13270,#13230,.T.);
#13290=ORIENTED_EDGE('',*,*,#13280,.T.);
#13300=EDGE_CURVE('',#13270,#13250,#13230,.T.);
#13310=ORIENTED_EDGE('',*,*,#13300,.T.);
#13320=EDGE_LOOP('',(#13310,#13290));
#13330=FACE_BOUND('',#13320,.T.);
#13340=CARTESIAN_POINT('',(-56.375,107.125,0.));
#13350=DIRECTION('',(0.,0.,1.));
#13360=DIRECTION('',(1.,0.,0.));
#13370=AXIS2_PLACEMENT_3D('',#13340,#13350,#13360);
#13380=CIRCLE('',#13370,5.);
#13390=CARTESIAN_POINT('',(-51.375,107.125,0.));
#13400=VERTEX_POINT('',#13390);
#13410=CARTESIAN_POINT('',(-61.375,107.125,0.));
#13420=VERTEX_POINT('',#13410);
#13430=EDGE_CURVE('',#13400,#13420,#13380,.T.);
#13440=ORIENTED_EDGE('',*,*,#13430,.T.);
#13450=EDGE_CURVE('',#13420,#13400,#13380,.T.);
#13460=ORIENTED_EDGE('',*,*,#13450,.T.);
#13470=EDGE_LOOP('',(#13460,#13440));
#13480=FACE_BOUND('',#13470,.T.);
#13490=CARTESIAN_POINT('',(-56.375,-12.375,0.));
#13500=DIRECTION('',(0.,0.,1.));
#13510=DIRECTION('',(1.,0.,0.));
#13520=AXIS2_PLACEMENT_3D('',#13490,#13500,#13510);
#13530=CIRCLE('',#13520,5.);
#13540=CARTESIAN_POINT('',(-51.375,-12.375,0.));
#13550=VERTEX_POINT('',#13540);
#13560=CARTESIAN_POINT('',(-61.375,-12.375,0.));
#13570=VERTEX_POINT('',#13560);
#13580=EDGE_CURVE('',#13550,#13570,#13530,.T.);
#13590=ORIENTED_EDGE('',*,*,#13580,.T.);
#13600=EDGE_CURVE('',#13570,#13550,#13530,.T.);
#13610=ORIENTED_EDGE('',*,*,#13600,.T.);
#13620=EDGE_LOOP('',(#13610,#13590));
#13630=FACE_BOUND('',#13620,.T.);
#13640=CARTESIAN_POINT('',(-56.375,6.375,0.));
#13650=DIRECTION('',(0.,0.,1.));
#13660=DIRECTION('',(1.,0.,0.));
#13670=AXIS2_PLACEMENT_3D('',#13640,#13650,#13660);
#13680=CIRCLE('',#13670,5.);
#13690=CARTESIAN_POINT('',(-51.375,6.375,0.));
#13700=VERTEX_POINT('',#13690);
#13710=CARTESIAN_POINT('',(-61.375,6.375,0.));
#13720=VERTEX_POINT('',#13710);
#13730=EDGE_CURVE('',#13700,#13720,#13680,.T.);
#13740=ORIENTED_EDGE('',*,*,#13730,.T.);
#13750=EDGE_CURVE('',#13720,#13700,#13680,.T.);
#13760=ORIENTED_EDGE('',*,*,#13750,.T.);
#13770=EDGE_LOOP('',(#13760,#13740));
#13780=FACE_BOUND('',#13770,.T.);
#13790=CARTESIAN_POINT('',(-116.125,47.375,0.));
#13800=DIRECTION('',(0.,0.,1.));
#13810=DIRECTION('',(1.,0.,0.));
#13820=AXIS2_PLACEMENT_3D('',#13790,#13800,#13810);
#13830=CIRCLE('',#13820,5.);
#13840=CARTESIAN_POINT('',(-111.125,47.375,0.));
#13850=VERTEX_POINT('',#13840);
#13860=CARTESIAN_POINT('',(-121.125,47.375,0.));
#13870=VERTEX_POINT('',#13860);
#13880=EDGE_CURVE('',#13850,#13870,#13830,.T.);
#13890=ORIENTED_EDGE('',*,*,#13880,.T.);
#13900=EDGE_CURVE('',#13870,#13850,#13830,.T.);
#13910=ORIENTED_EDGE('',*,*,#13900,.T.);
#13920=EDGE_LOOP('',(#13910,#13890));
#13930=FACE_BOUND('',#13920,.T.);
#13940=CARTESIAN_POINT('',(-116.125,-72.125,0.));
#13950=DIRECTION('',(0.,0.,1.));
#13960=DIRECTION('',(1.,0.,0.));
#13970=AXIS2_PLACEMENT_3D('',#13940,#13950,#13960);
#13980=CIRCLE('',#13970,5.);
#13990=CARTESIAN_POINT('',(-111.125,-72.125,0.));
#14000=VERTEX_POINT('',#13990);
#14010=CARTESIAN_POINT('',(-121.125,-72.125,0.));
#14020=VERTEX_POINT('',#14010);
#14030=EDGE_CURVE('',#14000,#14020,#13980,.T.);
#14040=ORIENTED_EDGE('',*,*,#14030,.T.);
#14050=EDGE_CURVE('',#14020,#14000,#13980,.T.);
#14060=ORIENTED_EDGE('',*,*,#14050,.T.);
#14070=EDGE_LOOP('',(#14060,#14040));
#14080=FACE_BOUND('',#14070,.T.);
#14090=CARTESIAN_POINT('',(-116.125,-53.375,0.));
#14100=DIRECTION('',(0.,0.,1.));
#14110=DIRECTION('',(1.,0.,0.));
#14120=AXIS2_PLACEMENT_3D('',#14090,#14100,#14110);
#14130=CIRCLE('',#14120,5.);
#14140=CARTESIAN_POINT('',(-111.125,-53.375,0.));
#14150=VERTEX_POINT('',#14140);
#14160=CARTESIAN_POINT('',(-121.125,-53.375,0.));
#14170=VERTEX_POINT('',#14160);
#14180=EDGE_CURVE('',#14150,#14170,#14130,.T.);
#14190=ORIENTED_EDGE('',*,*,#14180,.T.);
#14200=EDGE_CURVE('',#14170,#14150,#14130,.T.);
#14210=ORIENTED_EDGE('',*,*,#14200,.T.);
#14220=EDGE_LOOP('',(#14210,#14190));
#14230=FACE_BOUND('',#14220,.T.);
#14240=ADVANCED_FACE('',(#390,#540,#1280,#1660,#2040,#2420,#2800,#3180,
#3560,#4300,#4680,#5060,#5440,#5820,#6200,#6940,#7680,#8060,#8440,#8820,
#9200,#9580,#9730,#9880,#10030,#10180,#10330,#10480,#10630,#10780,#10930
,#11080,#11230,#11380,#11530,#11680,#11830,#11980,#12130,#12280,#12430,
#12580,#12730,#12880,#13030,#13180,#13330,#13480,#13630,#13780,#13930,
#14080,#14230),#50,.F.);
#14250=CARTESIAN_POINT('',(0.,0.,3.));
#14260=DIRECTION('',(0.,0.,1.));
#14270=DIRECTION('',(1.,0.,0.));
#14280=AXIS2_PLACEMENT_3D('',#14250,#14260,#14270);
#14290=PLANE('',#14280);
#14300=CARTESIAN_POINT('',(-65.75,-62.75,3.));
#14310=DIRECTION('',(0.,0.,1.));
#14320=DIRECTION('',(1.,0.,0.));
#14330=AXIS2_PLACEMENT_3D('',#14300,#14310,#14320);
#14340=CIRCLE('',#14330,20.);
#14350=CARTESIAN_POINT('',(-45.75,-62.75,3.));
#14360=VERTEX_POINT('',#14350);
#14370=CARTESIAN_POINT('',(-85.75,-62.75,3.));
#14380=VERTEX_POINT('',#14370);
#14390=EDGE_CURVE('',#14360,#14380,#14340,.T.);
#14400=ORIENTED_EDGE('',*,*,#14390,.T.);
#14410=EDGE_CURVE('',#14380,#14360,#14340,.T.);
#14420=ORIENTED_EDGE('',*,*,#14410,.T.);
#14430=EDGE_LOOP('',(#14420,#14400));
#14440=FACE_OUTER_BOUND('',#14430,.T.);
#14450=CARTESIAN_POINT('',(-65.75,-62.75,3.));
#14460=DIRECTION('',(0.,0.,1.));
#14470=DIRECTION('',(1.,0.,0.));
#14480=AXIS2_PLACEMENT_3D('',#14450,#14460,#14470);
#14490=CIRCLE('',#14480,12.5);
#14500=CARTESIAN_POINT('',(-70.6073582988107,-74.2676417011893,3.));
#14510=VERTEX_POINT('',#14500);
#14520=CARTESIAN_POINT('',(-60.8926417011893,-74.2676417011893,3.));
#14530=VERTEX_POINT('',#14520);
#14540=EDGE_CURVE('',#14510,#14530,#14490,.T.);
#14550=ORIENTED_EDGE('',*,*,#14540,.F.);
#14560=CARTESIAN_POINT('',(-56.375,-72.125,3.));
#14570=DIRECTION('',(0.,0.,1.));
#14580=DIRECTION('',(1.,0.,0.));
#14590=AXIS2_PLACEMENT_3D('',#14560,#14570,#14580);
#14600=CIRCLE('',#14590,5.);
#14610=CARTESIAN_POINT('',(-54.2323582988107,-67.6073582988107,3.));
#14620=VERTEX_POINT('',#14610);
#14630=EDGE_CURVE('',#14530,#14620,#14600,.T.);
#14640=ORIENTED_EDGE('',*,*,#14630,.F.);
#14650=CARTESIAN_POINT('',(-65.75,-62.75,3.));
#14660=DIRECTION('',(0.,0.,1.));
#14670=DIRECTION('',(1.,0.,0.));
#14680=AXIS2_PLACEMENT_3D('',#14650,#14660,#14670);
#14690=CIRCLE('',#14680,12.5);
#14700=CARTESIAN_POINT('',(-54.2323582988107,-57.8926417011893,3.));
#14710=VERTEX_POINT('',#14700);
#14720=EDGE_CURVE('',#14620,#14710,#14690,.T.);
#14730=ORIENTED_EDGE('',*,*,#14720,.F.);
#14740=CARTESIAN_POINT('',(-56.375,-53.375,3.));
#14750=DIRECTION('',(0.,0.,1.));
#14760=DIRECTION('',(1.,0.,0.));
#14770=AXIS2_PLACEMENT_3D('',#14740,#14750,#14760);
#14780=CIRCLE('',#14770,5.);
#14790=CARTESIAN_POINT('',(-60.8926417011893,-51.2323582988107,3.));
#14800=VERTEX_POINT('',#14790);
#14810=EDGE_CURVE('',#14710,#14800,#14780,.T.);
#14820=ORIENTED_EDGE('',*,*,#14810,.F.);
#14830=CARTESIAN_POINT('',(-65.75,-62.75,3.));
#14840=DIRECTION('',(0.,0.,1.));
#14850=DIRECTION('',(1.,0.,0.));
#14860=AXIS2_PLACEMENT_3D('',#14830,#14840,#14850);
#14870=CIRCLE('',#14860,12.5);
#14880=CARTESIAN_POINT('',(-70.6073582988107,-51.2323582988107,3.));
#14890=VERTEX_POINT('',#14880);
#14900=EDGE_CURVE('',#14800,#14890,#14870,.T.);
#14910=ORIENTED_EDGE('',*,*,#14900,.F.);
#14920=CARTESIAN_POINT('',(-75.125,-53.375,3.));
#14930=DIRECTION('',(0.,0.,1.));
#14940=DIRECTION('',(1.,0.,0.));
#14950=AXIS2_PLACEMENT_3D('',#14920,#14930,#14940);
#14960=CIRCLE('',#14950,5.);
#14970=CARTESIAN_POINT('',(-77.2676417011893,-57.8926417011893,3.));
#14980=VERTEX_POINT('',#14970);
#14990=EDGE_CURVE('',#14890,#14980,#14960,.T.);
#15000=ORIENTED_EDGE('',*,*,#14990,.F.);
#15010=CARTESIAN_POINT('',(-65.75,-62.75,3.));
#15020=DIRECTION('',(0.,0.,1.));
#15030=DIRECTION('',(1.,0.,0.));
#15040=AXIS2_PLACEMENT_3D('',#15010,#15020,#15030);
#15050=CIRCLE('',#15040,12.5);
#15060=CARTESIAN_POINT('',(-77.2676417011893,-67.6073582988107,3.));
#15070=VERTEX_POINT('',#15060);
#15080=EDGE_CURVE('',#14980,#15070,#15050,.T.);
#15090=ORIENTED_EDGE('',*,*,#15080,.F.);
#15100=CARTESIAN_POINT('',(-75.125,-72.125,3.));
#15110=DIRECTION('',(0.,0.,1.));
#15120=DIRECTION('',(1.,0.,0.));
#15130=AXIS2_PLACEMENT_3D('',#15100,#15110,#15120);
#15140=CIRCLE('',#15130,5.);
#15150=EDGE_CURVE('',#15070,#14510,#15140,.T.);
#15160=ORIENTED_EDGE('',*,*,#15150,.F.);
#15170=EDGE_LOOP('',(#15160,#15090,#15000,#14910,#14820,#14730,#14640,
#14550));
#15180=FACE_BOUND('',#15170,.T.);
#15190=ADVANCED_FACE('',(#14440,#15180),#14290,.T.);
#15200=CARTESIAN_POINT('',(52.75,0.,3.));
#15210=DIRECTION('',(-0.,-1.,0.));
#15220=VECTOR('',#15210,1.);
#15230=LINE('',#15200,#15220);
#15240=CARTESIAN_POINT('',(52.75,-85.7282505861521,3.));
#15250=VERTEX_POINT('',#15240);
#15260=CARTESIAN_POINT('',(52.75,-119.5,3.));
#15270=VERTEX_POINT('',#15260);
#15280=EDGE_CURVE('',#15250,#15270,#15230,.T.);
#15290=ORIENTED_EDGE('',*,*,#15280,.F.);
#15300=CARTESIAN_POINT('',(0.,-119.5,3.));
#15310=DIRECTION('',(-1.,0.,0.));
#15320=VECTOR('',#15310,1.);
#15330=LINE('',#15300,#15320);
#15340=CARTESIAN_POINT('',(-4.5,-119.5,3.));
#15350=VERTEX_POINT('',#15340);
#15360=EDGE_CURVE('',#15270,#15350,#15330,.T.);
#15370=ORIENTED_EDGE('',*,*,#15360,.F.);
#15380=CARTESIAN_POINT('',(-4.5,0.,3.));
#15390=DIRECTION('',(-0.,1.,0.));
#15400=VECTOR('',#15390,1.);
#15410=LINE('',#15380,#15400);
#15420=CARTESIAN_POINT('',(-4.5,-63.75,3.));
#15430=VERTEX_POINT('',#15420);
#15440=EDGE_CURVE('',#15350,#15430,#15410,.T.);
#15450=ORIENTED_EDGE('',*,*,#15440,.F.);
#15460=CARTESIAN_POINT('',(0.,-63.75,3.));
#15470=DIRECTION('',(1.,0.,0.));
#15480=VECTOR('',#15470,1.);
#15490=LINE('',#15460,#15480);
#15500=CARTESIAN_POINT('',(30.7717494138479,-63.75,3.));
#15510=VERTEX_POINT('',#15500);
#15520=EDGE_CURVE('',#15430,#15510,#15490,.T.);
#15530=ORIENTED_EDGE('',*,*,#15520,.F.);
#15540=CARTESIAN_POINT('',(53.75,-62.75,3.));
#15550=DIRECTION('',(0.,0.,1.));
#15560=DIRECTION('',(1.,0.,0.));
#15570=AXIS2_PLACEMENT_3D('',#15540,#15550,#15560);
#15580=CIRCLE('',#15570,23.);
#15590=EDGE_CURVE('',#15510,#15250,#15580,.T.);
#15600=ORIENTED_EDGE('',*,*,#15590,.F.);
#15610=EDGE_LOOP('',(#15600,#15530,#15450,#15370,#15290));
#15620=FACE_OUTER_BOUND('',#15610,.T.);
#15630=CARTESIAN_POINT('',(10.75,-105.75,3.));
#15640=DIRECTION('',(0.,0.,1.));
#15650=DIRECTION('',(1.,0.,0.));
#15660=AXIS2_PLACEMENT_3D('',#15630,#15640,#15650);
#15670=CIRCLE('',#15660,10.);
#15680=CARTESIAN_POINT('',(7.86507612903958,-115.324821891751,3.));
#15690=VERTEX_POINT('',#15680);
#15700=CARTESIAN_POINT('',(20.6961959572829,-104.71405310014,3.));
#15710=VERTEX_POINT('',#15700);
#15720=EDGE_CURVE('',#15690,#15710,#15670,.T.);
#15730=ORIENTED_EDGE('',*,*,#15720,.F.);
#15740=CARTESIAN_POINT('',(23.875,-92.625,3.));
#15750=DIRECTION('',(0.,0.,1.));
#15760=DIRECTION('',(1.,0.,0.));
#15770=AXIS2_PLACEMENT_3D('',#15740,#15750,#15760);
#15780=CIRCLE('',#15770,12.5);
#15790=CARTESIAN_POINT('',(11.78594689986,-95.8038040427171,3.));
#15800=VERTEX_POINT('',#15790);
#15810=EDGE_CURVE('',#15710,#15800,#15780,.T.);
#15820=ORIENTED_EDGE('',*,*,#15810,.F.);
#15830=CARTESIAN_POINT('',(10.75,-105.75,3.));
#15840=DIRECTION('',(0.,0.,1.));
#15850=DIRECTION('',(1.,0.,0.));
#15860=AXIS2_PLACEMENT_3D('',#15830,#15840,#15850);
#15870=CIRCLE('',#15860,10.);
#15880=CARTESIAN_POINT('',(1.17517810824855,-108.63492387096,3.));
#15890=VERTEX_POINT('',#15880);
#15900=EDGE_CURVE('',#15800,#15890,#15870,.T.);
#15910=ORIENTED_EDGE('',*,*,#15900,.F.);
#15920=CARTESIAN_POINT('',(3.37499999999999,-113.125,3.));
#15930=DIRECTION('',(0.,0.,1.));
#15940=DIRECTION('',(1.,0.,0.));
#15950=AXIS2_PLACEMENT_3D('',#15920,#15930,#15940);
#15960=CIRCLE('',#15950,5.);
#15970=EDGE_CURVE('',#15890,#15690,#15960,.T.);
#15980=ORIENTED_EDGE('',*,*,#15970,.F.);
#15990=EDGE_LOOP('',(#15980,#15910,#15820,#15730));
#16000=FACE_BOUND('',#15990,.T.);
#16010=CARTESIAN_POINT('',(3.375,-72.125,3.));
#16020=DIRECTION('',(0.,0.,1.));
#16030=DIRECTION('',(1.,0.,0.));
#16040=AXIS2_PLACEMENT_3D('',#16010,#16020,#16030);
#16050=CIRCLE('',#16040,5.);
#16060=CARTESIAN_POINT('',(8.375,-72.125,3.));
#16070=VERTEX_POINT('',#16060);
#16080=CARTESIAN_POINT('',(-1.625,-72.125,3.));
#16090=VERTEX_POINT('',#16080);
#16100=EDGE_CURVE('',#16070,#16090,#16050,.T.);
#16110=ORIENTED_EDGE('',*,*,#16100,.F.);
#16120=EDGE_CURVE('',#16090,#16070,#16050,.T.);
#16130=ORIENTED_EDGE('',*,*,#16120,.F.);
#16140=EDGE_LOOP('',(#16130,#16110));
#16150=FACE_BOUND('',#16140,.T.);
#16160=CARTESIAN_POINT('',(44.375,-113.125,3.));
#16170=DIRECTION('',(0.,0.,1.));
#16180=DIRECTION('',(1.,0.,0.));
#16190=AXIS2_PLACEMENT_3D('',#16160,#16170,#16180);
#16200=CIRCLE('',#16190,5.);
#16210=CARTESIAN_POINT('',(49.375,-113.125,3.));
#16220=VERTEX_POINT('',#16210);
#16230=CARTESIAN_POINT('',(39.375,-113.125,3.));
#16240=VERTEX_POINT('',#16230);
#16250=EDGE_CURVE('',#16220,#16240,#16200,.T.);
#16260=ORIENTED_EDGE('',*,*,#16250,.F.);
#16270=EDGE_CURVE('',#16240,#16220,#16200,.T.);
#16280=ORIENTED_EDGE('',*,*,#16270,.F.);
#16290=EDGE_LOOP('',(#16280,#16260));
#16300=FACE_BOUND('',#16290,.T.);
#16310=ADVANCED_FACE('',(#15620,#16000,#16150,#16300),#14290,.T.);
#16320=CARTESIAN_POINT('',(53.75,56.75,3.));
#16330=DIRECTION('',(0.,0.,1.));
#16340=DIRECTION('',(1.,0.,0.));
#16350=AXIS2_PLACEMENT_3D('',#16320,#16330,#16340);
#16360=CIRCLE('',#16350,23.);
#16370=CARTESIAN_POINT('',(52.75,79.7282505861521,3.));
#16380=VERTEX_POINT('',#16370);
#16390=CARTESIAN_POINT('',(30.7717494138479,57.75,3.));
#16400=VERTEX_POINT('',#16390);
#16410=EDGE_CURVE('',#16380,#16400,#16360,.T.);
#16420=ORIENTED_EDGE('',*,*,#16410,.F.);
#16430=CARTESIAN_POINT('',(0.,57.75,3.));
#16440=DIRECTION('',(-1.,-2.01448112885815E-16,0.));
#16450=VECTOR('',#16440,1.);
#16460=LINE('',#16430,#16450);
#16470=CARTESIAN_POINT('',(-4.5,57.75,3.));
#16480=VERTEX_POINT('',#16470);
#16490=EDGE_CURVE('',#16400,#16480,#16460,.T.);
#16500=ORIENTED_EDGE('',*,*,#16490,.F.);
#16510=CARTESIAN_POINT('',(-4.5,0.,3.));
#16520=DIRECTION('',(-0.,1.,0.));
#16530=VECTOR('',#16520,1.);
#16540=LINE('',#16510,#16530);
#16550=CARTESIAN_POINT('',(-4.5,113.5,3.));
#16560=VERTEX_POINT('',#16550);
#16570=EDGE_CURVE('',#16480,#16560,#16540,.T.);
#16580=ORIENTED_EDGE('',*,*,#16570,.F.);
#16590=CARTESIAN_POINT('',(0.,113.5,3.));
#16600=DIRECTION('',(1.,0.,0.));
#16610=VECTOR('',#16600,1.);
#16620=LINE('',#16590,#16610);
#16630=CARTESIAN_POINT('',(52.75,113.5,3.));
#16640=VERTEX_POINT('',#16630);
#16650=EDGE_CURVE('',#16560,#16640,#16620,.T.);
#16660=ORIENTED_EDGE('',*,*,#16650,.F.);
#16670=CARTESIAN_POINT('',(52.75,0.,3.));
#16680=DIRECTION('',(-0.,-1.,0.));
#16690=VECTOR('',#16680,1.);
#16700=LINE('',#16670,#16690);
#16710=EDGE_CURVE('',#16640,#16380,#16700,.T.);
#16720=ORIENTED_EDGE('',*,*,#16710,.F.);
#16730=EDGE_LOOP('',(#16720,#16660,#16580,#16500,#16420));
#16740=FACE_OUTER_BOUND('',#16730,.T.);
#16750=CARTESIAN_POINT('',(23.875,86.625,3.));
#16760=DIRECTION('',(0.,0.,1.));
#16770=DIRECTION('',(1.,0.,0.));
#16780=AXIS2_PLACEMENT_3D('',#16750,#16760,#16770);
#16790=CIRCLE('',#16780,12.5);
#16800=CARTESIAN_POINT('',(11.78594689986,89.8038040427171,3.));
#16810=VERTEX_POINT('',#16800);
#16820=CARTESIAN_POINT('',(20.6961959572829,98.71405310014,3.));
#16830=VERTEX_POINT('',#16820);
#16840=EDGE_CURVE('',#16810,#16830,#16790,.T.);
#16850=ORIENTED_EDGE('',*,*,#16840,.F.);
#16860=CARTESIAN_POINT('',(10.75,99.75,3.));
#16870=DIRECTION('',(0.,0.,1.));
#16880=DIRECTION('',(1.,0.,0.));
#16890=AXIS2_PLACEMENT_3D('',#16860,#16870,#16880);
#16900=CIRCLE('',#16890,10.);
#16910=CARTESIAN_POINT('',(7.86507612903959,109.324821891751,3.));
#16920=VERTEX_POINT('',#16910);
#16930=EDGE_CURVE('',#16830,#16920,#16900,.T.);
#16940=ORIENTED_EDGE('',*,*,#16930,.F.);
#16950=CARTESIAN_POINT('',(3.375,107.125,3.));
#16960=DIRECTION('',(0.,0.,1.));
#16970=DIRECTION('',(1.,0.,0.));
#16980=AXIS2_PLACEMENT_3D('',#16950,#16960,#16970);
#16990=CIRCLE('',#16980,5.);
#17000=CARTESIAN_POINT('',(1.17517810824856,102.63492387096,3.));
#17010=VERTEX_POINT('',#17000);
#17020=EDGE_CURVE('',#16920,#17010,#16990,.T.);
#17030=ORIENTED_EDGE('',*,*,#17020,.F.);
#17040=CARTESIAN_POINT('',(10.75,99.75,3.));
#17050=DIRECTION('',(0.,0.,1.));
#17060=DIRECTION('',(1.,0.,0.));
#17070=AXIS2_PLACEMENT_3D('',#17040,#17050,#17060);
#17080=CIRCLE('',#17070,10.);
#17090=EDGE_CURVE('',#17010,#16810,#17080,.T.);
#17100=ORIENTED_EDGE('',*,*,#17090,.F.);
#17110=EDGE_LOOP('',(#17100,#17030,#16940,#16850));
#17120=FACE_BOUND('',#17110,.T.);
#17130=CARTESIAN_POINT('',(44.375,107.125,3.));
#17140=DIRECTION('',(0.,0.,1.));
#17150=DIRECTION('',(1.,0.,0.));
#17160=AXIS2_PLACEMENT_3D('',#17130,#17140,#17150);
#17170=CIRCLE('',#17160,4.99999999999999);
#17180=CARTESIAN_POINT('',(49.375,107.125,3.));
#17190=VERTEX_POINT('',#17180);
#17200=CARTESIAN_POINT('',(39.375,107.125,3.));
#17210=VERTEX_POINT('',#17200);
#17220=EDGE_CURVE('',#17190,#17210,#17170,.T.);
#17230=ORIENTED_EDGE('',*,*,#17220,.F.);
#17240=EDGE_CURVE('',#17210,#17190,#17170,.T.);
#17250=ORIENTED_EDGE('',*,*,#17240,.F.);
#17260=EDGE_LOOP('',(#17250,#17230));
#17270=FACE_BOUND('',#17260,.T.);
#17280=CARTESIAN_POINT('',(3.375,66.125,3.));
#17290=DIRECTION('',(0.,0.,1.));
#17300=DIRECTION('',(1.,0.,0.));
#17310=AXIS2_PLACEMENT_3D('',#17280,#17290,#17300);
#17320=CIRCLE('',#17310,5.);
#17330=CARTESIAN_POINT('',(8.375,66.125,3.));
#17340=VERTEX_POINT('',#17330);
#17350=CARTESIAN_POINT('',(-1.625,66.125,3.));
#17360=VERTEX_POINT('',#17350);
#17370=EDGE_CURVE('',#17340,#17360,#17320,.T.);
#17380=ORIENTED_EDGE('',*,*,#17370,.F.);
#17390=EDGE_CURVE('',#17360,#17340,#17320,.T.);
#17400=ORIENTED_EDGE('',*,*,#17390,.F.);
#17410=EDGE_LOOP('',(#17400,#17380));
#17420=FACE_BOUND('',#17410,.T.);
#17430=ADVANCED_FACE('',(#16740,#17120,#17270,#17420),#14290,.T.);
#17440=CARTESIAN_POINT('',(-64.75,0.,3.));
#17450=DIRECTION('',(2.01448112885815E-16,1.,0.));
#17460=VECTOR('',#17450,1.);
#17470=LINE('',#17440,#17460);
#17480=CARTESIAN_POINT('',(-64.75,-39.7717494138479,3.));
#17490=VERTEX_POINT('',#17480);
#17500=CARTESIAN_POINT('',(-64.75,-4.5,3.));
#17510=VERTEX_POINT('',#17500);
#17520=EDGE_CURVE('',#17490,#17510,#17470,.T.);
#17530=ORIENTED_EDGE('',*,*,#17520,.F.);
#17540=CARTESIAN_POINT('',(0.,-4.5,3.));
#17550=DIRECTION('',(1.,0.,0.));
#17560=VECTOR('',#17550,1.);
#17570=LINE('',#17540,#17560);
#17580=CARTESIAN_POINT('',(-7.5,-4.5,3.));
#17590=VERTEX_POINT('',#17580);
#17600=EDGE_CURVE('',#17510,#17590,#17570,.T.);
#17610=ORIENTED_EDGE('',*,*,#17600,.F.);
#17620=CARTESIAN_POINT('',(-7.5,0.,3.));
#17630=DIRECTION('',(-0.,-1.,0.));
#17640=VECTOR('',#17630,1.);
#17650=LINE('',#17620,#17640);
#17660=CARTESIAN_POINT('',(-7.5,-61.75,3.));
#17670=VERTEX_POINT('',#17660);
#17680=EDGE_CURVE('',#17590,#17670,#17650,.T.);
#17690=ORIENTED_EDGE('',*,*,#17680,.F.);
#17700=CARTESIAN_POINT('',(0.,-61.75,3.));
#17710=DIRECTION('',(-1.,0.,0.));
#17720=VECTOR('',#17710,1.);
#17730=LINE('',#17700,#17720);
#17740=CARTESIAN_POINT('',(-42.7717494138479,-61.75,3.));
#17750=VERTEX_POINT('',#17740);
#17760=EDGE_CURVE('',#17670,#17750,#17730,.T.);
#17770=ORIENTED_EDGE('',*,*,#17760,.F.);
#17780=CARTESIAN_POINT('',(-65.75,-62.75,3.));
#17790=DIRECTION('',(0.,0.,1.));
#17800=DIRECTION('',(1.,0.,0.));
#17810=AXIS2_PLACEMENT_3D('',#17780,#17790,#17800);
#17820=CIRCLE('',#17810,23.);
#17830=EDGE_CURVE('',#17750,#17490,#17820,.T.);
#17840=ORIENTED_EDGE('',*,*,#17830,.F.);
#17850=EDGE_LOOP('',(#17840,#17770,#17690,#17610,#17530));
#17860=FACE_OUTER_BOUND('',#17850,.T.);
#17870=CARTESIAN_POINT('',(-22.75,-19.75,3.));
#17880=DIRECTION('',(0.,0.,1.));
#17890=DIRECTION('',(1.,0.,0.));
#17900=AXIS2_PLACEMENT_3D('',#17870,#17880,#17890);
#17910=CIRCLE('',#17900,10.);
#17920=CARTESIAN_POINT('',(-23.78594689986,-29.6961959572829,3.));
#17930=VERTEX_POINT('',#17920);
#17940=CARTESIAN_POINT('',(-13.1751781082486,-16.8650761290396,3.));
#17950=VERTEX_POINT('',#17940);
#17960=EDGE_CURVE('',#17930,#17950,#17910,.T.);
#17970=ORIENTED_EDGE('',*,*,#17960,.F.);
#17980=CARTESIAN_POINT('',(-15.375,-12.375,3.));
#17990=DIRECTION('',(0.,0.,1.));
#18000=DIRECTION('',(1.,0.,0.));
#18010=AXIS2_PLACEMENT_3D('',#17980,#17990,#18000);
#18020=CIRCLE('',#18010,5.);
#18030=CARTESIAN_POINT('',(-19.8650761290396,-10.1751781082486,3.));
#18040=VERTEX_POINT('',#18030);
#18050=EDGE_CURVE('',#17950,#18040,#18020,.T.);
#18060=ORIENTED_EDGE('',*,*,#18050,.F.);
#18070=CARTESIAN_POINT('',(-22.75,-19.75,3.));
#18080=DIRECTION('',(0.,0.,1.));
#18090=DIRECTION('',(1.,0.,0.));
#18100=AXIS2_PLACEMENT_3D('',#18070,#18080,#18090);
#18110=CIRCLE('',#18100,10.);
#18120=CARTESIAN_POINT('',(-32.6961959572829,-20.78594689986,3.));
#18130=VERTEX_POINT('',#18120);
#18140=EDGE_CURVE('',#18040,#18130,#18110,.T.);
#18150=ORIENTED_EDGE('',*,*,#18140,.F.);
#18160=CARTESIAN_POINT('',(-35.875,-32.875,3.));
#18170=DIRECTION('',(0.,0.,1.));
#18180=DIRECTION('',(1.,0.,0.));
#18190=AXIS2_PLACEMENT_3D('',#18160,#18170,#18180);
#18200=CIRCLE('',#18190,12.5);
#18210=EDGE_CURVE('',#18130,#17930,#18200,.T.);
#18220=ORIENTED_EDGE('',*,*,#18210,.F.);
#18230=EDGE_LOOP('',(#18220,#18150,#18060,#17970));
#18240=FACE_BOUND('',#18230,.T.);
#18250=CARTESIAN_POINT('',(-15.375,-53.375,3.));
#18260=DIRECTION('',(0.,0.,1.));
#18270=DIRECTION('',(1.,0.,0.));
#18280=AXIS2_PLACEMENT_3D('',#18250,#18260,#18270);
#18290=CIRCLE('',#18280,5.);
#18300=CARTESIAN_POINT('',(-10.375,-53.375,3.));
#18310=VERTEX_POINT('',#18300);
#18320=CARTESIAN_POINT('',(-20.375,-53.375,3.));
#18330=VERTEX_POINT('',#18320);
#18340=EDGE_CURVE('',#18310,#18330,#18290,.T.);
#18350=ORIENTED_EDGE('',*,*,#18340,.F.);
#18360=EDGE_CURVE('',#18330,#18310,#18290,.T.);
#18370=ORIENTED_EDGE('',*,*,#18360,.F.);
#18380=EDGE_LOOP('',(#18370,#18350));
#18390=FACE_BOUND('',#18380,.T.);
#18400=CARTESIAN_POINT('',(-56.375,-12.375,3.));
#18410=DIRECTION('',(0.,0.,1.));
#18420=DIRECTION('',(1.,0.,0.));
#18430=AXIS2_PLACEMENT_3D('',#18400,#18410,#18420);
#18440=CIRCLE('',#18430,5.);
#18450=CARTESIAN_POINT('',(-51.375,-12.375,3.));
#18460=VERTEX_POINT('',#18450);
#18470=CARTESIAN_POINT('',(-61.375,-12.375,3.));
#18480=VERTEX_POINT('',#18470);
#18490=EDGE_CURVE('',#18460,#18480,#18440,.T.);
#18500=ORIENTED_EDGE('',*,*,#18490,.F.);
#18510=EDGE_CURVE('',#18480,#18460,#18440,.T.);
#18520=ORIENTED_EDGE('',*,*,#18510,.F.);
#18530=EDGE_LOOP('',(#18520,#18500));
#18540=FACE_BOUND('',#18530,.T.);
#18550=ADVANCED_FACE('',(#17860,#18240,#18390,#18540),#14290,.T.);
#18560=CARTESIAN_POINT('',(-122.5,0.,3.));
#18570=DIRECTION('',(-0.,1.,0.));
#18580=VECTOR('',#18570,1.);
#18590=LINE('',#18560,#18580);
#18600=CARTESIAN_POINT('',(-122.5,-119.5,3.));
#18610=VERTEX_POINT('',#18600);
#18620=CARTESIAN_POINT('',(-122.5,-63.75,3.));
#18630=VERTEX_POINT('',#18620);
#18640=EDGE_CURVE('',#18610,#18630,#18590,.T.);
#18650=ORIENTED_EDGE('',*,*,#18640,.F.);
#18660=CARTESIAN_POINT('',(0.,-63.75,3.));
#18670=DIRECTION('',(1.,0.,0.));
#18680=VECTOR('',#18670,1.);
#18690=LINE('',#18660,#18680);
#18700=CARTESIAN_POINT('',(-88.7282505861521,-63.75,3.));
#18710=VERTEX_POINT('',#18700);
#18720=EDGE_CURVE('',#18630,#18710,#18690,.T.);
#18730=ORIENTED_EDGE('',*,*,#18720,.F.);
#18740=CARTESIAN_POINT('',(-65.75,-62.75,3.));
#18750=DIRECTION('',(0.,0.,1.));
#18760=DIRECTION('',(1.,0.,0.));
#18770=AXIS2_PLACEMENT_3D('',#18740,#18750,#18760);
#18780=CIRCLE('',#18770,23.);
#18790=CARTESIAN_POINT('',(-66.75,-85.7282505861521,3.));
#18800=VERTEX_POINT('',#18790);
#18810=EDGE_CURVE('',#18710,#18800,#18780,.T.);
#18820=ORIENTED_EDGE('',*,*,#18810,.F.);
#18830=CARTESIAN_POINT('',(-66.75,0.,3.));
#18840=DIRECTION('',(2.10395596346794E-16,-1.,0.));
#18850=VECTOR('',#18840,1.);
#18860=LINE('',#18830,#18850);
#18870=CARTESIAN_POINT('',(-66.75,-119.5,3.));
#18880=VERTEX_POINT('',#18870);
#18890=EDGE_CURVE('',#18800,#18880,#18860,.T.);
#18900=ORIENTED_EDGE('',*,*,#18890,.F.);
#18910=CARTESIAN_POINT('',(0.,-119.5,3.));
#18920=DIRECTION('',(-1.,0.,0.));
#18930=VECTOR('',#18920,1.);
#18940=LINE('',#18910,#18930);
#18950=EDGE_CURVE('',#18880,#18610,#18940,.T.);
#18960=ORIENTED_EDGE('',*,*,#18950,.F.);
#18970=EDGE_LOOP('',(#18960,#18900,#18820,#18730,#18650));
#18980=FACE_OUTER_BOUND('',#18970,.T.);
#18990=CARTESIAN_POINT('',(-108.75,-105.75,3.));
#19000=DIRECTION('',(0.,0.,1.));
#19010=DIRECTION('',(1.,0.,0.));
#19020=AXIS2_PLACEMENT_3D('',#18990,#19000,#19010);
#19030=CIRCLE('',#19020,10.);
#19040=CARTESIAN_POINT('',(-111.63492387096,-115.324821891751,3.));
#19050=VERTEX_POINT('',#19040);
#19060=CARTESIAN_POINT('',(-98.8038040427171,-104.71405310014,3.));
#19070=VERTEX_POINT('',#19060);
#19080=EDGE_CURVE('',#19050,#19070,#19030,.T.);
#19090=ORIENTED_EDGE('',*,*,#19080,.F.);
#19100=CARTESIAN_POINT('',(-95.625,-92.625,3.));
#19110=DIRECTION('',(0.,0.,1.));
#19120=DIRECTION('',(1.,0.,0.));
#19130=AXIS2_PLACEMENT_3D('',#19100,#19110,#19120);
#19140=CIRCLE('',#19130,12.5);
#19150=CARTESIAN_POINT('',(-107.71405310014,-95.8038040427171,3.));
#19160=VERTEX_POINT('',#19150);
#19170=EDGE_CURVE('',#19070,#19160,#19140,.T.);
#19180=ORIENTED_EDGE('',*,*,#19170,.F.);
#19190=CARTESIAN_POINT('',(-108.75,-105.75,3.));
#19200=DIRECTION('',(0.,0.,1.));
#19210=DIRECTION('',(1.,0.,0.));
#19220=AXIS2_PLACEMENT_3D('',#19190,#19200,#19210);
#19230=CIRCLE('',#19220,10.);
#19240=CARTESIAN_POINT('',(-118.324821891751,-108.63492387096,3.));
#19250=VERTEX_POINT('',#19240);
#19260=EDGE_CURVE('',#19160,#19250,#19230,.T.);
#19270=ORIENTED_EDGE('',*,*,#19260,.F.);
#19280=CARTESIAN_POINT('',(-116.125,-113.125,3.));
#19290=DIRECTION('',(0.,0.,1.));
#19300=DIRECTION('',(1.,0.,0.));
#19310=AXIS2_PLACEMENT_3D('',#19280,#19290,#19300);
#19320=CIRCLE('',#19310,5.);
#19330=EDGE_CURVE('',#19250,#19050,#19320,.T.);
#19340=ORIENTED_EDGE('',*,*,#19330,.F.);
#19350=EDGE_LOOP('',(#19340,#19270,#19180,#19090));
#19360=FACE_BOUND('',#19350,.T.);
#19370=CARTESIAN_POINT('',(-75.125,-113.125,3.));
#19380=DIRECTION('',(0.,0.,1.));
#19390=DIRECTION('',(1.,0.,0.));
#19400=AXIS2_PLACEMENT_3D('',#19370,#19380,#19390);
#19410=CIRCLE('',#19400,5.);
#19420=CARTESIAN_POINT('',(-70.125,-113.125,3.));
#19430=VERTEX_POINT('',#19420);
#19440=CARTESIAN_POINT('',(-80.125,-113.125,3.));
#19450=VERTEX_POINT('',#19440);
#19460=EDGE_CURVE('',#19430,#19450,#19410,.T.);
#19470=ORIENTED_EDGE('',*,*,#19460,.F.);
#19480=EDGE_CURVE('',#19450,#19430,#19410,.T.);
#19490=ORIENTED_EDGE('',*,*,#19480,.F.);
#19500=EDGE_LOOP('',(#19490,#19470));
#19510=FACE_BOUND('',#19500,.T.);
#19520=CARTESIAN_POINT('',(-116.125,-72.125,3.));
#19530=DIRECTION('',(0.,0.,1.));
#19540=DIRECTION('',(1.,0.,0.));
#19550=AXIS2_PLACEMENT_3D('',#19520,#19530,#19540);
#19560=CIRCLE('',#19550,5.);
#19570=CARTESIAN_POINT('',(-111.125,-72.125,3.));
#19580=VERTEX_POINT('',#19570);
#19590=CARTESIAN_POINT('',(-121.125,-72.125,3.));
#19600=VERTEX_POINT('',#19590);
#19610=EDGE_CURVE('',#19580,#19600,#19560,.T.);
#19620=ORIENTED_EDGE('',*,*,#19610,.F.);
#19630=EDGE_CURVE('',#19600,#19580,#19560,.T.);
#19640=ORIENTED_EDGE('',*,*,#19630,.F.);
#19650=EDGE_LOOP('',(#19640,#19620));
#19660=FACE_BOUND('',#19650,.T.);
#19670=ADVANCED_FACE('',(#18980,#19360,#19510,#19660),#14290,.T.);
#19680=CARTESIAN_POINT('',(-66.75,0.,3.));
#19690=DIRECTION('',(2.01448112885815E-16,-1.,0.));
#19700=VECTOR('',#19690,1.);
#19710=LINE('',#19680,#19700);
#19720=CARTESIAN_POINT('',(-66.75,33.7717494138479,3.));
#19730=VERTEX_POINT('',#19720);
#19740=CARTESIAN_POINT('',(-66.75,-1.5,3.));
#19750=VERTEX_POINT('',#19740);
#19760=EDGE_CURVE('',#19730,#19750,#19710,.T.);
#19770=ORIENTED_EDGE('',*,*,#19760,.F.);
#19780=CARTESIAN_POINT('',(0.,-1.5,3.));
#19790=DIRECTION('',(-1.,0.,0.));
#19800=VECTOR('',#19790,1.);
#19810=LINE('',#19780,#19800);
#19820=CARTESIAN_POINT('',(-122.5,-1.5,3.));
#19830=VERTEX_POINT('',#19820);
#19840=EDGE_CURVE('',#19750,#19830,#19810,.T.);
#19850=ORIENTED_EDGE('',*,*,#19840,.F.);
#19860=CARTESIAN_POINT('',(-122.5,0.,3.));
#19870=DIRECTION('',(-2.48224536510079E-16,1.,0.));
#19880=VECTOR('',#19870,1.);
#19890=LINE('',#19860,#19880);
#19900=CARTESIAN_POINT('',(-122.5,55.75,3.));
#19910=VERTEX_POINT('',#19900);
#19920=EDGE_CURVE('',#19830,#19910,#19890,.T.);
#19930=ORIENTED_EDGE('',*,*,#19920,.F.);
#19940=CARTESIAN_POINT('',(0.,55.75,3.));
#19950=DIRECTION('',(1.,2.10395596346794E-16,0.));
#19960=VECTOR('',#19950,1.);
#19970=LINE('',#19940,#19960);
#19980=CARTESIAN_POINT('',(-88.7282505861521,55.75,3.));
#19990=VERTEX_POINT('',#19980);
#20000=EDGE_CURVE('',#19910,#19990,#19970,.T.);
#20010=ORIENTED_EDGE('',*,*,#20000,.F.);
#20020=CARTESIAN_POINT('',(-65.75,56.75,3.));
#20030=DIRECTION('',(0.,0.,1.));
#20040=DIRECTION('',(1.,0.,0.));
#20050=AXIS2_PLACEMENT_3D('',#20020,#20030,#20040);
#20060=CIRCLE('',#20050,23.);
#20070=EDGE_CURVE('',#19990,#19730,#20060,.T.);
#20080=ORIENTED_EDGE('',*,*,#20070,.F.);
#20090=EDGE_LOOP('',(#20080,#20010,#19930,#19850,#19770));
#20100=FACE_OUTER_BOUND('',#20090,.T.);
#20110=CARTESIAN_POINT('',(-108.75,13.75,3.));
#20120=DIRECTION('',(0.,0.,1.));
#20130=DIRECTION('',(1.,0.,0.));
#20140=AXIS2_PLACEMENT_3D('',#20110,#20120,#20130);
#20150=CIRCLE('',#20140,10.);
#20160=CARTESIAN_POINT('',(-111.63492387096,4.17517810824857,3.));
#20170=VERTEX_POINT('',#20160);
#20180=CARTESIAN_POINT('',(-98.8038040427171,14.7859468998599,3.));
#20190=VERTEX_POINT('',#20180);
#20200=EDGE_CURVE('',#20170,#20190,#20150,.T.);
#20210=ORIENTED_EDGE('',*,*,#20200,.F.);
#20220=CARTESIAN_POINT('',(-95.625,26.8749999999999,3.));
#20230=DIRECTION('',(0.,0.,1.));
#20240=DIRECTION('',(1.,0.,0.));
#20250=AXIS2_PLACEMENT_3D('',#20220,#20230,#20240);
#20260=CIRCLE('',#20250,12.5);
#20270=CARTESIAN_POINT('',(-107.71405310014,23.6961959572829,3.));
#20280=VERTEX_POINT('',#20270);
#20290=EDGE_CURVE('',#20190,#20280,#20260,.T.);
#20300=ORIENTED_EDGE('',*,*,#20290,.F.);
#20310=CARTESIAN_POINT('',(-108.75,13.75,3.));
#20320=DIRECTION('',(0.,0.,1.));
#20330=DIRECTION('',(1.,0.,0.));
#20340=AXIS2_PLACEMENT_3D('',#20310,#20320,#20330);
#20350=CIRCLE('',#20340,10.);
#20360=CARTESIAN_POINT('',(-118.324821891751,10.8650761290396,3.));
#20370=VERTEX_POINT('',#20360);
#20380=EDGE_CURVE('',#20280,#20370,#20350,.T.);
#20390=ORIENTED_EDGE('',*,*,#20380,.F.);
#20400=CARTESIAN_POINT('',(-116.125,6.37500000000001,3.));
#20410=DIRECTION('',(0.,0.,1.));
#20420=DIRECTION('',(1.,0.,0.));
#20430=AXIS2_PLACEMENT_3D('',#20400,#20410,#20420);
#20440=CIRCLE('',#20430,5.);
#20450=EDGE_CURVE('',#20370,#20170,#20440,.T.);
#20460=ORIENTED_EDGE('',*,*,#20450,.F.);
#20470=EDGE_LOOP('',(#20460,#20390,#20300,#20210));
#20480=FACE_BOUND('',#20470,.T.);
#20490=CARTESIAN_POINT('',(-75.125,6.375,3.));
#20500=DIRECTION('',(0.,0.,1.));
#20510=DIRECTION('',(1.,0.,0.));
#20520=AXIS2_PLACEMENT_3D('',#20490,#20500,#20510);
#20530=CIRCLE('',#20520,5.);
#20540=CARTESIAN_POINT('',(-70.125,6.375,3.));
#20550=VERTEX_POINT('',#20540);
#20560=CARTESIAN_POINT('',(-80.125,6.375,3.));
#20570=VERTEX_POINT('',#20560);
#20580=EDGE_CURVE('',#20550,#20570,#20530,.T.);
#20590=ORIENTED_EDGE('',*,*,#20580,.F.);
#20600=EDGE_CURVE('',#20570,#20550,#20530,.T.);
#20610=ORIENTED_EDGE('',*,*,#20600,.F.);
#20620=EDGE_LOOP('',(#20610,#20590));
#20630=FACE_BOUND('',#20620,.T.);
#20640=CARTESIAN_POINT('',(-116.125,47.375,3.));
#20650=DIRECTION('',(0.,0.,1.));
#20660=DIRECTION('',(1.,0.,0.));
#20670=AXIS2_PLACEMENT_3D('',#20640,#20650,#20660);
#20680=CIRCLE('',#20670,5.);
#20690=CARTESIAN_POINT('',(-111.125,47.375,3.));
#20700=VERTEX_POINT('',#20690);
#20710=CARTESIAN_POINT('',(-121.125,47.375,3.));
#20720=VERTEX_POINT('',#20710);
#20730=EDGE_CURVE('',#20700,#20720,#20680,.T.);
#20740=ORIENTED_EDGE('',*,*,#20730,.F.);
#20750=EDGE_CURVE('',#20720,#20700,#20680,.T.);
#20760=ORIENTED_EDGE('',*,*,#20750,.F.);
#20770=EDGE_LOOP('',(#20760,#20740));
#20780=FACE_BOUND('',#20770,.T.);
#20790=ADVANCED_FACE('',(#20100,#20480,#20630,#20780),#14290,.T.);
#20800=CARTESIAN_POINT('',(0.,-4.5,3.));
#20810=DIRECTION('',(1.,0.,0.));
#20820=VECTOR('',#20810,1.);
#20830=LINE('',#20800,#20820);
#20840=CARTESIAN_POINT('',(-122.5,-4.5,3.));
#20850=VERTEX_POINT('',#20840);
#20860=CARTESIAN_POINT('',(-66.75,-4.5,3.));
#20870=VERTEX_POINT('',#20860);
#20880=EDGE_CURVE('',#20850,#20870,#20830,.T.);
#20890=ORIENTED_EDGE('',*,*,#20880,.F.);
#20900=CARTESIAN_POINT('',(-66.75,0.,3.));
#20910=DIRECTION('',(-4.0289622577163E-16,-1.,0.));
#20920=VECTOR('',#20910,1.);
#20930=LINE('',#20900,#20920);
#20940=CARTESIAN_POINT('',(-66.75,-39.7717494138479,3.));
#20950=VERTEX_POINT('',#20940);
#20960=EDGE_CURVE('',#20870,#20950,#20930,.T.);
#20970=ORIENTED_EDGE('',*,*,#20960,.F.);
#20980=CARTESIAN_POINT('',(-65.75,-62.75,3.));
#20990=DIRECTION('',(-0.,-0.,-1.));
#21000=DIRECTION('',(1.,0.,0.));
#21010=AXIS2_PLACEMENT_3D('',#20980,#20990,#21000);
#21020=CIRCLE('',#21010,23.);
#21030=CARTESIAN_POINT('',(-88.7282505861521,-61.75,3.));
#21040=VERTEX_POINT('',#21030);
#21050=EDGE_CURVE('',#21040,#20950,#21020,.T.);
#21060=ORIENTED_EDGE('',*,*,#21050,.T.);
#21070=CARTESIAN_POINT('',(0.,-61.75,3.));
#21080=DIRECTION('',(-1.,0.,0.));
#21090=VECTOR('',#21080,1.);
#21100=LINE('',#21070,#21090);
#21110=CARTESIAN_POINT('',(-122.5,-61.75,3.));
#21120=VERTEX_POINT('',#21110);
#21130=EDGE_CURVE('',#21040,#21120,#21100,.T.);
#21140=ORIENTED_EDGE('',*,*,#21130,.F.);
#21150=CARTESIAN_POINT('',(-122.5,0.,3.));
#21160=DIRECTION('',(2.48224536510079E-16,1.,0.));
#21170=VECTOR('',#21160,1.);
#21180=LINE('',#21150,#21170);
#21190=EDGE_CURVE('',#21120,#20850,#21180,.T.);
#21200=ORIENTED_EDGE('',*,*,#21190,.F.);
#21210=EDGE_LOOP('',(#21200,#21140,#21060,#20970,#20890));
#21220=FACE_OUTER_BOUND('',#21210,.T.);
#21230=CARTESIAN_POINT('',(-95.6250000000001,-32.8749999999999,3.));
#21240=DIRECTION('',(0.,0.,1.));
#21250=DIRECTION('',(1.,0.,0.));
#21260=AXIS2_PLACEMENT_3D('',#21230,#21240,#21250);
#21270=CIRCLE('',#21260,12.5);
#21280=CARTESIAN_POINT('',(-107.71405310014,-29.6961959572829,3.));
#21290=VERTEX_POINT('',#21280);
#21300=CARTESIAN_POINT('',(-98.8038040427171,-20.7859468998599,3.));
#21310=VERTEX_POINT('',#21300);
#21320=EDGE_CURVE('',#21290,#21310,#21270,.T.);
#21330=ORIENTED_EDGE('',*,*,#21320,.F.);
#21340=CARTESIAN_POINT('',(-108.75,-19.75,3.));
#21350=DIRECTION('',(0.,0.,1.));
#21360=DIRECTION('',(1.,0.,0.));
#21370=AXIS2_PLACEMENT_3D('',#21340,#21350,#21360);
#21380=CIRCLE('',#21370,10.);
#21390=CARTESIAN_POINT('',(-111.63492387096,-10.1751781082486,3.));
#21400=VERTEX_POINT('',#21390);
#21410=EDGE_CURVE('',#21310,#21400,#21380,.T.);
#21420=ORIENTED_EDGE('',*,*,#21410,.F.);
#21430=CARTESIAN_POINT('',(-116.125,-12.375,3.));
#21440=DIRECTION('',(0.,0.,1.));
#21450=DIRECTION('',(1.,0.,0.));
#21460=AXIS2_PLACEMENT_3D('',#21430,#21440,#21450);
#21470=CIRCLE('',#21460,5.);
#21480=CARTESIAN_POINT('',(-118.324821891751,-16.8650761290396,3.));
#21490=VERTEX_POINT('',#21480);
#21500=EDGE_CURVE('',#21400,#21490,#21470,.T.);
#21510=ORIENTED_EDGE('',*,*,#21500,.F.);
#21520=CARTESIAN_POINT('',(-108.75,-19.75,3.));
#21530=DIRECTION('',(0.,0.,1.));
#21540=DIRECTION('',(1.,0.,0.));
#21550=AXIS2_PLACEMENT_3D('',#21520,#21530,#21540);
#21560=CIRCLE('',#21550,10.);
#21570=EDGE_CURVE('',#21490,#21290,#21560,.T.);
#21580=ORIENTED_EDGE('',*,*,#21570,.F.);
#21590=EDGE_LOOP('',(#21580,#21510,#21420,#21330));
#21600=FACE_BOUND('',#21590,.T.);
#21610=CARTESIAN_POINT('',(-75.125,-12.375,3.));
#21620=DIRECTION('',(0.,0.,1.));
#21630=DIRECTION('',(1.,0.,0.));
#21640=AXIS2_PLACEMENT_3D('',#21610,#21620,#21630);
#21650=CIRCLE('',#21640,5.);
#21660=CARTESIAN_POINT('',(-70.125,-12.375,3.));
#21670=VERTEX_POINT('',#21660);
#21680=CARTESIAN_POINT('',(-80.125,-12.375,3.));
#21690=VERTEX_POINT('',#21680);
#21700=EDGE_CURVE('',#21670,#21690,#21650,.T.);
#21710=ORIENTED_EDGE('',*,*,#21700,.F.);
#21720=EDGE_CURVE('',#21690,#21670,#21650,.T.);
#21730=ORIENTED_EDGE('',*,*,#21720,.F.);
#21740=EDGE_LOOP('',(#21730,#21710));
#21750=FACE_BOUND('',#21740,.T.);
#21760=CARTESIAN_POINT('',(-116.125,-53.375,3.));
#21770=DIRECTION('',(0.,0.,1.));
#21780=DIRECTION('',(1.,0.,0.));
#21790=AXIS2_PLACEMENT_3D('',#21760,#21770,#21780);
#21800=CIRCLE('',#21790,5.);
#21810=CARTESIAN_POINT('',(-111.125,-53.375,3.));
#21820=VERTEX_POINT('',#21810);
#21830=CARTESIAN_POINT('',(-121.125,-53.375,3.));
#21840=VERTEX_POINT('',#21830);
#21850=EDGE_CURVE('',#21820,#21840,#21800,.T.);
#21860=ORIENTED_EDGE('',*,*,#21850,.F.);
#21870=EDGE_CURVE('',#21840,#21820,#21800,.T.);
#21880=ORIENTED_EDGE('',*,*,#21870,.F.);
#21890=EDGE_LOOP('',(#21880,#21860));
#21900=FACE_BOUND('',#21890,.T.);
#21910=ADVANCED_FACE('',(#21220,#21600,#21750,#21900),#14290,.T.);
#21920=CARTESIAN_POINT('',(110.5,0.,3.));
#21930=DIRECTION('',(-0.,-1.,0.));
#21940=VECTOR('',#21930,1.);
#21950=LINE('',#21920,#21940);
#21960=CARTESIAN_POINT('',(110.5,-4.5,3.));
#21970=VERTEX_POINT('',#21960);
#21980=CARTESIAN_POINT('',(110.5,-61.75,3.));
#21990=VERTEX_POINT('',#21980);
#22000=EDGE_CURVE('',#21970,#21990,#21950,.T.);
#22010=ORIENTED_EDGE('',*,*,#22000,.F.);
#22020=CARTESIAN_POINT('',(0.,-61.75,3.));
#22030=DIRECTION('',(-1.,0.,0.));
#22040=VECTOR('',#22030,1.);
#22050=LINE('',#22020,#22040);
#22060=CARTESIAN_POINT('',(76.7282505861521,-61.75,3.));
#22070=VERTEX_POINT('',#22060);
#22080=EDGE_CURVE('',#21990,#22070,#22050,.T.);
#22090=ORIENTED_EDGE('',*,*,#22080,.F.);
#22100=CARTESIAN_POINT('',(53.75,-62.75,3.));
#22110=DIRECTION('',(0.,0.,1.));
#22120=DIRECTION('',(1.,0.,0.));
#22130=AXIS2_PLACEMENT_3D('',#22100,#22110,#22120);
#22140=CIRCLE('',#22130,23.);
#22150=CARTESIAN_POINT('',(54.75,-39.7717494138479,3.));
#22160=VERTEX_POINT('',#22150);
#22170=EDGE_CURVE('',#22070,#22160,#22140,.T.);
#22180=ORIENTED_EDGE('',*,*,#22170,.F.);
#22190=CARTESIAN_POINT('',(54.75,0.,3.));
#22200=DIRECTION('',(2.01448112885815E-16,1.,0.));
#22210=VECTOR('',#22200,1.);
#22220=LINE('',#22190,#22210);
#22230=CARTESIAN_POINT('',(54.75,-4.5,3.));
#22240=VERTEX_POINT('',#22230);
#22250=EDGE_CURVE('',#22160,#22240,#22220,.T.);
#22260=ORIENTED_EDGE('',*,*,#22250,.F.);
#22270=CARTESIAN_POINT('',(0.,-4.5,3.));
#22280=DIRECTION('',(1.,0.,0.));
#22290=VECTOR('',#22280,1.);
#22300=LINE('',#22270,#22290);
#22310=EDGE_CURVE('',#22240,#21970,#22300,.T.);
#22320=ORIENTED_EDGE('',*,*,#22310,.F.);
#22330=EDGE_LOOP('',(#22320,#22260,#22180,#22090,#22010));
#22340=FACE_OUTER_BOUND('',#22330,.T.);
#22350=CARTESIAN_POINT('',(96.75,-19.75,3.));
#22360=DIRECTION('',(0.,0.,1.));
#22370=DIRECTION('',(1.,0.,0.));
#22380=AXIS2_PLACEMENT_3D('',#22350,#22360,#22370);
#22390=CIRCLE('',#22380,10.);
#22400=CARTESIAN_POINT('',(95.71405310014,-29.6961959572829,3.));
#22410=VERTEX_POINT('',#22400);
#22420=CARTESIAN_POINT('',(106.324821891751,-16.8650761290396,3.));
#22430=VERTEX_POINT('',#22420);
#22440=EDGE_CURVE('',#22410,#22430,#22390,.T.);
#22450=ORIENTED_EDGE('',*,*,#22440,.F.);
#22460=CARTESIAN_POINT('',(104.125,-12.375,3.));
#22470=DIRECTION('',(0.,0.,1.));
#22480=DIRECTION('',(1.,0.,0.));
#22490=AXIS2_PLACEMENT_3D('',#22460,#22470,#22480);
#22500=CIRCLE('',#22490,5.);
#22510=CARTESIAN_POINT('',(99.6349238709604,-10.1751781082486,3.));
#22520=VERTEX_POINT('',#22510);
#22530=EDGE_CURVE('',#22430,#22520,#22500,.T.);
#22540=ORIENTED_EDGE('',*,*,#22530,.F.);
#22550=CARTESIAN_POINT('',(96.75,-19.75,3.));
#22560=DIRECTION('',(0.,0.,1.));
#22570=DIRECTION('',(1.,0.,0.));
#22580=AXIS2_PLACEMENT_3D('',#22550,#22560,#22570);
#22590=CIRCLE('',#22580,10.);
#22600=CARTESIAN_POINT('',(86.8038040427171,-20.78594689986,3.));
#22610=VERTEX_POINT('',#22600);
#22620=EDGE_CURVE('',#22520,#22610,#22590,.T.);
#22630=ORIENTED_EDGE('',*,*,#22620,.F.);
#22640=CARTESIAN_POINT('',(83.625,-32.875,3.));
#22650=DIRECTION('',(0.,0.,1.));
#22660=DIRECTION('',(1.,0.,0.));
#22670=AXIS2_PLACEMENT_3D('',#22640,#22650,#22660);
#22680=CIRCLE('',#22670,12.5);
#22690=EDGE_CURVE('',#22610,#22410,#22680,.T.);
#22700=ORIENTED_EDGE('',*,*,#22690,.F.);
#22710=EDGE_LOOP('',(#22700,#22630,#22540,#22450));
#22720=FACE_BOUND('',#22710,.T.);
#22730=CARTESIAN_POINT('',(104.125,-53.375,3.));
#22740=DIRECTION('',(0.,0.,1.));
#22750=DIRECTION('',(1.,0.,0.));
#22760=AXIS2_PLACEMENT_3D('',#22730,#22740,#22750);
#22770=CIRCLE('',#22760,5.);
#22780=CARTESIAN_POINT('',(109.125,-53.375,3.));
#22790=VERTEX_POINT('',#22780);
#22800=CARTESIAN_POINT('',(99.125,-53.375,3.));
#22810=VERTEX_POINT('',#22800);
#22820=EDGE_CURVE('',#22790,#22810,#22770,.T.);
#22830=ORIENTED_EDGE('',*,*,#22820,.F.);
#22840=EDGE_CURVE('',#22810,#22790,#22770,.T.);
#22850=ORIENTED_EDGE('',*,*,#22840,.F.);
#22860=EDGE_LOOP('',(#22850,#22830));
#22870=FACE_BOUND('',#22860,.T.);
#22880=CARTESIAN_POINT('',(63.125,-12.375,3.));
#22890=DIRECTION('',(0.,0.,1.));
#22900=DIRECTION('',(1.,0.,0.));
#22910=AXIS2_PLACEMENT_3D('',#22880,#22890,#22900);
#22920=CIRCLE('',#22910,5.);
#22930=CARTESIAN_POINT('',(68.125,-12.375,3.));
#22940=VERTEX_POINT('',#22930);
#22950=CARTESIAN_POINT('',(58.125,-12.375,3.));
#22960=VERTEX_POINT('',#22950);
#22970=EDGE_CURVE('',#22940,#22960,#22920,.T.);
#22980=ORIENTED_EDGE('',*,*,#22970,.F.);
#22990=EDGE_CURVE('',#22960,#22940,#22920,.T.);
#23000=ORIENTED_EDGE('',*,*,#22990,.F.);
#23010=EDGE_LOOP('',(#23000,#22980));
#23020=FACE_BOUND('',#23010,.T.);
#23030=ADVANCED_FACE('',(#22340,#22720,#22870,#23020),#14290,.T.);
#23040=CARTESIAN_POINT('',(52.75,0.,3.));
#23050=DIRECTION('',(-0.,-1.,0.));
#23060=VECTOR('',#23050,1.);
#23070=LINE('',#23040,#23060);
#23080=CARTESIAN_POINT('',(52.75,33.7717494138479,3.));
#23090=VERTEX_POINT('',#23080);
#23100=CARTESIAN_POINT('',(52.75,-1.5,3.));
#23110=VERTEX_POINT('',#23100);
#23120=EDGE_CURVE('',#23090,#23110,#23070,.T.);
#23130=ORIENTED_EDGE('',*,*,#23120,.F.);
#23140=CARTESIAN_POINT('',(0.,-1.5,3.));
#23150=DIRECTION('',(-1.,0.,0.));
#23160=VECTOR('',#23150,1.);
#23170=LINE('',#23140,#23160);
#23180=CARTESIAN_POINT('',(-4.5,-1.5,3.));
#23190=VERTEX_POINT('',#23180);
#23200=EDGE_CURVE('',#23110,#23190,#23170,.T.);
#23210=ORIENTED_EDGE('',*,*,#23200,.F.);
#23220=CARTESIAN_POINT('',(-4.5,0.,3.));
#23230=DIRECTION('',(-0.,1.,0.));
#23240=VECTOR('',#23230,1.);
#23250=LINE('',#23220,#23240);
#23260=CARTESIAN_POINT('',(-4.5,55.75,3.));
#23270=VERTEX_POINT('',#23260);
#23280=EDGE_CURVE('',#23190,#23270,#23250,.T.);
#23290=ORIENTED_EDGE('',*,*,#23280,.F.);
#23300=CARTESIAN_POINT('',(0.,55.75,3.));
#23310=DIRECTION('',(1.,2.01448112885815E-16,0.));
#23320=VECTOR('',#23310,1.);
#23330=LINE('',#23300,#23320);
#23340=CARTESIAN_POINT('',(30.7717494138479,55.75,3.));
#23350=VERTEX_POINT('',#23340);
#23360=EDGE_CURVE('',#23270,#23350,#23330,.T.);
#23370=ORIENTED_EDGE('',*,*,#23360,.F.);
#23380=CARTESIAN_POINT('',(53.75,56.75,3.));
#23390=DIRECTION('',(0.,0.,1.));
#23400=DIRECTION('',(1.,0.,0.));
#23410=AXIS2_PLACEMENT_3D('',#23380,#23390,#23400);
#23420=CIRCLE('',#23410,23.);
#23430=EDGE_CURVE('',#23350,#23090,#23420,.T.);
#23440=ORIENTED_EDGE('',*,*,#23430,.F.);
#23450=EDGE_LOOP('',(#23440,#23370,#23290,#23210,#23130));
#23460=FACE_OUTER_BOUND('',#23450,.T.);
#23470=CARTESIAN_POINT('',(10.75,13.75,3.));
#23480=DIRECTION('',(0.,0.,1.));
#23490=DIRECTION('',(1.,0.,0.));
#23500=AXIS2_PLACEMENT_3D('',#23470,#23480,#23490);
#23510=CIRCLE('',#23500,10.);
#23520=CARTESIAN_POINT('',(7.86507612903959,4.17517810824857,3.));
#23530=VERTEX_POINT('',#23520);
#23540=CARTESIAN_POINT('',(20.6961959572829,14.7859468998599,3.));
#23550=VERTEX_POINT('',#23540);
#23560=EDGE_CURVE('',#23530,#23550,#23510,.T.);
#23570=ORIENTED_EDGE('',*,*,#23560,.F.);
#23580=CARTESIAN_POINT('',(23.875,26.875,3.));
#23590=DIRECTION('',(0.,0.,1.));
#23600=DIRECTION('',(1.,0.,0.));
#23610=AXIS2_PLACEMENT_3D('',#23580,#23590,#23600);
#23620=CIRCLE('',#23610,12.5);
#23630=CARTESIAN_POINT('',(11.7859468998599,23.6961959572829,3.));
#23640=VERTEX_POINT('',#23630);
#23650=EDGE_CURVE('',#23550,#23640,#23620,.T.);
#23660=ORIENTED_EDGE('',*,*,#23650,.F.);
#23670=CARTESIAN_POINT('',(10.75,13.75,3.));
#23680=DIRECTION('',(0.,0.,1.));
#23690=DIRECTION('',(1.,0.,0.));
#23700=AXIS2_PLACEMENT_3D('',#23670,#23680,#23690);
#23710=CIRCLE('',#23700,10.);
#23720=CARTESIAN_POINT('',(1.17517810824856,10.8650761290396,3.));
#23730=VERTEX_POINT('',#23720);
#23740=EDGE_CURVE('',#23640,#23730,#23710,.T.);
#23750=ORIENTED_EDGE('',*,*,#23740,.F.);
#23760=CARTESIAN_POINT('',(3.37500000000001,6.37500000000001,3.));
#23770=DIRECTION('',(0.,0.,1.));
#23780=DIRECTION('',(1.,0.,0.));
#23790=AXIS2_PLACEMENT_3D('',#23760,#23770,#23780);
#23800=CIRCLE('',#23790,5.);
#23810=EDGE_CURVE('',#23730,#23530,#23800,.T.);
#23820=ORIENTED_EDGE('',*,*,#23810,.F.);
#23830=EDGE_LOOP('',(#23820,#23750,#23660,#23570));
#23840=FACE_BOUND('',#23830,.T.);
#23850=CARTESIAN_POINT('',(3.375,47.375,3.));
#23860=DIRECTION('',(0.,0.,1.));
#23870=DIRECTION('',(1.,0.,0.));
#23880=AXIS2_PLACEMENT_3D('',#23850,#23860,#23870);
#23890=CIRCLE('',#23880,5.);
#23900=CARTESIAN_POINT('',(8.375,47.375,3.));
#23910=VERTEX_POINT('',#23900);
#23920=CARTESIAN_POINT('',(-1.625,47.375,3.));
#23930=VERTEX_POINT('',#23920);
#23940=EDGE_CURVE('',#23910,#23930,#23890,.T.);
#23950=ORIENTED_EDGE('',*,*,#23940,.F.);
#23960=EDGE_CURVE('',#23930,#23910,#23890,.T.);
#23970=ORIENTED_EDGE('',*,*,#23960,.F.);
#23980=EDGE_LOOP('',(#23970,#23950));
#23990=FACE_BOUND('',#23980,.T.);
#24000=CARTESIAN_POINT('',(44.375,6.375,3.));
#24010=DIRECTION('',(0.,0.,1.));
#24020=DIRECTION('',(1.,0.,0.));
#24030=AXIS2_PLACEMENT_3D('',#24000,#24010,#24020);
#24040=CIRCLE('',#24030,5.);
#24050=CARTESIAN_POINT('',(49.375,6.375,3.));
#24060=VERTEX_POINT('',#24050);
#24070=CARTESIAN_POINT('',(39.375,6.375,3.));
#24080=VERTEX_POINT('',#24070);
#24090=EDGE_CURVE('',#24060,#24080,#24040,.T.);
#24100=ORIENTED_EDGE('',*,*,#24090,.F.);
#24110=EDGE_CURVE('',#24080,#24060,#24040,.T.);
#24120=ORIENTED_EDGE('',*,*,#24110,.F.);
#24130=EDGE_LOOP('',(#24120,#24100));
#24140=FACE_BOUND('',#24130,.T.);
#24150=ADVANCED_FACE('',(#23460,#23840,#23990,#24140),#14290,.T.);
#24160=CARTESIAN_POINT('',(110.5,0.,3.));
#24170=DIRECTION('',(2.54903223591067E-16,-1.,0.));
#24180=VECTOR('',#24170,1.);
#24190=LINE('',#24160,#24180);
#24200=CARTESIAN_POINT('',(110.5,113.5,3.));
#24210=VERTEX_POINT('',#24200);
#24220=CARTESIAN_POINT('',(110.5,57.75,3.));
#24230=VERTEX_POINT('',#24220);
#24240=EDGE_CURVE('',#24210,#24230,#24190,.T.);
#24250=ORIENTED_EDGE('',*,*,#24240,.F.);
#24260=CARTESIAN_POINT('',(0.,57.75,3.));
#24270=DIRECTION('',(-1.,0.,0.));
#24280=VECTOR('',#24270,1.);
#24290=LINE('',#24260,#24280);
#24300=CARTESIAN_POINT('',(76.7282505861521,57.75,3.));
#24310=VERTEX_POINT('',#24300);
#24320=EDGE_CURVE('',#24230,#24310,#24290,.T.);
#24330=ORIENTED_EDGE('',*,*,#24320,.F.);
#24340=CARTESIAN_POINT('',(53.75,56.75,3.));
#24350=DIRECTION('',(-0.,-0.,-1.));
#24360=DIRECTION('',(1.,0.,0.));
#24370=AXIS2_PLACEMENT_3D('',#24340,#24350,#24360);
#24380=CIRCLE('',#24370,23.);
#24390=CARTESIAN_POINT('',(54.75,79.7282505861521,3.));
#24400=VERTEX_POINT('',#24390);
#24410=EDGE_CURVE('',#24400,#24310,#24380,.T.);
#24420=ORIENTED_EDGE('',*,*,#24410,.T.);
#24430=CARTESIAN_POINT('',(54.75,0.,3.));
#24440=DIRECTION('',(-0.,1.,0.));
#24450=VECTOR('',#24440,1.);
#24460=LINE('',#24430,#24450);
#24470=CARTESIAN_POINT('',(54.75,113.5,3.));
#24480=VERTEX_POINT('',#24470);
#24490=EDGE_CURVE('',#24400,#24480,#24460,.T.);
#24500=ORIENTED_EDGE('',*,*,#24490,.F.);
#24510=CARTESIAN_POINT('',(0.,113.5,3.));
#24520=DIRECTION('',(1.,0.,0.));
#24530=VECTOR('',#24520,1.);
#24540=LINE('',#24510,#24530);
#24550=EDGE_CURVE('',#24480,#24210,#24540,.T.);
#24560=ORIENTED_EDGE('',*,*,#24550,.F.);
#24570=EDGE_LOOP('',(#24560,#24500,#24420,#24330,#24250));
#24580=FACE_OUTER_BOUND('',#24570,.T.);
#24590=CARTESIAN_POINT('',(96.75,99.75,3.));
#24600=DIRECTION('',(0.,0.,1.));
#24610=DIRECTION('',(1.,0.,0.));
#24620=AXIS2_PLACEMENT_3D('',#24590,#24600,#24610);
#24630=CIRCLE('',#24620,10.);
#24640=CARTESIAN_POINT('',(95.71405310014,89.8038040427171,3.));
#24650=VERTEX_POINT('',#24640);
#24660=CARTESIAN_POINT('',(106.324821891751,102.63492387096,3.));
#24670=VERTEX_POINT('',#24660);
#24680=EDGE_CURVE('',#24650,#24670,#24630,.T.);
#24690=ORIENTED_EDGE('',*,*,#24680,.F.);
#24700=CARTESIAN_POINT('',(104.125,107.125,3.));
#24710=DIRECTION('',(0.,0.,1.));
#24720=DIRECTION('',(1.,0.,0.));
#24730=AXIS2_PLACEMENT_3D('',#24700,#24710,#24720);
#24740=CIRCLE('',#24730,5.);
#24750=CARTESIAN_POINT('',(99.6349238709604,109.324821891751,3.));
#24760=VERTEX_POINT('',#24750);
#24770=EDGE_CURVE('',#24670,#24760,#24740,.T.);
#24780=ORIENTED_EDGE('',*,*,#24770,.F.);
#24790=CARTESIAN_POINT('',(96.75,99.75,3.));
#24800=DIRECTION('',(0.,0.,1.));
#24810=DIRECTION('',(1.,0.,0.));
#24820=AXIS2_PLACEMENT_3D('',#24790,#24800,#24810);
#24830=CIRCLE('',#24820,10.);
#24840=CARTESIAN_POINT('',(86.8038040427171,98.71405310014,3.));
#24850=VERTEX_POINT('',#24840);
#24860=EDGE_CURVE('',#24760,#24850,#24830,.T.);
#24870=ORIENTED_EDGE('',*,*,#24860,.F.);
#24880=CARTESIAN_POINT('',(83.625,86.625,3.));
#24890=DIRECTION('',(0.,0.,1.));
#24900=DIRECTION('',(1.,0.,0.));
#24910=AXIS2_PLACEMENT_3D('',#24880,#24890,#24900);
#24920=CIRCLE('',#24910,12.5);
#24930=EDGE_CURVE('',#24850,#24650,#24920,.T.);
#24940=ORIENTED_EDGE('',*,*,#24930,.F.);
#24950=EDGE_LOOP('',(#24940,#24870,#24780,#24690));
#24960=FACE_BOUND('',#24950,.T.);
#24970=CARTESIAN_POINT('',(63.125,107.125,3.));
#24980=DIRECTION('',(0.,0.,1.));
#24990=DIRECTION('',(1.,0.,0.));
#25000=AXIS2_PLACEMENT_3D('',#24970,#24980,#24990);
#25010=CIRCLE('',#25000,5.);
#25020=CARTESIAN_POINT('',(68.125,107.125,3.));
#25030=VERTEX_POINT('',#25020);
#25040=CARTESIAN_POINT('',(58.125,107.125,3.));
#25050=VERTEX_POINT('',#25040);
#25060=EDGE_CURVE('',#25030,#25050,#25010,.T.);
#25070=ORIENTED_EDGE('',*,*,#25060,.F.);
#25080=EDGE_CURVE('',#25050,#25030,#25010,.T.);
#25090=ORIENTED_EDGE('',*,*,#25080,.F.);
#25100=EDGE_LOOP('',(#25090,#25070));
#25110=FACE_BOUND('',#25100,.T.);
#25120=CARTESIAN_POINT('',(104.125,66.125,3.));
#25130=DIRECTION('',(0.,0.,1.));
#25140=DIRECTION('',(1.,0.,0.));
#25150=AXIS2_PLACEMENT_3D('',#25120,#25130,#25140);
#25160=CIRCLE('',#25150,5.);
#25170=CARTESIAN_POINT('',(109.125,66.125,3.));
#25180=VERTEX_POINT('',#25170);
#25190=CARTESIAN_POINT('',(99.125,66.125,3.));
#25200=VERTEX_POINT('',#25190);
#25210=EDGE_CURVE('',#25180,#25200,#25160,.T.);
#25220=ORIENTED_EDGE('',*,*,#25210,.F.);
#25230=EDGE_CURVE('',#25200,#25180,#25160,.T.);
#25240=ORIENTED_EDGE('',*,*,#25230,.F.);
#25250=EDGE_LOOP('',(#25240,#25220));
#25260=FACE_BOUND('',#25250,.T.);
#25270=ADVANCED_FACE('',(#24580,#24960,#25110,#25260),#14290,.T.);
#25280=CARTESIAN_POINT('',(54.75,0.,3.));
#25290=DIRECTION('',(-0.,1.,0.));
#25300=VECTOR('',#25290,1.);
#25310=LINE('',#25280,#25300);
#25320=CARTESIAN_POINT('',(54.75,-119.5,3.));
#25330=VERTEX_POINT('',#25320);
#25340=CARTESIAN_POINT('',(54.75,-85.7282505861521,3.));
#25350=VERTEX_POINT('',#25340);
#25360=EDGE_CURVE('',#25330,#25350,#25310,.T.);
#25370=ORIENTED_EDGE('',*,*,#25360,.F.);
#25380=CARTESIAN_POINT('',(53.75,-62.75,3.));
#25390=DIRECTION('',(0.,0.,1.));
#25400=DIRECTION('',(1.,0.,0.));
#25410=AXIS2_PLACEMENT_3D('',#25380,#25390,#25400);
#25420=CIRCLE('',#25410,23.);
#25430=CARTESIAN_POINT('',(76.7282505861521,-63.75,3.));
#25440=VERTEX_POINT('',#25430);
#25450=EDGE_CURVE('',#25350,#25440,#25420,.T.);
#25460=ORIENTED_EDGE('',*,*,#25450,.F.);
#25470=CARTESIAN_POINT('',(0.,-63.75,3.));
#25480=DIRECTION('',(1.,0.,0.));
#25490=VECTOR('',#25480,1.);
#25500=LINE('',#25470,#25490);
#25510=CARTESIAN_POINT('',(110.5,-63.75,3.));
#25520=VERTEX_POINT('',#25510);
#25530=EDGE_CURVE('',#25440,#25520,#25500,.T.);
#25540=ORIENTED_EDGE('',*,*,#25530,.F.);
#25550=CARTESIAN_POINT('',(110.5,0.,3.));
#25560=DIRECTION('',(-0.,-1.,0.));
#25570=VECTOR('',#25560,1.);
#25580=LINE('',#25550,#25570);
#25590=CARTESIAN_POINT('',(110.5,-119.5,3.));
#25600=VERTEX_POINT('',#25590);
#25610=EDGE_CURVE('',#25520,#25600,#25580,.T.);
#25620=ORIENTED_EDGE('',*,*,#25610,.F.);
#25630=CARTESIAN_POINT('',(0.,-119.5,3.));
#25640=DIRECTION('',(-1.,-2.54903223591067E-16,0.));
#25650=VECTOR('',#25640,1.);
#25660=LINE('',#25630,#25650);
#25670=EDGE_CURVE('',#25600,#25330,#25660,.T.);
#25680=ORIENTED_EDGE('',*,*,#25670,.F.);
#25690=EDGE_LOOP('',(#25680,#25620,#25540,#25460,#25370));
#25700=FACE_OUTER_BOUND('',#25690,.T.);
#25710=CARTESIAN_POINT('',(96.75,-105.75,3.));
#25720=DIRECTION('',(0.,0.,1.));
#25730=DIRECTION('',(1.,0.,0.));
#25740=AXIS2_PLACEMENT_3D('',#25710,#25720,#25730);
#25750=CIRCLE('',#25740,10.);
#25760=CARTESIAN_POINT('',(86.8038040427171,-104.71405310014,3.));
#25770=VERTEX_POINT('',#25760);
#25780=CARTESIAN_POINT('',(99.6349238709604,-115.324821891751,3.));
#25790=VERTEX_POINT('',#25780);
#25800=EDGE_CURVE('',#25770,#25790,#25750,.T.);
#25810=ORIENTED_EDGE('',*,*,#25800,.F.);
#25820=CARTESIAN_POINT('',(104.125,-113.125,3.));
#25830=DIRECTION('',(0.,0.,1.));
#25840=DIRECTION('',(1.,0.,0.));
#25850=AXIS2_PLACEMENT_3D('',#25820,#25830,#25840);
#25860=CIRCLE('',#25850,5.);
#25870=CARTESIAN_POINT('',(106.324821891751,-108.63492387096,3.));
#25880=VERTEX_POINT('',#25870);
#25890=EDGE_CURVE('',#25790,#25880,#25860,.T.);
#25900=ORIENTED_EDGE('',*,*,#25890,.F.);
#25910=CARTESIAN_POINT('',(96.75,-105.75,3.));
#25920=DIRECTION('',(0.,0.,1.));
#25930=DIRECTION('',(1.,0.,0.));
#25940=AXIS2_PLACEMENT_3D('',#25910,#25920,#25930);
#25950=CIRCLE('',#25940,10.);
#25960=CARTESIAN_POINT('',(95.7140531001401,-95.8038040427171,3.));
#25970=VERTEX_POINT('',#25960);
#25980=EDGE_CURVE('',#25880,#25970,#25950,.T.);
#25990=ORIENTED_EDGE('',*,*,#25980,.F.);
#26000=CARTESIAN_POINT('',(83.625,-92.625,3.));
#26010=DIRECTION('',(0.,0.,1.));
#26020=DIRECTION('',(1.,0.,0.));
#26030=AXIS2_PLACEMENT_3D('',#26000,#26010,#26020);
#26040=CIRCLE('',#26030,12.5);
#26050=EDGE_CURVE('',#25970,#25770,#26040,.T.);
#26060=ORIENTED_EDGE('',*,*,#26050,.F.);
#26070=EDGE_LOOP('',(#26060,#25990,#25900,#25810));
#26080=FACE_BOUND('',#26070,.T.);
#26090=CARTESIAN_POINT('',(104.125,-72.125,3.));
#26100=DIRECTION('',(0.,0.,1.));
#26110=DIRECTION('',(1.,0.,0.));
#26120=AXIS2_PLACEMENT_3D('',#26090,#26100,#26110);
#26130=CIRCLE('',#26120,5.);
#26140=CARTESIAN_POINT('',(109.125,-72.125,3.));
#26150=VERTEX_POINT('',#26140);
#26160=CARTESIAN_POINT('',(99.125,-72.125,3.));
#26170=VERTEX_POINT('',#26160);
#26180=EDGE_CURVE('',#26150,#26170,#26130,.T.);
#26190=ORIENTED_EDGE('',*,*,#26180,.F.);
#26200=EDGE_CURVE('',#26170,#26150,#26130,.T.);
#26210=ORIENTED_EDGE('',*,*,#26200,.F.);
#26220=EDGE_LOOP('',(#26210,#26190));
#26230=FACE_BOUND('',#26220,.T.);
#26240=CARTESIAN_POINT('',(63.125,-113.125,3.));
#26250=DIRECTION('',(0.,0.,1.));
#26260=DIRECTION('',(1.,0.,0.));
#26270=AXIS2_PLACEMENT_3D('',#26240,#26250,#26260);
#26280=CIRCLE('',#26270,5.);
#26290=CARTESIAN_POINT('',(68.125,-113.125,3.));
#26300=VERTEX_POINT('',#26290);
#26310=CARTESIAN_POINT('',(58.125,-113.125,3.));
#26320=VERTEX_POINT('',#26310);
#26330=EDGE_CURVE('',#26300,#26320,#26280,.T.);
#26340=ORIENTED_EDGE('',*,*,#26330,.F.);
#26350=EDGE_CURVE('',#26320,#26300,#26280,.T.);
#26360=ORIENTED_EDGE('',*,*,#26350,.F.);
#26370=EDGE_LOOP('',(#26360,#26340));
#26380=FACE_BOUND('',#26370,.T.);
#26390=ADVANCED_FACE('',(#25700,#26080,#26230,#26380),#14290,.T.);
#26400=CARTESIAN_POINT('',(-66.75,0.,3.));
#26410=DIRECTION('',(-0.,-1.,0.));
#26420=VECTOR('',#26410,1.);
#26430=LINE('',#26400,#26420);
#26440=CARTESIAN_POINT('',(-66.75,113.5,3.));
#26450=VERTEX_POINT('',#26440);
#26460=CARTESIAN_POINT('',(-66.75,79.7282505861521,3.));
#26470=VERTEX_POINT('',#26460);
#26480=EDGE_CURVE('',#26450,#26470,#26430,.T.);
#26490=ORIENTED_EDGE('',*,*,#26480,.F.);
#26500=CARTESIAN_POINT('',(-65.7500000000001,56.7500000000001,3.));
#26510=DIRECTION('',(0.,0.,1.));
#26520=DIRECTION('',(1.,0.,0.));
#26530=AXIS2_PLACEMENT_3D('',#26500,#26510,#26520);
#26540=CIRCLE('',#26530,22.9999999999999);
#26550=CARTESIAN_POINT('',(-88.7282505861521,57.75,3.));
#26560=VERTEX_POINT('',#26550);
#26570=EDGE_CURVE('',#26470,#26560,#26540,.T.);
#26580=ORIENTED_EDGE('',*,*,#26570,.F.);
#26590=CARTESIAN_POINT('',(0.,57.75,3.));
#26600=DIRECTION('',(-1.,-2.10395596346794E-16,0.));
#26610=VECTOR('',#26600,1.);
#26620=LINE('',#26590,#26610);
#26630=CARTESIAN_POINT('',(-122.5,57.75,3.));
#26640=VERTEX_POINT('',#26630);
#26650=EDGE_CURVE('',#26560,#26640,#26620,.T.);
#26660=ORIENTED_EDGE('',*,*,#26650,.F.);
#26670=CARTESIAN_POINT('',(-122.5,0.,3.));
#26680=DIRECTION('',(-0.,1.,0.));
#26690=VECTOR('',#26680,1.);
#26700=LINE('',#26670,#26690);
#26710=CARTESIAN_POINT('',(-122.5,113.5,3.));
#26720=VERTEX_POINT('',#26710);
#26730=EDGE_CURVE('',#26640,#26720,#26700,.T.);
#26740=ORIENTED_EDGE('',*,*,#26730,.F.);
#26750=CARTESIAN_POINT('',(0.,113.5,3.));
#26760=DIRECTION('',(1.,2.54903223591067E-16,0.));
#26770=VECTOR('',#26760,1.);
#26780=LINE('',#26750,#26770);
#26790=EDGE_CURVE('',#26720,#26450,#26780,.T.);
#26800=ORIENTED_EDGE('',*,*,#26790,.F.);
#26810=EDGE_LOOP('',(#26800,#26740,#26660,#26580,#26490));
#26820=FACE_OUTER_BOUND('',#26810,.T.);
#26830=CARTESIAN_POINT('',(-116.125,66.125,3.));
#26840=DIRECTION('',(0.,0.,1.));
#26850=DIRECTION('',(1.,0.,0.));
#26860=AXIS2_PLACEMENT_3D('',#26830,#26840,#26850);
#26870=CIRCLE('',#26860,5.);
#26880=CARTESIAN_POINT('',(-111.125,66.125,3.));
#26890=VERTEX_POINT('',#26880);
#26900=CARTESIAN_POINT('',(-121.125,66.125,3.));
#26910=VERTEX_POINT('',#26900);
#26920=EDGE_CURVE('',#26890,#26910,#26870,.T.);
#26930=ORIENTED_EDGE('',*,*,#26920,.F.);
#26940=EDGE_CURVE('',#26910,#26890,#26870,.T.);
#26950=ORIENTED_EDGE('',*,*,#26940,.F.);
#26960=EDGE_LOOP('',(#26950,#26930));
#26970=FACE_BOUND('',#26960,.T.);
#26980=CARTESIAN_POINT('',(-95.6250000000001,86.6250000000001,3.));
#26990=DIRECTION('',(0.,0.,1.));
#27000=DIRECTION('',(1.,0.,0.));
#27010=AXIS2_PLACEMENT_3D('',#26980,#26990,#27000);
#27020=CIRCLE('',#27010,12.5);
#27030=CARTESIAN_POINT('',(-107.71405310014,89.8038040427171,3.));
#27040=VERTEX_POINT('',#27030);
#27050=CARTESIAN_POINT('',(-98.8038040427171,98.7140531001401,3.));
#27060=VERTEX_POINT('',#27050);
#27070=EDGE_CURVE('',#27040,#27060,#27020,.T.);
#27080=ORIENTED_EDGE('',*,*,#27070,.F.);
#27090=CARTESIAN_POINT('',(-108.75,99.75,3.));
#27100=DIRECTION('',(0.,0.,1.));
#27110=DIRECTION('',(1.,0.,0.));
#27120=AXIS2_PLACEMENT_3D('',#27090,#27100,#27110);
#27130=CIRCLE('',#27120,10.);
#27140=CARTESIAN_POINT('',(-111.63492387096,109.324821891751,3.));
#27150=VERTEX_POINT('',#27140);
#27160=EDGE_CURVE('',#27060,#27150,#27130,.T.);
#27170=ORIENTED_EDGE('',*,*,#27160,.F.);
#27180=CARTESIAN_POINT('',(-116.125,107.125,3.));
#27190=DIRECTION('',(0.,0.,1.));
#27200=DIRECTION('',(1.,0.,0.));
#27210=AXIS2_PLACEMENT_3D('',#27180,#27190,#27200);
#27220=CIRCLE('',#27210,5.);
#27230=CARTESIAN_POINT('',(-118.324821891751,102.63492387096,3.));
#27240=VERTEX_POINT('',#27230);
#27250=EDGE_CURVE('',#27150,#27240,#27220,.T.);
#27260=ORIENTED_EDGE('',*,*,#27250,.F.);
#27270=CARTESIAN_POINT('',(-108.75,99.75,3.));
#27280=DIRECTION('',(0.,0.,1.));
#27290=DIRECTION('',(1.,0.,0.));
#27300=AXIS2_PLACEMENT_3D('',#27270,#27280,#27290);
#27310=CIRCLE('',#27300,10.);
#27320=EDGE_CURVE('',#27240,#27040,#27310,.T.);
#27330=ORIENTED_EDGE('',*,*,#27320,.F.);
#27340=EDGE_LOOP('',(#27330,#27260,#27170,#27080));
#27350=FACE_BOUND('',#27340,.T.);
#27360=CARTESIAN_POINT('',(-75.125,107.125,3.));
#27370=DIRECTION('',(0.,0.,1.));
#27380=DIRECTION('',(1.,0.,0.));
#27390=AXIS2_PLACEMENT_3D('',#27360,#27370,#27380);
#27400=CIRCLE('',#27390,5.);
#27410=CARTESIAN_POINT('',(-70.125,107.125,3.));
#27420=VERTEX_POINT('',#27410);
#27430=CARTESIAN_POINT('',(-80.125,107.125,3.));
#27440=VERTEX_POINT('',#27430);
#27450=EDGE_CURVE('',#27420,#27440,#27400,.T.);
#27460=ORIENTED_EDGE('',*,*,#27450,.F.);
#27470=EDGE_CURVE('',#27440,#27420,#27400,.T.);
#27480=ORIENTED_EDGE('',*,*,#27470,.F.);
#27490=EDGE_LOOP('',(#27480,#27460));
#27500=FACE_BOUND('',#27490,.T.);
#27510=ADVANCED_FACE('',(#26820,#26970,#27350,#27500),#14290,.T.);
#27520=CARTESIAN_POINT('',(-7.5,0.,3.));
#27530=DIRECTION('',(-0.,-1.,0.));
#27540=VECTOR('',#27530,1.);
#27550=LINE('',#27520,#27540);
#27560=CARTESIAN_POINT('',(-7.5,-63.75,3.));
#27570=VERTEX_POINT('',#27560);
#27580=CARTESIAN_POINT('',(-7.5,-119.5,3.));
#27590=VERTEX_POINT('',#27580);
#27600=EDGE_CURVE('',#27570,#27590,#27550,.T.);
#27610=ORIENTED_EDGE('',*,*,#27600,.F.);
#27620=CARTESIAN_POINT('',(0.,-119.5,3.));
#27630=DIRECTION('',(-1.,0.,0.));
#27640=VECTOR('',#27630,1.);
#27650=LINE('',#27620,#27640);
#27660=CARTESIAN_POINT('',(-64.75,-119.5,3.));
#27670=VERTEX_POINT('',#27660);
#27680=EDGE_CURVE('',#27590,#27670,#27650,.T.);
#27690=ORIENTED_EDGE('',*,*,#27680,.F.);
#27700=CARTESIAN_POINT('',(-64.75,0.,3.));
#27710=DIRECTION('',(-2.10395596346794E-16,1.,0.));
#27720=VECTOR('',#27710,1.);
#27730=LINE('',#27700,#27720);
#27740=CARTESIAN_POINT('',(-64.75,-85.7282505861521,3.));
#27750=VERTEX_POINT('',#27740);
#27760=EDGE_CURVE('',#27670,#27750,#27730,.T.);
#27770=ORIENTED_EDGE('',*,*,#27760,.F.);
#27780=CARTESIAN_POINT('',(-65.75,-62.75,3.));
#27790=DIRECTION('',(0.,0.,1.));
#27800=DIRECTION('',(1.,0.,0.));
#27810=AXIS2_PLACEMENT_3D('',#27780,#27790,#27800);
#27820=CIRCLE('',#27810,23.);
#27830=CARTESIAN_POINT('',(-42.7717494138479,-63.75,3.));
#27840=VERTEX_POINT('',#27830);
#27850=EDGE_CURVE('',#27750,#27840,#27820,.T.);
#27860=ORIENTED_EDGE('',*,*,#27850,.F.);
#27870=CARTESIAN_POINT('',(0.,-63.75,3.));
#27880=DIRECTION('',(1.,0.,0.));
#27890=VECTOR('',#27880,1.);
#27900=LINE('',#27870,#27890);
#27910=EDGE_CURVE('',#27840,#27570,#27900,.T.);
#27920=ORIENTED_EDGE('',*,*,#27910,.F.);
#27930=EDGE_LOOP('',(#27920,#27860,#27770,#27690,#27610));
#27940=FACE_OUTER_BOUND('',#27930,.T.);
#27950=CARTESIAN_POINT('',(-22.75,-105.75,3.));
#27960=DIRECTION('',(0.,0.,1.));
#27970=DIRECTION('',(1.,0.,0.));
#27980=AXIS2_PLACEMENT_3D('',#27950,#27960,#27970);
#27990=CIRCLE('',#27980,10.);
#28000=CARTESIAN_POINT('',(-32.6961959572829,-104.71405310014,3.));
#28010=VERTEX_POINT('',#28000);
#28020=CARTESIAN_POINT('',(-19.8650761290396,-115.324821891751,3.));
#28030=VERTEX_POINT('',#28020);
#28040=EDGE_CURVE('',#28010,#28030,#27990,.T.);
#28050=ORIENTED_EDGE('',*,*,#28040,.F.);
#28060=CARTESIAN_POINT('',(-15.375,-113.125,3.));
#28070=DIRECTION('',(0.,0.,1.));
#28080=DIRECTION('',(1.,0.,0.));
#28090=AXIS2_PLACEMENT_3D('',#28060,#28070,#28080);
#28100=CIRCLE('',#28090,5.);
#28110=CARTESIAN_POINT('',(-13.1751781082486,-108.63492387096,3.));
#28120=VERTEX_POINT('',#28110);
#28130=EDGE_CURVE('',#28030,#28120,#28100,.T.);
#28140=ORIENTED_EDGE('',*,*,#28130,.F.);
#28150=CARTESIAN_POINT('',(-22.75,-105.75,3.));
#28160=DIRECTION('',(0.,0.,1.));
#28170=DIRECTION('',(1.,0.,0.));
#28180=AXIS2_PLACEMENT_3D('',#28150,#28160,#28170);
#28190=CIRCLE('',#28180,10.);
#28200=CARTESIAN_POINT('',(-23.7859468998599,-95.8038040427171,3.));
#28210=VERTEX_POINT('',#28200);
#28220=EDGE_CURVE('',#28120,#28210,#28190,.T.);
#28230=ORIENTED_EDGE('',*,*,#28220,.F.);
#28240=CARTESIAN_POINT('',(-35.875,-92.625,3.));
#28250=DIRECTION('',(0.,0.,1.));
#28260=DIRECTION('',(1.,0.,0.));
#28270=AXIS2_PLACEMENT_3D('',#28240,#28250,#28260);
#28280=CIRCLE('',#28270,12.5);
#28290=EDGE_CURVE('',#28210,#28010,#28280,.T.);
#28300=ORIENTED_EDGE('',*,*,#28290,.F.);
#28310=EDGE_LOOP('',(#28300,#28230,#28140,#28050));
#28320=FACE_BOUND('',#28310,.T.);
#28330=CARTESIAN_POINT('',(-15.375,-72.125,3.));
#28340=DIRECTION('',(0.,0.,1.));
#28350=DIRECTION('',(1.,0.,0.));
#28360=AXIS2_PLACEMENT_3D('',#28330,#28340,#28350);
#28370=CIRCLE('',#28360,5.);
#28380=CARTESIAN_POINT('',(-10.375,-72.125,3.));
#28390=VERTEX_POINT('',#28380);
#28400=CARTESIAN_POINT('',(-20.375,-72.125,3.));
#28410=VERTEX_POINT('',#28400);
#28420=EDGE_CURVE('',#28390,#28410,#28370,.T.);
#28430=ORIENTED_EDGE('',*,*,#28420,.F.);
#28440=EDGE_CURVE('',#28410,#28390,#28370,.T.);
#28450=ORIENTED_EDGE('',*,*,#28440,.F.);
#28460=EDGE_LOOP('',(#28450,#28430));
#28470=FACE_BOUND('',#28460,.T.);
#28480=CARTESIAN_POINT('',(-56.375,-113.125,3.));
#28490=DIRECTION('',(0.,0.,1.));
#28500=DIRECTION('',(1.,0.,0.));
#28510=AXIS2_PLACEMENT_3D('',#28480,#28490,#28500);
#28520=CIRCLE('',#28510,5.);
#28530=CARTESIAN_POINT('',(-51.375,-113.125,3.));
#28540=VERTEX_POINT('',#28530);
#28550=CARTESIAN_POINT('',(-61.375,-113.125,3.));
#28560=VERTEX_POINT('',#28550);
#28570=EDGE_CURVE('',#28540,#28560,#28520,.T.);
#28580=ORIENTED_EDGE('',*,*,#28570,.F.);
#28590=EDGE_CURVE('',#28560,#28540,#28520,.T.);
#28600=ORIENTED_EDGE('',*,*,#28590,.F.);
#28610=EDGE_LOOP('',(#28600,#28580));
#28620=FACE_BOUND('',#28610,.T.);
#28630=ADVANCED_FACE('',(#27940,#28320,#28470,#28620),#14290,.T.);
#28640=CARTESIAN_POINT('',(-65.75,56.75,3.));
#28650=DIRECTION('',(0.,0.,1.));
#28660=DIRECTION('',(1.,0.,0.));
#28670=AXIS2_PLACEMENT_3D('',#28640,#28650,#28660);
#28680=CIRCLE('',#28670,23.);
#28690=CARTESIAN_POINT('',(-64.75,33.7717494138479,3.));
#28700=VERTEX_POINT('',#28690);
#28710=CARTESIAN_POINT('',(-42.7717494138479,55.75,3.));
#28720=VERTEX_POINT('',#28710);
#28730=EDGE_CURVE('',#28700,#28720,#28680,.T.);
#28740=ORIENTED_EDGE('',*,*,#28730,.F.);
#28750=CARTESIAN_POINT('',(0.,55.75,3.));
#28760=DIRECTION('',(1.,0.,0.));
#28770=VECTOR('',#28760,1.);
#28780=LINE('',#28750,#28770);
#28790=CARTESIAN_POINT('',(-7.5,55.75,3.));
#28800=VERTEX_POINT('',#28790);
#28810=EDGE_CURVE('',#28720,#28800,#28780,.T.);
#28820=ORIENTED_EDGE('',*,*,#28810,.F.);
#28830=CARTESIAN_POINT('',(-7.5,0.,3.));
#28840=DIRECTION('',(-0.,-1.,0.));
#28850=VECTOR('',#28840,1.);
#28860=LINE('',#28830,#28850);
#28870=CARTESIAN_POINT('',(-7.5,-1.5,3.));
#28880=VERTEX_POINT('',#28870);
#28890=EDGE_CURVE('',#28800,#28880,#28860,.T.);
#28900=ORIENTED_EDGE('',*,*,#28890,.F.);
#28910=CARTESIAN_POINT('',(0.,-1.5,3.));
#28920=DIRECTION('',(-1.,0.,0.));
#28930=VECTOR('',#28920,1.);
#28940=LINE('',#28910,#28930);
#28950=CARTESIAN_POINT('',(-64.75,-1.5,3.));
#28960=VERTEX_POINT('',#28950);
#28970=EDGE_CURVE('',#28880,#28960,#28940,.T.);
#28980=ORIENTED_EDGE('',*,*,#28970,.F.);
#28990=CARTESIAN_POINT('',(-64.75,0.,3.));
#29000=DIRECTION('',(-2.01448112885815E-16,1.,0.));
#29010=VECTOR('',#29000,1.);
#29020=LINE('',#28990,#29010);
#29030=EDGE_CURVE('',#28960,#28700,#29020,.T.);
#29040=ORIENTED_EDGE('',*,*,#29030,.F.);
#29050=EDGE_LOOP('',(#29040,#28980,#28900,#28820,#28740));
#29060=FACE_OUTER_BOUND('',#29050,.T.);
#29070=CARTESIAN_POINT('',(-22.75,13.75,3.));
#29080=DIRECTION('',(0.,0.,1.));
#29090=DIRECTION('',(1.,0.,0.));
#29100=AXIS2_PLACEMENT_3D('',#29070,#29080,#29090);
#29110=CIRCLE('',#29100,10.);
#29120=CARTESIAN_POINT('',(-32.6961959572829,14.7859468998599,3.));
#29130=VERTEX_POINT('',#29120);
#29140=CARTESIAN_POINT('',(-19.8650761290396,4.17517810824857,3.));
#29150=VERTEX_POINT('',#29140);
#29160=EDGE_CURVE('',#29130,#29150,#29110,.T.);
#29170=ORIENTED_EDGE('',*,*,#29160,.F.);
#29180=CARTESIAN_POINT('',(-15.375,6.37499999999998,3.));
#29190=DIRECTION('',(0.,0.,1.));
#29200=DIRECTION('',(1.,0.,0.));
#29210=AXIS2_PLACEMENT_3D('',#29180,#29190,#29200);
#29220=CIRCLE('',#29210,5.);
#29230=CARTESIAN_POINT('',(-13.1751781082486,10.8650761290396,3.));
#29240=VERTEX_POINT('',#29230);
#29250=EDGE_CURVE('',#29150,#29240,#29220,.T.);
#29260=ORIENTED_EDGE('',*,*,#29250,.F.);
#29270=CARTESIAN_POINT('',(-22.75,13.75,3.));
#29280=DIRECTION('',(0.,0.,1.));
#29290=DIRECTION('',(1.,0.,0.));
#29300=AXIS2_PLACEMENT_3D('',#29270,#29280,#29290);
#29310=CIRCLE('',#29300,10.);
#29320=CARTESIAN_POINT('',(-23.7859468998599,23.6961959572829,3.));
#29330=VERTEX_POINT('',#29320);
#29340=EDGE_CURVE('',#29240,#29330,#29310,.T.);
#29350=ORIENTED_EDGE('',*,*,#29340,.F.);
#29360=CARTESIAN_POINT('',(-35.8749999999999,26.8749999999999,3.));
#29370=DIRECTION('',(0.,0.,1.));
#29380=DIRECTION('',(1.,0.,0.));
#29390=AXIS2_PLACEMENT_3D('',#29360,#29370,#29380);
#29400=CIRCLE('',#29390,12.5);
#29410=EDGE_CURVE('',#29330,#29130,#29400,.T.);
#29420=ORIENTED_EDGE('',*,*,#29410,.F.);
#29430=EDGE_LOOP('',(#29420,#29350,#29260,#29170));
#29440=FACE_BOUND('',#29430,.T.);
#29450=CARTESIAN_POINT('',(-15.375,47.375,3.));
#29460=DIRECTION('',(0.,0.,1.));
#29470=DIRECTION('',(1.,0.,0.));
#29480=AXIS2_PLACEMENT_3D('',#29450,#29460,#29470);
#29490=CIRCLE('',#29480,5.);
#29500=CARTESIAN_POINT('',(-10.375,47.375,3.));
#29510=VERTEX_POINT('',#29500);
#29520=CARTESIAN_POINT('',(-20.375,47.375,3.));
#29530=VERTEX_POINT('',#29520);
#29540=EDGE_CURVE('',#29510,#29530,#29490,.T.);
#29550=ORIENTED_EDGE('',*,*,#29540,.F.);
#29560=EDGE_CURVE('',#29530,#29510,#29490,.T.);
#29570=ORIENTED_EDGE('',*,*,#29560,.F.);
#29580=EDGE_LOOP('',(#29570,#29550));
#29590=FACE_BOUND('',#29580,.T.);
#29600=CARTESIAN_POINT('',(-56.375,6.375,3.));
#29610=DIRECTION('',(0.,0.,1.));
#29620=DIRECTION('',(1.,0.,0.));
#29630=AXIS2_PLACEMENT_3D('',#29600,#29610,#29620);
#29640=CIRCLE('',#29630,5.);
#29650=CARTESIAN_POINT('',(-51.375,6.375,3.));
#29660=VERTEX_POINT('',#29650);
#29670=CARTESIAN_POINT('',(-61.375,6.375,3.));
#29680=VERTEX_POINT('',#29670);
#29690=EDGE_CURVE('',#29660,#29680,#29640,.T.);
#29700=ORIENTED_EDGE('',*,*,#29690,.F.);
#29710=EDGE_CURVE('',#29680,#29660,#29640,.T.);
#29720=ORIENTED_EDGE('',*,*,#29710,.F.);
#29730=EDGE_LOOP('',(#29720,#29700));
#29740=FACE_BOUND('',#29730,.T.);
#29750=ADVANCED_FACE('',(#29060,#29440,#29590,#29740),#14290,.T.);
#29760=CARTESIAN_POINT('',(0.,-4.5,3.));
#29770=DIRECTION('',(1.,0.,0.));
#29780=VECTOR('',#29770,1.);
#29790=LINE('',#29760,#29780);
#29800=CARTESIAN_POINT('',(-4.5,-4.5,3.));
#29810=VERTEX_POINT('',#29800);
#29820=CARTESIAN_POINT('',(52.75,-4.5,3.));
#29830=VERTEX_POINT('',#29820);
#29840=EDGE_CURVE('',#29810,#29830,#29790,.T.);
#29850=ORIENTED_EDGE('',*,*,#29840,.F.);
#29860=CARTESIAN_POINT('',(52.75,0.,3.));
#29870=DIRECTION('',(-0.,-1.,0.));
#29880=VECTOR('',#29870,1.);
#29890=LINE('',#29860,#29880);
#29900=CARTESIAN_POINT('',(52.75,-39.7717494138479,3.));
#29910=VERTEX_POINT('',#29900);
#29920=EDGE_CURVE('',#29830,#29910,#29890,.T.);
#29930=ORIENTED_EDGE('',*,*,#29920,.F.);
#29940=CARTESIAN_POINT('',(53.75,-62.75,3.));
#29950=DIRECTION('',(0.,0.,1.));
#29960=DIRECTION('',(1.,0.,0.));
#29970=AXIS2_PLACEMENT_3D('',#29940,#29950,#29960);
#29980=CIRCLE('',#29970,23.);
#29990=CARTESIAN_POINT('',(30.7717494138479,-61.75,3.));
#30000=VERTEX_POINT('',#29990);
#30010=EDGE_CURVE('',#29910,#30000,#29980,.T.);
#30020=ORIENTED_EDGE('',*,*,#30010,.F.);
#30030=CARTESIAN_POINT('',(0.,-61.75,3.));
#30040=DIRECTION('',(-1.,0.,0.));
#30050=VECTOR('',#30040,1.);
#30060=LINE('',#30030,#30050);
#30070=CARTESIAN_POINT('',(-4.5,-61.75,3.));
#30080=VERTEX_POINT('',#30070);
#30090=EDGE_CURVE('',#30000,#30080,#30060,.T.);
#30100=ORIENTED_EDGE('',*,*,#30090,.F.);
#30110=CARTESIAN_POINT('',(-4.5,0.,3.));
#30120=DIRECTION('',(-0.,1.,0.));
#30130=VECTOR('',#30120,1.);
#30140=LINE('',#30110,#30130);
#30150=EDGE_CURVE('',#30080,#29810,#30140,.T.);
#30160=ORIENTED_EDGE('',*,*,#30150,.F.);
#30170=EDGE_LOOP('',(#30160,#30100,#30020,#29930,#29850));
#30180=FACE_OUTER_BOUND('',#30170,.T.);
#30190=CARTESIAN_POINT('',(23.875,-32.875,3.));
#30200=DIRECTION('',(0.,0.,1.));
#30210=DIRECTION('',(1.,0.,0.));
#30220=AXIS2_PLACEMENT_3D('',#30190,#30200,#30210);
#30230=CIRCLE('',#30220,12.5);
#30240=CARTESIAN_POINT('',(11.78594689986,-29.6961959572829,3.));
#30250=VERTEX_POINT('',#30240);
#30260=CARTESIAN_POINT('',(20.6961959572829,-20.7859468998599,3.));
#30270=VERTEX_POINT('',#30260);
#30280=EDGE_CURVE('',#30250,#30270,#30230,.T.);
#30290=ORIENTED_EDGE('',*,*,#30280,.F.);
#30300=CARTESIAN_POINT('',(10.75,-19.75,3.));
#30310=DIRECTION('',(0.,0.,1.));
#30320=DIRECTION('',(1.,0.,0.));
#30330=AXIS2_PLACEMENT_3D('',#30300,#30310,#30320);
#30340=CIRCLE('',#30330,10.);
#30350=CARTESIAN_POINT('',(7.86507612903959,-10.1751781082486,3.));
#30360=VERTEX_POINT('',#30350);
#30370=EDGE_CURVE('',#30270,#30360,#30340,.T.);
#30380=ORIENTED_EDGE('',*,*,#30370,.F.);
#30390=CARTESIAN_POINT('',(3.37500000000002,-12.375,3.));
#30400=DIRECTION('',(0.,0.,1.));
#30410=DIRECTION('',(1.,0.,0.));
#30420=AXIS2_PLACEMENT_3D('',#30390,#30400,#30410);
#30430=CIRCLE('',#30420,5.);
#30440=CARTESIAN_POINT('',(1.17517810824856,-16.8650761290396,3.));
#30450=VERTEX_POINT('',#30440);
#30460=EDGE_CURVE('',#30360,#30450,#30430,.T.);
#30470=ORIENTED_EDGE('',*,*,#30460,.F.);
#30480=CARTESIAN_POINT('',(10.75,-19.75,3.));
#30490=DIRECTION('',(0.,0.,1.));
#30500=DIRECTION('',(1.,0.,0.));
#30510=AXIS2_PLACEMENT_3D('',#30480,#30490,#30500);
#30520=CIRCLE('',#30510,10.);
#30530=EDGE_CURVE('',#30450,#30250,#30520,.T.);
#30540=ORIENTED_EDGE('',*,*,#30530,.F.);
#30550=EDGE_LOOP('',(#30540,#30470,#30380,#30290));
#30560=FACE_BOUND('',#30550,.T.);
#30570=CARTESIAN_POINT('',(3.375,-53.375,3.));
#30580=DIRECTION('',(0.,0.,1.));
#30590=DIRECTION('',(1.,0.,0.));
#30600=AXIS2_PLACEMENT_3D('',#30570,#30580,#30590);
#30610=CIRCLE('',#30600,5.);
#30620=CARTESIAN_POINT('',(8.375,-53.375,3.));
#30630=VERTEX_POINT('',#30620);
#30640=CARTESIAN_POINT('',(-1.625,-53.375,3.));
#30650=VERTEX_POINT('',#30640);
#30660=EDGE_CURVE('',#30630,#30650,#30610,.T.);
#30670=ORIENTED_EDGE('',*,*,#30660,.F.);
#30680=EDGE_CURVE('',#30650,#30630,#30610,.T.);
#30690=ORIENTED_EDGE('',*,*,#30680,.F.);
#30700=EDGE_LOOP('',(#30690,#30670));
#30710=FACE_BOUND('',#30700,.T.);
#30720=CARTESIAN_POINT('',(44.375,-12.375,3.));
#30730=DIRECTION('',(0.,0.,1.));
#30740=DIRECTION('',(1.,0.,0.));
#30750=AXIS2_PLACEMENT_3D('',#30720,#30730,#30740);
#30760=CIRCLE('',#30750,5.);
#30770=CARTESIAN_POINT('',(49.375,-12.375,3.));
#30780=VERTEX_POINT('',#30770);
#30790=CARTESIAN_POINT('',(39.375,-12.375,3.));
#30800=VERTEX_POINT('',#30790);
#30810=EDGE_CURVE('',#30780,#30800,#30760,.T.);
#30820=ORIENTED_EDGE('',*,*,#30810,.F.);
#30830=EDGE_CURVE('',#30800,#30780,#30760,.T.);
#30840=ORIENTED_EDGE('',*,*,#30830,.F.);
#30850=EDGE_LOOP('',(#30840,#30820));
#30860=FACE_BOUND('',#30850,.T.);
#30870=ADVANCED_FACE('',(#30180,#30560,#30710,#30860),#14290,.T.);
#30880=CARTESIAN_POINT('',(53.75,56.75,3.));
#30890=DIRECTION('',(0.,0.,1.));
#30900=DIRECTION('',(1.,0.,0.));
#30910=AXIS2_PLACEMENT_3D('',#30880,#30890,#30900);
#30920=CIRCLE('',#30910,23.);
#30930=CARTESIAN_POINT('',(54.75,33.7717494138479,3.));
#30940=VERTEX_POINT('',#30930);
#30950=CARTESIAN_POINT('',(76.7282505861521,55.75,3.));
#30960=VERTEX_POINT('',#30950);
#30970=EDGE_CURVE('',#30940,#30960,#30920,.T.);
#30980=ORIENTED_EDGE('',*,*,#30970,.F.);
#30990=CARTESIAN_POINT('',(0.,55.75,3.));
#31000=DIRECTION('',(1.,0.,0.));
#31010=VECTOR('',#31000,1.);
#31020=LINE('',#30990,#31010);
#31030=CARTESIAN_POINT('',(110.5,55.75,3.));
#31040=VERTEX_POINT('',#31030);
#31050=EDGE_CURVE('',#30960,#31040,#31020,.T.);
#31060=ORIENTED_EDGE('',*,*,#31050,.F.);
#31070=CARTESIAN_POINT('',(110.5,0.,3.));
#31080=DIRECTION('',(-0.,-1.,0.));
#31090=VECTOR('',#31080,1.);
#31100=LINE('',#31070,#31090);
#31110=CARTESIAN_POINT('',(110.5,-1.5,3.));
#31120=VERTEX_POINT('',#31110);
#31130=EDGE_CURVE('',#31040,#31120,#31100,.T.);
#31140=ORIENTED_EDGE('',*,*,#31130,.F.);
#31150=CARTESIAN_POINT('',(0.,-1.5,3.));
#31160=DIRECTION('',(-1.,0.,0.));
#31170=VECTOR('',#31160,1.);
#31180=LINE('',#31150,#31170);
#31190=CARTESIAN_POINT('',(54.75,-1.5,3.));
#31200=VERTEX_POINT('',#31190);
#31210=EDGE_CURVE('',#31120,#31200,#31180,.T.);
#31220=ORIENTED_EDGE('',*,*,#31210,.F.);
#31230=CARTESIAN_POINT('',(54.75,0.,3.));
#31240=DIRECTION('',(-0.,1.,0.));
#31250=VECTOR('',#31240,1.);
#31260=LINE('',#31230,#31250);
#31270=EDGE_CURVE('',#31200,#30940,#31260,.T.);
#31280=ORIENTED_EDGE('',*,*,#31270,.F.);
#31290=EDGE_LOOP('',(#31280,#31220,#31140,#31060,#30980));
#31300=FACE_OUTER_BOUND('',#31290,.T.);
#31310=CARTESIAN_POINT('',(96.75,13.75,3.));
#31320=DIRECTION('',(0.,0.,1.));
#31330=DIRECTION('',(1.,0.,0.));
#31340=AXIS2_PLACEMENT_3D('',#31310,#31320,#31330);
#31350=CIRCLE('',#31340,10.);
#31360=CARTESIAN_POINT('',(86.8038040427171,14.7859468998599,3.));
#31370=VERTEX_POINT('',#31360);
#31380=CARTESIAN_POINT('',(99.6349238709604,4.17517810824857,3.));
#31390=VERTEX_POINT('',#31380);
#31400=EDGE_CURVE('',#31370,#31390,#31350,.T.);
#31410=ORIENTED_EDGE('',*,*,#31400,.F.);
#31420=CARTESIAN_POINT('',(104.125,6.375,3.));
#31430=DIRECTION('',(0.,0.,1.));
#31440=DIRECTION('',(1.,0.,0.));
#31450=AXIS2_PLACEMENT_3D('',#31420,#31430,#31440);
#31460=CIRCLE('',#31450,5.);
#31470=CARTESIAN_POINT('',(106.324821891751,10.8650761290396,3.));
#31480=VERTEX_POINT('',#31470);
#31490=EDGE_CURVE('',#31390,#31480,#31460,.T.);
#31500=ORIENTED_EDGE('',*,*,#31490,.F.);
#31510=CARTESIAN_POINT('',(96.75,13.75,3.));
#31520=DIRECTION('',(0.,0.,1.));
#31530=DIRECTION('',(1.,0.,0.));
#31540=AXIS2_PLACEMENT_3D('',#31510,#31520,#31530);
#31550=CIRCLE('',#31540,10.);
#31560=CARTESIAN_POINT('',(95.7140531001401,23.6961959572829,3.));
#31570=VERTEX_POINT('',#31560);
#31580=EDGE_CURVE('',#31480,#31570,#31550,.T.);
#31590=ORIENTED_EDGE('',*,*,#31580,.F.);
#31600=CARTESIAN_POINT('',(83.625,26.875,3.));
#31610=DIRECTION('',(0.,0.,1.));
#31620=DIRECTION('',(1.,0.,0.));
#31630=AXIS2_PLACEMENT_3D('',#31600,#31610,#31620);
#31640=CIRCLE('',#31630,12.5);
#31650=EDGE_CURVE('',#31570,#31370,#31640,.T.);
#31660=ORIENTED_EDGE('',*,*,#31650,.F.);
#31670=EDGE_LOOP('',(#31660,#31590,#31500,#31410));
#31680=FACE_BOUND('',#31670,.T.);
#31690=CARTESIAN_POINT('',(104.125,47.375,3.));
#31700=DIRECTION('',(0.,0.,1.));
#31710=DIRECTION('',(1.,0.,0.));
#31720=AXIS2_PLACEMENT_3D('',#31690,#31700,#31710);
#31730=CIRCLE('',#31720,5.);
#31740=CARTESIAN_POINT('',(109.125,47.375,3.));
#31750=VERTEX_POINT('',#31740);
#31760=CARTESIAN_POINT('',(99.125,47.375,3.));
#31770=VERTEX_POINT('',#31760);
#31780=EDGE_CURVE('',#31750,#31770,#31730,.T.);
#31790=ORIENTED_EDGE('',*,*,#31780,.F.);
#31800=EDGE_CURVE('',#31770,#31750,#31730,.T.);
#31810=ORIENTED_EDGE('',*,*,#31800,.F.);
#31820=EDGE_LOOP('',(#31810,#31790));
#31830=FACE_BOUND('',#31820,.T.);
#31840=CARTESIAN_POINT('',(63.125,6.375,3.));
#31850=DIRECTION('',(0.,0.,1.));
#31860=DIRECTION('',(1.,0.,0.));
#31870=AXIS2_PLACEMENT_3D('',#31840,#31850,#31860);
#31880=CIRCLE('',#31870,5.);
#31890=CARTESIAN_POINT('',(68.125,6.375,3.));
#31900=VERTEX_POINT('',#31890);
#31910=CARTESIAN_POINT('',(58.125,6.375,3.));
#31920=VERTEX_POINT('',#31910);
#31930=EDGE_CURVE('',#31900,#31920,#31880,.T.);
#31940=ORIENTED_EDGE('',*,*,#31930,.F.);
#31950=EDGE_CURVE('',#31920,#31900,#31880,.T.);
#31960=ORIENTED_EDGE('',*,*,#31950,.F.);
#31970=EDGE_LOOP('',(#31960,#31940));
#31980=FACE_BOUND('',#31970,.T.);
#31990=ADVANCED_FACE('',(#31300,#31680,#31830,#31980),#14290,.T.);
#32000=CARTESIAN_POINT('',(-65.75,56.75,3.));
#32010=DIRECTION('',(0.,0.,1.));
#32020=DIRECTION('',(1.,0.,0.));
#32030=AXIS2_PLACEMENT_3D('',#32000,#32010,#32020);
#32040=CIRCLE('',#32030,20.);
#32050=CARTESIAN_POINT('',(-45.75,56.75,3.));
#32060=VERTEX_POINT('',#32050);
#32070=CARTESIAN_POINT('',(-85.75,56.75,3.));
#32080=VERTEX_POINT('',#32070);
#32090=EDGE_CURVE('',#32060,#32080,#32040,.T.);
#32100=ORIENTED_EDGE('',*,*,#32090,.T.);
#32110=EDGE_CURVE('',#32080,#32060,#32040,.T.);
#32120=ORIENTED_EDGE('',*,*,#32110,.T.);
#32130=EDGE_LOOP('',(#32120,#32100));
#32140=FACE_OUTER_BOUND('',#32130,.T.);
#32150=CARTESIAN_POINT('',(-75.125,47.375,3.));
#32160=DIRECTION('',(0.,0.,1.));
#32170=DIRECTION('',(1.,0.,0.));
#32180=AXIS2_PLACEMENT_3D('',#32150,#32160,#32170);
#32190=CIRCLE('',#32180,5.);
#32200=CARTESIAN_POINT('',(-77.2676417011893,51.8926417011893,3.));
#32210=VERTEX_POINT('',#32200);
#32220=CARTESIAN_POINT('',(-70.6073582988107,45.2323582988107,3.));
#32230=VERTEX_POINT('',#32220);
#32240=EDGE_CURVE('',#32210,#32230,#32190,.T.);
#32250=ORIENTED_EDGE('',*,*,#32240,.F.);
#32260=CARTESIAN_POINT('',(-65.75,56.75,3.));
#32270=DIRECTION('',(0.,0.,1.));
#32280=DIRECTION('',(1.,0.,0.));
#32290=AXIS2_PLACEMENT_3D('',#32260,#32270,#32280);
#32300=CIRCLE('',#32290,12.5);
#32310=CARTESIAN_POINT('',(-60.8926417011893,45.2323582988107,3.));
#32320=VERTEX_POINT('',#32310);
#32330=EDGE_CURVE('',#32230,#32320,#32300,.T.);
#32340=ORIENTED_EDGE('',*,*,#32330,.F.);
#32350=CARTESIAN_POINT('',(-56.375,47.375,3.));
#32360=DIRECTION('',(0.,0.,1.));
#32370=DIRECTION('',(1.,0.,0.));
#32380=AXIS2_PLACEMENT_3D('',#32350,#32360,#32370);
#32390=CIRCLE('',#32380,5.);
#32400=CARTESIAN_POINT('',(-54.2323582988107,51.8926417011893,3.));
#32410=VERTEX_POINT('',#32400);
#32420=EDGE_CURVE('',#32320,#32410,#32390,.T.);
#32430=ORIENTED_EDGE('',*,*,#32420,.F.);
#32440=CARTESIAN_POINT('',(-65.75,56.75,3.));
#32450=DIRECTION('',(0.,0.,1.));
#32460=DIRECTION('',(1.,0.,0.));
#32470=AXIS2_PLACEMENT_3D('',#32440,#32450,#32460);
#32480=CIRCLE('',#32470,12.5);
#32490=CARTESIAN_POINT('',(-54.2323582988107,61.6073582988107,3.));
#32500=VERTEX_POINT('',#32490);
#32510=EDGE_CURVE('',#32410,#32500,#32480,.T.);
#32520=ORIENTED_EDGE('',*,*,#32510,.F.);
#32530=CARTESIAN_POINT('',(-56.375,66.125,3.));
#32540=DIRECTION('',(0.,0.,1.));
#32550=DIRECTION('',(1.,0.,0.));
#32560=AXIS2_PLACEMENT_3D('',#32530,#32540,#32550);
#32570=CIRCLE('',#32560,5.);
#32580=CARTESIAN_POINT('',(-60.8926417011893,68.2676417011893,3.));
#32590=VERTEX_POINT('',#32580);
#32600=EDGE_CURVE('',#32500,#32590,#32570,.T.);
#32610=ORIENTED_EDGE('',*,*,#32600,.F.);
#32620=CARTESIAN_POINT('',(-65.75,56.75,3.));
#32630=DIRECTION('',(0.,0.,1.));
#32640=DIRECTION('',(1.,0.,0.));
#32650=AXIS2_PLACEMENT_3D('',#32620,#32630,#32640);
#32660=CIRCLE('',#32650,12.5);
#32670=CARTESIAN_POINT('',(-70.6073582988107,68.2676417011893,3.));
#32680=VERTEX_POINT('',#32670);
#32690=EDGE_CURVE('',#32590,#32680,#32660,.T.);
#32700=ORIENTED_EDGE('',*,*,#32690,.F.);
#32710=CARTESIAN_POINT('',(-75.125,66.125,3.));
#32720=DIRECTION('',(0.,0.,1.));
#32730=DIRECTION('',(1.,0.,0.));
#32740=AXIS2_PLACEMENT_3D('',#32710,#32720,#32730);
#32750=CIRCLE('',#32740,5.);
#32760=CARTESIAN_POINT('',(-77.2676417011893,61.6073582988107,3.));
#32770=VERTEX_POINT('',#32760);
#32780=EDGE_CURVE('',#32680,#32770,#32750,.T.);
#32790=ORIENTED_EDGE('',*,*,#32780,.F.);
#32800=CARTESIAN_POINT('',(-65.75,56.75,3.));
#32810=DIRECTION('',(0.,0.,1.));
#32820=DIRECTION('',(1.,0.,0.));
#32830=AXIS2_PLACEMENT_3D('',#32800,#32810,#32820);
#32840=CIRCLE('',#32830,12.5);
#32850=EDGE_CURVE('',#32770,#32210,#32840,.T.);
#32860=ORIENTED_EDGE('',*,*,#32850,.F.);
#32870=EDGE_LOOP('',(#32860,#32790,#32700,#32610,#32520,#32430,#32340,
#32250));
#32880=FACE_BOUND('',#32870,.T.);
#32890=ADVANCED_FACE('',(#32140,#32880),#14290,.T.);
#32900=CARTESIAN_POINT('',(0.,57.75,3.));
#32910=DIRECTION('',(-1.,2.01448112885815E-16,0.));
#32920=VECTOR('',#32910,1.);
#32930=LINE('',#32900,#32920);
#32940=CARTESIAN_POINT('',(-7.5,57.75,3.));
#32950=VERTEX_POINT('',#32940);
#32960=CARTESIAN_POINT('',(-42.7717494138479,57.75,3.));
#32970=VERTEX_POINT('',#32960);
#32980=EDGE_CURVE('',#32950,#32970,#32930,.T.);
#32990=ORIENTED_EDGE('',*,*,#32980,.F.);
#33000=CARTESIAN_POINT('',(-65.75,56.75,3.));
#33010=DIRECTION('',(-0.,-0.,-1.));
#33020=DIRECTION('',(1.,0.,0.));
#33030=AXIS2_PLACEMENT_3D('',#33000,#33010,#33020);
#33040=CIRCLE('',#33030,23.);
#33050=CARTESIAN_POINT('',(-64.75,79.7282505861521,3.));
#33060=VERTEX_POINT('',#33050);
#33070=EDGE_CURVE('',#33060,#32970,#33040,.T.);
#33080=ORIENTED_EDGE('',*,*,#33070,.T.);
#33090=CARTESIAN_POINT('',(-64.75,0.,3.));
#33100=DIRECTION('',(-0.,1.,0.));
#33110=VECTOR('',#33100,1.);
#33120=LINE('',#33090,#33110);
#33130=CARTESIAN_POINT('',(-64.75,113.5,3.));
#33140=VERTEX_POINT('',#33130);
#33150=EDGE_CURVE('',#33060,#33140,#33120,.T.);
#33160=ORIENTED_EDGE('',*,*,#33150,.F.);
#33170=CARTESIAN_POINT('',(0.,113.5,3.));
#33180=DIRECTION('',(1.,-2.48224536510079E-16,0.));
#33190=VECTOR('',#33180,1.);
#33200=LINE('',#33170,#33190);
#33210=CARTESIAN_POINT('',(-7.5,113.5,3.));
#33220=VERTEX_POINT('',#33210);
#33230=EDGE_CURVE('',#33140,#33220,#33200,.T.);
#33240=ORIENTED_EDGE('',*,*,#33230,.F.);
#33250=CARTESIAN_POINT('',(-7.5,0.,3.));
#33260=DIRECTION('',(-0.,-1.,0.));
#33270=VECTOR('',#33260,1.);
#33280=LINE('',#33250,#33270);
#33290=EDGE_CURVE('',#33220,#32950,#33280,.T.);
#33300=ORIENTED_EDGE('',*,*,#33290,.F.);
#33310=EDGE_LOOP('',(#33300,#33240,#33160,#33080,#32990));
#33320=FACE_OUTER_BOUND('',#33310,.T.);
#33330=CARTESIAN_POINT('',(-22.75,99.75,3.));
#33340=DIRECTION('',(0.,0.,1.));
#33350=DIRECTION('',(1.,0.,0.));
#33360=AXIS2_PLACEMENT_3D('',#33330,#33340,#33350);
#33370=CIRCLE('',#33360,10.);
#33380=CARTESIAN_POINT('',(-23.7859468998599,89.8038040427171,3.));
#33390=VERTEX_POINT('',#33380);
#33400=CARTESIAN_POINT('',(-13.1751781082486,102.63492387096,3.));
#33410=VERTEX_POINT('',#33400);
#33420=EDGE_CURVE('',#33390,#33410,#33370,.T.);
#33430=ORIENTED_EDGE('',*,*,#33420,.F.);
#33440=CARTESIAN_POINT('',(-15.375,107.125,3.));
#33450=DIRECTION('',(0.,0.,1.));
#33460=DIRECTION('',(1.,0.,0.));
#33470=AXIS2_PLACEMENT_3D('',#33440,#33450,#33460);
#33480=CIRCLE('',#33470,5.);
#33490=CARTESIAN_POINT('',(-19.8650761290396,109.324821891751,3.));
#33500=VERTEX_POINT('',#33490);
#33510=EDGE_CURVE('',#33410,#33500,#33480,.T.);
#33520=ORIENTED_EDGE('',*,*,#33510,.F.);
#33530=CARTESIAN_POINT('',(-22.75,99.75,3.));
#33540=DIRECTION('',(0.,0.,1.));
#33550=DIRECTION('',(1.,0.,0.));
#33560=AXIS2_PLACEMENT_3D('',#33530,#33540,#33550);
#33570=CIRCLE('',#33560,10.);
#33580=CARTESIAN_POINT('',(-32.6961959572829,98.7140531001401,3.));
#33590=VERTEX_POINT('',#33580);
#33600=EDGE_CURVE('',#33500,#33590,#33570,.T.);
#33610=ORIENTED_EDGE('',*,*,#33600,.F.);
#33620=CARTESIAN_POINT('',(-35.875,86.625,3.));
#33630=DIRECTION('',(0.,0.,1.));
#33640=DIRECTION('',(1.,0.,0.));
#33650=AXIS2_PLACEMENT_3D('',#33620,#33630,#33640);
#33660=CIRCLE('',#33650,12.5);
#33670=EDGE_CURVE('',#33590,#33390,#33660,.T.);
#33680=ORIENTED_EDGE('',*,*,#33670,.F.);
#33690=EDGE_LOOP('',(#33680,#33610,#33520,#33430));
#33700=FACE_BOUND('',#33690,.T.);
#33710=CARTESIAN_POINT('',(-15.375,66.125,3.));
#33720=DIRECTION('',(0.,0.,1.));
#33730=DIRECTION('',(1.,0.,0.));
#33740=AXIS2_PLACEMENT_3D('',#33710,#33720,#33730);
#33750=CIRCLE('',#33740,5.);
#33760=CARTESIAN_POINT('',(-10.375,66.125,3.));
#33770=VERTEX_POINT('',#33760);
#33780=CARTESIAN_POINT('',(-20.375,66.125,3.));
#33790=VERTEX_POINT('',#33780);
#33800=EDGE_CURVE('',#33770,#33790,#33750,.T.);
#33810=ORIENTED_EDGE('',*,*,#33800,.F.);
#33820=EDGE_CURVE('',#33790,#33770,#33750,.T.);
#33830=ORIENTED_EDGE('',*,*,#33820,.F.);
#33840=EDGE_LOOP('',(#33830,#33810));
#33850=FACE_BOUND('',#33840,.T.);
#33860=CARTESIAN_POINT('',(-56.375,107.125,3.));
#33870=DIRECTION('',(0.,0.,1.));
#33880=DIRECTION('',(1.,0.,0.));
#33890=AXIS2_PLACEMENT_3D('',#33860,#33870,#33880);
#33900=CIRCLE('',#33890,5.);
#33910=CARTESIAN_POINT('',(-51.375,107.125,3.));
#33920=VERTEX_POINT('',#33910);
#33930=CARTESIAN_POINT('',(-61.375,107.125,3.));
#33940=VERTEX_POINT('',#33930);
#33950=EDGE_CURVE('',#33920,#33940,#33900,.T.);
#33960=ORIENTED_EDGE('',*,*,#33950,.F.);
#33970=EDGE_CURVE('',#33940,#33920,#33900,.T.);
#33980=ORIENTED_EDGE('',*,*,#33970,.F.);
#33990=EDGE_LOOP('',(#33980,#33960));
#34000=FACE_BOUND('',#33990,.T.);
#34010=ADVANCED_FACE('',(#33320,#33700,#33850,#34000),#14290,.T.);
#34020=CARTESIAN_POINT('',(53.75,-62.75,3.));
#34030=DIRECTION('',(0.,0.,1.));
#34040=DIRECTION('',(1.,0.,0.));
#34050=AXIS2_PLACEMENT_3D('',#34020,#34030,#34040);
#34060=CIRCLE('',#34050,20.);
#34070=CARTESIAN_POINT('',(73.75,-62.75,3.));
#34080=VERTEX_POINT('',#34070);
#34090=CARTESIAN_POINT('',(33.75,-62.75,3.));
#34100=VERTEX_POINT('',#34090);
#34110=EDGE_CURVE('',#34080,#34100,#34060,.T.);
#34120=ORIENTED_EDGE('',*,*,#34110,.T.);
#34130=EDGE_CURVE('',#34100,#34080,#34060,.T.);
#34140=ORIENTED_EDGE('',*,*,#34130,.T.);
#34150=EDGE_LOOP('',(#34140,#34120));
#34160=FACE_OUTER_BOUND('',#34150,.T.);
#34170=CARTESIAN_POINT('',(53.75,-62.75,3.));
#34180=DIRECTION('',(0.,0.,1.));
#34190=DIRECTION('',(1.,0.,0.));
#34200=AXIS2_PLACEMENT_3D('',#34170,#34180,#34190);
#34210=CIRCLE('',#34200,12.5);
#34220=CARTESIAN_POINT('',(48.8926417011893,-74.2676417011893,3.));
#34230=VERTEX_POINT('',#34220);
#34240=CARTESIAN_POINT('',(58.6073582988107,-74.2676417011893,3.));
#34250=VERTEX_POINT('',#34240);
#34260=EDGE_CURVE('',#34230,#34250,#34210,.T.);
#34270=ORIENTED_EDGE('',*,*,#34260,.F.);
#34280=CARTESIAN_POINT('',(63.125,-72.125,3.));
#34290=DIRECTION('',(0.,0.,1.));
#34300=DIRECTION('',(1.,0.,0.));
#34310=AXIS2_PLACEMENT_3D('',#34280,#34290,#34300);
#34320=CIRCLE('',#34310,5.00000000000001);
#34330=CARTESIAN_POINT('',(65.2676417011893,-67.6073582988107,3.));
#34340=VERTEX_POINT('',#34330);
#34350=EDGE_CURVE('',#34250,#34340,#34320,.T.);
#34360=ORIENTED_EDGE('',*,*,#34350,.F.);
#34370=CARTESIAN_POINT('',(53.75,-62.75,3.));
#34380=DIRECTION('',(0.,0.,1.));
#34390=DIRECTION('',(1.,0.,0.));
#34400=AXIS2_PLACEMENT_3D('',#34370,#34380,#34390);
#34410=CIRCLE('',#34400,12.5);
#34420=CARTESIAN_POINT('',(65.2676417011893,-57.8926417011893,3.));
#34430=VERTEX_POINT('',#34420);
#34440=EDGE_CURVE('',#34340,#34430,#34410,.T.);
#34450=ORIENTED_EDGE('',*,*,#34440,.F.);
#34460=CARTESIAN_POINT('',(63.125,-53.375,3.));
#34470=DIRECTION('',(0.,0.,1.));
#34480=DIRECTION('',(1.,0.,0.));
#34490=AXIS2_PLACEMENT_3D('',#34460,#34470,#34480);
#34500=CIRCLE('',#34490,5.);
#34510=CARTESIAN_POINT('',(58.6073582988107,-51.2323582988107,3.));
#34520=VERTEX_POINT('',#34510);
#34530=EDGE_CURVE('',#34430,#34520,#34500,.T.);
#34540=ORIENTED_EDGE('',*,*,#34530,.F.);
#34550=CARTESIAN_POINT('',(53.75,-62.75,3.));
#34560=DIRECTION('',(0.,0.,1.));
#34570=DIRECTION('',(1.,0.,0.));
#34580=AXIS2_PLACEMENT_3D('',#34550,#34560,#34570);
#34590=CIRCLE('',#34580,12.5);
#34600=CARTESIAN_POINT('',(48.8926417011893,-51.2323582988107,3.));
#34610=VERTEX_POINT('',#34600);
#34620=EDGE_CURVE('',#34520,#34610,#34590,.T.);
#34630=ORIENTED_EDGE('',*,*,#34620,.F.);
#34640=CARTESIAN_POINT('',(44.375,-53.375,3.));
#34650=DIRECTION('',(0.,0.,1.));
#34660=DIRECTION('',(1.,0.,0.));
#34670=AXIS2_PLACEMENT_3D('',#34640,#34650,#34660);
#34680=CIRCLE('',#34670,5.);
#34690=CARTESIAN_POINT('',(42.2323582988107,-57.8926417011893,3.));
#34700=VERTEX_POINT('',#34690);
#34710=EDGE_CURVE('',#34610,#34700,#34680,.T.);
#34720=ORIENTED_EDGE('',*,*,#34710,.F.);
#34730=CARTESIAN_POINT('',(53.75,-62.75,3.));
#34740=DIRECTION('',(0.,0.,1.));
#34750=DIRECTION('',(1.,0.,0.));
#34760=AXIS2_PLACEMENT_3D('',#34730,#34740,#34750);
#34770=CIRCLE('',#34760,12.5);
#34780=CARTESIAN_POINT('',(42.2323582988107,-67.6073582988107,3.));
#34790=VERTEX_POINT('',#34780);
#34800=EDGE_CURVE('',#34700,#34790,#34770,.T.);
#34810=ORIENTED_EDGE('',*,*,#34800,.F.);
#34820=CARTESIAN_POINT('',(44.375,-72.125,3.));
#34830=DIRECTION('',(0.,0.,1.));
#34840=DIRECTION('',(1.,0.,0.));
#34850=AXIS2_PLACEMENT_3D('',#34820,#34830,#34840);
#34860=CIRCLE('',#34850,5.);
#34870=EDGE_CURVE('',#34790,#34230,#34860,.T.);
#34880=ORIENTED_EDGE('',*,*,#34870,.F.);
#34890=EDGE_LOOP('',(#34880,#34810,#34720,#34630,#34540,#34450,#34360,
#34270));
#34900=FACE_BOUND('',#34890,.T.);
#34910=ADVANCED_FACE('',(#34160,#34900),#14290,.T.);
#34920=CARTESIAN_POINT('',(53.75,56.75,3.));
#34930=DIRECTION('',(0.,0.,1.));
#34940=DIRECTION('',(1.,0.,0.));
#34950=AXIS2_PLACEMENT_3D('',#34920,#34930,#34940);
#34960=CIRCLE('',#34950,20.);
#34970=CARTESIAN_POINT('',(73.75,56.75,3.));
#34980=VERTEX_POINT('',#34970);
#34990=CARTESIAN_POINT('',(33.75,56.75,3.));
#35000=VERTEX_POINT('',#34990);
#35010=EDGE_CURVE('',#34980,#35000,#34960,.T.);
#35020=ORIENTED_EDGE('',*,*,#35010,.T.);
#35030=EDGE_CURVE('',#35000,#34980,#34960,.T.);
#35040=ORIENTED_EDGE('',*,*,#35030,.T.);
#35050=EDGE_LOOP('',(#35040,#35020));
#35060=FACE_OUTER_BOUND('',#35050,.T.);
#35070=CARTESIAN_POINT('',(44.375,47.375,3.));
#35080=DIRECTION('',(0.,0.,1.));
#35090=DIRECTION('',(1.,0.,0.));
#35100=AXIS2_PLACEMENT_3D('',#35070,#35080,#35090);
#35110=CIRCLE('',#35100,5.);
#35120=CARTESIAN_POINT('',(42.2323582988107,51.8926417011893,3.));
#35130=VERTEX_POINT('',#35120);
#35140=CARTESIAN_POINT('',(48.8926417011893,45.2323582988107,3.));
#35150=VERTEX_POINT('',#35140);
#35160=EDGE_CURVE('',#35130,#35150,#35110,.T.);
#35170=ORIENTED_EDGE('',*,*,#35160,.F.);
#35180=CARTESIAN_POINT('',(53.75,56.75,3.));
#35190=DIRECTION('',(0.,0.,1.));
#35200=DIRECTION('',(1.,0.,0.));
#35210=AXIS2_PLACEMENT_3D('',#35180,#35190,#35200);
#35220=CIRCLE('',#35210,12.5);
#35230=CARTESIAN_POINT('',(58.6073582988107,45.2323582988107,3.));
#35240=VERTEX_POINT('',#35230);
#35250=EDGE_CURVE('',#35150,#35240,#35220,.T.);
#35260=ORIENTED_EDGE('',*,*,#35250,.F.);
#35270=CARTESIAN_POINT('',(63.125,47.375,3.));
#35280=DIRECTION('',(0.,0.,1.));
#35290=DIRECTION('',(1.,0.,0.));
#35300=AXIS2_PLACEMENT_3D('',#35270,#35280,#35290);
#35310=CIRCLE('',#35300,4.99999999999999);
#35320=CARTESIAN_POINT('',(65.2676417011893,51.8926417011893,3.));
#35330=VERTEX_POINT('',#35320);
#35340=EDGE_CURVE('',#35240,#35330,#35310,.T.);
#35350=ORIENTED_EDGE('',*,*,#35340,.F.);
#35360=CARTESIAN_POINT('',(53.75,56.75,3.));
#35370=DIRECTION('',(0.,0.,1.));
#35380=DIRECTION('',(1.,0.,0.));
#35390=AXIS2_PLACEMENT_3D('',#35360,#35370,#35380);
#35400=CIRCLE('',#35390,12.5);
#35410=CARTESIAN_POINT('',(65.2676417011893,61.6073582988107,3.));
#35420=VERTEX_POINT('',#35410);
#35430=EDGE_CURVE('',#35330,#35420,#35400,.T.);
#35440=ORIENTED_EDGE('',*,*,#35430,.F.);
#35450=CARTESIAN_POINT('',(63.125,66.125,3.));
#35460=DIRECTION('',(0.,0.,1.));
#35470=DIRECTION('',(1.,0.,0.));
#35480=AXIS2_PLACEMENT_3D('',#35450,#35460,#35470);
#35490=CIRCLE('',#35480,5.);
#35500=CARTESIAN_POINT('',(58.6073582988107,68.2676417011893,3.));
#35510=VERTEX_POINT('',#35500);
#35520=EDGE_CURVE('',#35420,#35510,#35490,.T.);
#35530=ORIENTED_EDGE('',*,*,#35520,.F.);
#35540=CARTESIAN_POINT('',(53.75,56.75,3.));
#35550=DIRECTION('',(0.,0.,1.));
#35560=DIRECTION('',(1.,0.,0.));
#35570=AXIS2_PLACEMENT_3D('',#35540,#35550,#35560);
#35580=CIRCLE('',#35570,12.5);
#35590=CARTESIAN_POINT('',(48.8926417011893,68.2676417011893,3.));
#35600=VERTEX_POINT('',#35590);
#35610=EDGE_CURVE('',#35510,#35600,#35580,.T.);
#35620=ORIENTED_EDGE('',*,*,#35610,.F.);
#35630=CARTESIAN_POINT('',(44.375,66.125,3.));
#35640=DIRECTION('',(0.,0.,1.));
#35650=DIRECTION('',(1.,0.,0.));
#35660=AXIS2_PLACEMENT_3D('',#35630,#35640,#35650);
#35670=CIRCLE('',#35660,5.);
#35680=CARTESIAN_POINT('',(42.2323582988107,61.6073582988107,3.));
#35690=VERTEX_POINT('',#35680);
#35700=EDGE_CURVE('',#35600,#35690,#35670,.T.);
#35710=ORIENTED_EDGE('',*,*,#35700,.F.);
#35720=CARTESIAN_POINT('',(53.75,56.75,3.));
#35730=DIRECTION('',(0.,0.,1.));
#35740=DIRECTION('',(1.,0.,0.));
#35750=AXIS2_PLACEMENT_3D('',#35720,#35730,#35740);
#35760=CIRCLE('',#35750,12.5);
#35770=EDGE_CURVE('',#35690,#35130,#35760,.T.);
#35780=ORIENTED_EDGE('',*,*,#35770,.F.);
#35790=EDGE_LOOP('',(#35780,#35710,#35620,#35530,#35440,#35350,#35260,
#35170));
#35800=FACE_BOUND('',#35790,.T.);
#35810=ADVANCED_FACE('',(#35060,#35800),#14290,.T.);
#35820=CARTESIAN_POINT('',(113.5,-122.5,0.));
#35830=DIRECTION('',(0.,-1.,0.));
#35840=DIRECTION('',(-1.,-0.,0.));
#35850=AXIS2_PLACEMENT_3D('',#35820,#35830,#35840);
#35860=PLANE('',#35850);
#35870=CARTESIAN_POINT('',(-125.5,-122.5,0.));
#35880=DIRECTION('',(0.,0.,1.));
#35890=VECTOR('',#35880,1.);
#35900=LINE('',#35870,#35890);
#35910=CARTESIAN_POINT('',(-125.5,-122.5,45.5));
#35920=VERTEX_POINT('',#35910);
#35930=EDGE_CURVE('',#130,#35920,#35900,.T.);
#35940=ORIENTED_EDGE('',*,*,#35930,.F.);
#35950=CARTESIAN_POINT('',(113.5,-122.5,45.5));
#35960=DIRECTION('',(-1.,0.,0.));
#35970=VECTOR('',#35960,1.);
#35980=LINE('',#35950,#35970);
#35990=CARTESIAN_POINT('',(113.5,-122.5,45.5));
#36000=VERTEX_POINT('',#35990);
#36010=EDGE_CURVE('',#36000,#35920,#35980,.T.);
#36020=ORIENTED_EDGE('',*,*,#36010,.T.);
#36030=CARTESIAN_POINT('',(113.5,-122.5,0.));
#36040=DIRECTION('',(0.,0.,1.));
#36050=VECTOR('',#36040,1.);
#36060=LINE('',#36030,#36050);
#36070=EDGE_CURVE('',#110,#36000,#36060,.T.);
#36080=ORIENTED_EDGE('',*,*,#36070,.T.);
#36090=ORIENTED_EDGE('',*,*,#140,.F.);
#36100=EDGE_LOOP('',(#36090,#36080,#36020,#35940));
#36110=FACE_OUTER_BOUND('',#36100,.T.);
#36120=ADVANCED_FACE('',(#36110),#35860,.T.);
#36130=CARTESIAN_POINT('',(113.5,116.5,0.));
#36140=DIRECTION('',(1.,0.,-0.));
#36150=DIRECTION('',(0.,-1.,0.));
#36160=AXIS2_PLACEMENT_3D('',#36130,#36140,#36150);
#36170=PLANE('',#36160);
#36180=ORIENTED_EDGE('',*,*,#36070,.F.);
#36190=CARTESIAN_POINT('',(113.5,116.5,45.5));
#36200=DIRECTION('',(0.,-1.,0.));
#36210=VECTOR('',#36200,1.);
#36220=LINE('',#36190,#36210);
#36230=CARTESIAN_POINT('',(113.5,116.5,45.5));
#36240=VERTEX_POINT('',#36230);
#36250=EDGE_CURVE('',#36240,#36000,#36220,.T.);
#36260=ORIENTED_EDGE('',*,*,#36250,.T.);
#36270=CARTESIAN_POINT('',(113.5,116.5,0.));
#36280=DIRECTION('',(0.,0.,1.));
#36290=VECTOR('',#36280,1.);
#36300=LINE('',#36270,#36290);
#36310=EDGE_CURVE('',#210,#36240,#36300,.T.);
#36320=ORIENTED_EDGE('',*,*,#36310,.T.);
#36330=ORIENTED_EDGE('',*,*,#220,.F.);
#36340=EDGE_LOOP('',(#36330,#36320,#36260,#36180));
#36350=FACE_OUTER_BOUND('',#36340,.T.);
#36360=ADVANCED_FACE('',(#36350),#36170,.T.);
#36370=CARTESIAN_POINT('',(-125.5,116.5,0.));
#36380=DIRECTION('',(0.,1.,0.));
#36390=DIRECTION('',(1.,-0.,0.));
#36400=AXIS2_PLACEMENT_3D('',#36370,#36380,#36390);
#36410=PLANE('',#36400);
#36420=ORIENTED_EDGE('',*,*,#36310,.F.);
#36430=CARTESIAN_POINT('',(-125.5,116.5,45.5));
#36440=DIRECTION('',(1.,0.,0.));
#36450=VECTOR('',#36440,1.);
#36460=LINE('',#36430,#36450);
#36470=CARTESIAN_POINT('',(-125.5,116.5,45.5));
#36480=VERTEX_POINT('',#36470);
#36490=EDGE_CURVE('',#36480,#36240,#36460,.T.);
#36500=ORIENTED_EDGE('',*,*,#36490,.T.);
#36510=CARTESIAN_POINT('',(-125.5,116.5,0.));
#36520=DIRECTION('',(0.,0.,1.));
#36530=VECTOR('',#36520,1.);
#36540=LINE('',#36510,#36530);
#36550=EDGE_CURVE('',#290,#36480,#36540,.T.);
#36560=ORIENTED_EDGE('',*,*,#36550,.T.);
#36570=ORIENTED_EDGE('',*,*,#300,.F.);
#36580=EDGE_LOOP('',(#36570,#36560,#36500,#36420));
#36590=FACE_OUTER_BOUND('',#36580,.T.);
#36600=ADVANCED_FACE('',(#36590),#36410,.T.);
#36610=CARTESIAN_POINT('',(-125.5,-122.5,0.));
#36620=DIRECTION('',(-1.,0.,0.));
#36630=DIRECTION('',(0.,1.,0.));
#36640=AXIS2_PLACEMENT_3D('',#36610,#36620,#36630);
#36650=PLANE('',#36640);
#36660=ORIENTED_EDGE('',*,*,#36550,.F.);
#36670=CARTESIAN_POINT('',(-125.5,-122.5,45.5));
#36680=DIRECTION('',(0.,1.,0.));
#36690=VECTOR('',#36680,1.);
#36700=LINE('',#36670,#36690);
#36710=EDGE_CURVE('',#35920,#36480,#36700,.T.);
#36720=ORIENTED_EDGE('',*,*,#36710,.T.);
#36730=ORIENTED_EDGE('',*,*,#35930,.T.);
#36740=ORIENTED_EDGE('',*,*,#360,.F.);
#36750=EDGE_LOOP('',(#36740,#36730,#36720,#36660));
#36760=FACE_OUTER_BOUND('',#36750,.T.);
#36770=ADVANCED_FACE('',(#36760),#36650,.T.);
#36780=CARTESIAN_POINT('',(-5.99999999999999,-3.,45.5));
#36790=DIRECTION('',(0.,0.,1.));
#36800=DIRECTION('',(1.,0.,0.));
#36810=AXIS2_PLACEMENT_3D('',#36780,#36790,#36800);
#36820=PLANE('',#36810);
#36830=ORIENTED_EDGE('',*,*,#36710,.F.);
#36840=ORIENTED_EDGE('',*,*,#36490,.F.);
#36850=ORIENTED_EDGE('',*,*,#36250,.F.);
#36860=ORIENTED_EDGE('',*,*,#36010,.F.);
#36870=EDGE_LOOP('',(#36860,#36850,#36840,#36830));
#36880=FACE_OUTER_BOUND('',#36870,.T.);
#36890=CARTESIAN_POINT('',(-65.7500000000001,56.7500000000001,45.5));
#36900=DIRECTION('',(0.,0.,1.));
#36910=DIRECTION('',(1.,0.,0.));
#36920=AXIS2_PLACEMENT_3D('',#36890,#36900,#36910);
#36930=CIRCLE('',#36920,22.9999999999999);
#36940=CARTESIAN_POINT('',(-66.75,79.7282505861521,45.5));
#36950=VERTEX_POINT('',#36940);
#36960=CARTESIAN_POINT('',(-88.7282505861521,57.75,45.5));
#36970=VERTEX_POINT('',#36960);
#36980=EDGE_CURVE('',#36950,#36970,#36930,.T.);
#36990=ORIENTED_EDGE('',*,*,#36980,.T.);
#37000=CARTESIAN_POINT('',(-66.75,113.5,45.5));
#37010=DIRECTION('',(0.,-1.,0.));
#37020=VECTOR('',#37010,1.);
#37030=LINE('',#37000,#37020);
#37040=CARTESIAN_POINT('',(-66.75,113.5,45.5));
#37050=VERTEX_POINT('',#37040);
#37060=EDGE_CURVE('',#37050,#36950,#37030,.T.);
#37070=ORIENTED_EDGE('',*,*,#37060,.T.);
#37080=CARTESIAN_POINT('',(-122.5,113.5,45.5));
#37090=DIRECTION('',(1.,2.54903223591067E-16,0.));
#37100=VECTOR('',#37090,1.);
#37110=LINE('',#37080,#37100);
#37120=CARTESIAN_POINT('',(-122.5,113.5,45.5));
#37130=VERTEX_POINT('',#37120);
#37140=EDGE_CURVE('',#37130,#37050,#37110,.T.);
#37150=ORIENTED_EDGE('',*,*,#37140,.T.);
#37160=CARTESIAN_POINT('',(-122.5,57.75,45.5));
#37170=DIRECTION('',(0.,1.,0.));
#37180=VECTOR('',#37170,1.);
#37190=LINE('',#37160,#37180);
#37200=CARTESIAN_POINT('',(-122.5,57.75,45.5));
#37210=VERTEX_POINT('',#37200);
#37220=EDGE_CURVE('',#37210,#37130,#37190,.T.);
#37230=ORIENTED_EDGE('',*,*,#37220,.T.);
#37240=CARTESIAN_POINT('',(-88.7282505861521,57.75,45.5));
#37250=DIRECTION('',(-1.,-2.10395596346794E-16,-0.));
#37260=VECTOR('',#37250,1.);
#37270=LINE('',#37240,#37260);
#37280=EDGE_CURVE('',#36970,#37210,#37270,.T.);
#37290=ORIENTED_EDGE('',*,*,#37280,.T.);
#37300=EDGE_LOOP('',(#37290,#37230,#37150,#37070,#36990));
#37310=FACE_BOUND('',#37300,.T.);
#37320=CARTESIAN_POINT('',(53.75,56.75,45.5));
#37330=DIRECTION('',(0.,0.,1.));
#37340=DIRECTION('',(1.,0.,0.));
#37350=AXIS2_PLACEMENT_3D('',#37320,#37330,#37340);
#37360=CIRCLE('',#37350,20.);
#37370=CARTESIAN_POINT('',(73.75,56.75,45.5));
#37380=VERTEX_POINT('',#37370);
#37390=CARTESIAN_POINT('',(33.75,56.75,45.5));
#37400=VERTEX_POINT('',#37390);
#37410=EDGE_CURVE('',#37380,#37400,#37360,.T.);
#37420=ORIENTED_EDGE('',*,*,#37410,.F.);
#37430=EDGE_CURVE('',#37400,#37380,#37360,.T.);
#37440=ORIENTED_EDGE('',*,*,#37430,.F.);
#37450=EDGE_LOOP('',(#37440,#37420));
#37460=FACE_BOUND('',#37450,.T.);
#37470=CARTESIAN_POINT('',(-66.75,-85.7282505861521,45.5));
#37480=DIRECTION('',(2.10395596346794E-16,-1.,0.));
#37490=VECTOR('',#37480,1.);
#37500=LINE('',#37470,#37490);
#37510=CARTESIAN_POINT('',(-66.75,-85.7282505861521,45.5));
#37520=VERTEX_POINT('',#37510);
#37530=CARTESIAN_POINT('',(-66.75,-119.5,45.5));
#37540=VERTEX_POINT('',#37530);
#37550=EDGE_CURVE('',#37520,#37540,#37500,.T.);
#37560=ORIENTED_EDGE('',*,*,#37550,.T.);
#37570=CARTESIAN_POINT('',(-65.75,-62.75,45.5));
#37580=DIRECTION('',(0.,0.,1.));
#37590=DIRECTION('',(1.,0.,0.));
#37600=AXIS2_PLACEMENT_3D('',#37570,#37580,#37590);
#37610=CIRCLE('',#37600,23.);
#37620=CARTESIAN_POINT('',(-88.7282505861521,-63.75,45.5));
#37630=VERTEX_POINT('',#37620);
#37640=EDGE_CURVE('',#37630,#37520,#37610,.T.);
#37650=ORIENTED_EDGE('',*,*,#37640,.T.);
#37660=CARTESIAN_POINT('',(-122.5,-63.75,45.5));
#37670=DIRECTION('',(1.,0.,0.));
#37680=VECTOR('',#37670,1.);
#37690=LINE('',#37660,#37680);
#37700=CARTESIAN_POINT('',(-122.5,-63.75,45.5));
#37710=VERTEX_POINT('',#37700);
#37720=EDGE_CURVE('',#37710,#37630,#37690,.T.);
#37730=ORIENTED_EDGE('',*,*,#37720,.T.);
#37740=CARTESIAN_POINT('',(-122.5,-119.5,45.5));
#37750=DIRECTION('',(0.,1.,0.));
#37760=VECTOR('',#37750,1.);
#37770=LINE('',#37740,#37760);
#37780=CARTESIAN_POINT('',(-122.5,-119.5,45.5));
#37790=VERTEX_POINT('',#37780);
#37800=EDGE_CURVE('',#37790,#37710,#37770,.T.);
#37810=ORIENTED_EDGE('',*,*,#37800,.T.);
#37820=CARTESIAN_POINT('',(-66.75,-119.5,45.5));
#37830=DIRECTION('',(-1.,0.,0.));
#37840=VECTOR('',#37830,1.);
#37850=LINE('',#37820,#37840);
#37860=EDGE_CURVE('',#37540,#37790,#37850,.T.);
#37870=ORIENTED_EDGE('',*,*,#37860,.T.);
#37880=EDGE_LOOP('',(#37870,#37810,#37730,#37650,#37560));
#37890=FACE_BOUND('',#37880,.T.);
#37900=CARTESIAN_POINT('',(-65.75,-62.75,45.5));
#37910=DIRECTION('',(-0.,-0.,-1.));
#37920=DIRECTION('',(1.,0.,0.));
#37930=AXIS2_PLACEMENT_3D('',#37900,#37910,#37920);
#37940=CIRCLE('',#37930,23.);
#37950=CARTESIAN_POINT('',(-88.7282505861521,-61.75,45.5));
#37960=VERTEX_POINT('',#37950);
#37970=CARTESIAN_POINT('',(-66.75,-39.7717494138479,45.5));
#37980=VERTEX_POINT('',#37970);
#37990=EDGE_CURVE('',#37960,#37980,#37940,.T.);
#38000=ORIENTED_EDGE('',*,*,#37990,.F.);
#38010=CARTESIAN_POINT('',(-66.75,-39.7717494138479,45.5));
#38020=DIRECTION('',(4.0289622577163E-16,1.,0.));
#38030=VECTOR('',#38020,1.);
#38040=LINE('',#38010,#38030);
#38050=CARTESIAN_POINT('',(-66.75,-4.5,45.5));
#38060=VERTEX_POINT('',#38050);
#38070=EDGE_CURVE('',#37980,#38060,#38040,.T.);
#38080=ORIENTED_EDGE('',*,*,#38070,.F.);
#38090=CARTESIAN_POINT('',(-66.75,-4.5,45.5));
#38100=DIRECTION('',(-1.,0.,0.));
#38110=VECTOR('',#38100,1.);
#38120=LINE('',#38090,#38110);
#38130=CARTESIAN_POINT('',(-122.5,-4.5,45.5));
#38140=VERTEX_POINT('',#38130);
#38150=EDGE_CURVE('',#38060,#38140,#38120,.T.);
#38160=ORIENTED_EDGE('',*,*,#38150,.F.);
#38170=CARTESIAN_POINT('',(-122.5,-4.5,45.5));
#38180=DIRECTION('',(-2.48224536510079E-16,-1.,-0.));
#38190=VECTOR('',#38180,1.);
#38200=LINE('',#38170,#38190);
#38210=CARTESIAN_POINT('',(-122.5,-61.75,45.5));
#38220=VERTEX_POINT('',#38210);
#38230=EDGE_CURVE('',#38140,#38220,#38200,.T.);
#38240=ORIENTED_EDGE('',*,*,#38230,.F.);
#38250=CARTESIAN_POINT('',(-122.5,-61.75,45.5));
#38260=DIRECTION('',(1.,0.,0.));
#38270=VECTOR('',#38260,1.);
#38280=LINE('',#38250,#38270);
#38290=EDGE_CURVE('',#38220,#37960,#38280,.T.);
#38300=ORIENTED_EDGE('',*,*,#38290,.F.);
#38310=EDGE_LOOP('',(#38300,#38240,#38160,#38080,#38000));
#38320=FACE_BOUND('',#38310,.T.);
#38330=CARTESIAN_POINT('',(-7.5,-61.75,45.5));
#38340=DIRECTION('',(-1.,0.,0.));
#38350=VECTOR('',#38340,1.);
#38360=LINE('',#38330,#38350);
#38370=CARTESIAN_POINT('',(-7.5,-61.75,45.5));
#38380=VERTEX_POINT('',#38370);
#38390=CARTESIAN_POINT('',(-42.7717494138479,-61.75,45.5));
#38400=VERTEX_POINT('',#38390);
#38410=EDGE_CURVE('',#38380,#38400,#38360,.T.);
#38420=ORIENTED_EDGE('',*,*,#38410,.T.);
#38430=CARTESIAN_POINT('',(-7.5,-4.5,45.5));
#38440=DIRECTION('',(0.,-1.,0.));
#38450=VECTOR('',#38440,1.);
#38460=LINE('',#38430,#38450);
#38470=CARTESIAN_POINT('',(-7.5,-4.5,45.5));
#38480=VERTEX_POINT('',#38470);
#38490=EDGE_CURVE('',#38480,#38380,#38460,.T.);
#38500=ORIENTED_EDGE('',*,*,#38490,.T.);
#38510=CARTESIAN_POINT('',(-64.75,-4.5,45.5));
#38520=DIRECTION('',(1.,0.,0.));
#38530=VECTOR('',#38520,1.);
#38540=LINE('',#38510,#38530);
#38550=CARTESIAN_POINT('',(-64.75,-4.5,45.5));
#38560=VERTEX_POINT('',#38550);
#38570=EDGE_CURVE('',#38560,#38480,#38540,.T.);
#38580=ORIENTED_EDGE('',*,*,#38570,.T.);
#38590=CARTESIAN_POINT('',(-64.75,-39.7717494138479,45.5));
#38600=DIRECTION('',(2.01448112885815E-16,1.,0.));
#38610=VECTOR('',#38600,1.);
#38620=LINE('',#38590,#38610);
#38630=CARTESIAN_POINT('',(-64.75,-39.7717494138479,45.5));
#38640=VERTEX_POINT('',#38630);
#38650=EDGE_CURVE('',#38640,#38560,#38620,.T.);
#38660=ORIENTED_EDGE('',*,*,#38650,.T.);
#38670=CARTESIAN_POINT('',(-65.75,-62.75,45.5));
#38680=DIRECTION('',(0.,0.,1.));
#38690=DIRECTION('',(1.,0.,0.));
#38700=AXIS2_PLACEMENT_3D('',#38670,#38680,#38690);
#38710=CIRCLE('',#38700,23.);
#38720=EDGE_CURVE('',#38400,#38640,#38710,.T.);
#38730=ORIENTED_EDGE('',*,*,#38720,.T.);
#38740=EDGE_LOOP('',(#38730,#38660,#38580,#38500,#38420));
#38750=FACE_BOUND('',#38740,.T.);
#38760=CARTESIAN_POINT('',(-65.75,-62.75,45.5));
#38770=DIRECTION('',(0.,0.,1.));
#38780=DIRECTION('',(1.,0.,0.));
#38790=AXIS2_PLACEMENT_3D('',#38760,#38770,#38780);
#38800=CIRCLE('',#38790,20.);
#38810=CARTESIAN_POINT('',(-45.75,-62.75,45.5));
#38820=VERTEX_POINT('',#38810);
#38830=CARTESIAN_POINT('',(-85.75,-62.75,45.5));
#38840=VERTEX_POINT('',#38830);
#38850=EDGE_CURVE('',#38820,#38840,#38800,.T.);
#38860=ORIENTED_EDGE('',*,*,#38850,.F.);
#38870=EDGE_CURVE('',#38840,#38820,#38800,.T.);
#38880=ORIENTED_EDGE('',*,*,#38870,.F.);
#38890=EDGE_LOOP('',(#38880,#38860));
#38900=FACE_BOUND('',#38890,.T.);
#38910=CARTESIAN_POINT('',(-65.75,56.75,45.5));
#38920=DIRECTION('',(0.,0.,1.));
#38930=DIRECTION('',(1.,0.,0.));
#38940=AXIS2_PLACEMENT_3D('',#38910,#38920,#38930);
#38950=CIRCLE('',#38940,20.);
#38960=CARTESIAN_POINT('',(-45.75,56.75,45.5));
#38970=VERTEX_POINT('',#38960);
#38980=CARTESIAN_POINT('',(-85.75,56.75,45.5));
#38990=VERTEX_POINT('',#38980);
#39000=EDGE_CURVE('',#38970,#38990,#38950,.T.);
#39010=ORIENTED_EDGE('',*,*,#39000,.F.);
#39020=EDGE_CURVE('',#38990,#38970,#38950,.T.);
#39030=ORIENTED_EDGE('',*,*,#39020,.F.);
#39040=EDGE_LOOP('',(#39030,#39010));
#39050=FACE_BOUND('',#39040,.T.);
#39060=CARTESIAN_POINT('',(-65.75,56.75,45.5));
#39070=DIRECTION('',(-0.,-0.,-1.));
#39080=DIRECTION('',(1.,0.,0.));
#39090=AXIS2_PLACEMENT_3D('',#39060,#39070,#39080);
#39100=CIRCLE('',#39090,23.);
#39110=CARTESIAN_POINT('',(-64.75,79.7282505861521,45.5));
#39120=VERTEX_POINT('',#39110);
#39130=CARTESIAN_POINT('',(-42.7717494138479,57.75,45.5));
#39140=VERTEX_POINT('',#39130);
#39150=EDGE_CURVE('',#39120,#39140,#39100,.T.);
#39160=ORIENTED_EDGE('',*,*,#39150,.F.);
#39170=CARTESIAN_POINT('',(-42.7717494138479,57.75,45.5));
#39180=DIRECTION('',(1.,-2.01448112885815E-16,0.));
#39190=VECTOR('',#39180,1.);
#39200=LINE('',#39170,#39190);
#39210=CARTESIAN_POINT('',(-7.5,57.75,45.5));
#39220=VERTEX_POINT('',#39210);
#39230=EDGE_CURVE('',#39140,#39220,#39200,.T.);
#39240=ORIENTED_EDGE('',*,*,#39230,.F.);
#39250=CARTESIAN_POINT('',(-7.5,57.75,45.5));
#39260=DIRECTION('',(0.,1.,0.));
#39270=VECTOR('',#39260,1.);
#39280=LINE('',#39250,#39270);
#39290=CARTESIAN_POINT('',(-7.5,113.5,45.5));
#39300=VERTEX_POINT('',#39290);
#39310=EDGE_CURVE('',#39220,#39300,#39280,.T.);
#39320=ORIENTED_EDGE('',*,*,#39310,.F.);
#39330=CARTESIAN_POINT('',(-7.5,113.5,45.5));
#39340=DIRECTION('',(-1.,2.48224536510079E-16,0.));
#39350=VECTOR('',#39340,1.);
#39360=LINE('',#39330,#39350);
#39370=CARTESIAN_POINT('',(-64.75,113.5,45.5));
#39380=VERTEX_POINT('',#39370);
#39390=EDGE_CURVE('',#39300,#39380,#39360,.T.);
#39400=ORIENTED_EDGE('',*,*,#39390,.F.);
#39410=CARTESIAN_POINT('',(-64.75,113.5,45.5));
#39420=DIRECTION('',(0.,-1.,0.));
#39430=VECTOR('',#39420,1.);
#39440=LINE('',#39410,#39430);
#39450=EDGE_CURVE('',#39380,#39120,#39440,.T.);
#39460=ORIENTED_EDGE('',*,*,#39450,.F.);
#39470=EDGE_LOOP('',(#39460,#39400,#39320,#39240,#39160));
#39480=FACE_BOUND('',#39470,.T.);
#39490=CARTESIAN_POINT('',(76.7282505861521,57.75,45.5));
#39500=DIRECTION('',(1.,0.,0.));
#39510=VECTOR('',#39500,1.);
#39520=LINE('',#39490,#39510);
#39530=CARTESIAN_POINT('',(76.7282505861521,57.75,45.5));
#39540=VERTEX_POINT('',#39530);
#39550=CARTESIAN_POINT('',(110.5,57.75,45.5));
#39560=VERTEX_POINT('',#39550);
#39570=EDGE_CURVE('',#39540,#39560,#39520,.T.);
#39580=ORIENTED_EDGE('',*,*,#39570,.F.);
#39590=CARTESIAN_POINT('',(110.5,57.75,45.5));
#39600=DIRECTION('',(-2.54903223591067E-16,1.,0.));
#39610=VECTOR('',#39600,1.);
#39620=LINE('',#39590,#39610);
#39630=CARTESIAN_POINT('',(110.5,113.5,45.5));
#39640=VERTEX_POINT('',#39630);
#39650=EDGE_CURVE('',#39560,#39640,#39620,.T.);
#39660=ORIENTED_EDGE('',*,*,#39650,.F.);
#39670=CARTESIAN_POINT('',(110.5,113.5,45.5));
#39680=DIRECTION('',(-1.,0.,0.));
#39690=VECTOR('',#39680,1.);
#39700=LINE('',#39670,#39690);
#39710=CARTESIAN_POINT('',(54.75,113.5,45.5));
#39720=VERTEX_POINT('',#39710);
#39730=EDGE_CURVE('',#39640,#39720,#39700,.T.);
#39740=ORIENTED_EDGE('',*,*,#39730,.F.);
#39750=CARTESIAN_POINT('',(54.75,113.5,45.5));
#39760=DIRECTION('',(0.,-1.,0.));
#39770=VECTOR('',#39760,1.);
#39780=LINE('',#39750,#39770);
#39790=CARTESIAN_POINT('',(54.75,79.7282505861521,45.5));
#39800=VERTEX_POINT('',#39790);
#39810=EDGE_CURVE('',#39720,#39800,#39780,.T.);
#39820=ORIENTED_EDGE('',*,*,#39810,.F.);
#39830=CARTESIAN_POINT('',(53.75,56.75,45.5));
#39840=DIRECTION('',(-0.,-0.,-1.));
#39850=DIRECTION('',(1.,0.,0.));
#39860=AXIS2_PLACEMENT_3D('',#39830,#39840,#39850);
#39870=CIRCLE('',#39860,23.);
#39880=EDGE_CURVE('',#39800,#39540,#39870,.T.);
#39890=ORIENTED_EDGE('',*,*,#39880,.F.);
#39900=EDGE_LOOP('',(#39890,#39820,#39740,#39660,#39580));
#39910=FACE_BOUND('',#39900,.T.);
#39920=CARTESIAN_POINT('',(110.5,-1.5,45.5));
#39930=DIRECTION('',(-1.,0.,0.));
#39940=VECTOR('',#39930,1.);
#39950=LINE('',#39920,#39940);
#39960=CARTESIAN_POINT('',(110.5,-1.5,45.5));
#39970=VERTEX_POINT('',#39960);
#39980=CARTESIAN_POINT('',(54.75,-1.5,45.5));
#39990=VERTEX_POINT('',#39980);
#40000=EDGE_CURVE('',#39970,#39990,#39950,.T.);
#40010=ORIENTED_EDGE('',*,*,#40000,.T.);
#40020=CARTESIAN_POINT('',(110.5,55.75,45.5));
#40030=DIRECTION('',(0.,-1.,0.));
#40040=VECTOR('',#40030,1.);
#40050=LINE('',#40020,#40040);
#40060=CARTESIAN_POINT('',(110.5,55.75,45.5));
#40070=VERTEX_POINT('',#40060);
#40080=EDGE_CURVE('',#40070,#39970,#40050,.T.);
#40090=ORIENTED_EDGE('',*,*,#40080,.T.);
#40100=CARTESIAN_POINT('',(76.7282505861521,55.75,45.5));
#40110=DIRECTION('',(1.,0.,0.));
#40120=VECTOR('',#40110,1.);
#40130=LINE('',#40100,#40120);
#40140=CARTESIAN_POINT('',(76.7282505861521,55.75,45.5));
#40150=VERTEX_POINT('',#40140);
#40160=EDGE_CURVE('',#40150,#40070,#40130,.T.);
#40170=ORIENTED_EDGE('',*,*,#40160,.T.);
#40180=CARTESIAN_POINT('',(53.75,56.75,45.5));
#40190=DIRECTION('',(0.,0.,1.));
#40200=DIRECTION('',(1.,0.,0.));
#40210=AXIS2_PLACEMENT_3D('',#40180,#40190,#40200);
#40220=CIRCLE('',#40210,23.);
#40230=CARTESIAN_POINT('',(54.75,33.7717494138479,45.5));
#40240=VERTEX_POINT('',#40230);
#40250=EDGE_CURVE('',#40240,#40150,#40220,.T.);
#40260=ORIENTED_EDGE('',*,*,#40250,.T.);
#40270=CARTESIAN_POINT('',(54.75,-1.5,45.5));
#40280=DIRECTION('',(0.,1.,0.));
#40290=VECTOR('',#40280,1.);
#40300=LINE('',#40270,#40290);
#40310=EDGE_CURVE('',#39990,#40240,#40300,.T.);
#40320=ORIENTED_EDGE('',*,*,#40310,.T.);
#40330=EDGE_LOOP('',(#40320,#40260,#40170,#40090,#40010));
#40340=FACE_BOUND('',#40330,.T.);
#40350=CARTESIAN_POINT('',(52.75,33.7717494138479,45.5));
#40360=DIRECTION('',(0.,-1.,0.));
#40370=VECTOR('',#40360,1.);
#40380=LINE('',#40350,#40370);
#40390=CARTESIAN_POINT('',(52.75,33.7717494138479,45.5));
#40400=VERTEX_POINT('',#40390);
#40410=CARTESIAN_POINT('',(52.75,-1.5,45.5));
#40420=VERTEX_POINT('',#40410);
#40430=EDGE_CURVE('',#40400,#40420,#40380,.T.);
#40440=ORIENTED_EDGE('',*,*,#40430,.T.);
#40450=CARTESIAN_POINT('',(53.75,56.75,45.5));
#40460=DIRECTION('',(0.,0.,1.));
#40470=DIRECTION('',(1.,0.,0.));
#40480=AXIS2_PLACEMENT_3D('',#40450,#40460,#40470);
#40490=CIRCLE('',#40480,23.);
#40500=CARTESIAN_POINT('',(30.7717494138479,55.75,45.5));
#40510=VERTEX_POINT('',#40500);
#40520=EDGE_CURVE('',#40510,#40400,#40490,.T.);
#40530=ORIENTED_EDGE('',*,*,#40520,.T.);
#40540=CARTESIAN_POINT('',(-4.5,55.75,45.5));
#40550=DIRECTION('',(1.,2.01448112885815E-16,0.));
#40560=VECTOR('',#40550,1.);
#40570=LINE('',#40540,#40560);
#40580=CARTESIAN_POINT('',(-4.5,55.75,45.5));
#40590=VERTEX_POINT('',#40580);
#40600=EDGE_CURVE('',#40590,#40510,#40570,.T.);
#40610=ORIENTED_EDGE('',*,*,#40600,.T.);
#40620=CARTESIAN_POINT('',(-4.5,-1.5,45.5));
#40630=DIRECTION('',(0.,1.,0.));
#40640=VECTOR('',#40630,1.);
#40650=LINE('',#40620,#40640);
#40660=CARTESIAN_POINT('',(-4.5,-1.5,45.5));
#40670=VERTEX_POINT('',#40660);
#40680=EDGE_CURVE('',#40670,#40590,#40650,.T.);
#40690=ORIENTED_EDGE('',*,*,#40680,.T.);
#40700=CARTESIAN_POINT('',(52.75,-1.5,45.5));
#40710=DIRECTION('',(-1.,0.,0.));
#40720=VECTOR('',#40710,1.);
#40730=LINE('',#40700,#40720);
#40740=EDGE_CURVE('',#40420,#40670,#40730,.T.);
#40750=ORIENTED_EDGE('',*,*,#40740,.T.);
#40760=EDGE_LOOP('',(#40750,#40690,#40610,#40530,#40440));
#40770=FACE_BOUND('',#40760,.T.);
#40780=CARTESIAN_POINT('',(-7.5,-1.5,45.5));
#40790=DIRECTION('',(-1.,0.,0.));
#40800=VECTOR('',#40790,1.);
#40810=LINE('',#40780,#40800);
#40820=CARTESIAN_POINT('',(-7.5,-1.5,45.5));
#40830=VERTEX_POINT('',#40820);
#40840=CARTESIAN_POINT('',(-64.75,-1.5,45.5));
#40850=VERTEX_POINT('',#40840);
#40860=EDGE_CURVE('',#40830,#40850,#40810,.T.);
#40870=ORIENTED_EDGE('',*,*,#40860,.T.);
#40880=CARTESIAN_POINT('',(-7.5,55.75,45.5));
#40890=DIRECTION('',(0.,-1.,0.));
#40900=VECTOR('',#40890,1.);
#40910=LINE('',#40880,#40900);
#40920=CARTESIAN_POINT('',(-7.5,55.75,45.5));
#40930=VERTEX_POINT('',#40920);
#40940=EDGE_CURVE('',#40930,#40830,#40910,.T.);
#40950=ORIENTED_EDGE('',*,*,#40940,.T.);
#40960=CARTESIAN_POINT('',(-42.7717494138479,55.75,45.5));
#40970=DIRECTION('',(1.,0.,0.));
#40980=VECTOR('',#40970,1.);
#40990=LINE('',#40960,#40980);
#41000=CARTESIAN_POINT('',(-42.7717494138479,55.75,45.5));
#41010=VERTEX_POINT('',#41000);
#41020=EDGE_CURVE('',#41010,#40930,#40990,.T.);
#41030=ORIENTED_EDGE('',*,*,#41020,.T.);
#41040=CARTESIAN_POINT('',(-65.75,56.75,45.5));
#41050=DIRECTION('',(0.,0.,1.));
#41060=DIRECTION('',(1.,0.,0.));
#41070=AXIS2_PLACEMENT_3D('',#41040,#41050,#41060);
#41080=CIRCLE('',#41070,23.);
#41090=CARTESIAN_POINT('',(-64.75,33.7717494138479,45.5));
#41100=VERTEX_POINT('',#41090);
#41110=EDGE_CURVE('',#41100,#41010,#41080,.T.);
#41120=ORIENTED_EDGE('',*,*,#41110,.T.);
#41130=CARTESIAN_POINT('',(-64.75,-1.5,45.5));
#41140=DIRECTION('',(-2.01448112885815E-16,1.,0.));
#41150=VECTOR('',#41140,1.);
#41160=LINE('',#41130,#41150);
#41170=EDGE_CURVE('',#40850,#41100,#41160,.T.);
#41180=ORIENTED_EDGE('',*,*,#41170,.T.);
#41190=EDGE_LOOP('',(#41180,#41120,#41030,#40950,#40870));
#41200=FACE_BOUND('',#41190,.T.);
#41210=CARTESIAN_POINT('',(53.75,56.75,45.5));
#41220=DIRECTION('',(0.,0.,1.));
#41230=DIRECTION('',(1.,0.,0.));
#41240=AXIS2_PLACEMENT_3D('',#41210,#41220,#41230);
#41250=CIRCLE('',#41240,23.);
#41260=CARTESIAN_POINT('',(52.75,79.7282505861521,45.5));
#41270=VERTEX_POINT('',#41260);
#41280=CARTESIAN_POINT('',(30.7717494138479,57.75,45.5));
#41290=VERTEX_POINT('',#41280);
#41300=EDGE_CURVE('',#41270,#41290,#41250,.T.);
#41310=ORIENTED_EDGE('',*,*,#41300,.T.);
#41320=CARTESIAN_POINT('',(52.75,113.5,45.5));
#41330=DIRECTION('',(0.,-1.,0.));
#41340=VECTOR('',#41330,1.);
#41350=LINE('',#41320,#41340);
#41360=CARTESIAN_POINT('',(52.75,113.5,45.5));
#41370=VERTEX_POINT('',#41360);
#41380=EDGE_CURVE('',#41370,#41270,#41350,.T.);
#41390=ORIENTED_EDGE('',*,*,#41380,.T.);
#41400=CARTESIAN_POINT('',(-4.5,113.5,45.5));
#41410=DIRECTION('',(1.,0.,0.));
#41420=VECTOR('',#41410,1.);
#41430=LINE('',#41400,#41420);
#41440=CARTESIAN_POINT('',(-4.5,113.5,45.5));
#41450=VERTEX_POINT('',#41440);
#41460=EDGE_CURVE('',#41450,#41370,#41430,.T.);
#41470=ORIENTED_EDGE('',*,*,#41460,.T.);
#41480=CARTESIAN_POINT('',(-4.5,57.75,45.5));
#41490=DIRECTION('',(0.,1.,0.));
#41500=VECTOR('',#41490,1.);
#41510=LINE('',#41480,#41500);
#41520=CARTESIAN_POINT('',(-4.5,57.75,45.5));
#41530=VERTEX_POINT('',#41520);
#41540=EDGE_CURVE('',#41530,#41450,#41510,.T.);
#41550=ORIENTED_EDGE('',*,*,#41540,.T.);
#41560=CARTESIAN_POINT('',(30.7717494138479,57.75,45.5));
#41570=DIRECTION('',(-1.,-2.01448112885815E-16,-0.));
#41580=VECTOR('',#41570,1.);
#41590=LINE('',#41560,#41580);
#41600=EDGE_CURVE('',#41290,#41530,#41590,.T.);
#41610=ORIENTED_EDGE('',*,*,#41600,.T.);
#41620=EDGE_LOOP('',(#41610,#41550,#41470,#41390,#41310));
#41630=FACE_BOUND('',#41620,.T.);
#41640=CARTESIAN_POINT('',(-66.75,-1.5,45.5));
#41650=DIRECTION('',(-1.,0.,0.));
#41660=VECTOR('',#41650,1.);
#41670=LINE('',#41640,#41660);
#41680=CARTESIAN_POINT('',(-66.75,-1.5,45.5));
#41690=VERTEX_POINT('',#41680);
#41700=CARTESIAN_POINT('',(-122.5,-1.5,45.5));
#41710=VERTEX_POINT('',#41700);
#41720=EDGE_CURVE('',#41690,#41710,#41670,.T.);
#41730=ORIENTED_EDGE('',*,*,#41720,.T.);
#41740=CARTESIAN_POINT('',(-66.75,33.7717494138479,45.5));
#41750=DIRECTION('',(2.01448112885815E-16,-1.,0.));
#41760=VECTOR('',#41750,1.);
#41770=LINE('',#41740,#41760);
#41780=CARTESIAN_POINT('',(-66.75,33.7717494138479,45.5));
#41790=VERTEX_POINT('',#41780);
#41800=EDGE_CURVE('',#41790,#41690,#41770,.T.);
#41810=ORIENTED_EDGE('',*,*,#41800,.T.);
#41820=CARTESIAN_POINT('',(-65.75,56.75,45.5));
#41830=DIRECTION('',(0.,0.,1.));
#41840=DIRECTION('',(1.,0.,0.));
#41850=AXIS2_PLACEMENT_3D('',#41820,#41830,#41840);
#41860=CIRCLE('',#41850,23.);
#41870=CARTESIAN_POINT('',(-88.7282505861521,55.75,45.5));
#41880=VERTEX_POINT('',#41870);
#41890=EDGE_CURVE('',#41880,#41790,#41860,.T.);
#41900=ORIENTED_EDGE('',*,*,#41890,.T.);
#41910=CARTESIAN_POINT('',(-122.5,55.75,45.5));
#41920=DIRECTION('',(1.,2.10395596346794E-16,0.));
#41930=VECTOR('',#41920,1.);
#41940=LINE('',#41910,#41930);
#41950=CARTESIAN_POINT('',(-122.5,55.75,45.5));
#41960=VERTEX_POINT('',#41950);
#41970=EDGE_CURVE('',#41960,#41880,#41940,.T.);
#41980=ORIENTED_EDGE('',*,*,#41970,.T.);
#41990=CARTESIAN_POINT('',(-122.5,-1.5,45.5));
#42000=DIRECTION('',(-2.48224536510079E-16,1.,0.));
#42010=VECTOR('',#42000,1.);
#42020=LINE('',#41990,#42010);
#42030=EDGE_CURVE('',#41710,#41960,#42020,.T.);
#42040=ORIENTED_EDGE('',*,*,#42030,.T.);
#42050=EDGE_LOOP('',(#42040,#41980,#41900,#41810,#41730));
#42060=FACE_BOUND('',#42050,.T.);
#42070=CARTESIAN_POINT('',(52.75,-119.5,45.5));
#42080=DIRECTION('',(-1.,0.,0.));
#42090=VECTOR('',#42080,1.);
#42100=LINE('',#42070,#42090);
#42110=CARTESIAN_POINT('',(52.75,-119.5,45.5));
#42120=VERTEX_POINT('',#42110);
#42130=CARTESIAN_POINT('',(-4.5,-119.5,45.5));
#42140=VERTEX_POINT('',#42130);
#42150=EDGE_CURVE('',#42120,#42140,#42100,.T.);
#42160=ORIENTED_EDGE('',*,*,#42150,.T.);
#42170=CARTESIAN_POINT('',(52.75,-85.7282505861521,45.5));
#42180=DIRECTION('',(0.,-1.,0.));
#42190=VECTOR('',#42180,1.);
#42200=LINE('',#42170,#42190);
#42210=CARTESIAN_POINT('',(52.75,-85.7282505861521,45.5));
#42220=VERTEX_POINT('',#42210);
#42230=EDGE_CURVE('',#42220,#42120,#42200,.T.);
#42240=ORIENTED_EDGE('',*,*,#42230,.T.);
#42250=CARTESIAN_POINT('',(53.75,-62.75,45.5));
#42260=DIRECTION('',(0.,0.,1.));
#42270=DIRECTION('',(1.,0.,0.));
#42280=AXIS2_PLACEMENT_3D('',#42250,#42260,#42270);
#42290=CIRCLE('',#42280,23.);
#42300=CARTESIAN_POINT('',(30.7717494138479,-63.75,45.5));
#42310=VERTEX_POINT('',#42300);
#42320=EDGE_CURVE('',#42310,#42220,#42290,.T.);
#42330=ORIENTED_EDGE('',*,*,#42320,.T.);
#42340=CARTESIAN_POINT('',(-4.5,-63.75,45.5));
#42350=DIRECTION('',(1.,0.,0.));
#42360=VECTOR('',#42350,1.);
#42370=LINE('',#42340,#42360);
#42380=CARTESIAN_POINT('',(-4.5,-63.75,45.5));
#42390=VERTEX_POINT('',#42380);
#42400=EDGE_CURVE('',#42390,#42310,#42370,.T.);
#42410=ORIENTED_EDGE('',*,*,#42400,.T.);
#42420=CARTESIAN_POINT('',(-4.5,-119.5,45.5));
#42430=DIRECTION('',(0.,1.,0.));
#42440=VECTOR('',#42430,1.);
#42450=LINE('',#42420,#42440);
#42460=EDGE_CURVE('',#42140,#42390,#42450,.T.);
#42470=ORIENTED_EDGE('',*,*,#42460,.T.);
#42480=EDGE_LOOP('',(#42470,#42410,#42330,#42240,#42160));
#42490=FACE_BOUND('',#42480,.T.);
#42500=CARTESIAN_POINT('',(-7.5,-119.5,45.5));
#42510=DIRECTION('',(-1.,0.,0.));
#42520=VECTOR('',#42510,1.);
#42530=LINE('',#42500,#42520);
#42540=CARTESIAN_POINT('',(-7.5,-119.5,45.5));
#42550=VERTEX_POINT('',#42540);
#42560=CARTESIAN_POINT('',(-64.75,-119.5,45.5));
#42570=VERTEX_POINT('',#42560);
#42580=EDGE_CURVE('',#42550,#42570,#42530,.T.);
#42590=ORIENTED_EDGE('',*,*,#42580,.T.);
#42600=CARTESIAN_POINT('',(-7.5,-63.75,45.5));
#42610=DIRECTION('',(0.,-1.,0.));
#42620=VECTOR('',#42610,1.);
#42630=LINE('',#42600,#42620);
#42640=CARTESIAN_POINT('',(-7.5,-63.75,45.5));
#42650=VERTEX_POINT('',#42640);
#42660=EDGE_CURVE('',#42650,#42550,#42630,.T.);
#42670=ORIENTED_EDGE('',*,*,#42660,.T.);
#42680=CARTESIAN_POINT('',(-42.7717494138479,-63.75,45.5));
#42690=DIRECTION('',(1.,0.,0.));
#42700=VECTOR('',#42690,1.);
#42710=LINE('',#42680,#42700);
#42720=CARTESIAN_POINT('',(-42.7717494138479,-63.75,45.5));
#42730=VERTEX_POINT('',#42720);
#42740=EDGE_CURVE('',#42730,#42650,#42710,.T.);
#42750=ORIENTED_EDGE('',*,*,#42740,.T.);
#42760=CARTESIAN_POINT('',(-65.75,-62.75,45.5));
#42770=DIRECTION('',(0.,0.,1.));
#42780=DIRECTION('',(1.,0.,0.));
#42790=AXIS2_PLACEMENT_3D('',#42760,#42770,#42780);
#42800=CIRCLE('',#42790,23.);
#42810=CARTESIAN_POINT('',(-64.75,-85.7282505861521,45.5));
#42820=VERTEX_POINT('',#42810);
#42830=EDGE_CURVE('',#42820,#42730,#42800,.T.);
#42840=ORIENTED_EDGE('',*,*,#42830,.T.);
#42850=CARTESIAN_POINT('',(-64.75,-119.5,45.5));
#42860=DIRECTION('',(-2.10395596346794E-16,1.,0.));
#42870=VECTOR('',#42860,1.);
#42880=LINE('',#42850,#42870);
#42890=EDGE_CURVE('',#42570,#42820,#42880,.T.);
#42900=ORIENTED_EDGE('',*,*,#42890,.T.);
#42910=EDGE_LOOP('',(#42900,#42840,#42750,#42670,#42590));
#42920=FACE_BOUND('',#42910,.T.);
#42930=CARTESIAN_POINT('',(53.75,-62.75,45.5));
#42940=DIRECTION('',(0.,0.,1.));
#42950=DIRECTION('',(1.,0.,0.));
#42960=AXIS2_PLACEMENT_3D('',#42930,#42940,#42950);
#42970=CIRCLE('',#42960,23.);
#42980=CARTESIAN_POINT('',(52.75,-39.7717494138479,45.5));
#42990=VERTEX_POINT('',#42980);
#43000=CARTESIAN_POINT('',(30.7717494138479,-61.75,45.5));
#43010=VERTEX_POINT('',#43000);
#43020=EDGE_CURVE('',#42990,#43010,#42970,.T.);
#43030=ORIENTED_EDGE('',*,*,#43020,.T.);
#43040=CARTESIAN_POINT('',(52.75,-4.5,45.5));
#43050=DIRECTION('',(0.,-1.,0.));
#43060=VECTOR('',#43050,1.);
#43070=LINE('',#43040,#43060);
#43080=CARTESIAN_POINT('',(52.75,-4.5,45.5));
#43090=VERTEX_POINT('',#43080);
#43100=EDGE_CURVE('',#43090,#42990,#43070,.T.);
#43110=ORIENTED_EDGE('',*,*,#43100,.T.);
#43120=CARTESIAN_POINT('',(-4.5,-4.5,45.5));
#43130=DIRECTION('',(1.,0.,0.));
#43140=VECTOR('',#43130,1.);
#43150=LINE('',#43120,#43140);
#43160=CARTESIAN_POINT('',(-4.5,-4.5,45.5));
#43170=VERTEX_POINT('',#43160);
#43180=EDGE_CURVE('',#43170,#43090,#43150,.T.);
#43190=ORIENTED_EDGE('',*,*,#43180,.T.);
#43200=CARTESIAN_POINT('',(-4.5,-61.75,45.5));
#43210=DIRECTION('',(0.,1.,0.));
#43220=VECTOR('',#43210,1.);
#43230=LINE('',#43200,#43220);
#43240=CARTESIAN_POINT('',(-4.5,-61.75,45.5));
#43250=VERTEX_POINT('',#43240);
#43260=EDGE_CURVE('',#43250,#43170,#43230,.T.);
#43270=ORIENTED_EDGE('',*,*,#43260,.T.);
#43280=CARTESIAN_POINT('',(30.7717494138479,-61.75,45.5));
#43290=DIRECTION('',(-1.,0.,0.));
#43300=VECTOR('',#43290,1.);
#43310=LINE('',#43280,#43300);
#43320=EDGE_CURVE('',#43010,#43250,#43310,.T.);
#43330=ORIENTED_EDGE('',*,*,#43320,.T.);
#43340=EDGE_LOOP('',(#43330,#43270,#43190,#43110,#43030));
#43350=FACE_BOUND('',#43340,.T.);
#43360=CARTESIAN_POINT('',(110.5,-63.75,45.5));
#43370=DIRECTION('',(0.,-1.,0.));
#43380=VECTOR('',#43370,1.);
#43390=LINE('',#43360,#43380);
#43400=CARTESIAN_POINT('',(110.5,-63.75,45.5));
#43410=VERTEX_POINT('',#43400);
#43420=CARTESIAN_POINT('',(110.5,-119.5,45.5));
#43430=VERTEX_POINT('',#43420);
#43440=EDGE_CURVE('',#43410,#43430,#43390,.T.);
#43450=ORIENTED_EDGE('',*,*,#43440,.T.);
#43460=CARTESIAN_POINT('',(76.7282505861521,-63.75,45.5));
#43470=DIRECTION('',(1.,0.,0.));
#43480=VECTOR('',#43470,1.);
#43490=LINE('',#43460,#43480);
#43500=CARTESIAN_POINT('',(76.7282505861521,-63.75,45.5));
#43510=VERTEX_POINT('',#43500);
#43520=EDGE_CURVE('',#43510,#43410,#43490,.T.);
#43530=ORIENTED_EDGE('',*,*,#43520,.T.);
#43540=CARTESIAN_POINT('',(53.75,-62.75,45.5));
#43550=DIRECTION('',(0.,0.,1.));
#43560=DIRECTION('',(1.,0.,0.));
#43570=AXIS2_PLACEMENT_3D('',#43540,#43550,#43560);
#43580=CIRCLE('',#43570,23.);
#43590=CARTESIAN_POINT('',(54.75,-85.7282505861521,45.5));
#43600=VERTEX_POINT('',#43590);
#43610=EDGE_CURVE('',#43600,#43510,#43580,.T.);
#43620=ORIENTED_EDGE('',*,*,#43610,.T.);
#43630=CARTESIAN_POINT('',(54.75,-119.5,45.5));
#43640=DIRECTION('',(0.,1.,0.));
#43650=VECTOR('',#43640,1.);
#43660=LINE('',#43630,#43650);
#43670=CARTESIAN_POINT('',(54.75,-119.5,45.5));
#43680=VERTEX_POINT('',#43670);
#43690=EDGE_CURVE('',#43680,#43600,#43660,.T.);
#43700=ORIENTED_EDGE('',*,*,#43690,.T.);
#43710=CARTESIAN_POINT('',(110.5,-119.5,45.5));
#43720=DIRECTION('',(-1.,-2.54903223591067E-16,-0.));
#43730=VECTOR('',#43720,1.);
#43740=LINE('',#43710,#43730);
#43750=EDGE_CURVE('',#43430,#43680,#43740,.T.);
#43760=ORIENTED_EDGE('',*,*,#43750,.T.);
#43770=EDGE_LOOP('',(#43760,#43700,#43620,#43530,#43450));
#43780=FACE_BOUND('',#43770,.T.);
#43790=CARTESIAN_POINT('',(110.5,-61.75,45.5));
#43800=DIRECTION('',(-1.,0.,0.));
#43810=VECTOR('',#43800,1.);
#43820=LINE('',#43790,#43810);
#43830=CARTESIAN_POINT('',(110.5,-61.75,45.5));
#43840=VERTEX_POINT('',#43830);
#43850=CARTESIAN_POINT('',(76.7282505861521,-61.75,45.5));
#43860=VERTEX_POINT('',#43850);
#43870=EDGE_CURVE('',#43840,#43860,#43820,.T.);
#43880=ORIENTED_EDGE('',*,*,#43870,.T.);
#43890=CARTESIAN_POINT('',(110.5,-4.5,45.5));
#43900=DIRECTION('',(0.,-1.,0.));
#43910=VECTOR('',#43900,1.);
#43920=LINE('',#43890,#43910);
#43930=CARTESIAN_POINT('',(110.5,-4.5,45.5));
#43940=VERTEX_POINT('',#43930);
#43950=EDGE_CURVE('',#43940,#43840,#43920,.T.);
#43960=ORIENTED_EDGE('',*,*,#43950,.T.);
#43970=CARTESIAN_POINT('',(54.75,-4.5,45.5));
#43980=DIRECTION('',(1.,0.,0.));
#43990=VECTOR('',#43980,1.);
#44000=LINE('',#43970,#43990);
#44010=CARTESIAN_POINT('',(54.75,-4.5,45.5));
#44020=VERTEX_POINT('',#44010);
#44030=EDGE_CURVE('',#44020,#43940,#44000,.T.);
#44040=ORIENTED_EDGE('',*,*,#44030,.T.);
#44050=CARTESIAN_POINT('',(54.75,-39.7717494138479,45.5));
#44060=DIRECTION('',(2.01448112885815E-16,1.,0.));
#44070=VECTOR('',#44060,1.);
#44080=LINE('',#44050,#44070);
#44090=CARTESIAN_POINT('',(54.75,-39.7717494138479,45.5));
#44100=VERTEX_POINT('',#44090);
#44110=EDGE_CURVE('',#44100,#44020,#44080,.T.);
#44120=ORIENTED_EDGE('',*,*,#44110,.T.);
#44130=CARTESIAN_POINT('',(53.75,-62.75,45.5));
#44140=DIRECTION('',(0.,0.,1.));
#44150=DIRECTION('',(1.,0.,0.));
#44160=AXIS2_PLACEMENT_3D('',#44130,#44140,#44150);
#44170=CIRCLE('',#44160,23.);
#44180=EDGE_CURVE('',#43860,#44100,#44170,.T.);
#44190=ORIENTED_EDGE('',*,*,#44180,.T.);
#44200=EDGE_LOOP('',(#44190,#44120,#44040,#43960,#43880));
#44210=FACE_BOUND('',#44200,.T.);
#44220=CARTESIAN_POINT('',(53.75,-62.75,45.5));
#44230=DIRECTION('',(0.,0.,1.));
#44240=DIRECTION('',(1.,0.,0.));
#44250=AXIS2_PLACEMENT_3D('',#44220,#44230,#44240);
#44260=CIRCLE('',#44250,20.);
#44270=CARTESIAN_POINT('',(73.75,-62.75,45.5));
#44280=VERTEX_POINT('',#44270);
#44290=CARTESIAN_POINT('',(33.75,-62.75,45.5));
#44300=VERTEX_POINT('',#44290);
#44310=EDGE_CURVE('',#44280,#44300,#44260,.T.);
#44320=ORIENTED_EDGE('',*,*,#44310,.F.);
#44330=EDGE_CURVE('',#44300,#44280,#44260,.T.);
#44340=ORIENTED_EDGE('',*,*,#44330,.F.);
#44350=EDGE_LOOP('',(#44340,#44320));
#44360=FACE_BOUND('',#44350,.T.);
#44370=ADVANCED_FACE('',(#36880,#37310,#37460,#37890,#38320,#38750,
#38900,#39050,#39480,#39910,#40340,#40770,#41200,#41630,#42060,#42490,
#42920,#43350,#43780,#44210,#44360),#36820,.T.);
#44380=CARTESIAN_POINT('',(-116.125,66.125,0.));
#44390=DIRECTION('',(0.,0.,1.));
#44400=DIRECTION('',(1.,0.,0.));
#44410=AXIS2_PLACEMENT_3D('',#44380,#44390,#44400);
#44420=CYLINDRICAL_SURFACE('',#44410,5.);
#44430=CARTESIAN_POINT('',(-121.125,66.125,0.));
#44440=DIRECTION('',(0.,0.,1.));
#44450=VECTOR('',#44440,1.);
#44460=LINE('',#44430,#44450);
#44470=EDGE_CURVE('',#480,#26910,#44460,.T.);
#44480=ORIENTED_EDGE('',*,*,#44470,.T.);
#44490=ORIENTED_EDGE('',*,*,#510,.F.);
#44500=CARTESIAN_POINT('',(-111.125,66.125,0.));
#44510=DIRECTION('',(0.,0.,1.));
#44520=VECTOR('',#44510,1.);
#44530=LINE('',#44500,#44520);
#44540=EDGE_CURVE('',#460,#26890,#44530,.T.);
#44550=ORIENTED_EDGE('',*,*,#44540,.F.);
#44560=ORIENTED_EDGE('',*,*,#26940,.T.);
#44570=EDGE_LOOP('',(#44560,#44550,#44490,#44480));
#44580=FACE_OUTER_BOUND('',#44570,.T.);
#44590=ADVANCED_FACE('',(#44580),#44420,.F.);
#44600=CARTESIAN_POINT('',(-116.125,66.125,0.));
#44610=DIRECTION('',(0.,0.,1.));
#44620=DIRECTION('',(1.,0.,0.));
#44630=AXIS2_PLACEMENT_3D('',#44600,#44610,#44620);
#44640=CYLINDRICAL_SURFACE('',#44630,5.);
#44650=ORIENTED_EDGE('',*,*,#490,.F.);
#44660=ORIENTED_EDGE('',*,*,#44470,.F.);
#44670=ORIENTED_EDGE('',*,*,#26920,.T.);
#44680=ORIENTED_EDGE('',*,*,#44540,.T.);
#44690=EDGE_LOOP('',(#44680,#44670,#44660,#44650));
#44700=FACE_OUTER_BOUND('',#44690,.T.);
#44710=ADVANCED_FACE('',(#44700),#44640,.F.);
#44720=CARTESIAN_POINT('',(53.75,56.75,0.));
#44730=DIRECTION('',(0.,0.,1.));
#44740=DIRECTION('',(1.,0.,0.));
#44750=AXIS2_PLACEMENT_3D('',#44720,#44730,#44740);
#44760=CYLINDRICAL_SURFACE('',#44750,12.5);
#44770=CARTESIAN_POINT('',(42.2323582988107,51.8926417011893,0.));
#44780=DIRECTION('',(0.,0.,1.));
#44790=VECTOR('',#44780,1.);
#44800=LINE('',#44770,#44790);
#44810=EDGE_CURVE('',#630,#35130,#44800,.T.);
#44820=ORIENTED_EDGE('',*,*,#44810,.F.);
#44830=ORIENTED_EDGE('',*,*,#35770,.T.);
#44840=CARTESIAN_POINT('',(42.2323582988107,61.6073582988107,0.));
#44850=DIRECTION('',(0.,0.,1.));
#44860=VECTOR('',#44850,1.);
#44870=LINE('',#44840,#44860);
#44880=EDGE_CURVE('',#610,#35690,#44870,.T.);
#44890=ORIENTED_EDGE('',*,*,#44880,.T.);
#44900=ORIENTED_EDGE('',*,*,#640,.F.);
#44910=EDGE_LOOP('',(#44900,#44890,#44830,#44820));
#44920=FACE_OUTER_BOUND('',#44910,.T.);
#44930=ADVANCED_FACE('',(#44920),#44760,.F.);
#44940=CARTESIAN_POINT('',(44.375,66.125,0.));
#44950=DIRECTION('',(0.,0.,1.));
#44960=DIRECTION('',(1.,0.,0.));
#44970=AXIS2_PLACEMENT_3D('',#44940,#44950,#44960);
#44980=CYLINDRICAL_SURFACE('',#44970,5.);
#44990=ORIENTED_EDGE('',*,*,#44880,.F.);
#45000=ORIENTED_EDGE('',*,*,#35700,.T.);
#45010=CARTESIAN_POINT('',(48.8926417011893,68.2676417011893,0.));
#45020=DIRECTION('',(0.,0.,1.));
#45030=VECTOR('',#45020,1.);
#45040=LINE('',#45010,#45030);
#45050=EDGE_CURVE('',#720,#35600,#45040,.T.);
#45060=ORIENTED_EDGE('',*,*,#45050,.T.);
#45070=ORIENTED_EDGE('',*,*,#730,.F.);
#45080=EDGE_LOOP('',(#45070,#45060,#45000,#44990));
#45090=FACE_OUTER_BOUND('',#45080,.T.);
#45100=ADVANCED_FACE('',(#45090),#44980,.F.);
#45110=CARTESIAN_POINT('',(53.75,56.75,0.));
#45120=DIRECTION('',(0.,0.,1.));
#45130=DIRECTION('',(1.,0.,0.));
#45140=AXIS2_PLACEMENT_3D('',#45110,#45120,#45130);
#45150=CYLINDRICAL_SURFACE('',#45140,12.5);
#45160=ORIENTED_EDGE('',*,*,#45050,.F.);
#45170=ORIENTED_EDGE('',*,*,#35610,.T.);
#45180=CARTESIAN_POINT('',(58.6073582988107,68.2676417011893,0.));
#45190=DIRECTION('',(0.,0.,1.));
#45200=VECTOR('',#45190,1.);
#45210=LINE('',#45180,#45200);
#45220=EDGE_CURVE('',#810,#35510,#45210,.T.);
#45230=ORIENTED_EDGE('',*,*,#45220,.T.);
#45240=ORIENTED_EDGE('',*,*,#820,.F.);
#45250=EDGE_LOOP('',(#45240,#45230,#45170,#45160));
#45260=FACE_OUTER_BOUND('',#45250,.T.);
#45270=ADVANCED_FACE('',(#45260),#45150,.F.);
#45280=CARTESIAN_POINT('',(63.125,66.125,0.));
#45290=DIRECTION('',(0.,0.,1.));
#45300=DIRECTION('',(1.,0.,0.));
#45310=AXIS2_PLACEMENT_3D('',#45280,#45290,#45300);
#45320=CYLINDRICAL_SURFACE('',#45310,5.);
#45330=ORIENTED_EDGE('',*,*,#45220,.F.);
#45340=ORIENTED_EDGE('',*,*,#35520,.T.);
#45350=CARTESIAN_POINT('',(65.2676417011893,61.6073582988107,0.));
#45360=DIRECTION('',(0.,0.,1.));
#45370=VECTOR('',#45360,1.);
#45380=LINE('',#45350,#45370);
#45390=EDGE_CURVE('',#900,#35420,#45380,.T.);
#45400=ORIENTED_EDGE('',*,*,#45390,.T.);
#45410=ORIENTED_EDGE('',*,*,#910,.F.);
#45420=EDGE_LOOP('',(#45410,#45400,#45340,#45330));
#45430=FACE_OUTER_BOUND('',#45420,.T.);
#45440=ADVANCED_FACE('',(#45430),#45320,.F.);
#45450=CARTESIAN_POINT('',(53.75,56.75,0.));
#45460=DIRECTION('',(0.,0.,1.));
#45470=DIRECTION('',(1.,0.,0.));
#45480=AXIS2_PLACEMENT_3D('',#45450,#45460,#45470);
#45490=CYLINDRICAL_SURFACE('',#45480,12.5);
#45500=ORIENTED_EDGE('',*,*,#45390,.F.);
#45510=ORIENTED_EDGE('',*,*,#35430,.T.);
#45520=CARTESIAN_POINT('',(65.2676417011893,51.8926417011893,0.));
#45530=DIRECTION('',(0.,0.,1.));
#45540=VECTOR('',#45530,1.);
#45550=LINE('',#45520,#45540);
#45560=EDGE_CURVE('',#990,#35330,#45550,.T.);
#45570=ORIENTED_EDGE('',*,*,#45560,.T.);
#45580=ORIENTED_EDGE('',*,*,#1000,.F.);
#45590=EDGE_LOOP('',(#45580,#45570,#45510,#45500));
#45600=FACE_OUTER_BOUND('',#45590,.T.);
#45610=ADVANCED_FACE('',(#45600),#45490,.F.);
#45620=CARTESIAN_POINT('',(63.125,47.375,0.));
#45630=DIRECTION('',(0.,0.,1.));
#45640=DIRECTION('',(1.,0.,0.));
#45650=AXIS2_PLACEMENT_3D('',#45620,#45630,#45640);
#45660=CYLINDRICAL_SURFACE('',#45650,4.99999999999999);
#45670=ORIENTED_EDGE('',*,*,#45560,.F.);
#45680=ORIENTED_EDGE('',*,*,#35340,.T.);
#45690=CARTESIAN_POINT('',(58.6073582988107,45.2323582988107,0.));
#45700=DIRECTION('',(0.,0.,1.));
#45710=VECTOR('',#45700,1.);
#45720=LINE('',#45690,#45710);
#45730=EDGE_CURVE('',#1080,#35240,#45720,.T.);
#45740=ORIENTED_EDGE('',*,*,#45730,.T.);
#45750=ORIENTED_EDGE('',*,*,#1090,.F.);
#45760=EDGE_LOOP('',(#45750,#45740,#45680,#45670));
#45770=FACE_OUTER_BOUND('',#45760,.T.);
#45780=ADVANCED_FACE('',(#45770),#45660,.F.);
#45790=CARTESIAN_POINT('',(53.75,56.75,0.));
#45800=DIRECTION('',(0.,0.,1.));
#45810=DIRECTION('',(1.,0.,0.));
#45820=AXIS2_PLACEMENT_3D('',#45790,#45800,#45810);
#45830=CYLINDRICAL_SURFACE('',#45820,12.5);
#45840=ORIENTED_EDGE('',*,*,#45730,.F.);
#45850=ORIENTED_EDGE('',*,*,#35250,.T.);
#45860=CARTESIAN_POINT('',(48.8926417011893,45.2323582988107,0.));
#45870=DIRECTION('',(0.,0.,1.));
#45880=VECTOR('',#45870,1.);
#45890=LINE('',#45860,#45880);
#45900=EDGE_CURVE('',#1170,#35150,#45890,.T.);
#45910=ORIENTED_EDGE('',*,*,#45900,.T.);
#45920=ORIENTED_EDGE('',*,*,#1180,.F.);
#45930=EDGE_LOOP('',(#45920,#45910,#45850,#45840));
#45940=FACE_OUTER_BOUND('',#45930,.T.);
#45950=ADVANCED_FACE('',(#45940),#45830,.F.);
#45960=CARTESIAN_POINT('',(44.375,47.375,0.));
#45970=DIRECTION('',(0.,0.,1.));
#45980=DIRECTION('',(1.,0.,0.));
#45990=AXIS2_PLACEMENT_3D('',#45960,#45970,#45980);
#46000=CYLINDRICAL_SURFACE('',#45990,5.);
#46010=ORIENTED_EDGE('',*,*,#45900,.F.);
#46020=ORIENTED_EDGE('',*,*,#35160,.T.);
#46030=ORIENTED_EDGE('',*,*,#44810,.T.);
#46040=ORIENTED_EDGE('',*,*,#1250,.F.);
#46050=EDGE_LOOP('',(#46040,#46030,#46020,#46010));
#46060=FACE_OUTER_BOUND('',#46050,.T.);
#46070=ADVANCED_FACE('',(#46060),#46000,.F.);
#46080=CARTESIAN_POINT('',(53.75,56.75,3.));
#46090=DIRECTION('',(0.,0.,1.));
#46100=DIRECTION('',(1.,0.,0.));
#46110=AXIS2_PLACEMENT_3D('',#46080,#46090,#46100);
#46120=CYLINDRICAL_SURFACE('',#46110,20.);
#46130=CARTESIAN_POINT('',(33.75,56.75,3.));
#46140=DIRECTION('',(0.,0.,1.));
#46150=VECTOR('',#46140,1.);
#46160=LINE('',#46130,#46150);
#46170=EDGE_CURVE('',#35000,#37400,#46160,.T.);
#46180=ORIENTED_EDGE('',*,*,#46170,.T.);
#46190=ORIENTED_EDGE('',*,*,#35030,.F.);
#46200=CARTESIAN_POINT('',(73.75,56.75,3.));
#46210=DIRECTION('',(0.,0.,1.));
#46220=VECTOR('',#46210,1.);
#46230=LINE('',#46200,#46220);
#46240=EDGE_CURVE('',#34980,#37380,#46230,.T.);
#46250=ORIENTED_EDGE('',*,*,#46240,.F.);
#46260=ORIENTED_EDGE('',*,*,#37430,.T.);
#46270=EDGE_LOOP('',(#46260,#46250,#46190,#46180));
#46280=FACE_OUTER_BOUND('',#46270,.T.);
#46290=ADVANCED_FACE('',(#46280),#46120,.F.);
#46300=CARTESIAN_POINT('',(53.75,56.75,3.));
#46310=DIRECTION('',(0.,0.,1.));
#46320=DIRECTION('',(1.,0.,0.));
#46330=AXIS2_PLACEMENT_3D('',#46300,#46310,#46320);
#46340=CYLINDRICAL_SURFACE('',#46330,20.);
#46350=ORIENTED_EDGE('',*,*,#35010,.F.);
#46360=ORIENTED_EDGE('',*,*,#46170,.F.);
#46370=ORIENTED_EDGE('',*,*,#37410,.T.);
#46380=ORIENTED_EDGE('',*,*,#46240,.T.);
#46390=EDGE_LOOP('',(#46380,#46370,#46360,#46350));
#46400=FACE_OUTER_BOUND('',#46390,.T.);
#46410=ADVANCED_FACE('',(#46400),#46340,.F.);
#46420=CARTESIAN_POINT('',(83.625,86.625,0.));
#46430=DIRECTION('',(0.,0.,1.));
#46440=DIRECTION('',(1.,0.,0.));
#46450=AXIS2_PLACEMENT_3D('',#46420,#46430,#46440);
#46460=CYLINDRICAL_SURFACE('',#46450,12.5);
#46470=CARTESIAN_POINT('',(95.71405310014,89.8038040427171,0.));
#46480=DIRECTION('',(0.,0.,1.));
#46490=VECTOR('',#46480,1.);
#46500=LINE('',#46470,#46490);
#46510=EDGE_CURVE('',#1370,#24650,#46500,.T.);
#46520=ORIENTED_EDGE('',*,*,#46510,.F.);
#46530=ORIENTED_EDGE('',*,*,#24930,.T.);
#46540=CARTESIAN_POINT('',(86.8038040427171,98.71405310014,0.));
#46550=DIRECTION('',(0.,0.,1.));
#46560=VECTOR('',#46550,1.);
#46570=LINE('',#46540,#46560);
#46580=EDGE_CURVE('',#1350,#24850,#46570,.T.);
#46590=ORIENTED_EDGE('',*,*,#46580,.T.);
#46600=ORIENTED_EDGE('',*,*,#1380,.F.);
#46610=EDGE_LOOP('',(#46600,#46590,#46530,#46520));
#46620=FACE_OUTER_BOUND('',#46610,.T.);
#46630=ADVANCED_FACE('',(#46620),#46460,.F.);
#46640=CARTESIAN_POINT('',(96.75,99.75,0.));
#46650=DIRECTION('',(0.,0.,1.));
#46660=DIRECTION('',(1.,0.,0.));
#46670=AXIS2_PLACEMENT_3D('',#46640,#46650,#46660);
#46680=CYLINDRICAL_SURFACE('',#46670,10.);
#46690=ORIENTED_EDGE('',*,*,#46580,.F.);
#46700=ORIENTED_EDGE('',*,*,#24860,.T.);
#46710=CARTESIAN_POINT('',(99.6349238709604,109.324821891751,0.));
#46720=DIRECTION('',(0.,0.,1.));
#46730=VECTOR('',#46720,1.);
#46740=LINE('',#46710,#46730);
#46750=EDGE_CURVE('',#1460,#24760,#46740,.T.);
#46760=ORIENTED_EDGE('',*,*,#46750,.T.);
#46770=ORIENTED_EDGE('',*,*,#1470,.F.);
#46780=EDGE_LOOP('',(#46770,#46760,#46700,#46690));
#46790=FACE_OUTER_BOUND('',#46780,.T.);
#46800=ADVANCED_FACE('',(#46790),#46680,.F.);
#46810=CARTESIAN_POINT('',(104.125,107.125,0.));
#46820=DIRECTION('',(0.,0.,1.));
#46830=DIRECTION('',(1.,0.,0.));
#46840=AXIS2_PLACEMENT_3D('',#46810,#46820,#46830);
#46850=CYLINDRICAL_SURFACE('',#46840,5.);
#46860=ORIENTED_EDGE('',*,*,#46750,.F.);
#46870=ORIENTED_EDGE('',*,*,#24770,.T.);
#46880=CARTESIAN_POINT('',(106.324821891751,102.63492387096,0.));
#46890=DIRECTION('',(0.,0.,1.));
#46900=VECTOR('',#46890,1.);
#46910=LINE('',#46880,#46900);
#46920=EDGE_CURVE('',#1550,#24670,#46910,.T.);
#46930=ORIENTED_EDGE('',*,*,#46920,.T.);
#46940=ORIENTED_EDGE('',*,*,#1560,.F.);
#46950=EDGE_LOOP('',(#46940,#46930,#46870,#46860));
#46960=FACE_OUTER_BOUND('',#46950,.T.);
#46970=ADVANCED_FACE('',(#46960),#46850,.F.);
#46980=CARTESIAN_POINT('',(96.75,99.75,0.));
#46990=DIRECTION('',(0.,0.,1.));
#47000=DIRECTION('',(1.,0.,0.));
#47010=AXIS2_PLACEMENT_3D('',#46980,#46990,#47000);
#47020=CYLINDRICAL_SURFACE('',#47010,10.);
#47030=ORIENTED_EDGE('',*,*,#46920,.F.);
#47040=ORIENTED_EDGE('',*,*,#24680,.T.);
#47050=ORIENTED_EDGE('',*,*,#46510,.T.);
#47060=ORIENTED_EDGE('',*,*,#1630,.F.);
#47070=EDGE_LOOP('',(#47060,#47050,#47040,#47030));
#47080=FACE_OUTER_BOUND('',#47070,.T.);
#47090=ADVANCED_FACE('',(#47080),#47020,.F.);
#47100=CARTESIAN_POINT('',(83.625,26.875,0.));
#47110=DIRECTION('',(0.,0.,1.));
#47120=DIRECTION('',(1.,0.,0.));
#47130=AXIS2_PLACEMENT_3D('',#47100,#47110,#47120);
#47140=CYLINDRICAL_SURFACE('',#47130,12.5);
#47150=CARTESIAN_POINT('',(86.8038040427171,14.7859468998599,0.));
#47160=DIRECTION('',(0.,0.,1.));
#47170=VECTOR('',#47160,1.);
#47180=LINE('',#47150,#47170);
#47190=EDGE_CURVE('',#1750,#31370,#47180,.T.);
#47200=ORIENTED_EDGE('',*,*,#47190,.F.);
#47210=ORIENTED_EDGE('',*,*,#31650,.T.);
#47220=CARTESIAN_POINT('',(95.7140531001401,23.6961959572829,0.));
#47230=DIRECTION('',(0.,0.,1.));
#47240=VECTOR('',#47230,1.);
#47250=LINE('',#47220,#47240);
#47260=EDGE_CURVE('',#1730,#31570,#47250,.T.);
#47270=ORIENTED_EDGE('',*,*,#47260,.T.);
#47280=ORIENTED_EDGE('',*,*,#1760,.F.);
#47290=EDGE_LOOP('',(#47280,#47270,#47210,#47200));
#47300=FACE_OUTER_BOUND('',#47290,.T.);
#47310=ADVANCED_FACE('',(#47300),#47140,.F.);
#47320=CARTESIAN_POINT('',(96.75,13.75,0.));
#47330=DIRECTION('',(0.,0.,1.));
#47340=DIRECTION('',(1.,0.,0.));
#47350=AXIS2_PLACEMENT_3D('',#47320,#47330,#47340);
#47360=CYLINDRICAL_SURFACE('',#47350,10.);
#47370=ORIENTED_EDGE('',*,*,#47260,.F.);
#47380=ORIENTED_EDGE('',*,*,#31580,.T.);
#47390=CARTESIAN_POINT('',(106.324821891751,10.8650761290396,0.));
#47400=DIRECTION('',(0.,0.,1.));
#47410=VECTOR('',#47400,1.);
#47420=LINE('',#47390,#47410);
#47430=EDGE_CURVE('',#1840,#31480,#47420,.T.);
#47440=ORIENTED_EDGE('',*,*,#47430,.T.);
#47450=ORIENTED_EDGE('',*,*,#1850,.F.);
#47460=EDGE_LOOP('',(#47450,#47440,#47380,#47370));
#47470=FACE_OUTER_BOUND('',#47460,.T.);
#47480=ADVANCED_FACE('',(#47470),#47360,.F.);
#47490=CARTESIAN_POINT('',(104.125,6.375,0.));
#47500=DIRECTION('',(0.,0.,1.));
#47510=DIRECTION('',(1.,0.,0.));
#47520=AXIS2_PLACEMENT_3D('',#47490,#47500,#47510);
#47530=CYLINDRICAL_SURFACE('',#47520,5.);
#47540=ORIENTED_EDGE('',*,*,#47430,.F.);
#47550=ORIENTED_EDGE('',*,*,#31490,.T.);
#47560=CARTESIAN_POINT('',(99.6349238709604,4.17517810824857,0.));
#47570=DIRECTION('',(0.,0.,1.));
#47580=VECTOR('',#47570,1.);
#47590=LINE('',#47560,#47580);
#47600=EDGE_CURVE('',#1930,#31390,#47590,.T.);
#47610=ORIENTED_EDGE('',*,*,#47600,.T.);
#47620=ORIENTED_EDGE('',*,*,#1940,.F.);
#47630=EDGE_LOOP('',(#47620,#47610,#47550,#47540));
#47640=FACE_OUTER_BOUND('',#47630,.T.);
#47650=ADVANCED_FACE('',(#47640),#47530,.F.);
#47660=CARTESIAN_POINT('',(96.75,13.75,0.));
#47670=DIRECTION('',(0.,0.,1.));
#47680=DIRECTION('',(1.,0.,0.));
#47690=AXIS2_PLACEMENT_3D('',#47660,#47670,#47680);
#47700=CYLINDRICAL_SURFACE('',#47690,10.);
#47710=ORIENTED_EDGE('',*,*,#47600,.F.);
#47720=ORIENTED_EDGE('',*,*,#31400,.T.);
#47730=ORIENTED_EDGE('',*,*,#47190,.T.);
#47740=ORIENTED_EDGE('',*,*,#2010,.F.);
#47750=EDGE_LOOP('',(#47740,#47730,#47720,#47710));
#47760=FACE_OUTER_BOUND('',#47750,.T.);
#47770=ADVANCED_FACE('',(#47760),#47700,.F.);
#47780=CARTESIAN_POINT('',(3.37500000000001,6.37500000000001,0.));
#47790=DIRECTION('',(0.,0.,1.));
#47800=DIRECTION('',(1.,0.,0.));
#47810=AXIS2_PLACEMENT_3D('',#47780,#47790,#47800);
#47820=CYLINDRICAL_SURFACE('',#47810,5.);
#47830=CARTESIAN_POINT('',(7.86507612903959,4.17517810824857,0.));
#47840=DIRECTION('',(0.,0.,1.));
#47850=VECTOR('',#47840,1.);
#47860=LINE('',#47830,#47850);
#47870=EDGE_CURVE('',#2130,#23530,#47860,.T.);
#47880=ORIENTED_EDGE('',*,*,#47870,.F.);
#47890=ORIENTED_EDGE('',*,*,#23810,.T.);
#47900=CARTESIAN_POINT('',(1.17517810824856,10.8650761290396,0.));
#47910=DIRECTION('',(0.,0.,1.));
#47920=VECTOR('',#47910,1.);
#47930=LINE('',#47900,#47920);
#47940=EDGE_CURVE('',#2110,#23730,#47930,.T.);
#47950=ORIENTED_EDGE('',*,*,#47940,.T.);
#47960=ORIENTED_EDGE('',*,*,#2140,.F.);
#47970=EDGE_LOOP('',(#47960,#47950,#47890,#47880));
#47980=FACE_OUTER_BOUND('',#47970,.T.);
#47990=ADVANCED_FACE('',(#47980),#47820,.F.);
#48000=CARTESIAN_POINT('',(10.75,13.75,0.));
#48010=DIRECTION('',(0.,0.,1.));
#48020=DIRECTION('',(1.,0.,0.));
#48030=AXIS2_PLACEMENT_3D('',#48000,#48010,#48020);
#48040=CYLINDRICAL_SURFACE('',#48030,10.);
#48050=ORIENTED_EDGE('',*,*,#47940,.F.);
#48060=ORIENTED_EDGE('',*,*,#23740,.T.);
#48070=CARTESIAN_POINT('',(11.7859468998599,23.6961959572829,0.));
#48080=DIRECTION('',(0.,0.,1.));
#48090=VECTOR('',#48080,1.);
#48100=LINE('',#48070,#48090);
#48110=EDGE_CURVE('',#2220,#23640,#48100,.T.);
#48120=ORIENTED_EDGE('',*,*,#48110,.T.);
#48130=ORIENTED_EDGE('',*,*,#2230,.F.);
#48140=EDGE_LOOP('',(#48130,#48120,#48060,#48050));
#48150=FACE_OUTER_BOUND('',#48140,.T.);
#48160=ADVANCED_FACE('',(#48150),#48040,.F.);
#48170=CARTESIAN_POINT('',(23.875,26.875,0.));
#48180=DIRECTION('',(0.,0.,1.));
#48190=DIRECTION('',(1.,0.,0.));
#48200=AXIS2_PLACEMENT_3D('',#48170,#48180,#48190);
#48210=CYLINDRICAL_SURFACE('',#48200,12.5);
#48220=ORIENTED_EDGE('',*,*,#48110,.F.);
#48230=ORIENTED_EDGE('',*,*,#23650,.T.);
#48240=CARTESIAN_POINT('',(20.6961959572829,14.7859468998599,0.));
#48250=DIRECTION('',(0.,0.,1.));
#48260=VECTOR('',#48250,1.);
#48270=LINE('',#48240,#48260);
#48280=EDGE_CURVE('',#2310,#23550,#48270,.T.);
#48290=ORIENTED_EDGE('',*,*,#48280,.T.);
#48300=ORIENTED_EDGE('',*,*,#2320,.F.);
#48310=EDGE_LOOP('',(#48300,#48290,#48230,#48220));
#48320=FACE_OUTER_BOUND('',#48310,.T.);
#48330=ADVANCED_FACE('',(#48320),#48210,.F.);
#48340=CARTESIAN_POINT('',(10.75,13.75,0.));
#48350=DIRECTION('',(0.,0.,1.));
#48360=DIRECTION('',(1.,0.,0.));
#48370=AXIS2_PLACEMENT_3D('',#48340,#48350,#48360);
#48380=CYLINDRICAL_SURFACE('',#48370,10.);
#48390=ORIENTED_EDGE('',*,*,#48280,.F.);
#48400=ORIENTED_EDGE('',*,*,#23560,.T.);
#48410=ORIENTED_EDGE('',*,*,#47870,.T.);
#48420=ORIENTED_EDGE('',*,*,#2390,.F.);
#48430=EDGE_LOOP('',(#48420,#48410,#48400,#48390));
#48440=FACE_OUTER_BOUND('',#48430,.T.);
#48450=ADVANCED_FACE('',(#48440),#48380,.F.);
#48460=CARTESIAN_POINT('',(10.75,99.75,0.));
#48470=DIRECTION('',(0.,0.,1.));
#48480=DIRECTION('',(1.,0.,0.));
#48490=AXIS2_PLACEMENT_3D('',#48460,#48470,#48480);
#48500=CYLINDRICAL_SURFACE('',#48490,10.);
#48510=CARTESIAN_POINT('',(11.78594689986,89.8038040427171,0.));
#48520=DIRECTION('',(0.,0.,1.));
#48530=VECTOR('',#48520,1.);
#48540=LINE('',#48510,#48530);
#48550=EDGE_CURVE('',#2510,#16810,#48540,.T.);
#48560=ORIENTED_EDGE('',*,*,#48550,.F.);
#48570=ORIENTED_EDGE('',*,*,#17090,.T.);
#48580=CARTESIAN_POINT('',(1.17517810824856,102.63492387096,0.));
#48590=DIRECTION('',(0.,0.,1.));
#48600=VECTOR('',#48590,1.);
#48610=LINE('',#48580,#48600);
#48620=EDGE_CURVE('',#2490,#17010,#48610,.T.);
#48630=ORIENTED_EDGE('',*,*,#48620,.T.);
#48640=ORIENTED_EDGE('',*,*,#2520,.F.);
#48650=EDGE_LOOP('',(#48640,#48630,#48570,#48560));
#48660=FACE_OUTER_BOUND('',#48650,.T.);
#48670=ADVANCED_FACE('',(#48660),#48500,.F.);
#48680=CARTESIAN_POINT('',(3.375,107.125,0.));
#48690=DIRECTION('',(0.,0.,1.));
#48700=DIRECTION('',(1.,0.,0.));
#48710=AXIS2_PLACEMENT_3D('',#48680,#48690,#48700);
#48720=CYLINDRICAL_SURFACE('',#48710,5.);
#48730=ORIENTED_EDGE('',*,*,#48620,.F.);
#48740=ORIENTED_EDGE('',*,*,#17020,.T.);
#48750=CARTESIAN_POINT('',(7.86507612903959,109.324821891751,0.));
#48760=DIRECTION('',(0.,0.,1.));
#48770=VECTOR('',#48760,1.);
#48780=LINE('',#48750,#48770);
#48790=EDGE_CURVE('',#2600,#16920,#48780,.T.);
#48800=ORIENTED_EDGE('',*,*,#48790,.T.);
#48810=ORIENTED_EDGE('',*,*,#2610,.F.);
#48820=EDGE_LOOP('',(#48810,#48800,#48740,#48730));
#48830=FACE_OUTER_BOUND('',#48820,.T.);
#48840=ADVANCED_FACE('',(#48830),#48720,.F.);
#48850=CARTESIAN_POINT('',(10.75,99.75,0.));
#48860=DIRECTION('',(0.,0.,1.));
#48870=DIRECTION('',(1.,0.,0.));
#48880=AXIS2_PLACEMENT_3D('',#48850,#48860,#48870);
#48890=CYLINDRICAL_SURFACE('',#48880,10.);
#48900=ORIENTED_EDGE('',*,*,#48790,.F.);
#48910=ORIENTED_EDGE('',*,*,#16930,.T.);
#48920=CARTESIAN_POINT('',(20.6961959572829,98.71405310014,0.));
#48930=DIRECTION('',(0.,0.,1.));
#48940=VECTOR('',#48930,1.);
#48950=LINE('',#48920,#48940);
#48960=EDGE_CURVE('',#2690,#16830,#48950,.T.);
#48970=ORIENTED_EDGE('',*,*,#48960,.T.);
#48980=ORIENTED_EDGE('',*,*,#2700,.F.);
#48990=EDGE_LOOP('',(#48980,#48970,#48910,#48900));
#49000=FACE_OUTER_BOUND('',#48990,.T.);
#49010=ADVANCED_FACE('',(#49000),#48890,.F.);
#49020=CARTESIAN_POINT('',(23.875,86.625,0.));
#49030=DIRECTION('',(0.,0.,1.));
#49040=DIRECTION('',(1.,0.,0.));
#49050=AXIS2_PLACEMENT_3D('',#49020,#49030,#49040);
#49060=CYLINDRICAL_SURFACE('',#49050,12.5);
#49070=ORIENTED_EDGE('',*,*,#48960,.F.);
#49080=ORIENTED_EDGE('',*,*,#16840,.T.);
#49090=ORIENTED_EDGE('',*,*,#48550,.T.);
#49100=ORIENTED_EDGE('',*,*,#2770,.F.);
#49110=EDGE_LOOP('',(#49100,#49090,#49080,#49070));
#49120=FACE_OUTER_BOUND('',#49110,.T.);
#49130=ADVANCED_FACE('',(#49120),#49060,.F.);
#49140=CARTESIAN_POINT('',(10.75,-19.75,0.));
#49150=DIRECTION('',(0.,0.,1.));
#49160=DIRECTION('',(1.,0.,0.));
#49170=AXIS2_PLACEMENT_3D('',#49140,#49150,#49160);
#49180=CYLINDRICAL_SURFACE('',#49170,10.);
#49190=CARTESIAN_POINT('',(11.78594689986,-29.6961959572829,0.));
#49200=DIRECTION('',(0.,0.,1.));
#49210=VECTOR('',#49200,1.);
#49220=LINE('',#49190,#49210);
#49230=EDGE_CURVE('',#2890,#30250,#49220,.T.);
#49240=ORIENTED_EDGE('',*,*,#49230,.F.);
#49250=ORIENTED_EDGE('',*,*,#30530,.T.);
#49260=CARTESIAN_POINT('',(1.17517810824856,-16.8650761290396,0.));
#49270=DIRECTION('',(0.,0.,1.));
#49280=VECTOR('',#49270,1.);
#49290=LINE('',#49260,#49280);
#49300=EDGE_CURVE('',#2870,#30450,#49290,.T.);
#49310=ORIENTED_EDGE('',*,*,#49300,.T.);
#49320=ORIENTED_EDGE('',*,*,#2900,.F.);
#49330=EDGE_LOOP('',(#49320,#49310,#49250,#49240));
#49340=FACE_OUTER_BOUND('',#49330,.T.);
#49350=ADVANCED_FACE('',(#49340),#49180,.F.);
#49360=CARTESIAN_POINT('',(3.37500000000002,-12.375,0.));
#49370=DIRECTION('',(0.,0.,1.));
#49380=DIRECTION('',(1.,0.,0.));
#49390=AXIS2_PLACEMENT_3D('',#49360,#49370,#49380);
#49400=CYLINDRICAL_SURFACE('',#49390,5.);
#49410=ORIENTED_EDGE('',*,*,#49300,.F.);
#49420=ORIENTED_EDGE('',*,*,#30460,.T.);
#49430=CARTESIAN_POINT('',(7.86507612903959,-10.1751781082486,0.));
#49440=DIRECTION('',(0.,0.,1.));
#49450=VECTOR('',#49440,1.);
#49460=LINE('',#49430,#49450);
#49470=EDGE_CURVE('',#2980,#30360,#49460,.T.);
#49480=ORIENTED_EDGE('',*,*,#49470,.T.);
#49490=ORIENTED_EDGE('',*,*,#2990,.F.);
#49500=EDGE_LOOP('',(#49490,#49480,#49420,#49410));
#49510=FACE_OUTER_BOUND('',#49500,.T.);
#49520=ADVANCED_FACE('',(#49510),#49400,.F.);
#49530=CARTESIAN_POINT('',(10.75,-19.75,0.));
#49540=DIRECTION('',(0.,0.,1.));
#49550=DIRECTION('',(1.,0.,0.));
#49560=AXIS2_PLACEMENT_3D('',#49530,#49540,#49550);
#49570=CYLINDRICAL_SURFACE('',#49560,10.);
#49580=ORIENTED_EDGE('',*,*,#49470,.F.);
#49590=ORIENTED_EDGE('',*,*,#30370,.T.);
#49600=CARTESIAN_POINT('',(20.6961959572829,-20.7859468998599,0.));
#49610=DIRECTION('',(0.,0.,1.));
#49620=VECTOR('',#49610,1.);
#49630=LINE('',#49600,#49620);
#49640=EDGE_CURVE('',#3070,#30270,#49630,.T.);
#49650=ORIENTED_EDGE('',*,*,#49640,.T.);
#49660=ORIENTED_EDGE('',*,*,#3080,.F.);
#49670=EDGE_LOOP('',(#49660,#49650,#49590,#49580));
#49680=FACE_OUTER_BOUND('',#49670,.T.);
#49690=ADVANCED_FACE('',(#49680),#49570,.F.);
#49700=CARTESIAN_POINT('',(23.875,-32.875,0.));
#49710=DIRECTION('',(0.,0.,1.));
#49720=DIRECTION('',(1.,0.,0.));
#49730=AXIS2_PLACEMENT_3D('',#49700,#49710,#49720);
#49740=CYLINDRICAL_SURFACE('',#49730,12.5);
#49750=ORIENTED_EDGE('',*,*,#49640,.F.);
#49760=ORIENTED_EDGE('',*,*,#30280,.T.);
#49770=ORIENTED_EDGE('',*,*,#49230,.T.);
#49780=ORIENTED_EDGE('',*,*,#3150,.F.);
#49790=EDGE_LOOP('',(#49780,#49770,#49760,#49750));
#49800=FACE_OUTER_BOUND('',#49790,.T.);
#49810=ADVANCED_FACE('',(#49800),#49740,.F.);
#49820=CARTESIAN_POINT('',(83.625,-32.875,0.));
#49830=DIRECTION('',(0.,0.,1.));
#49840=DIRECTION('',(1.,0.,0.));
#49850=AXIS2_PLACEMENT_3D('',#49820,#49830,#49840);
#49860=CYLINDRICAL_SURFACE('',#49850,12.5);
#49870=CARTESIAN_POINT('',(95.71405310014,-29.6961959572829,0.));
#49880=DIRECTION('',(0.,0.,1.));
#49890=VECTOR('',#49880,1.);
#49900=LINE('',#49870,#49890);
#49910=EDGE_CURVE('',#3270,#22410,#49900,.T.);
#49920=ORIENTED_EDGE('',*,*,#49910,.F.);
#49930=ORIENTED_EDGE('',*,*,#22690,.T.);
#49940=CARTESIAN_POINT('',(86.8038040427171,-20.78594689986,0.));
#49950=DIRECTION('',(0.,0.,1.));
#49960=VECTOR('',#49950,1.);
#49970=LINE('',#49940,#49960);
#49980=EDGE_CURVE('',#3250,#22610,#49970,.T.);
#49990=ORIENTED_EDGE('',*,*,#49980,.T.);
#50000=ORIENTED_EDGE('',*,*,#3280,.F.);
#50010=EDGE_LOOP('',(#50000,#49990,#49930,#49920));
#50020=FACE_OUTER_BOUND('',#50010,.T.);
#50030=ADVANCED_FACE('',(#50020),#49860,.F.);
#50040=CARTESIAN_POINT('',(96.75,-19.75,0.));
#50050=DIRECTION('',(0.,0.,1.));
#50060=DIRECTION('',(1.,0.,0.));
#50070=AXIS2_PLACEMENT_3D('',#50040,#50050,#50060);
#50080=CYLINDRICAL_SURFACE('',#50070,10.);
#50090=ORIENTED_EDGE('',*,*,#49980,.F.);
#50100=ORIENTED_EDGE('',*,*,#22620,.T.);
#50110=CARTESIAN_POINT('',(99.6349238709604,-10.1751781082486,0.));
#50120=DIRECTION('',(0.,0.,1.));
#50130=VECTOR('',#50120,1.);
#50140=LINE('',#50110,#50130);
#50150=EDGE_CURVE('',#3360,#22520,#50140,.T.);
#50160=ORIENTED_EDGE('',*,*,#50150,.T.);
#50170=ORIENTED_EDGE('',*,*,#3370,.F.);
#50180=EDGE_LOOP('',(#50170,#50160,#50100,#50090));
#50190=FACE_OUTER_BOUND('',#50180,.T.);
#50200=ADVANCED_FACE('',(#50190),#50080,.F.);
#50210=CARTESIAN_POINT('',(104.125,-12.375,0.));
#50220=DIRECTION('',(0.,0.,1.));
#50230=DIRECTION('',(1.,0.,0.));
#50240=AXIS2_PLACEMENT_3D('',#50210,#50220,#50230);
#50250=CYLINDRICAL_SURFACE('',#50240,5.);
#50260=ORIENTED_EDGE('',*,*,#50150,.F.);
#50270=ORIENTED_EDGE('',*,*,#22530,.T.);
#50280=CARTESIAN_POINT('',(106.324821891751,-16.8650761290396,0.));
#50290=DIRECTION('',(0.,0.,1.));
#50300=VECTOR('',#50290,1.);
#50310=LINE('',#50280,#50300);
#50320=EDGE_CURVE('',#3450,#22430,#50310,.T.);
#50330=ORIENTED_EDGE('',*,*,#50320,.T.);
#50340=ORIENTED_EDGE('',*,*,#3460,.F.);
#50350=EDGE_LOOP('',(#50340,#50330,#50270,#50260));
#50360=FACE_OUTER_BOUND('',#50350,.T.);
#50370=ADVANCED_FACE('',(#50360),#50250,.F.);
#50380=CARTESIAN_POINT('',(96.75,-19.75,0.));
#50390=DIRECTION('',(0.,0.,1.));
#50400=DIRECTION('',(1.,0.,0.));
#50410=AXIS2_PLACEMENT_3D('',#50380,#50390,#50400);
#50420=CYLINDRICAL_SURFACE('',#50410,10.);
#50430=ORIENTED_EDGE('',*,*,#50320,.F.);
#50440=ORIENTED_EDGE('',*,*,#22440,.T.);
#50450=ORIENTED_EDGE('',*,*,#49910,.T.);
#50460=ORIENTED_EDGE('',*,*,#3530,.F.);
#50470=EDGE_LOOP('',(#50460,#50450,#50440,#50430));
#50480=FACE_OUTER_BOUND('',#50470,.T.);
#50490=ADVANCED_FACE('',(#50480),#50420,.F.);
#50500=CARTESIAN_POINT('',(44.375,-72.125,0.));
#50510=DIRECTION('',(0.,0.,1.));
#50520=DIRECTION('',(1.,0.,0.));
#50530=AXIS2_PLACEMENT_3D('',#50500,#50510,#50520);
#50540=CYLINDRICAL_SURFACE('',#50530,5.);
#50550=CARTESIAN_POINT('',(48.8926417011893,-74.2676417011893,0.));
#50560=DIRECTION('',(0.,0.,1.));
#50570=VECTOR('',#50560,1.);
#50580=LINE('',#50550,#50570);
#50590=EDGE_CURVE('',#3650,#34230,#50580,.T.);
#50600=ORIENTED_EDGE('',*,*,#50590,.F.);
#50610=ORIENTED_EDGE('',*,*,#34870,.T.);
#50620=CARTESIAN_POINT('',(42.2323582988107,-67.6073582988107,0.));
#50630=DIRECTION('',(0.,0.,1.));
#50640=VECTOR('',#50630,1.);
#50650=LINE('',#50620,#50640);
#50660=EDGE_CURVE('',#3630,#34790,#50650,.T.);
#50670=ORIENTED_EDGE('',*,*,#50660,.T.);
#50680=ORIENTED_EDGE('',*,*,#3660,.F.);
#50690=EDGE_LOOP('',(#50680,#50670,#50610,#50600));
#50700=FACE_OUTER_BOUND('',#50690,.T.);
#50710=ADVANCED_FACE('',(#50700),#50540,.F.);
#50720=CARTESIAN_POINT('',(53.75,-62.75,0.));
#50730=DIRECTION('',(0.,0.,1.));
#50740=DIRECTION('',(1.,0.,0.));
#50750=AXIS2_PLACEMENT_3D('',#50720,#50730,#50740);
#50760=CYLINDRICAL_SURFACE('',#50750,12.5);
#50770=ORIENTED_EDGE('',*,*,#50660,.F.);
#50780=ORIENTED_EDGE('',*,*,#34800,.T.);
#50790=CARTESIAN_POINT('',(42.2323582988107,-57.8926417011893,0.));
#50800=DIRECTION('',(0.,0.,1.));
#50810=VECTOR('',#50800,1.);
#50820=LINE('',#50790,#50810);
#50830=EDGE_CURVE('',#3740,#34700,#50820,.T.);
#50840=ORIENTED_EDGE('',*,*,#50830,.T.);
#50850=ORIENTED_EDGE('',*,*,#3750,.F.);
#50860=EDGE_LOOP('',(#50850,#50840,#50780,#50770));
#50870=FACE_OUTER_BOUND('',#50860,.T.);
#50880=ADVANCED_FACE('',(#50870),#50760,.F.);
#50890=CARTESIAN_POINT('',(44.375,-53.375,0.));
#50900=DIRECTION('',(0.,0.,1.));
#50910=DIRECTION('',(1.,0.,0.));
#50920=AXIS2_PLACEMENT_3D('',#50890,#50900,#50910);
#50930=CYLINDRICAL_SURFACE('',#50920,5.);
#50940=ORIENTED_EDGE('',*,*,#50830,.F.);
#50950=ORIENTED_EDGE('',*,*,#34710,.T.);
#50960=CARTESIAN_POINT('',(48.8926417011893,-51.2323582988107,0.));
#50970=DIRECTION('',(0.,0.,1.));
#50980=VECTOR('',#50970,1.);
#50990=LINE('',#50960,#50980);
#51000=EDGE_CURVE('',#3830,#34610,#50990,.T.);
#51010=ORIENTED_EDGE('',*,*,#51000,.T.);
#51020=ORIENTED_EDGE('',*,*,#3840,.F.);
#51030=EDGE_LOOP('',(#51020,#51010,#50950,#50940));
#51040=FACE_OUTER_BOUND('',#51030,.T.);
#51050=ADVANCED_FACE('',(#51040),#50930,.F.);
#51060=CARTESIAN_POINT('',(53.75,-62.75,0.));
#51070=DIRECTION('',(0.,0.,1.));
#51080=DIRECTION('',(1.,0.,0.));
#51090=AXIS2_PLACEMENT_3D('',#51060,#51070,#51080);
#51100=CYLINDRICAL_SURFACE('',#51090,12.5);
#51110=ORIENTED_EDGE('',*,*,#51000,.F.);
#51120=ORIENTED_EDGE('',*,*,#34620,.T.);
#51130=CARTESIAN_POINT('',(58.6073582988107,-51.2323582988107,0.));
#51140=DIRECTION('',(0.,0.,1.));
#51150=VECTOR('',#51140,1.);
#51160=LINE('',#51130,#51150);
#51170=EDGE_CURVE('',#3920,#34520,#51160,.T.);
#51180=ORIENTED_EDGE('',*,*,#51170,.T.);
#51190=ORIENTED_EDGE('',*,*,#3930,.F.);
#51200=EDGE_LOOP('',(#51190,#51180,#51120,#51110));
#51210=FACE_OUTER_BOUND('',#51200,.T.);
#51220=ADVANCED_FACE('',(#51210),#51100,.F.);
#51230=CARTESIAN_POINT('',(63.125,-53.375,0.));
#51240=DIRECTION('',(0.,0.,1.));
#51250=DIRECTION('',(1.,0.,0.));
#51260=AXIS2_PLACEMENT_3D('',#51230,#51240,#51250);
#51270=CYLINDRICAL_SURFACE('',#51260,5.);
#51280=ORIENTED_EDGE('',*,*,#51170,.F.);
#51290=ORIENTED_EDGE('',*,*,#34530,.T.);
#51300=CARTESIAN_POINT('',(65.2676417011893,-57.8926417011893,0.));
#51310=DIRECTION('',(0.,0.,1.));
#51320=VECTOR('',#51310,1.);
#51330=LINE('',#51300,#51320);
#51340=EDGE_CURVE('',#4010,#34430,#51330,.T.);
#51350=ORIENTED_EDGE('',*,*,#51340,.T.);
#51360=ORIENTED_EDGE('',*,*,#4020,.F.);
#51370=EDGE_LOOP('',(#51360,#51350,#51290,#51280));
#51380=FACE_OUTER_BOUND('',#51370,.T.);
#51390=ADVANCED_FACE('',(#51380),#51270,.F.);
#51400=CARTESIAN_POINT('',(53.75,-62.75,0.));
#51410=DIRECTION('',(0.,0.,1.));
#51420=DIRECTION('',(1.,0.,0.));
#51430=AXIS2_PLACEMENT_3D('',#51400,#51410,#51420);
#51440=CYLINDRICAL_SURFACE('',#51430,12.5);
#51450=ORIENTED_EDGE('',*,*,#51340,.F.);
#51460=ORIENTED_EDGE('',*,*,#34440,.T.);
#51470=CARTESIAN_POINT('',(65.2676417011893,-67.6073582988107,0.));
#51480=DIRECTION('',(0.,0.,1.));
#51490=VECTOR('',#51480,1.);
#51500=LINE('',#51470,#51490);
#51510=EDGE_CURVE('',#4100,#34340,#51500,.T.);
#51520=ORIENTED_EDGE('',*,*,#51510,.T.);
#51530=ORIENTED_EDGE('',*,*,#4110,.F.);
#51540=EDGE_LOOP('',(#51530,#51520,#51460,#51450));
#51550=FACE_OUTER_BOUND('',#51540,.T.);
#51560=ADVANCED_FACE('',(#51550),#51440,.F.);
#51570=CARTESIAN_POINT('',(63.125,-72.125,0.));
#51580=DIRECTION('',(0.,0.,1.));
#51590=DIRECTION('',(1.,0.,0.));
#51600=AXIS2_PLACEMENT_3D('',#51570,#51580,#51590);
#51610=CYLINDRICAL_SURFACE('',#51600,5.00000000000001);
#51620=ORIENTED_EDGE('',*,*,#51510,.F.);
#51630=ORIENTED_EDGE('',*,*,#34350,.T.);
#51640=CARTESIAN_POINT('',(58.6073582988107,-74.2676417011893,0.));
#51650=DIRECTION('',(0.,0.,1.));
#51660=VECTOR('',#51650,1.);
#51670=LINE('',#51640,#51660);
#51680=EDGE_CURVE('',#4190,#34250,#51670,.T.);
#51690=ORIENTED_EDGE('',*,*,#51680,.T.);
#51700=ORIENTED_EDGE('',*,*,#4200,.F.);
#51710=EDGE_LOOP('',(#51700,#51690,#51630,#51620));
#51720=FACE_OUTER_BOUND('',#51710,.T.);
#51730=ADVANCED_FACE('',(#51720),#51610,.F.);
#51740=CARTESIAN_POINT('',(53.75,-62.75,0.));
#51750=DIRECTION('',(0.,0.,1.));
#51760=DIRECTION('',(1.,0.,0.));
#51770=AXIS2_PLACEMENT_3D('',#51740,#51750,#51760);
#51780=CYLINDRICAL_SURFACE('',#51770,12.5);
#51790=ORIENTED_EDGE('',*,*,#51680,.F.);
#51800=ORIENTED_EDGE('',*,*,#34260,.T.);
#51810=ORIENTED_EDGE('',*,*,#50590,.T.);
#51820=ORIENTED_EDGE('',*,*,#4270,.F.);
#51830=EDGE_LOOP('',(#51820,#51810,#51800,#51790));
#51840=FACE_OUTER_BOUND('',#51830,.T.);
#51850=ADVANCED_FACE('',(#51840),#51780,.F.);
#51860=CARTESIAN_POINT('',(53.75,-62.75,3.));
#51870=DIRECTION('',(0.,0.,1.));
#51880=DIRECTION('',(1.,0.,0.));
#51890=AXIS2_PLACEMENT_3D('',#51860,#51870,#51880);
#51900=CYLINDRICAL_SURFACE('',#51890,20.);
#51910=CARTESIAN_POINT('',(33.75,-62.75,3.));
#51920=DIRECTION('',(0.,0.,1.));
#51930=VECTOR('',#51920,1.);
#51940=LINE('',#51910,#51930);
#51950=EDGE_CURVE('',#34100,#44300,#51940,.T.);
#51960=ORIENTED_EDGE('',*,*,#51950,.T.);
#51970=ORIENTED_EDGE('',*,*,#34130,.F.);
#51980=CARTESIAN_POINT('',(73.75,-62.75,3.));
#51990=DIRECTION('',(0.,0.,1.));
#52000=VECTOR('',#51990,1.);
#52010=LINE('',#51980,#52000);
#52020=EDGE_CURVE('',#34080,#44280,#52010,.T.);
#52030=ORIENTED_EDGE('',*,*,#52020,.F.);
#52040=ORIENTED_EDGE('',*,*,#44330,.T.);
#52050=EDGE_LOOP('',(#52040,#52030,#51970,#51960));
#52060=FACE_OUTER_BOUND('',#52050,.T.);
#52070=ADVANCED_FACE('',(#52060),#51900,.F.);
#52080=CARTESIAN_POINT('',(53.75,-62.75,3.));
#52090=DIRECTION('',(0.,0.,1.));
#52100=DIRECTION('',(1.,0.,0.));
#52110=AXIS2_PLACEMENT_3D('',#52080,#52090,#52100);
#52120=CYLINDRICAL_SURFACE('',#52110,20.);
#52130=ORIENTED_EDGE('',*,*,#34110,.F.);
#52140=ORIENTED_EDGE('',*,*,#51950,.F.);
#52150=ORIENTED_EDGE('',*,*,#44310,.T.);
#52160=ORIENTED_EDGE('',*,*,#52020,.T.);
#52170=EDGE_LOOP('',(#52160,#52150,#52140,#52130));
#52180=FACE_OUTER_BOUND('',#52170,.T.);
#52190=ADVANCED_FACE('',(#52180),#52120,.F.);
#52200=CARTESIAN_POINT('',(83.625,-92.625,0.));
#52210=DIRECTION('',(0.,0.,1.));
#52220=DIRECTION('',(1.,0.,0.));
#52230=AXIS2_PLACEMENT_3D('',#52200,#52210,#52220);
#52240=CYLINDRICAL_SURFACE('',#52230,12.5);
#52250=CARTESIAN_POINT('',(86.8038040427171,-104.71405310014,0.));
#52260=DIRECTION('',(0.,0.,1.));
#52270=VECTOR('',#52260,1.);
#52280=LINE('',#52250,#52270);
#52290=EDGE_CURVE('',#4390,#25770,#52280,.T.);
#52300=ORIENTED_EDGE('',*,*,#52290,.F.);
#52310=ORIENTED_EDGE('',*,*,#26050,.T.);
#52320=CARTESIAN_POINT('',(95.7140531001401,-95.8038040427171,0.));
#52330=DIRECTION('',(0.,0.,1.));
#52340=VECTOR('',#52330,1.);
#52350=LINE('',#52320,#52340);
#52360=EDGE_CURVE('',#4370,#25970,#52350,.T.);
#52370=ORIENTED_EDGE('',*,*,#52360,.T.);
#52380=ORIENTED_EDGE('',*,*,#4400,.F.);
#52390=EDGE_LOOP('',(#52380,#52370,#52310,#52300));
#52400=FACE_OUTER_BOUND('',#52390,.T.);
#52410=ADVANCED_FACE('',(#52400),#52240,.F.);
#52420=CARTESIAN_POINT('',(96.75,-105.75,0.));
#52430=DIRECTION('',(0.,0.,1.));
#52440=DIRECTION('',(1.,0.,0.));
#52450=AXIS2_PLACEMENT_3D('',#52420,#52430,#52440);
#52460=CYLINDRICAL_SURFACE('',#52450,10.);
#52470=ORIENTED_EDGE('',*,*,#52360,.F.);
#52480=ORIENTED_EDGE('',*,*,#25980,.T.);
#52490=CARTESIAN_POINT('',(106.324821891751,-108.63492387096,0.));
#52500=DIRECTION('',(0.,0.,1.));
#52510=VECTOR('',#52500,1.);
#52520=LINE('',#52490,#52510);
#52530=EDGE_CURVE('',#4480,#25880,#52520,.T.);
#52540=ORIENTED_EDGE('',*,*,#52530,.T.);
#52550=ORIENTED_EDGE('',*,*,#4490,.F.);
#52560=EDGE_LOOP('',(#52550,#52540,#52480,#52470));
#52570=FACE_OUTER_BOUND('',#52560,.T.);
#52580=ADVANCED_FACE('',(#52570),#52460,.F.);
#52590=CARTESIAN_POINT('',(104.125,-113.125,0.));
#52600=DIRECTION('',(0.,0.,1.));
#52610=DIRECTION('',(1.,0.,0.));
#52620=AXIS2_PLACEMENT_3D('',#52590,#52600,#52610);
#52630=CYLINDRICAL_SURFACE('',#52620,5.);
#52640=ORIENTED_EDGE('',*,*,#52530,.F.);
#52650=ORIENTED_EDGE('',*,*,#25890,.T.);
#52660=CARTESIAN_POINT('',(99.6349238709604,-115.324821891751,0.));
#52670=DIRECTION('',(0.,0.,1.));
#52680=VECTOR('',#52670,1.);
#52690=LINE('',#52660,#52680);
#52700=EDGE_CURVE('',#4570,#25790,#52690,.T.);
#52710=ORIENTED_EDGE('',*,*,#52700,.T.);
#52720=ORIENTED_EDGE('',*,*,#4580,.F.);
#52730=EDGE_LOOP('',(#52720,#52710,#52650,#52640));
#52740=FACE_OUTER_BOUND('',#52730,.T.);
#52750=ADVANCED_FACE('',(#52740),#52630,.F.);
#52760=CARTESIAN_POINT('',(96.75,-105.75,0.));
#52770=DIRECTION('',(0.,0.,1.));
#52780=DIRECTION('',(1.,0.,0.));
#52790=AXIS2_PLACEMENT_3D('',#52760,#52770,#52780);
#52800=CYLINDRICAL_SURFACE('',#52790,10.);
#52810=ORIENTED_EDGE('',*,*,#52700,.F.);
#52820=ORIENTED_EDGE('',*,*,#25800,.T.);
#52830=ORIENTED_EDGE('',*,*,#52290,.T.);
#52840=ORIENTED_EDGE('',*,*,#4650,.F.);
#52850=EDGE_LOOP('',(#52840,#52830,#52820,#52810));
#52860=FACE_OUTER_BOUND('',#52850,.T.);
#52870=ADVANCED_FACE('',(#52860),#52800,.F.);
#52880=CARTESIAN_POINT('',(3.37499999999999,-113.125,0.));
#52890=DIRECTION('',(0.,0.,1.));
#52900=DIRECTION('',(1.,0.,0.));
#52910=AXIS2_PLACEMENT_3D('',#52880,#52890,#52900);
#52920=CYLINDRICAL_SURFACE('',#52910,5.);
#52930=CARTESIAN_POINT('',(7.86507612903958,-115.324821891751,0.));
#52940=DIRECTION('',(0.,0.,1.));
#52950=VECTOR('',#52940,1.);
#52960=LINE('',#52930,#52950);
#52970=EDGE_CURVE('',#4770,#15690,#52960,.T.);
#52980=ORIENTED_EDGE('',*,*,#52970,.F.);
#52990=ORIENTED_EDGE('',*,*,#15970,.T.);
#53000=CARTESIAN_POINT('',(1.17517810824855,-108.63492387096,0.));
#53010=DIRECTION('',(0.,0.,1.));
#53020=VECTOR('',#53010,1.);
#53030=LINE('',#53000,#53020);
#53040=EDGE_CURVE('',#4750,#15890,#53030,.T.);
#53050=ORIENTED_EDGE('',*,*,#53040,.T.);
#53060=ORIENTED_EDGE('',*,*,#4780,.F.);
#53070=EDGE_LOOP('',(#53060,#53050,#52990,#52980));
#53080=FACE_OUTER_BOUND('',#53070,.T.);
#53090=ADVANCED_FACE('',(#53080),#52920,.F.);
#53100=CARTESIAN_POINT('',(10.75,-105.75,0.));
#53110=DIRECTION('',(0.,0.,1.));
#53120=DIRECTION('',(1.,0.,0.));
#53130=AXIS2_PLACEMENT_3D('',#53100,#53110,#53120);
#53140=CYLINDRICAL_SURFACE('',#53130,10.);
#53150=ORIENTED_EDGE('',*,*,#53040,.F.);
#53160=ORIENTED_EDGE('',*,*,#15900,.T.);
#53170=CARTESIAN_POINT('',(11.78594689986,-95.8038040427171,0.));
#53180=DIRECTION('',(0.,0.,1.));
#53190=VECTOR('',#53180,1.);
#53200=LINE('',#53170,#53190);
#53210=EDGE_CURVE('',#4860,#15800,#53200,.T.);
#53220=ORIENTED_EDGE('',*,*,#53210,.T.);
#53230=ORIENTED_EDGE('',*,*,#4870,.F.);
#53240=EDGE_LOOP('',(#53230,#53220,#53160,#53150));
#53250=FACE_OUTER_BOUND('',#53240,.T.);
#53260=ADVANCED_FACE('',(#53250),#53140,.F.);
#53270=CARTESIAN_POINT('',(23.875,-92.625,0.));
#53280=DIRECTION('',(0.,0.,1.));
#53290=DIRECTION('',(1.,0.,0.));
#53300=AXIS2_PLACEMENT_3D('',#53270,#53280,#53290);
#53310=CYLINDRICAL_SURFACE('',#53300,12.5);
#53320=ORIENTED_EDGE('',*,*,#53210,.F.);
#53330=ORIENTED_EDGE('',*,*,#15810,.T.);
#53340=CARTESIAN_POINT('',(20.6961959572829,-104.71405310014,0.));
#53350=DIRECTION('',(0.,0.,1.));
#53360=VECTOR('',#53350,1.);
#53370=LINE('',#53340,#53360);
#53380=EDGE_CURVE('',#4950,#15710,#53370,.T.);
#53390=ORIENTED_EDGE('',*,*,#53380,.T.);
#53400=ORIENTED_EDGE('',*,*,#4960,.F.);
#53410=EDGE_LOOP('',(#53400,#53390,#53330,#53320));
#53420=FACE_OUTER_BOUND('',#53410,.T.);
#53430=ADVANCED_FACE('',(#53420),#53310,.F.);
#53440=CARTESIAN_POINT('',(10.75,-105.75,0.));
#53450=DIRECTION('',(0.,0.,1.));
#53460=DIRECTION('',(1.,0.,0.));
#53470=AXIS2_PLACEMENT_3D('',#53440,#53450,#53460);
#53480=CYLINDRICAL_SURFACE('',#53470,10.);
#53490=ORIENTED_EDGE('',*,*,#53380,.F.);
#53500=ORIENTED_EDGE('',*,*,#15720,.T.);
#53510=ORIENTED_EDGE('',*,*,#52970,.T.);
#53520=ORIENTED_EDGE('',*,*,#5030,.F.);
#53530=EDGE_LOOP('',(#53520,#53510,#53500,#53490));
#53540=FACE_OUTER_BOUND('',#53530,.T.);
#53550=ADVANCED_FACE('',(#53540),#53480,.F.);
#53560=CARTESIAN_POINT('',(-116.125,-113.125,0.));
#53570=DIRECTION('',(0.,0.,1.));
#53580=DIRECTION('',(1.,0.,0.));
#53590=AXIS2_PLACEMENT_3D('',#53560,#53570,#53580);
#53600=CYLINDRICAL_SURFACE('',#53590,5.);
#53610=CARTESIAN_POINT('',(-111.63492387096,-115.324821891751,0.));
#53620=DIRECTION('',(0.,0.,1.));
#53630=VECTOR('',#53620,1.);
#53640=LINE('',#53610,#53630);
#53650=EDGE_CURVE('',#5150,#19050,#53640,.T.);
#53660=ORIENTED_EDGE('',*,*,#53650,.F.);
#53670=ORIENTED_EDGE('',*,*,#19330,.T.);
#53680=CARTESIAN_POINT('',(-118.324821891751,-108.63492387096,0.));
#53690=DIRECTION('',(0.,0.,1.));
#53700=VECTOR('',#53690,1.);
#53710=LINE('',#53680,#53700);
#53720=EDGE_CURVE('',#5130,#19250,#53710,.T.);
#53730=ORIENTED_EDGE('',*,*,#53720,.T.);
#53740=ORIENTED_EDGE('',*,*,#5160,.F.);
#53750=EDGE_LOOP('',(#53740,#53730,#53670,#53660));
#53760=FACE_OUTER_BOUND('',#53750,.T.);
#53770=ADVANCED_FACE('',(#53760),#53600,.F.);
#53780=CARTESIAN_POINT('',(-108.75,-105.75,0.));
#53790=DIRECTION('',(0.,0.,1.));
#53800=DIRECTION('',(1.,0.,0.));
#53810=AXIS2_PLACEMENT_3D('',#53780,#53790,#53800);
#53820=CYLINDRICAL_SURFACE('',#53810,10.);
#53830=ORIENTED_EDGE('',*,*,#53720,.F.);
#53840=ORIENTED_EDGE('',*,*,#19260,.T.);
#53850=CARTESIAN_POINT('',(-107.71405310014,-95.8038040427171,0.));
#53860=DIRECTION('',(0.,0.,1.));
#53870=VECTOR('',#53860,1.);
#53880=LINE('',#53850,#53870);
#53890=EDGE_CURVE('',#5240,#19160,#53880,.T.);
#53900=ORIENTED_EDGE('',*,*,#53890,.T.);
#53910=ORIENTED_EDGE('',*,*,#5250,.F.);
#53920=EDGE_LOOP('',(#53910,#53900,#53840,#53830));
#53930=FACE_OUTER_BOUND('',#53920,.T.);
#53940=ADVANCED_FACE('',(#53930),#53820,.F.);
#53950=CARTESIAN_POINT('',(-95.625,-92.625,0.));
#53960=DIRECTION('',(0.,0.,1.));
#53970=DIRECTION('',(1.,0.,0.));
#53980=AXIS2_PLACEMENT_3D('',#53950,#53960,#53970);
#53990=CYLINDRICAL_SURFACE('',#53980,12.5);
#54000=ORIENTED_EDGE('',*,*,#53890,.F.);
#54010=ORIENTED_EDGE('',*,*,#19170,.T.);
#54020=CARTESIAN_POINT('',(-98.8038040427171,-104.71405310014,0.));
#54030=DIRECTION('',(0.,0.,1.));
#54040=VECTOR('',#54030,1.);
#54050=LINE('',#54020,#54040);
#54060=EDGE_CURVE('',#5330,#19070,#54050,.T.);
#54070=ORIENTED_EDGE('',*,*,#54060,.T.);
#54080=ORIENTED_EDGE('',*,*,#5340,.F.);
#54090=EDGE_LOOP('',(#54080,#54070,#54010,#54000));
#54100=FACE_OUTER_BOUND('',#54090,.T.);
#54110=ADVANCED_FACE('',(#54100),#53990,.F.);
#54120=CARTESIAN_POINT('',(-108.75,-105.75,0.));
#54130=DIRECTION('',(0.,0.,1.));
#54140=DIRECTION('',(1.,0.,0.));
#54150=AXIS2_PLACEMENT_3D('',#54120,#54130,#54140);
#54160=CYLINDRICAL_SURFACE('',#54150,10.);
#54170=ORIENTED_EDGE('',*,*,#54060,.F.);
#54180=ORIENTED_EDGE('',*,*,#19080,.T.);
#54190=ORIENTED_EDGE('',*,*,#53650,.T.);
#54200=ORIENTED_EDGE('',*,*,#5410,.F.);
#54210=EDGE_LOOP('',(#54200,#54190,#54180,#54170));
#54220=FACE_OUTER_BOUND('',#54210,.T.);
#54230=ADVANCED_FACE('',(#54220),#54160,.F.);
#54240=CARTESIAN_POINT('',(-35.875,-92.625,0.));
#54250=DIRECTION('',(0.,0.,1.));
#54260=DIRECTION('',(1.,0.,0.));
#54270=AXIS2_PLACEMENT_3D('',#54240,#54250,#54260);
#54280=CYLINDRICAL_SURFACE('',#54270,12.5);
#54290=CARTESIAN_POINT('',(-32.6961959572829,-104.71405310014,0.));
#54300=DIRECTION('',(0.,0.,1.));
#54310=VECTOR('',#54300,1.);
#54320=LINE('',#54290,#54310);
#54330=EDGE_CURVE('',#5530,#28010,#54320,.T.);
#54340=ORIENTED_EDGE('',*,*,#54330,.F.);
#54350=ORIENTED_EDGE('',*,*,#28290,.T.);
#54360=CARTESIAN_POINT('',(-23.7859468998599,-95.8038040427171,0.));
#54370=DIRECTION('',(0.,0.,1.));
#54380=VECTOR('',#54370,1.);
#54390=LINE('',#54360,#54380);
#54400=EDGE_CURVE('',#5510,#28210,#54390,.T.);
#54410=ORIENTED_EDGE('',*,*,#54400,.T.);
#54420=ORIENTED_EDGE('',*,*,#5540,.F.);
#54430=EDGE_LOOP('',(#54420,#54410,#54350,#54340));
#54440=FACE_OUTER_BOUND('',#54430,.T.);
#54450=ADVANCED_FACE('',(#54440),#54280,.F.);
#54460=CARTESIAN_POINT('',(-22.75,-105.75,0.));
#54470=DIRECTION('',(0.,0.,1.));
#54480=DIRECTION('',(1.,0.,0.));
#54490=AXIS2_PLACEMENT_3D('',#54460,#54470,#54480);
#54500=CYLINDRICAL_SURFACE('',#54490,10.);
#54510=ORIENTED_EDGE('',*,*,#54400,.F.);
#54520=ORIENTED_EDGE('',*,*,#28220,.T.);
#54530=CARTESIAN_POINT('',(-13.1751781082486,-108.63492387096,0.));
#54540=DIRECTION('',(0.,0.,1.));
#54550=VECTOR('',#54540,1.);
#54560=LINE('',#54530,#54550);
#54570=EDGE_CURVE('',#5620,#28120,#54560,.T.);
#54580=ORIENTED_EDGE('',*,*,#54570,.T.);
#54590=ORIENTED_EDGE('',*,*,#5630,.F.);
#54600=EDGE_LOOP('',(#54590,#54580,#54520,#54510));
#54610=FACE_OUTER_BOUND('',#54600,.T.);
#54620=ADVANCED_FACE('',(#54610),#54500,.F.);
#54630=CARTESIAN_POINT('',(-15.375,-113.125,0.));
#54640=DIRECTION('',(0.,0.,1.));
#54650=DIRECTION('',(1.,0.,0.));
#54660=AXIS2_PLACEMENT_3D('',#54630,#54640,#54650);
#54670=CYLINDRICAL_SURFACE('',#54660,5.);
#54680=ORIENTED_EDGE('',*,*,#54570,.F.);
#54690=ORIENTED_EDGE('',*,*,#28130,.T.);
#54700=CARTESIAN_POINT('',(-19.8650761290396,-115.324821891751,0.));
#54710=DIRECTION('',(0.,0.,1.));
#54720=VECTOR('',#54710,1.);
#54730=LINE('',#54700,#54720);
#54740=EDGE_CURVE('',#5710,#28030,#54730,.T.);
#54750=ORIENTED_EDGE('',*,*,#54740,.T.);
#54760=ORIENTED_EDGE('',*,*,#5720,.F.);
#54770=EDGE_LOOP('',(#54760,#54750,#54690,#54680));
#54780=FACE_OUTER_BOUND('',#54770,.T.);
#54790=ADVANCED_FACE('',(#54780),#54670,.F.);
#54800=CARTESIAN_POINT('',(-22.75,-105.75,0.));
#54810=DIRECTION('',(0.,0.,1.));
#54820=DIRECTION('',(1.,0.,0.));
#54830=AXIS2_PLACEMENT_3D('',#54800,#54810,#54820);
#54840=CYLINDRICAL_SURFACE('',#54830,10.);
#54850=ORIENTED_EDGE('',*,*,#54740,.F.);
#54860=ORIENTED_EDGE('',*,*,#28040,.T.);
#54870=ORIENTED_EDGE('',*,*,#54330,.T.);
#54880=ORIENTED_EDGE('',*,*,#5790,.F.);
#54890=EDGE_LOOP('',(#54880,#54870,#54860,#54850));
#54900=FACE_OUTER_BOUND('',#54890,.T.);
#54910=ADVANCED_FACE('',(#54900),#54840,.F.);
#54920=CARTESIAN_POINT('',(-35.875,86.625,0.));
#54930=DIRECTION('',(0.,0.,1.));
#54940=DIRECTION('',(1.,0.,0.));
#54950=AXIS2_PLACEMENT_3D('',#54920,#54930,#54940);
#54960=CYLINDRICAL_SURFACE('',#54950,12.5);
#54970=CARTESIAN_POINT('',(-23.7859468998599,89.8038040427171,0.));
#54980=DIRECTION('',(0.,0.,1.));
#54990=VECTOR('',#54980,1.);
#55000=LINE('',#54970,#54990);
#55010=EDGE_CURVE('',#5910,#33390,#55000,.T.);
#55020=ORIENTED_EDGE('',*,*,#55010,.F.);
#55030=ORIENTED_EDGE('',*,*,#33670,.T.);
#55040=CARTESIAN_POINT('',(-32.6961959572829,98.7140531001401,0.));
#55050=DIRECTION('',(0.,0.,1.));
#55060=VECTOR('',#55050,1.);
#55070=LINE('',#55040,#55060);
#55080=EDGE_CURVE('',#5890,#33590,#55070,.T.);
#55090=ORIENTED_EDGE('',*,*,#55080,.T.);
#55100=ORIENTED_EDGE('',*,*,#5920,.F.);
#55110=EDGE_LOOP('',(#55100,#55090,#55030,#55020));
#55120=FACE_OUTER_BOUND('',#55110,.T.);
#55130=ADVANCED_FACE('',(#55120),#54960,.F.);
#55140=CARTESIAN_POINT('',(-22.75,99.75,0.));
#55150=DIRECTION('',(0.,0.,1.));
#55160=DIRECTION('',(1.,0.,0.));
#55170=AXIS2_PLACEMENT_3D('',#55140,#55150,#55160);
#55180=CYLINDRICAL_SURFACE('',#55170,10.);
#55190=ORIENTED_EDGE('',*,*,#55080,.F.);
#55200=ORIENTED_EDGE('',*,*,#33600,.T.);
#55210=CARTESIAN_POINT('',(-19.8650761290396,109.324821891751,0.));
#55220=DIRECTION('',(0.,0.,1.));
#55230=VECTOR('',#55220,1.);
#55240=LINE('',#55210,#55230);
#55250=EDGE_CURVE('',#6000,#33500,#55240,.T.);
#55260=ORIENTED_EDGE('',*,*,#55250,.T.);
#55270=ORIENTED_EDGE('',*,*,#6010,.F.);
#55280=EDGE_LOOP('',(#55270,#55260,#55200,#55190));
#55290=FACE_OUTER_BOUND('',#55280,.T.);
#55300=ADVANCED_FACE('',(#55290),#55180,.F.);
#55310=CARTESIAN_POINT('',(-15.375,107.125,0.));
#55320=DIRECTION('',(0.,0.,1.));
#55330=DIRECTION('',(1.,0.,0.));
#55340=AXIS2_PLACEMENT_3D('',#55310,#55320,#55330);
#55350=CYLINDRICAL_SURFACE('',#55340,5.);
#55360=ORIENTED_EDGE('',*,*,#55250,.F.);
#55370=ORIENTED_EDGE('',*,*,#33510,.T.);
#55380=CARTESIAN_POINT('',(-13.1751781082486,102.63492387096,0.));
#55390=DIRECTION('',(0.,0.,1.));
#55400=VECTOR('',#55390,1.);
#55410=LINE('',#55380,#55400);
#55420=EDGE_CURVE('',#6090,#33410,#55410,.T.);
#55430=ORIENTED_EDGE('',*,*,#55420,.T.);
#55440=ORIENTED_EDGE('',*,*,#6100,.F.);
#55450=EDGE_LOOP('',(#55440,#55430,#55370,#55360));
#55460=FACE_OUTER_BOUND('',#55450,.T.);
#55470=ADVANCED_FACE('',(#55460),#55350,.F.);
#55480=CARTESIAN_POINT('',(-22.75,99.75,0.));
#55490=DIRECTION('',(0.,0.,1.));
#55500=DIRECTION('',(1.,0.,0.));
#55510=AXIS2_PLACEMENT_3D('',#55480,#55490,#55500);
#55520=CYLINDRICAL_SURFACE('',#55510,10.);
#55530=ORIENTED_EDGE('',*,*,#55420,.F.);
#55540=ORIENTED_EDGE('',*,*,#33420,.T.);
#55550=ORIENTED_EDGE('',*,*,#55010,.T.);
#55560=ORIENTED_EDGE('',*,*,#6170,.F.);
#55570=EDGE_LOOP('',(#55560,#55550,#55540,#55530));
#55580=FACE_OUTER_BOUND('',#55570,.T.);
#55590=ADVANCED_FACE('',(#55580),#55520,.F.);
#55600=CARTESIAN_POINT('',(-65.75,56.75,0.));
#55610=DIRECTION('',(0.,0.,1.));
#55620=DIRECTION('',(1.,0.,0.));
#55630=AXIS2_PLACEMENT_3D('',#55600,#55610,#55620);
#55640=CYLINDRICAL_SURFACE('',#55630,12.5);
#55650=CARTESIAN_POINT('',(-77.2676417011893,51.8926417011893,0.));
#55660=DIRECTION('',(0.,0.,1.));
#55670=VECTOR('',#55660,1.);
#55680=LINE('',#55650,#55670);
#55690=EDGE_CURVE('',#6290,#32210,#55680,.T.);
#55700=ORIENTED_EDGE('',*,*,#55690,.F.);
#55710=ORIENTED_EDGE('',*,*,#32850,.T.);
#55720=CARTESIAN_POINT('',(-77.2676417011893,61.6073582988107,0.));
#55730=DIRECTION('',(0.,0.,1.));
#55740=VECTOR('',#55730,1.);
#55750=LINE('',#55720,#55740);
#55760=EDGE_CURVE('',#6270,#32770,#55750,.T.);
#55770=ORIENTED_EDGE('',*,*,#55760,.T.);
#55780=ORIENTED_EDGE('',*,*,#6300,.F.);
#55790=EDGE_LOOP('',(#55780,#55770,#55710,#55700));
#55800=FACE_OUTER_BOUND('',#55790,.T.);
#55810=ADVANCED_FACE('',(#55800),#55640,.F.);
#55820=CARTESIAN_POINT('',(-75.125,66.125,0.));
#55830=DIRECTION('',(0.,0.,1.));
#55840=DIRECTION('',(1.,0.,0.));
#55850=AXIS2_PLACEMENT_3D('',#55820,#55830,#55840);
#55860=CYLINDRICAL_SURFACE('',#55850,5.);
#55870=ORIENTED_EDGE('',*,*,#55760,.F.);
#55880=ORIENTED_EDGE('',*,*,#32780,.T.);
#55890=CARTESIAN_POINT('',(-70.6073582988107,68.2676417011893,0.));
#55900=DIRECTION('',(0.,0.,1.));
#55910=VECTOR('',#55900,1.);
#55920=LINE('',#55890,#55910);
#55930=EDGE_CURVE('',#6380,#32680,#55920,.T.);
#55940=ORIENTED_EDGE('',*,*,#55930,.T.);
#55950=ORIENTED_EDGE('',*,*,#6390,.F.);
#55960=EDGE_LOOP('',(#55950,#55940,#55880,#55870));
#55970=FACE_OUTER_BOUND('',#55960,.T.);
#55980=ADVANCED_FACE('',(#55970),#55860,.F.);
#55990=CARTESIAN_POINT('',(-65.75,56.75,0.));
#56000=DIRECTION('',(0.,0.,1.));
#56010=DIRECTION('',(1.,0.,0.));
#56020=AXIS2_PLACEMENT_3D('',#55990,#56000,#56010);
#56030=CYLINDRICAL_SURFACE('',#56020,12.5);
#56040=ORIENTED_EDGE('',*,*,#55930,.F.);
#56050=ORIENTED_EDGE('',*,*,#32690,.T.);
#56060=CARTESIAN_POINT('',(-60.8926417011893,68.2676417011893,0.));
#56070=DIRECTION('',(0.,0.,1.));
#56080=VECTOR('',#56070,1.);
#56090=LINE('',#56060,#56080);
#56100=EDGE_CURVE('',#6470,#32590,#56090,.T.);
#56110=ORIENTED_EDGE('',*,*,#56100,.T.);
#56120=ORIENTED_EDGE('',*,*,#6480,.F.);
#56130=EDGE_LOOP('',(#56120,#56110,#56050,#56040));
#56140=FACE_OUTER_BOUND('',#56130,.T.);
#56150=ADVANCED_FACE('',(#56140),#56030,.F.);
#56160=CARTESIAN_POINT('',(-56.375,66.125,0.));
#56170=DIRECTION('',(0.,0.,1.));
#56180=DIRECTION('',(1.,0.,0.));
#56190=AXIS2_PLACEMENT_3D('',#56160,#56170,#56180);
#56200=CYLINDRICAL_SURFACE('',#56190,5.);
#56210=ORIENTED_EDGE('',*,*,#56100,.F.);
#56220=ORIENTED_EDGE('',*,*,#32600,.T.);
#56230=CARTESIAN_POINT('',(-54.2323582988107,61.6073582988107,0.));
#56240=DIRECTION('',(0.,0.,1.));
#56250=VECTOR('',#56240,1.);
#56260=LINE('',#56230,#56250);
#56270=EDGE_CURVE('',#6560,#32500,#56260,.T.);
#56280=ORIENTED_EDGE('',*,*,#56270,.T.);
#56290=ORIENTED_EDGE('',*,*,#6570,.F.);
#56300=EDGE_LOOP('',(#56290,#56280,#56220,#56210));
#56310=FACE_OUTER_BOUND('',#56300,.T.);
#56320=ADVANCED_FACE('',(#56310),#56200,.F.);
#56330=CARTESIAN_POINT('',(-65.75,56.75,0.));
#56340=DIRECTION('',(0.,0.,1.));
#56350=DIRECTION('',(1.,0.,0.));
#56360=AXIS2_PLACEMENT_3D('',#56330,#56340,#56350);
#56370=CYLINDRICAL_SURFACE('',#56360,12.5);
#56380=ORIENTED_EDGE('',*,*,#56270,.F.);
#56390=ORIENTED_EDGE('',*,*,#32510,.T.);
#56400=CARTESIAN_POINT('',(-54.2323582988107,51.8926417011893,0.));
#56410=DIRECTION('',(0.,0.,1.));
#56420=VECTOR('',#56410,1.);
#56430=LINE('',#56400,#56420);
#56440=EDGE_CURVE('',#6650,#32410,#56430,.T.);
#56450=ORIENTED_EDGE('',*,*,#56440,.T.);
#56460=ORIENTED_EDGE('',*,*,#6660,.F.);
#56470=EDGE_LOOP('',(#56460,#56450,#56390,#56380));
#56480=FACE_OUTER_BOUND('',#56470,.T.);
#56490=ADVANCED_FACE('',(#56480),#56370,.F.);
#56500=CARTESIAN_POINT('',(-56.375,47.375,0.));
#56510=DIRECTION('',(0.,0.,1.));
#56520=DIRECTION('',(1.,0.,0.));
#56530=AXIS2_PLACEMENT_3D('',#56500,#56510,#56520);
#56540=CYLINDRICAL_SURFACE('',#56530,5.);
#56550=ORIENTED_EDGE('',*,*,#56440,.F.);
#56560=ORIENTED_EDGE('',*,*,#32420,.T.);
#56570=CARTESIAN_POINT('',(-60.8926417011893,45.2323582988107,0.));
#56580=DIRECTION('',(0.,0.,1.));
#56590=VECTOR('',#56580,1.);
#56600=LINE('',#56570,#56590);
#56610=EDGE_CURVE('',#6740,#32320,#56600,.T.);
#56620=ORIENTED_EDGE('',*,*,#56610,.T.);
#56630=ORIENTED_EDGE('',*,*,#6750,.F.);
#56640=EDGE_LOOP('',(#56630,#56620,#56560,#56550));
#56650=FACE_OUTER_BOUND('',#56640,.T.);
#56660=ADVANCED_FACE('',(#56650),#56540,.F.);
#56670=CARTESIAN_POINT('',(-65.75,56.75,0.));
#56680=DIRECTION('',(0.,0.,1.));
#56690=DIRECTION('',(1.,0.,0.));
#56700=AXIS2_PLACEMENT_3D('',#56670,#56680,#56690);
#56710=CYLINDRICAL_SURFACE('',#56700,12.5);
#56720=ORIENTED_EDGE('',*,*,#56610,.F.);
#56730=ORIENTED_EDGE('',*,*,#32330,.T.);
#56740=CARTESIAN_POINT('',(-70.6073582988107,45.2323582988107,0.));
#56750=DIRECTION('',(0.,0.,1.));
#56760=VECTOR('',#56750,1.);
#56770=LINE('',#56740,#56760);
#56780=EDGE_CURVE('',#6830,#32230,#56770,.T.);
#56790=ORIENTED_EDGE('',*,*,#56780,.T.);
#56800=ORIENTED_EDGE('',*,*,#6840,.F.);
#56810=EDGE_LOOP('',(#56800,#56790,#56730,#56720));
#56820=FACE_OUTER_BOUND('',#56810,.T.);
#56830=ADVANCED_FACE('',(#56820),#56710,.F.);
#56840=CARTESIAN_POINT('',(-75.125,47.375,0.));
#56850=DIRECTION('',(0.,0.,1.));
#56860=DIRECTION('',(1.,0.,0.));
#56870=AXIS2_PLACEMENT_3D('',#56840,#56850,#56860);
#56880=CYLINDRICAL_SURFACE('',#56870,5.);
#56890=ORIENTED_EDGE('',*,*,#56780,.F.);
#56900=ORIENTED_EDGE('',*,*,#32240,.T.);
#56910=ORIENTED_EDGE('',*,*,#55690,.T.);
#56920=ORIENTED_EDGE('',*,*,#6910,.F.);
#56930=EDGE_LOOP('',(#56920,#56910,#56900,#56890));
#56940=FACE_OUTER_BOUND('',#56930,.T.);
#56950=ADVANCED_FACE('',(#56940),#56880,.F.);
#56960=CARTESIAN_POINT('',(-65.75,56.75,3.));
#56970=DIRECTION('',(0.,0.,1.));
#56980=DIRECTION('',(1.,0.,0.));
#56990=AXIS2_PLACEMENT_3D('',#56960,#56970,#56980);
#57000=CYLINDRICAL_SURFACE('',#56990,20.);
#57010=CARTESIAN_POINT('',(-85.75,56.75,3.));
#57020=DIRECTION('',(0.,0.,1.));
#57030=VECTOR('',#57020,1.);
#57040=LINE('',#57010,#57030);
#57050=EDGE_CURVE('',#32080,#38990,#57040,.T.);
#57060=ORIENTED_EDGE('',*,*,#57050,.T.);
#57070=ORIENTED_EDGE('',*,*,#32110,.F.);
#57080=CARTESIAN_POINT('',(-45.75,56.75,3.));
#57090=DIRECTION('',(0.,0.,1.));
#57100=VECTOR('',#57090,1.);
#57110=LINE('',#57080,#57100);
#57120=EDGE_CURVE('',#32060,#38970,#57110,.T.);
#57130=ORIENTED_EDGE('',*,*,#57120,.F.);
#57140=ORIENTED_EDGE('',*,*,#39020,.T.);
#57150=EDGE_LOOP('',(#57140,#57130,#57070,#57060));
#57160=FACE_OUTER_BOUND('',#57150,.T.);
#57170=ADVANCED_FACE('',(#57160),#57000,.F.);
#57180=CARTESIAN_POINT('',(-65.75,56.75,3.));
#57190=DIRECTION('',(0.,0.,1.));
#57200=DIRECTION('',(1.,0.,0.));
#57210=AXIS2_PLACEMENT_3D('',#57180,#57190,#57200);
#57220=CYLINDRICAL_SURFACE('',#57210,20.);
#57230=ORIENTED_EDGE('',*,*,#32090,.F.);
#57240=ORIENTED_EDGE('',*,*,#57050,.F.);
#57250=ORIENTED_EDGE('',*,*,#39000,.T.);
#57260=ORIENTED_EDGE('',*,*,#57120,.T.);
#57270=EDGE_LOOP('',(#57260,#57250,#57240,#57230));
#57280=FACE_OUTER_BOUND('',#57270,.T.);
#57290=ADVANCED_FACE('',(#57280),#57220,.F.);
#57300=CARTESIAN_POINT('',(-75.125,-72.125,0.));
#57310=DIRECTION('',(0.,0.,1.));
#57320=DIRECTION('',(1.,0.,0.));
#57330=AXIS2_PLACEMENT_3D('',#57300,#57310,#57320);
#57340=CYLINDRICAL_SURFACE('',#57330,5.);
#57350=CARTESIAN_POINT('',(-70.6073582988107,-74.2676417011893,0.));
#57360=DIRECTION('',(0.,0.,1.));
#57370=VECTOR('',#57360,1.);
#57380=LINE('',#57350,#57370);
#57390=EDGE_CURVE('',#7030,#14510,#57380,.T.);
#57400=ORIENTED_EDGE('',*,*,#57390,.F.);
#57410=ORIENTED_EDGE('',*,*,#15150,.T.);
#57420=CARTESIAN_POINT('',(-77.2676417011893,-67.6073582988107,0.));
#57430=DIRECTION('',(0.,0.,1.));
#57440=VECTOR('',#57430,1.);
#57450=LINE('',#57420,#57440);
#57460=EDGE_CURVE('',#7010,#15070,#57450,.T.);
#57470=ORIENTED_EDGE('',*,*,#57460,.T.);
#57480=ORIENTED_EDGE('',*,*,#7040,.F.);
#57490=EDGE_LOOP('',(#57480,#57470,#57410,#57400));
#57500=FACE_OUTER_BOUND('',#57490,.T.);
#57510=ADVANCED_FACE('',(#57500),#57340,.F.);
#57520=CARTESIAN_POINT('',(-65.75,-62.75,0.));
#57530=DIRECTION('',(0.,0.,1.));
#57540=DIRECTION('',(1.,0.,0.));
#57550=AXIS2_PLACEMENT_3D('',#57520,#57530,#57540);
#57560=CYLINDRICAL_SURFACE('',#57550,12.5);
#57570=ORIENTED_EDGE('',*,*,#57460,.F.);
#57580=ORIENTED_EDGE('',*,*,#15080,.T.);
#57590=CARTESIAN_POINT('',(-77.2676417011893,-57.8926417011893,0.));
#57600=DIRECTION('',(0.,0.,1.));
#57610=VECTOR('',#57600,1.);
#57620=LINE('',#57590,#57610);
#57630=EDGE_CURVE('',#7120,#14980,#57620,.T.);
#57640=ORIENTED_EDGE('',*,*,#57630,.T.);
#57650=ORIENTED_EDGE('',*,*,#7130,.F.);
#57660=EDGE_LOOP('',(#57650,#57640,#57580,#57570));
#57670=FACE_OUTER_BOUND('',#57660,.T.);
#57680=ADVANCED_FACE('',(#57670),#57560,.F.);
#57690=CARTESIAN_POINT('',(-75.125,-53.375,0.));
#57700=DIRECTION('',(0.,0.,1.));
#57710=DIRECTION('',(1.,0.,0.));
#57720=AXIS2_PLACEMENT_3D('',#57690,#57700,#57710);
#57730=CYLINDRICAL_SURFACE('',#57720,5.);
#57740=ORIENTED_EDGE('',*,*,#57630,.F.);
#57750=ORIENTED_EDGE('',*,*,#14990,.T.);
#57760=CARTESIAN_POINT('',(-70.6073582988107,-51.2323582988107,0.));
#57770=DIRECTION('',(0.,0.,1.));
#57780=VECTOR('',#57770,1.);
#57790=LINE('',#57760,#57780);
#57800=EDGE_CURVE('',#7210,#14890,#57790,.T.);
#57810=ORIENTED_EDGE('',*,*,#57800,.T.);
#57820=ORIENTED_EDGE('',*,*,#7220,.F.);
#57830=EDGE_LOOP('',(#57820,#57810,#57750,#57740));
#57840=FACE_OUTER_BOUND('',#57830,.T.);
#57850=ADVANCED_FACE('',(#57840),#57730,.F.);
#57860=CARTESIAN_POINT('',(-65.75,-62.75,0.));
#57870=DIRECTION('',(0.,0.,1.));
#57880=DIRECTION('',(1.,0.,0.));
#57890=AXIS2_PLACEMENT_3D('',#57860,#57870,#57880);
#57900=CYLINDRICAL_SURFACE('',#57890,12.5);
#57910=ORIENTED_EDGE('',*,*,#57800,.F.);
#57920=ORIENTED_EDGE('',*,*,#14900,.T.);
#57930=CARTESIAN_POINT('',(-60.8926417011893,-51.2323582988107,0.));
#57940=DIRECTION('',(0.,0.,1.));
#57950=VECTOR('',#57940,1.);
#57960=LINE('',#57930,#57950);
#57970=EDGE_CURVE('',#7300,#14800,#57960,.T.);
#57980=ORIENTED_EDGE('',*,*,#57970,.T.);
#57990=ORIENTED_EDGE('',*,*,#7310,.F.);
#58000=EDGE_LOOP('',(#57990,#57980,#57920,#57910));
#58010=FACE_OUTER_BOUND('',#58000,.T.);
#58020=ADVANCED_FACE('',(#58010),#57900,.F.);
#58030=CARTESIAN_POINT('',(-56.375,-53.375,0.));
#58040=DIRECTION('',(0.,0.,1.));
#58050=DIRECTION('',(1.,0.,0.));
#58060=AXIS2_PLACEMENT_3D('',#58030,#58040,#58050);
#58070=CYLINDRICAL_SURFACE('',#58060,5.);
#58080=ORIENTED_EDGE('',*,*,#57970,.F.);
#58090=ORIENTED_EDGE('',*,*,#14810,.T.);
#58100=CARTESIAN_POINT('',(-54.2323582988107,-57.8926417011893,0.));
#58110=DIRECTION('',(0.,0.,1.));
#58120=VECTOR('',#58110,1.);
#58130=LINE('',#58100,#58120);
#58140=EDGE_CURVE('',#7390,#14710,#58130,.T.);
#58150=ORIENTED_EDGE('',*,*,#58140,.T.);
#58160=ORIENTED_EDGE('',*,*,#7400,.F.);
#58170=EDGE_LOOP('',(#58160,#58150,#58090,#58080));
#58180=FACE_OUTER_BOUND('',#58170,.T.);
#58190=ADVANCED_FACE('',(#58180),#58070,.F.);
#58200=CARTESIAN_POINT('',(-65.75,-62.75,0.));
#58210=DIRECTION('',(0.,0.,1.));
#58220=DIRECTION('',(1.,0.,0.));
#58230=AXIS2_PLACEMENT_3D('',#58200,#58210,#58220);
#58240=CYLINDRICAL_SURFACE('',#58230,12.5);
#58250=ORIENTED_EDGE('',*,*,#58140,.F.);
#58260=ORIENTED_EDGE('',*,*,#14720,.T.);
#58270=CARTESIAN_POINT('',(-54.2323582988107,-67.6073582988107,0.));
#58280=DIRECTION('',(0.,0.,1.));
#58290=VECTOR('',#58280,1.);
#58300=LINE('',#58270,#58290);
#58310=EDGE_CURVE('',#7480,#14620,#58300,.T.);
#58320=ORIENTED_EDGE('',*,*,#58310,.T.);
#58330=ORIENTED_EDGE('',*,*,#7490,.F.);
#58340=EDGE_LOOP('',(#58330,#58320,#58260,#58250));
#58350=FACE_OUTER_BOUND('',#58340,.T.);
#58360=ADVANCED_FACE('',(#58350),#58240,.F.);
#58370=CARTESIAN_POINT('',(-56.375,-72.125,0.));
#58380=DIRECTION('',(0.,0.,1.));
#58390=DIRECTION('',(1.,0.,0.));
#58400=AXIS2_PLACEMENT_3D('',#58370,#58380,#58390);
#58410=CYLINDRICAL_SURFACE('',#58400,5.);
#58420=ORIENTED_EDGE('',*,*,#58310,.F.);
#58430=ORIENTED_EDGE('',*,*,#14630,.T.);
#58440=CARTESIAN_POINT('',(-60.8926417011893,-74.2676417011893,0.));
#58450=DIRECTION('',(0.,0.,1.));
#58460=VECTOR('',#58450,1.);
#58470=LINE('',#58440,#58460);
#58480=EDGE_CURVE('',#7570,#14530,#58470,.T.);
#58490=ORIENTED_EDGE('',*,*,#58480,.T.);
#58500=ORIENTED_EDGE('',*,*,#7580,.F.);
#58510=EDGE_LOOP('',(#58500,#58490,#58430,#58420));
#58520=FACE_OUTER_BOUND('',#58510,.T.);
#58530=ADVANCED_FACE('',(#58520),#58410,.F.);
#58540=CARTESIAN_POINT('',(-65.75,-62.75,0.));
#58550=DIRECTION('',(0.,0.,1.));
#58560=DIRECTION('',(1.,0.,0.));
#58570=AXIS2_PLACEMENT_3D('',#58540,#58550,#58560);
#58580=CYLINDRICAL_SURFACE('',#58570,12.5);
#58590=ORIENTED_EDGE('',*,*,#58480,.F.);
#58600=ORIENTED_EDGE('',*,*,#14540,.T.);
#58610=ORIENTED_EDGE('',*,*,#57390,.T.);
#58620=ORIENTED_EDGE('',*,*,#7650,.F.);
#58630=EDGE_LOOP('',(#58620,#58610,#58600,#58590));
#58640=FACE_OUTER_BOUND('',#58630,.T.);
#58650=ADVANCED_FACE('',(#58640),#58580,.F.);
#58660=CARTESIAN_POINT('',(-65.75,-62.75,3.));
#58670=DIRECTION('',(0.,0.,1.));
#58680=DIRECTION('',(1.,0.,0.));
#58690=AXIS2_PLACEMENT_3D('',#58660,#58670,#58680);
#58700=CYLINDRICAL_SURFACE('',#58690,20.);
#58710=CARTESIAN_POINT('',(-85.75,-62.75,3.));
#58720=DIRECTION('',(0.,0.,1.));
#58730=VECTOR('',#58720,1.);
#58740=LINE('',#58710,#58730);
#58750=EDGE_CURVE('',#14380,#38840,#58740,.T.);
#58760=ORIENTED_EDGE('',*,*,#58750,.T.);
#58770=ORIENTED_EDGE('',*,*,#14410,.F.);
#58780=CARTESIAN_POINT('',(-45.75,-62.75,3.));
#58790=DIRECTION('',(0.,0.,1.));
#58800=VECTOR('',#58790,1.);
#58810=LINE('',#58780,#58800);
#58820=EDGE_CURVE('',#14360,#38820,#58810,.T.);
#58830=ORIENTED_EDGE('',*,*,#58820,.F.);
#58840=ORIENTED_EDGE('',*,*,#38870,.T.);
#58850=EDGE_LOOP('',(#58840,#58830,#58770,#58760));
#58860=FACE_OUTER_BOUND('',#58850,.T.);
#58870=ADVANCED_FACE('',(#58860),#58700,.F.);
#58880=CARTESIAN_POINT('',(-65.75,-62.75,3.));
#58890=DIRECTION('',(0.,0.,1.));
#58900=DIRECTION('',(1.,0.,0.));
#58910=AXIS2_PLACEMENT_3D('',#58880,#58890,#58900);
#58920=CYLINDRICAL_SURFACE('',#58910,20.);
#58930=ORIENTED_EDGE('',*,*,#14390,.F.);
#58940=ORIENTED_EDGE('',*,*,#58750,.F.);
#58950=ORIENTED_EDGE('',*,*,#38850,.T.);
#58960=ORIENTED_EDGE('',*,*,#58820,.T.);
#58970=EDGE_LOOP('',(#58960,#58950,#58940,#58930));
#58980=FACE_OUTER_BOUND('',#58970,.T.);
#58990=ADVANCED_FACE('',(#58980),#58920,.F.);
#59000=CARTESIAN_POINT('',(-35.8749999999999,26.8749999999999,0.));
#59010=DIRECTION('',(0.,0.,1.));
#59020=DIRECTION('',(1.,0.,0.));
#59030=AXIS2_PLACEMENT_3D('',#59000,#59010,#59020);
#59040=CYLINDRICAL_SURFACE('',#59030,12.5);
#59050=CARTESIAN_POINT('',(-32.6961959572829,14.7859468998599,0.));
#59060=DIRECTION('',(0.,0.,1.));
#59070=VECTOR('',#59060,1.);
#59080=LINE('',#59050,#59070);
#59090=EDGE_CURVE('',#7770,#29130,#59080,.T.);
#59100=ORIENTED_EDGE('',*,*,#59090,.F.);
#59110=ORIENTED_EDGE('',*,*,#29410,.T.);
#59120=CARTESIAN_POINT('',(-23.7859468998599,23.6961959572829,0.));
#59130=DIRECTION('',(0.,0.,1.));
#59140=VECTOR('',#59130,1.);
#59150=LINE('',#59120,#59140);
#59160=EDGE_CURVE('',#7750,#29330,#59150,.T.);
#59170=ORIENTED_EDGE('',*,*,#59160,.T.);
#59180=ORIENTED_EDGE('',*,*,#7780,.F.);
#59190=EDGE_LOOP('',(#59180,#59170,#59110,#59100));
#59200=FACE_OUTER_BOUND('',#59190,.T.);
#59210=ADVANCED_FACE('',(#59200),#59040,.F.);
#59220=CARTESIAN_POINT('',(-22.75,13.75,0.));
#59230=DIRECTION('',(0.,0.,1.));
#59240=DIRECTION('',(1.,0.,0.));
#59250=AXIS2_PLACEMENT_3D('',#59220,#59230,#59240);
#59260=CYLINDRICAL_SURFACE('',#59250,10.);
#59270=ORIENTED_EDGE('',*,*,#59160,.F.);
#59280=ORIENTED_EDGE('',*,*,#29340,.T.);
#59290=CARTESIAN_POINT('',(-13.1751781082486,10.8650761290396,0.));
#59300=DIRECTION('',(0.,0.,1.));
#59310=VECTOR('',#59300,1.);
#59320=LINE('',#59290,#59310);
#59330=EDGE_CURVE('',#7860,#29240,#59320,.T.);
#59340=ORIENTED_EDGE('',*,*,#59330,.T.);
#59350=ORIENTED_EDGE('',*,*,#7870,.F.);
#59360=EDGE_LOOP('',(#59350,#59340,#59280,#59270));
#59370=FACE_OUTER_BOUND('',#59360,.T.);
#59380=ADVANCED_FACE('',(#59370),#59260,.F.);
#59390=CARTESIAN_POINT('',(-15.375,6.37499999999998,0.));
#59400=DIRECTION('',(0.,0.,1.));
#59410=DIRECTION('',(1.,0.,0.));
#59420=AXIS2_PLACEMENT_3D('',#59390,#59400,#59410);
#59430=CYLINDRICAL_SURFACE('',#59420,5.);
#59440=ORIENTED_EDGE('',*,*,#59330,.F.);
#59450=ORIENTED_EDGE('',*,*,#29250,.T.);
#59460=CARTESIAN_POINT('',(-19.8650761290396,4.17517810824857,0.));
#59470=DIRECTION('',(0.,0.,1.));
#59480=VECTOR('',#59470,1.);
#59490=LINE('',#59460,#59480);
#59500=EDGE_CURVE('',#7950,#29150,#59490,.T.);
#59510=ORIENTED_EDGE('',*,*,#59500,.T.);
#59520=ORIENTED_EDGE('',*,*,#7960,.F.);
#59530=EDGE_LOOP('',(#59520,#59510,#59450,#59440));
#59540=FACE_OUTER_BOUND('',#59530,.T.);
#59550=ADVANCED_FACE('',(#59540),#59430,.F.);
#59560=CARTESIAN_POINT('',(-22.75,13.75,0.));
#59570=DIRECTION('',(0.,0.,1.));
#59580=DIRECTION('',(1.,0.,0.));
#59590=AXIS2_PLACEMENT_3D('',#59560,#59570,#59580);
#59600=CYLINDRICAL_SURFACE('',#59590,10.);
#59610=ORIENTED_EDGE('',*,*,#59500,.F.);
#59620=ORIENTED_EDGE('',*,*,#29160,.T.);
#59630=ORIENTED_EDGE('',*,*,#59090,.T.);
#59640=ORIENTED_EDGE('',*,*,#8030,.F.);
#59650=EDGE_LOOP('',(#59640,#59630,#59620,#59610));
#59660=FACE_OUTER_BOUND('',#59650,.T.);
#59670=ADVANCED_FACE('',(#59660),#59600,.F.);
#59680=CARTESIAN_POINT('',(-108.75,-19.75,0.));
#59690=DIRECTION('',(0.,0.,1.));
#59700=DIRECTION('',(1.,0.,0.));
#59710=AXIS2_PLACEMENT_3D('',#59680,#59690,#59700);
#59720=CYLINDRICAL_SURFACE('',#59710,10.);
#59730=CARTESIAN_POINT('',(-107.71405310014,-29.6961959572829,0.));
#59740=DIRECTION('',(0.,0.,1.));
#59750=VECTOR('',#59740,1.);
#59760=LINE('',#59730,#59750);
#59770=EDGE_CURVE('',#8150,#21290,#59760,.T.);
#59780=ORIENTED_EDGE('',*,*,#59770,.F.);
#59790=ORIENTED_EDGE('',*,*,#21570,.T.);
#59800=CARTESIAN_POINT('',(-118.324821891751,-16.8650761290396,0.));
#59810=DIRECTION('',(0.,0.,1.));
#59820=VECTOR('',#59810,1.);
#59830=LINE('',#59800,#59820);
#59840=EDGE_CURVE('',#8130,#21490,#59830,.T.);
#59850=ORIENTED_EDGE('',*,*,#59840,.T.);
#59860=ORIENTED_EDGE('',*,*,#8160,.F.);
#59870=EDGE_LOOP('',(#59860,#59850,#59790,#59780));
#59880=FACE_OUTER_BOUND('',#59870,.T.);
#59890=ADVANCED_FACE('',(#59880),#59720,.F.);
#59900=CARTESIAN_POINT('',(-116.125,-12.375,0.));
#59910=DIRECTION('',(0.,0.,1.));
#59920=DIRECTION('',(1.,0.,0.));
#59930=AXIS2_PLACEMENT_3D('',#59900,#59910,#59920);
#59940=CYLINDRICAL_SURFACE('',#59930,5.);
#59950=ORIENTED_EDGE('',*,*,#59840,.F.);
#59960=ORIENTED_EDGE('',*,*,#21500,.T.);
#59970=CARTESIAN_POINT('',(-111.63492387096,-10.1751781082486,0.));
#59980=DIRECTION('',(0.,0.,1.));
#59990=VECTOR('',#59980,1.);
#60000=LINE('',#59970,#59990);
#60010=EDGE_CURVE('',#8240,#21400,#60000,.T.);
#60020=ORIENTED_EDGE('',*,*,#60010,.T.);
#60030=ORIENTED_EDGE('',*,*,#8250,.F.);
#60040=EDGE_LOOP('',(#60030,#60020,#59960,#59950));
#60050=FACE_OUTER_BOUND('',#60040,.T.);
#60060=ADVANCED_FACE('',(#60050),#59940,.F.);
#60070=CARTESIAN_POINT('',(-108.75,-19.75,0.));
#60080=DIRECTION('',(0.,0.,1.));
#60090=DIRECTION('',(1.,0.,0.));
#60100=AXIS2_PLACEMENT_3D('',#60070,#60080,#60090);
#60110=CYLINDRICAL_SURFACE('',#60100,10.);
#60120=ORIENTED_EDGE('',*,*,#60010,.F.);
#60130=ORIENTED_EDGE('',*,*,#21410,.T.);
#60140=CARTESIAN_POINT('',(-98.8038040427171,-20.7859468998599,0.));
#60150=DIRECTION('',(0.,0.,1.));
#60160=VECTOR('',#60150,1.);
#60170=LINE('',#60140,#60160);
#60180=EDGE_CURVE('',#8330,#21310,#60170,.T.);
#60190=ORIENTED_EDGE('',*,*,#60180,.T.);
#60200=ORIENTED_EDGE('',*,*,#8340,.F.);
#60210=EDGE_LOOP('',(#60200,#60190,#60130,#60120));
#60220=FACE_OUTER_BOUND('',#60210,.T.);
#60230=ADVANCED_FACE('',(#60220),#60110,.F.);
#60240=CARTESIAN_POINT('',(-95.6250000000001,-32.8749999999999,0.));
#60250=DIRECTION('',(0.,0.,1.));
#60260=DIRECTION('',(1.,0.,0.));
#60270=AXIS2_PLACEMENT_3D('',#60240,#60250,#60260);
#60280=CYLINDRICAL_SURFACE('',#60270,12.5);
#60290=ORIENTED_EDGE('',*,*,#60180,.F.);
#60300=ORIENTED_EDGE('',*,*,#21320,.T.);
#60310=ORIENTED_EDGE('',*,*,#59770,.T.);
#60320=ORIENTED_EDGE('',*,*,#8410,.F.);
#60330=EDGE_LOOP('',(#60320,#60310,#60300,#60290));
#60340=FACE_OUTER_BOUND('',#60330,.T.);
#60350=ADVANCED_FACE('',(#60340),#60280,.F.);
#60360=CARTESIAN_POINT('',(-108.75,99.75,0.));
#60370=DIRECTION('',(0.,0.,1.));
#60380=DIRECTION('',(1.,0.,0.));
#60390=AXIS2_PLACEMENT_3D('',#60360,#60370,#60380);
#60400=CYLINDRICAL_SURFACE('',#60390,10.);
#60410=CARTESIAN_POINT('',(-107.71405310014,89.8038040427171,0.));
#60420=DIRECTION('',(0.,0.,1.));
#60430=VECTOR('',#60420,1.);
#60440=LINE('',#60410,#60430);
#60450=EDGE_CURVE('',#8530,#27040,#60440,.T.);
#60460=ORIENTED_EDGE('',*,*,#60450,.F.);
#60470=ORIENTED_EDGE('',*,*,#27320,.T.);
#60480=CARTESIAN_POINT('',(-118.324821891751,102.63492387096,0.));
#60490=DIRECTION('',(0.,0.,1.));
#60500=VECTOR('',#60490,1.);
#60510=LINE('',#60480,#60500);
#60520=EDGE_CURVE('',#8510,#27240,#60510,.T.);
#60530=ORIENTED_EDGE('',*,*,#60520,.T.);
#60540=ORIENTED_EDGE('',*,*,#8540,.F.);
#60550=EDGE_LOOP('',(#60540,#60530,#60470,#60460));
#60560=FACE_OUTER_BOUND('',#60550,.T.);
#60570=ADVANCED_FACE('',(#60560),#60400,.F.);
#60580=CARTESIAN_POINT('',(-116.125,107.125,0.));
#60590=DIRECTION('',(0.,0.,1.));
#60600=DIRECTION('',(1.,0.,0.));
#60610=AXIS2_PLACEMENT_3D('',#60580,#60590,#60600);
#60620=CYLINDRICAL_SURFACE('',#60610,5.);
#60630=ORIENTED_EDGE('',*,*,#60520,.F.);
#60640=ORIENTED_EDGE('',*,*,#27250,.T.);
#60650=CARTESIAN_POINT('',(-111.63492387096,109.324821891751,0.));
#60660=DIRECTION('',(0.,0.,1.));
#60670=VECTOR('',#60660,1.);
#60680=LINE('',#60650,#60670);
#60690=EDGE_CURVE('',#8620,#27150,#60680,.T.);
#60700=ORIENTED_EDGE('',*,*,#60690,.T.);
#60710=ORIENTED_EDGE('',*,*,#8630,.F.);
#60720=EDGE_LOOP('',(#60710,#60700,#60640,#60630));
#60730=FACE_OUTER_BOUND('',#60720,.T.);
#60740=ADVANCED_FACE('',(#60730),#60620,.F.);
#60750=CARTESIAN_POINT('',(-108.75,99.75,0.));
#60760=DIRECTION('',(0.,0.,1.));
#60770=DIRECTION('',(1.,0.,0.));
#60780=AXIS2_PLACEMENT_3D('',#60750,#60760,#60770);
#60790=CYLINDRICAL_SURFACE('',#60780,10.);
#60800=ORIENTED_EDGE('',*,*,#60690,.F.);
#60810=ORIENTED_EDGE('',*,*,#27160,.T.);
#60820=CARTESIAN_POINT('',(-98.8038040427171,98.7140531001401,0.));
#60830=DIRECTION('',(0.,0.,1.));
#60840=VECTOR('',#60830,1.);
#60850=LINE('',#60820,#60840);
#60860=EDGE_CURVE('',#8710,#27060,#60850,.T.);
#60870=ORIENTED_EDGE('',*,*,#60860,.T.);
#60880=ORIENTED_EDGE('',*,*,#8720,.F.);
#60890=EDGE_LOOP('',(#60880,#60870,#60810,#60800));
#60900=FACE_OUTER_BOUND('',#60890,.T.);
#60910=ADVANCED_FACE('',(#60900),#60790,.F.);
#60920=CARTESIAN_POINT('',(-95.6250000000001,86.6250000000001,0.));
#60930=DIRECTION('',(0.,0.,1.));
#60940=DIRECTION('',(1.,0.,0.));
#60950=AXIS2_PLACEMENT_3D('',#60920,#60930,#60940);
#60960=CYLINDRICAL_SURFACE('',#60950,12.5);
#60970=ORIENTED_EDGE('',*,*,#60860,.F.);
#60980=ORIENTED_EDGE('',*,*,#27070,.T.);
#60990=ORIENTED_EDGE('',*,*,#60450,.T.);
#61000=ORIENTED_EDGE('',*,*,#8790,.F.);
#61010=EDGE_LOOP('',(#61000,#60990,#60980,#60970));
#61020=FACE_OUTER_BOUND('',#61010,.T.);
#61030=ADVANCED_FACE('',(#61020),#60960,.F.);
#61040=CARTESIAN_POINT('',(-116.125,6.37500000000001,0.));
#61050=DIRECTION('',(0.,0.,1.));
#61060=DIRECTION('',(1.,0.,0.));
#61070=AXIS2_PLACEMENT_3D('',#61040,#61050,#61060);
#61080=CYLINDRICAL_SURFACE('',#61070,5.);
#61090=CARTESIAN_POINT('',(-111.63492387096,4.17517810824857,0.));
#61100=DIRECTION('',(0.,0.,1.));
#61110=VECTOR('',#61100,1.);
#61120=LINE('',#61090,#61110);
#61130=EDGE_CURVE('',#8910,#20170,#61120,.T.);
#61140=ORIENTED_EDGE('',*,*,#61130,.F.);
#61150=ORIENTED_EDGE('',*,*,#20450,.T.);
#61160=CARTESIAN_POINT('',(-118.324821891751,10.8650761290396,0.));
#61170=DIRECTION('',(0.,0.,1.));
#61180=VECTOR('',#61170,1.);
#61190=LINE('',#61160,#61180);
#61200=EDGE_CURVE('',#8890,#20370,#61190,.T.);
#61210=ORIENTED_EDGE('',*,*,#61200,.T.);
#61220=ORIENTED_EDGE('',*,*,#8920,.F.);
#61230=EDGE_LOOP('',(#61220,#61210,#61150,#61140));
#61240=FACE_OUTER_BOUND('',#61230,.T.);
#61250=ADVANCED_FACE('',(#61240),#61080,.F.);
#61260=CARTESIAN_POINT('',(-108.75,13.75,0.));
#61270=DIRECTION('',(0.,0.,1.));
#61280=DIRECTION('',(1.,0.,0.));
#61290=AXIS2_PLACEMENT_3D('',#61260,#61270,#61280);
#61300=CYLINDRICAL_SURFACE('',#61290,10.);
#61310=ORIENTED_EDGE('',*,*,#61200,.F.);
#61320=ORIENTED_EDGE('',*,*,#20380,.T.);
#61330=CARTESIAN_POINT('',(-107.71405310014,23.6961959572829,0.));
#61340=DIRECTION('',(0.,0.,1.));
#61350=VECTOR('',#61340,1.);
#61360=LINE('',#61330,#61350);
#61370=EDGE_CURVE('',#9000,#20280,#61360,.T.);
#61380=ORIENTED_EDGE('',*,*,#61370,.T.);
#61390=ORIENTED_EDGE('',*,*,#9010,.F.);
#61400=EDGE_LOOP('',(#61390,#61380,#61320,#61310));
#61410=FACE_OUTER_BOUND('',#61400,.T.);
#61420=ADVANCED_FACE('',(#61410),#61300,.F.);
#61430=CARTESIAN_POINT('',(-95.625,26.8749999999999,0.));
#61440=DIRECTION('',(0.,0.,1.));
#61450=DIRECTION('',(1.,0.,0.));
#61460=AXIS2_PLACEMENT_3D('',#61430,#61440,#61450);
#61470=CYLINDRICAL_SURFACE('',#61460,12.5);
#61480=ORIENTED_EDGE('',*,*,#61370,.F.);
#61490=ORIENTED_EDGE('',*,*,#20290,.T.);
#61500=CARTESIAN_POINT('',(-98.8038040427171,14.7859468998599,0.));
#61510=DIRECTION('',(0.,0.,1.));
#61520=VECTOR('',#61510,1.);
#61530=LINE('',#61500,#61520);
#61540=EDGE_CURVE('',#9090,#20190,#61530,.T.);
#61550=ORIENTED_EDGE('',*,*,#61540,.T.);
#61560=ORIENTED_EDGE('',*,*,#9100,.F.);
#61570=EDGE_LOOP('',(#61560,#61550,#61490,#61480));
#61580=FACE_OUTER_BOUND('',#61570,.T.);
#61590=ADVANCED_FACE('',(#61580),#61470,.F.);
#61600=CARTESIAN_POINT('',(-108.75,13.75,0.));
#61610=DIRECTION('',(0.,0.,1.));
#61620=DIRECTION('',(1.,0.,0.));
#61630=AXIS2_PLACEMENT_3D('',#61600,#61610,#61620);
#61640=CYLINDRICAL_SURFACE('',#61630,10.);
#61650=ORIENTED_EDGE('',*,*,#61540,.F.);
#61660=ORIENTED_EDGE('',*,*,#20200,.T.);
#61670=ORIENTED_EDGE('',*,*,#61130,.T.);
#61680=ORIENTED_EDGE('',*,*,#9170,.F.);
#61690=EDGE_LOOP('',(#61680,#61670,#61660,#61650));
#61700=FACE_OUTER_BOUND('',#61690,.T.);
#61710=ADVANCED_FACE('',(#61700),#61640,.F.);
#61720=CARTESIAN_POINT('',(-35.875,-32.875,0.));
#61730=DIRECTION('',(0.,0.,1.));
#61740=DIRECTION('',(1.,0.,0.));
#61750=AXIS2_PLACEMENT_3D('',#61720,#61730,#61740);
#61760=CYLINDRICAL_SURFACE('',#61750,12.5);
#61770=CARTESIAN_POINT('',(-23.78594689986,-29.6961959572829,0.));
#61780=DIRECTION('',(0.,0.,1.));
#61790=VECTOR('',#61780,1.);
#61800=LINE('',#61770,#61790);
#61810=EDGE_CURVE('',#9290,#17930,#61800,.T.);
#61820=ORIENTED_EDGE('',*,*,#61810,.F.);
#61830=ORIENTED_EDGE('',*,*,#18210,.T.);
#61840=CARTESIAN_POINT('',(-32.6961959572829,-20.78594689986,0.));
#61850=DIRECTION('',(0.,0.,1.));
#61860=VECTOR('',#61850,1.);
#61870=LINE('',#61840,#61860);
#61880=EDGE_CURVE('',#9270,#18130,#61870,.T.);
#61890=ORIENTED_EDGE('',*,*,#61880,.T.);
#61900=ORIENTED_EDGE('',*,*,#9300,.F.);
#61910=EDGE_LOOP('',(#61900,#61890,#61830,#61820));
#61920=FACE_OUTER_BOUND('',#61910,.T.);
#61930=ADVANCED_FACE('',(#61920),#61760,.F.);
#61940=CARTESIAN_POINT('',(-22.75,-19.75,0.));
#61950=DIRECTION('',(0.,0.,1.));
#61960=DIRECTION('',(1.,0.,0.));
#61970=AXIS2_PLACEMENT_3D('',#61940,#61950,#61960);
#61980=CYLINDRICAL_SURFACE('',#61970,10.);
#61990=ORIENTED_EDGE('',*,*,#61880,.F.);
#62000=ORIENTED_EDGE('',*,*,#18140,.T.);
#62010=CARTESIAN_POINT('',(-19.8650761290396,-10.1751781082486,0.));
#62020=DIRECTION('',(0.,0.,1.));
#62030=VECTOR('',#62020,1.);
#62040=LINE('',#62010,#62030);
#62050=EDGE_CURVE('',#9380,#18040,#62040,.T.);
#62060=ORIENTED_EDGE('',*,*,#62050,.T.);
#62070=ORIENTED_EDGE('',*,*,#9390,.F.);
#62080=EDGE_LOOP('',(#62070,#62060,#62000,#61990));
#62090=FACE_OUTER_BOUND('',#62080,.T.);
#62100=ADVANCED_FACE('',(#62090),#61980,.F.);
#62110=CARTESIAN_POINT('',(-15.375,-12.375,0.));
#62120=DIRECTION('',(0.,0.,1.));
#62130=DIRECTION('',(1.,0.,0.));
#62140=AXIS2_PLACEMENT_3D('',#62110,#62120,#62130);
#62150=CYLINDRICAL_SURFACE('',#62140,5.);
#62160=ORIENTED_EDGE('',*,*,#62050,.F.);
#62170=ORIENTED_EDGE('',*,*,#18050,.T.);
#62180=CARTESIAN_POINT('',(-13.1751781082486,-16.8650761290396,0.));
#62190=DIRECTION('',(0.,0.,1.));
#62200=VECTOR('',#62190,1.);
#62210=LINE('',#62180,#62200);
#62220=EDGE_CURVE('',#9470,#17950,#62210,.T.);
#62230=ORIENTED_EDGE('',*,*,#62220,.T.);
#62240=ORIENTED_EDGE('',*,*,#9480,.F.);
#62250=EDGE_LOOP('',(#62240,#62230,#62170,#62160));
#62260=FACE_OUTER_BOUND('',#62250,.T.);
#62270=ADVANCED_FACE('',(#62260),#62150,.F.);
#62280=CARTESIAN_POINT('',(-22.75,-19.75,0.));
#62290=DIRECTION('',(0.,0.,1.));
#62300=DIRECTION('',(1.,0.,0.));
#62310=AXIS2_PLACEMENT_3D('',#62280,#62290,#62300);
#62320=CYLINDRICAL_SURFACE('',#62310,10.);
#62330=ORIENTED_EDGE('',*,*,#62220,.F.);
#62340=ORIENTED_EDGE('',*,*,#17960,.T.);
#62350=ORIENTED_EDGE('',*,*,#61810,.T.);
#62360=ORIENTED_EDGE('',*,*,#9550,.F.);
#62370=EDGE_LOOP('',(#62360,#62350,#62340,#62330));
#62380=FACE_OUTER_BOUND('',#62370,.T.);
#62390=ADVANCED_FACE('',(#62380),#62320,.F.);
#62400=CARTESIAN_POINT('',(63.125,107.125,0.));
#62410=DIRECTION('',(0.,0.,1.));
#62420=DIRECTION('',(1.,0.,0.));
#62430=AXIS2_PLACEMENT_3D('',#62400,#62410,#62420);
#62440=CYLINDRICAL_SURFACE('',#62430,5.);
#62450=CARTESIAN_POINT('',(58.125,107.125,0.));
#62460=DIRECTION('',(0.,0.,1.));
#62470=VECTOR('',#62460,1.);
#62480=LINE('',#62450,#62470);
#62490=EDGE_CURVE('',#9670,#25050,#62480,.T.);
#62500=ORIENTED_EDGE('',*,*,#62490,.T.);
#62510=ORIENTED_EDGE('',*,*,#9700,.F.);
#62520=CARTESIAN_POINT('',(68.125,107.125,0.));
#62530=DIRECTION('',(0.,0.,1.));
#62540=VECTOR('',#62530,1.);
#62550=LINE('',#62520,#62540);
#62560=EDGE_CURVE('',#9650,#25030,#62550,.T.);
#62570=ORIENTED_EDGE('',*,*,#62560,.F.);
#62580=ORIENTED_EDGE('',*,*,#25080,.T.);
#62590=EDGE_LOOP('',(#62580,#62570,#62510,#62500));
#62600=FACE_OUTER_BOUND('',#62590,.T.);
#62610=ADVANCED_FACE('',(#62600),#62440,.F.);
#62620=CARTESIAN_POINT('',(63.125,107.125,0.));
#62630=DIRECTION('',(0.,0.,1.));
#62640=DIRECTION('',(1.,0.,0.));
#62650=AXIS2_PLACEMENT_3D('',#62620,#62630,#62640);
#62660=CYLINDRICAL_SURFACE('',#62650,5.);
#62670=ORIENTED_EDGE('',*,*,#9680,.F.);
#62680=ORIENTED_EDGE('',*,*,#62490,.F.);
#62690=ORIENTED_EDGE('',*,*,#25060,.T.);
#62700=ORIENTED_EDGE('',*,*,#62560,.T.);
#62710=EDGE_LOOP('',(#62700,#62690,#62680,#62670));
#62720=FACE_OUTER_BOUND('',#62710,.T.);
#62730=ADVANCED_FACE('',(#62720),#62660,.F.);
#62740=CARTESIAN_POINT('',(44.375,107.125,0.));
#62750=DIRECTION('',(0.,0.,1.));
#62760=DIRECTION('',(1.,0.,0.));
#62770=AXIS2_PLACEMENT_3D('',#62740,#62750,#62760);
#62780=CYLINDRICAL_SURFACE('',#62770,4.99999999999999);
#62790=CARTESIAN_POINT('',(39.375,107.125,0.));
#62800=DIRECTION('',(0.,0.,1.));
#62810=VECTOR('',#62800,1.);
#62820=LINE('',#62790,#62810);
#62830=EDGE_CURVE('',#9820,#17210,#62820,.T.);
#62840=ORIENTED_EDGE('',*,*,#62830,.T.);
#62850=ORIENTED_EDGE('',*,*,#9850,.F.);
#62860=CARTESIAN_POINT('',(49.375,107.125,0.));
#62870=DIRECTION('',(0.,0.,1.));
#62880=VECTOR('',#62870,1.);
#62890=LINE('',#62860,#62880);
#62900=EDGE_CURVE('',#9800,#17190,#62890,.T.);
#62910=ORIENTED_EDGE('',*,*,#62900,.F.);
#62920=ORIENTED_EDGE('',*,*,#17240,.T.);
#62930=EDGE_LOOP('',(#62920,#62910,#62850,#62840));
#62940=FACE_OUTER_BOUND('',#62930,.T.);
#62950=ADVANCED_FACE('',(#62940),#62780,.F.);
#62960=CARTESIAN_POINT('',(44.375,107.125,0.));
#62970=DIRECTION('',(0.,0.,1.));
#62980=DIRECTION('',(1.,0.,0.));
#62990=AXIS2_PLACEMENT_3D('',#62960,#62970,#62980);
#63000=CYLINDRICAL_SURFACE('',#62990,4.99999999999999);
#63010=ORIENTED_EDGE('',*,*,#9830,.F.);
#63020=ORIENTED_EDGE('',*,*,#62830,.F.);
#63030=ORIENTED_EDGE('',*,*,#17220,.T.);
#63040=ORIENTED_EDGE('',*,*,#62900,.T.);
#63050=EDGE_LOOP('',(#63040,#63030,#63020,#63010));
#63060=FACE_OUTER_BOUND('',#63050,.T.);
#63070=ADVANCED_FACE('',(#63060),#63000,.F.);
#63080=CARTESIAN_POINT('',(104.125,-72.125,0.));
#63090=DIRECTION('',(0.,0.,1.));
#63100=DIRECTION('',(1.,0.,0.));
#63110=AXIS2_PLACEMENT_3D('',#63080,#63090,#63100);
#63120=CYLINDRICAL_SURFACE('',#63110,5.);
#63130=CARTESIAN_POINT('',(99.125,-72.125,0.));
#63140=DIRECTION('',(0.,0.,1.));
#63150=VECTOR('',#63140,1.);
#63160=LINE('',#63130,#63150);
#63170=EDGE_CURVE('',#9970,#26170,#63160,.T.);
#63180=ORIENTED_EDGE('',*,*,#63170,.T.);
#63190=ORIENTED_EDGE('',*,*,#10000,.F.);
#63200=CARTESIAN_POINT('',(109.125,-72.125,0.));
#63210=DIRECTION('',(0.,0.,1.));
#63220=VECTOR('',#63210,1.);
#63230=LINE('',#63200,#63220);
#63240=EDGE_CURVE('',#9950,#26150,#63230,.T.);
#63250=ORIENTED_EDGE('',*,*,#63240,.F.);
#63260=ORIENTED_EDGE('',*,*,#26200,.T.);
#63270=EDGE_LOOP('',(#63260,#63250,#63190,#63180));
#63280=FACE_OUTER_BOUND('',#63270,.T.);
#63290=ADVANCED_FACE('',(#63280),#63120,.F.);
#63300=CARTESIAN_POINT('',(104.125,-72.125,0.));
#63310=DIRECTION('',(0.,0.,1.));
#63320=DIRECTION('',(1.,0.,0.));
#63330=AXIS2_PLACEMENT_3D('',#63300,#63310,#63320);
#63340=CYLINDRICAL_SURFACE('',#63330,5.);
#63350=ORIENTED_EDGE('',*,*,#9980,.F.);
#63360=ORIENTED_EDGE('',*,*,#63170,.F.);
#63370=ORIENTED_EDGE('',*,*,#26180,.T.);
#63380=ORIENTED_EDGE('',*,*,#63240,.T.);
#63390=EDGE_LOOP('',(#63380,#63370,#63360,#63350));
#63400=FACE_OUTER_BOUND('',#63390,.T.);
#63410=ADVANCED_FACE('',(#63400),#63340,.F.);
#63420=CARTESIAN_POINT('',(104.125,-53.375,0.));
#63430=DIRECTION('',(0.,0.,1.));
#63440=DIRECTION('',(1.,0.,0.));
#63450=AXIS2_PLACEMENT_3D('',#63420,#63430,#63440);
#63460=CYLINDRICAL_SURFACE('',#63450,5.);
#63470=CARTESIAN_POINT('',(99.125,-53.375,0.));
#63480=DIRECTION('',(0.,0.,1.));
#63490=VECTOR('',#63480,1.);
#63500=LINE('',#63470,#63490);
#63510=EDGE_CURVE('',#10120,#22810,#63500,.T.);
#63520=ORIENTED_EDGE('',*,*,#63510,.T.);
#63530=ORIENTED_EDGE('',*,*,#10150,.F.);
#63540=CARTESIAN_POINT('',(109.125,-53.375,0.));
#63550=DIRECTION('',(0.,0.,1.));
#63560=VECTOR('',#63550,1.);
#63570=LINE('',#63540,#63560);
#63580=EDGE_CURVE('',#10100,#22790,#63570,.T.);
#63590=ORIENTED_EDGE('',*,*,#63580,.F.);
#63600=ORIENTED_EDGE('',*,*,#22840,.T.);
#63610=EDGE_LOOP('',(#63600,#63590,#63530,#63520));
#63620=FACE_OUTER_BOUND('',#63610,.T.);
#63630=ADVANCED_FACE('',(#63620),#63460,.F.);
#63640=CARTESIAN_POINT('',(104.125,-53.375,0.));
#63650=DIRECTION('',(0.,0.,1.));
#63660=DIRECTION('',(1.,0.,0.));
#63670=AXIS2_PLACEMENT_3D('',#63640,#63650,#63660);
#63680=CYLINDRICAL_SURFACE('',#63670,5.);
#63690=ORIENTED_EDGE('',*,*,#10130,.F.);
#63700=ORIENTED_EDGE('',*,*,#63510,.F.);
#63710=ORIENTED_EDGE('',*,*,#22820,.T.);
#63720=ORIENTED_EDGE('',*,*,#63580,.T.);
#63730=EDGE_LOOP('',(#63720,#63710,#63700,#63690));
#63740=FACE_OUTER_BOUND('',#63730,.T.);
#63750=ADVANCED_FACE('',(#63740),#63680,.F.);
#63760=CARTESIAN_POINT('',(104.125,47.375,0.));
#63770=DIRECTION('',(0.,0.,1.));
#63780=DIRECTION('',(1.,0.,0.));
#63790=AXIS2_PLACEMENT_3D('',#63760,#63770,#63780);
#63800=CYLINDRICAL_SURFACE('',#63790,5.);
#63810=CARTESIAN_POINT('',(99.125,47.375,0.));
#63820=DIRECTION('',(0.,0.,1.));
#63830=VECTOR('',#63820,1.);
#63840=LINE('',#63810,#63830);
#63850=EDGE_CURVE('',#10270,#31770,#63840,.T.);
#63860=ORIENTED_EDGE('',*,*,#63850,.T.);
#63870=ORIENTED_EDGE('',*,*,#10300,.F.);
#63880=CARTESIAN_POINT('',(109.125,47.375,0.));
#63890=DIRECTION('',(0.,0.,1.));
#63900=VECTOR('',#63890,1.);
#63910=LINE('',#63880,#63900);
#63920=EDGE_CURVE('',#10250,#31750,#63910,.T.);
#63930=ORIENTED_EDGE('',*,*,#63920,.F.);
#63940=ORIENTED_EDGE('',*,*,#31800,.T.);
#63950=EDGE_LOOP('',(#63940,#63930,#63870,#63860));
#63960=FACE_OUTER_BOUND('',#63950,.T.);
#63970=ADVANCED_FACE('',(#63960),#63800,.F.);
#63980=CARTESIAN_POINT('',(104.125,47.375,0.));
#63990=DIRECTION('',(0.,0.,1.));
#64000=DIRECTION('',(1.,0.,0.));
#64010=AXIS2_PLACEMENT_3D('',#63980,#63990,#64000);
#64020=CYLINDRICAL_SURFACE('',#64010,5.);
#64030=ORIENTED_EDGE('',*,*,#10280,.F.);
#64040=ORIENTED_EDGE('',*,*,#63850,.F.);
#64050=ORIENTED_EDGE('',*,*,#31780,.T.);
#64060=ORIENTED_EDGE('',*,*,#63920,.T.);
#64070=EDGE_LOOP('',(#64060,#64050,#64040,#64030));
#64080=FACE_OUTER_BOUND('',#64070,.T.);
#64090=ADVANCED_FACE('',(#64080),#64020,.F.);
#64100=CARTESIAN_POINT('',(104.125,66.125,0.));
#64110=DIRECTION('',(0.,0.,1.));
#64120=DIRECTION('',(1.,0.,0.));
#64130=AXIS2_PLACEMENT_3D('',#64100,#64110,#64120);
#64140=CYLINDRICAL_SURFACE('',#64130,5.);
#64150=CARTESIAN_POINT('',(99.125,66.125,0.));
#64160=DIRECTION('',(0.,0.,1.));
#64170=VECTOR('',#64160,1.);
#64180=LINE('',#64150,#64170);
#64190=EDGE_CURVE('',#10420,#25200,#64180,.T.);
#64200=ORIENTED_EDGE('',*,*,#64190,.T.);
#64210=ORIENTED_EDGE('',*,*,#10450,.F.);
#64220=CARTESIAN_POINT('',(109.125,66.125,0.));
#64230=DIRECTION('',(0.,0.,1.));
#64240=VECTOR('',#64230,1.);
#64250=LINE('',#64220,#64240);
#64260=EDGE_CURVE('',#10400,#25180,#64250,.T.);
#64270=ORIENTED_EDGE('',*,*,#64260,.F.);
#64280=ORIENTED_EDGE('',*,*,#25230,.T.);
#64290=EDGE_LOOP('',(#64280,#64270,#64210,#64200));
#64300=FACE_OUTER_BOUND('',#64290,.T.);
#64310=ADVANCED_FACE('',(#64300),#64140,.F.);
#64320=CARTESIAN_POINT('',(76.7282505861521,57.75,3.));
#64330=DIRECTION('',(0.,1.,0.));
#64340=DIRECTION('',(1.,-0.,0.));
#64350=AXIS2_PLACEMENT_3D('',#64320,#64330,#64340);
#64360=PLANE('',#64350);
#64370=CARTESIAN_POINT('',(110.5,57.75,3.));
#64380=DIRECTION('',(0.,0.,1.));
#64390=VECTOR('',#64380,1.);
#64400=LINE('',#64370,#64390);
#64410=EDGE_CURVE('',#24230,#39560,#64400,.T.);
#64420=ORIENTED_EDGE('',*,*,#64410,.F.);
#64430=ORIENTED_EDGE('',*,*,#39570,.T.);
#64440=CARTESIAN_POINT('',(76.7282505861521,57.75,3.));
#64450=DIRECTION('',(0.,0.,1.));
#64460=VECTOR('',#64450,1.);
#64470=LINE('',#64440,#64460);
#64480=EDGE_CURVE('',#24310,#39540,#64470,.T.);
#64490=ORIENTED_EDGE('',*,*,#64480,.T.);
#64500=ORIENTED_EDGE('',*,*,#24320,.T.);
#64510=EDGE_LOOP('',(#64500,#64490,#64430,#64420));
#64520=FACE_OUTER_BOUND('',#64510,.T.);
#64530=ADVANCED_FACE('',(#64520),#64360,.T.);
#64540=CARTESIAN_POINT('',(110.5,57.75,3.));
#64550=DIRECTION('',(-1.,-2.54903223591067E-16,0.));
#64560=DIRECTION('',(-2.54903223591067E-16,1.,0.));
#64570=AXIS2_PLACEMENT_3D('',#64540,#64550,#64560);
#64580=PLANE('',#64570);
#64590=CARTESIAN_POINT('',(110.5,113.5,3.));
#64600=DIRECTION('',(0.,0.,1.));
#64610=VECTOR('',#64600,1.);
#64620=LINE('',#64590,#64610);
#64630=EDGE_CURVE('',#24210,#39640,#64620,.T.);
#64640=ORIENTED_EDGE('',*,*,#64630,.F.);
#64650=ORIENTED_EDGE('',*,*,#39650,.T.);
#64660=ORIENTED_EDGE('',*,*,#64410,.T.);
#64670=ORIENTED_EDGE('',*,*,#24240,.T.);
#64680=EDGE_LOOP('',(#64670,#64660,#64650,#64640));
#64690=FACE_OUTER_BOUND('',#64680,.T.);
#64700=ADVANCED_FACE('',(#64690),#64580,.T.);
#64710=CARTESIAN_POINT('',(110.5,113.5,3.));
#64720=DIRECTION('',(0.,-1.,0.));
#64730=DIRECTION('',(-1.,-0.,0.));
#64740=AXIS2_PLACEMENT_3D('',#64710,#64720,#64730);
#64750=PLANE('',#64740);
#64760=CARTESIAN_POINT('',(54.75,113.5,3.));
#64770=DIRECTION('',(0.,0.,1.));
#64780=VECTOR('',#64770,1.);
#64790=LINE('',#64760,#64780);
#64800=EDGE_CURVE('',#24480,#39720,#64790,.T.);
#64810=ORIENTED_EDGE('',*,*,#64800,.F.);
#64820=ORIENTED_EDGE('',*,*,#39730,.T.);
#64830=ORIENTED_EDGE('',*,*,#64630,.T.);
#64840=ORIENTED_EDGE('',*,*,#24550,.T.);
#64850=EDGE_LOOP('',(#64840,#64830,#64820,#64810));
#64860=FACE_OUTER_BOUND('',#64850,.T.);
#64870=ADVANCED_FACE('',(#64860),#64750,.T.);
#64880=CARTESIAN_POINT('',(54.75,113.5,3.));
#64890=DIRECTION('',(1.,0.,0.));
#64900=DIRECTION('',(0.,-1.,0.));
#64910=AXIS2_PLACEMENT_3D('',#64880,#64890,#64900);
#64920=PLANE('',#64910);
#64930=CARTESIAN_POINT('',(54.75,79.7282505861521,3.));
#64940=DIRECTION('',(0.,0.,1.));
#64950=VECTOR('',#64940,1.);
#64960=LINE('',#64930,#64950);
#64970=EDGE_CURVE('',#24400,#39800,#64960,.T.);
#64980=ORIENTED_EDGE('',*,*,#64970,.F.);
#64990=ORIENTED_EDGE('',*,*,#39810,.T.);
#65000=ORIENTED_EDGE('',*,*,#64800,.T.);
#65010=ORIENTED_EDGE('',*,*,#24490,.T.);
#65020=EDGE_LOOP('',(#65010,#65000,#64990,#64980));
#65030=FACE_OUTER_BOUND('',#65020,.T.);
#65040=ADVANCED_FACE('',(#65030),#64920,.T.);
#65050=CARTESIAN_POINT('',(53.75,56.75,3.));
#65060=DIRECTION('',(-0.,-0.,-1.));
#65070=DIRECTION('',(1.,0.,0.));
#65080=AXIS2_PLACEMENT_3D('',#65050,#65060,#65070);
#65090=CYLINDRICAL_SURFACE('',#65080,23.);
#65100=ORIENTED_EDGE('',*,*,#64480,.F.);
#65110=ORIENTED_EDGE('',*,*,#39880,.T.);
#65120=ORIENTED_EDGE('',*,*,#64970,.T.);
#65130=ORIENTED_EDGE('',*,*,#24410,.F.);
#65140=EDGE_LOOP('',(#65130,#65120,#65110,#65100));
#65150=FACE_OUTER_BOUND('',#65140,.T.);
#65160=ADVANCED_FACE('',(#65150),#65090,.T.);
#65170=CARTESIAN_POINT('',(104.125,66.125,0.));
#65180=DIRECTION('',(0.,0.,1.));
#65190=DIRECTION('',(1.,0.,0.));
#65200=AXIS2_PLACEMENT_3D('',#65170,#65180,#65190);
#65210=CYLINDRICAL_SURFACE('',#65200,5.);
#65220=ORIENTED_EDGE('',*,*,#10430,.F.);
#65230=ORIENTED_EDGE('',*,*,#64190,.F.);
#65240=ORIENTED_EDGE('',*,*,#25210,.T.);
#65250=ORIENTED_EDGE('',*,*,#64260,.T.);
#65260=EDGE_LOOP('',(#65250,#65240,#65230,#65220));
#65270=FACE_OUTER_BOUND('',#65260,.T.);
#65280=ADVANCED_FACE('',(#65270),#65210,.F.);
#65290=CARTESIAN_POINT('',(-15.375,-53.375,0.));
#65300=DIRECTION('',(0.,0.,1.));
#65310=DIRECTION('',(1.,0.,0.));
#65320=AXIS2_PLACEMENT_3D('',#65290,#65300,#65310);
#65330=CYLINDRICAL_SURFACE('',#65320,5.);
#65340=CARTESIAN_POINT('',(-20.375,-53.375,0.));
#65350=DIRECTION('',(0.,0.,1.));
#65360=VECTOR('',#65350,1.);
#65370=LINE('',#65340,#65360);
#65380=EDGE_CURVE('',#10570,#18330,#65370,.T.);
#65390=ORIENTED_EDGE('',*,*,#65380,.T.);
#65400=ORIENTED_EDGE('',*,*,#10600,.F.);
#65410=CARTESIAN_POINT('',(-10.375,-53.375,0.));
#65420=DIRECTION('',(0.,0.,1.));
#65430=VECTOR('',#65420,1.);
#65440=LINE('',#65410,#65430);
#65450=EDGE_CURVE('',#10550,#18310,#65440,.T.);
#65460=ORIENTED_EDGE('',*,*,#65450,.F.);
#65470=ORIENTED_EDGE('',*,*,#18360,.T.);
#65480=EDGE_LOOP('',(#65470,#65460,#65400,#65390));
#65490=FACE_OUTER_BOUND('',#65480,.T.);
#65500=ADVANCED_FACE('',(#65490),#65330,.F.);
#65510=CARTESIAN_POINT('',(-15.375,-53.375,0.));
#65520=DIRECTION('',(0.,0.,1.));
#65530=DIRECTION('',(1.,0.,0.));
#65540=AXIS2_PLACEMENT_3D('',#65510,#65520,#65530);
#65550=CYLINDRICAL_SURFACE('',#65540,5.);
#65560=ORIENTED_EDGE('',*,*,#10580,.F.);
#65570=ORIENTED_EDGE('',*,*,#65380,.F.);
#65580=ORIENTED_EDGE('',*,*,#18340,.T.);
#65590=ORIENTED_EDGE('',*,*,#65450,.T.);
#65600=EDGE_LOOP('',(#65590,#65580,#65570,#65560));
#65610=FACE_OUTER_BOUND('',#65600,.T.);
#65620=ADVANCED_FACE('',(#65610),#65550,.F.);
#65630=CARTESIAN_POINT('',(-15.375,-72.125,0.));
#65640=DIRECTION('',(0.,0.,1.));
#65650=DIRECTION('',(1.,0.,0.));
#65660=AXIS2_PLACEMENT_3D('',#65630,#65640,#65650);
#65670=CYLINDRICAL_SURFACE('',#65660,5.);
#65680=CARTESIAN_POINT('',(-20.375,-72.125,0.));
#65690=DIRECTION('',(0.,0.,1.));
#65700=VECTOR('',#65690,1.);
#65710=LINE('',#65680,#65700);
#65720=EDGE_CURVE('',#10720,#28410,#65710,.T.);
#65730=ORIENTED_EDGE('',*,*,#65720,.T.);
#65740=ORIENTED_EDGE('',*,*,#10750,.F.);
#65750=CARTESIAN_POINT('',(-10.375,-72.125,0.));
#65760=DIRECTION('',(0.,0.,1.));
#65770=VECTOR('',#65760,1.);
#65780=LINE('',#65750,#65770);
#65790=EDGE_CURVE('',#10700,#28390,#65780,.T.);
#65800=ORIENTED_EDGE('',*,*,#65790,.F.);
#65810=ORIENTED_EDGE('',*,*,#28440,.T.);
#65820=EDGE_LOOP('',(#65810,#65800,#65740,#65730));
#65830=FACE_OUTER_BOUND('',#65820,.T.);
#65840=ADVANCED_FACE('',(#65830),#65670,.F.);
#65850=CARTESIAN_POINT('',(-15.375,-72.125,0.));
#65860=DIRECTION('',(0.,0.,1.));
#65870=DIRECTION('',(1.,0.,0.));
#65880=AXIS2_PLACEMENT_3D('',#65850,#65860,#65870);
#65890=CYLINDRICAL_SURFACE('',#65880,5.);
#65900=ORIENTED_EDGE('',*,*,#10730,.F.);
#65910=ORIENTED_EDGE('',*,*,#65720,.F.);
#65920=ORIENTED_EDGE('',*,*,#28420,.T.);
#65930=ORIENTED_EDGE('',*,*,#65790,.T.);
#65940=EDGE_LOOP('',(#65930,#65920,#65910,#65900));
#65950=FACE_OUTER_BOUND('',#65940,.T.);
#65960=ADVANCED_FACE('',(#65950),#65890,.F.);
#65970=CARTESIAN_POINT('',(-15.375,47.375,0.));
#65980=DIRECTION('',(0.,0.,1.));
#65990=DIRECTION('',(1.,0.,0.));
#66000=AXIS2_PLACEMENT_3D('',#65970,#65980,#65990);
#66010=CYLINDRICAL_SURFACE('',#66000,5.);
#66020=CARTESIAN_POINT('',(-20.375,47.375,0.));
#66030=DIRECTION('',(0.,0.,1.));
#66040=VECTOR('',#66030,1.);
#66050=LINE('',#66020,#66040);
#66060=EDGE_CURVE('',#10870,#29530,#66050,.T.);
#66070=ORIENTED_EDGE('',*,*,#66060,.T.);
#66080=ORIENTED_EDGE('',*,*,#10900,.F.);
#66090=CARTESIAN_POINT('',(-10.375,47.375,0.));
#66100=DIRECTION('',(0.,0.,1.));
#66110=VECTOR('',#66100,1.);
#66120=LINE('',#66090,#66110);
#66130=EDGE_CURVE('',#10850,#29510,#66120,.T.);
#66140=ORIENTED_EDGE('',*,*,#66130,.F.);
#66150=ORIENTED_EDGE('',*,*,#29560,.T.);
#66160=EDGE_LOOP('',(#66150,#66140,#66080,#66070));
#66170=FACE_OUTER_BOUND('',#66160,.T.);
#66180=ADVANCED_FACE('',(#66170),#66010,.F.);
#66190=CARTESIAN_POINT('',(-15.375,47.375,0.));
#66200=DIRECTION('',(0.,0.,1.));
#66210=DIRECTION('',(1.,0.,0.));
#66220=AXIS2_PLACEMENT_3D('',#66190,#66200,#66210);
#66230=CYLINDRICAL_SURFACE('',#66220,5.);
#66240=ORIENTED_EDGE('',*,*,#10880,.F.);
#66250=ORIENTED_EDGE('',*,*,#66060,.F.);
#66260=ORIENTED_EDGE('',*,*,#29540,.T.);
#66270=ORIENTED_EDGE('',*,*,#66130,.T.);
#66280=EDGE_LOOP('',(#66270,#66260,#66250,#66240));
#66290=FACE_OUTER_BOUND('',#66280,.T.);
#66300=ADVANCED_FACE('',(#66290),#66230,.F.);
#66310=CARTESIAN_POINT('',(-15.375,66.125,0.));
#66320=DIRECTION('',(0.,0.,1.));
#66330=DIRECTION('',(1.,0.,0.));
#66340=AXIS2_PLACEMENT_3D('',#66310,#66320,#66330);
#66350=CYLINDRICAL_SURFACE('',#66340,5.);
#66360=CARTESIAN_POINT('',(-20.375,66.125,0.));
#66370=DIRECTION('',(0.,0.,1.));
#66380=VECTOR('',#66370,1.);
#66390=LINE('',#66360,#66380);
#66400=EDGE_CURVE('',#11020,#33790,#66390,.T.);
#66410=ORIENTED_EDGE('',*,*,#66400,.T.);
#66420=ORIENTED_EDGE('',*,*,#11050,.F.);
#66430=CARTESIAN_POINT('',(-10.375,66.125,0.));
#66440=DIRECTION('',(0.,0.,1.));
#66450=VECTOR('',#66440,1.);
#66460=LINE('',#66430,#66450);
#66470=EDGE_CURVE('',#11000,#33770,#66460,.T.);
#66480=ORIENTED_EDGE('',*,*,#66470,.F.);
#66490=ORIENTED_EDGE('',*,*,#33820,.T.);
#66500=EDGE_LOOP('',(#66490,#66480,#66420,#66410));
#66510=FACE_OUTER_BOUND('',#66500,.T.);
#66520=ADVANCED_FACE('',(#66510),#66350,.F.);
#66530=CARTESIAN_POINT('',(-15.375,66.125,0.));
#66540=DIRECTION('',(0.,0.,1.));
#66550=DIRECTION('',(1.,0.,0.));
#66560=AXIS2_PLACEMENT_3D('',#66530,#66540,#66550);
#66570=CYLINDRICAL_SURFACE('',#66560,5.);
#66580=ORIENTED_EDGE('',*,*,#11030,.F.);
#66590=ORIENTED_EDGE('',*,*,#66400,.F.);
#66600=ORIENTED_EDGE('',*,*,#33800,.T.);
#66610=ORIENTED_EDGE('',*,*,#66470,.T.);
#66620=EDGE_LOOP('',(#66610,#66600,#66590,#66580));
#66630=FACE_OUTER_BOUND('',#66620,.T.);
#66640=ADVANCED_FACE('',(#66630),#66570,.F.);
#66650=CARTESIAN_POINT('',(3.375,-72.125,0.));
#66660=DIRECTION('',(0.,0.,1.));
#66670=DIRECTION('',(1.,0.,0.));
#66680=AXIS2_PLACEMENT_3D('',#66650,#66660,#66670);
#66690=CYLINDRICAL_SURFACE('',#66680,5.);
#66700=CARTESIAN_POINT('',(-1.625,-72.125,0.));
#66710=DIRECTION('',(0.,0.,1.));
#66720=VECTOR('',#66710,1.);
#66730=LINE('',#66700,#66720);
#66740=EDGE_CURVE('',#11170,#16090,#66730,.T.);
#66750=ORIENTED_EDGE('',*,*,#66740,.T.);
#66760=ORIENTED_EDGE('',*,*,#11200,.F.);
#66770=CARTESIAN_POINT('',(8.375,-72.125,0.));
#66780=DIRECTION('',(0.,0.,1.));
#66790=VECTOR('',#66780,1.);
#66800=LINE('',#66770,#66790);
#66810=EDGE_CURVE('',#11150,#16070,#66800,.T.);
#66820=ORIENTED_EDGE('',*,*,#66810,.F.);
#66830=ORIENTED_EDGE('',*,*,#16120,.T.);
#66840=EDGE_LOOP('',(#66830,#66820,#66760,#66750));
#66850=FACE_OUTER_BOUND('',#66840,.T.);
#66860=ADVANCED_FACE('',(#66850),#66690,.F.);
#66870=CARTESIAN_POINT('',(3.375,-72.125,0.));
#66880=DIRECTION('',(0.,0.,1.));
#66890=DIRECTION('',(1.,0.,0.));
#66900=AXIS2_PLACEMENT_3D('',#66870,#66880,#66890);
#66910=CYLINDRICAL_SURFACE('',#66900,5.);
#66920=ORIENTED_EDGE('',*,*,#11180,.F.);
#66930=ORIENTED_EDGE('',*,*,#66740,.F.);
#66940=ORIENTED_EDGE('',*,*,#16100,.T.);
#66950=ORIENTED_EDGE('',*,*,#66810,.T.);
#66960=EDGE_LOOP('',(#66950,#66940,#66930,#66920));
#66970=FACE_OUTER_BOUND('',#66960,.T.);
#66980=ADVANCED_FACE('',(#66970),#66910,.F.);
#66990=CARTESIAN_POINT('',(3.375,-53.375,0.));
#67000=DIRECTION('',(0.,0.,1.));
#67010=DIRECTION('',(1.,0.,0.));
#67020=AXIS2_PLACEMENT_3D('',#66990,#67000,#67010);
#67030=CYLINDRICAL_SURFACE('',#67020,5.);
#67040=CARTESIAN_POINT('',(-1.625,-53.375,0.));
#67050=DIRECTION('',(0.,0.,1.));
#67060=VECTOR('',#67050,1.);
#67070=LINE('',#67040,#67060);
#67080=EDGE_CURVE('',#11320,#30650,#67070,.T.);
#67090=ORIENTED_EDGE('',*,*,#67080,.T.);
#67100=ORIENTED_EDGE('',*,*,#11350,.F.);
#67110=CARTESIAN_POINT('',(8.375,-53.375,0.));
#67120=DIRECTION('',(0.,0.,1.));
#67130=VECTOR('',#67120,1.);
#67140=LINE('',#67110,#67130);
#67150=EDGE_CURVE('',#11300,#30630,#67140,.T.);
#67160=ORIENTED_EDGE('',*,*,#67150,.F.);
#67170=ORIENTED_EDGE('',*,*,#30680,.T.);
#67180=EDGE_LOOP('',(#67170,#67160,#67100,#67090));
#67190=FACE_OUTER_BOUND('',#67180,.T.);
#67200=ADVANCED_FACE('',(#67190),#67030,.F.);
#67210=CARTESIAN_POINT('',(3.375,-53.375,0.));
#67220=DIRECTION('',(0.,0.,1.));
#67230=DIRECTION('',(1.,0.,0.));
#67240=AXIS2_PLACEMENT_3D('',#67210,#67220,#67230);
#67250=CYLINDRICAL_SURFACE('',#67240,5.);
#67260=ORIENTED_EDGE('',*,*,#11330,.F.);
#67270=ORIENTED_EDGE('',*,*,#67080,.F.);
#67280=ORIENTED_EDGE('',*,*,#30660,.T.);
#67290=ORIENTED_EDGE('',*,*,#67150,.T.);
#67300=EDGE_LOOP('',(#67290,#67280,#67270,#67260));
#67310=FACE_OUTER_BOUND('',#67300,.T.);
#67320=ADVANCED_FACE('',(#67310),#67250,.F.);
#67330=CARTESIAN_POINT('',(3.375,47.375,0.));
#67340=DIRECTION('',(0.,0.,1.));
#67350=DIRECTION('',(1.,0.,0.));
#67360=AXIS2_PLACEMENT_3D('',#67330,#67340,#67350);
#67370=CYLINDRICAL_SURFACE('',#67360,5.);
#67380=CARTESIAN_POINT('',(-1.625,47.375,0.));
#67390=DIRECTION('',(0.,0.,1.));
#67400=VECTOR('',#67390,1.);
#67410=LINE('',#67380,#67400);
#67420=EDGE_CURVE('',#11470,#23930,#67410,.T.);
#67430=ORIENTED_EDGE('',*,*,#67420,.T.);
#67440=ORIENTED_EDGE('',*,*,#11500,.F.);
#67450=CARTESIAN_POINT('',(8.375,47.375,0.));
#67460=DIRECTION('',(0.,0.,1.));
#67470=VECTOR('',#67460,1.);
#67480=LINE('',#67450,#67470);
#67490=EDGE_CURVE('',#11450,#23910,#67480,.T.);
#67500=ORIENTED_EDGE('',*,*,#67490,.F.);
#67510=ORIENTED_EDGE('',*,*,#23960,.T.);
#67520=EDGE_LOOP('',(#67510,#67500,#67440,#67430));
#67530=FACE_OUTER_BOUND('',#67520,.T.);
#67540=ADVANCED_FACE('',(#67530),#67370,.F.);
#67550=CARTESIAN_POINT('',(3.375,47.375,0.));
#67560=DIRECTION('',(0.,0.,1.));
#67570=DIRECTION('',(1.,0.,0.));
#67580=AXIS2_PLACEMENT_3D('',#67550,#67560,#67570);
#67590=CYLINDRICAL_SURFACE('',#67580,5.);
#67600=ORIENTED_EDGE('',*,*,#11480,.F.);
#67610=ORIENTED_EDGE('',*,*,#67420,.F.);
#67620=ORIENTED_EDGE('',*,*,#23940,.T.);
#67630=ORIENTED_EDGE('',*,*,#67490,.T.);
#67640=EDGE_LOOP('',(#67630,#67620,#67610,#67600));
#67650=FACE_OUTER_BOUND('',#67640,.T.);
#67660=ADVANCED_FACE('',(#67650),#67590,.F.);
#67670=CARTESIAN_POINT('',(3.375,66.125,0.));
#67680=DIRECTION('',(0.,0.,1.));
#67690=DIRECTION('',(1.,0.,0.));
#67700=AXIS2_PLACEMENT_3D('',#67670,#67680,#67690);
#67710=CYLINDRICAL_SURFACE('',#67700,5.);
#67720=CARTESIAN_POINT('',(-1.625,66.125,0.));
#67730=DIRECTION('',(0.,0.,1.));
#67740=VECTOR('',#67730,1.);
#67750=LINE('',#67720,#67740);
#67760=EDGE_CURVE('',#11620,#17360,#67750,.T.);
#67770=ORIENTED_EDGE('',*,*,#67760,.T.);
#67780=ORIENTED_EDGE('',*,*,#11650,.F.);
#67790=CARTESIAN_POINT('',(8.375,66.125,0.));
#67800=DIRECTION('',(0.,0.,1.));
#67810=VECTOR('',#67800,1.);
#67820=LINE('',#67790,#67810);
#67830=EDGE_CURVE('',#11600,#17340,#67820,.T.);
#67840=ORIENTED_EDGE('',*,*,#67830,.F.);
#67850=ORIENTED_EDGE('',*,*,#17390,.T.);
#67860=EDGE_LOOP('',(#67850,#67840,#67780,#67770));
#67870=FACE_OUTER_BOUND('',#67860,.T.);
#67880=ADVANCED_FACE('',(#67870),#67710,.F.);
#67890=CARTESIAN_POINT('',(-4.5,113.5,3.));
#67900=DIRECTION('',(1.,0.,0.));
#67910=DIRECTION('',(0.,-1.,0.));
#67920=AXIS2_PLACEMENT_3D('',#67890,#67900,#67910);
#67930=PLANE('',#67920);
#67940=CARTESIAN_POINT('',(-4.5,57.75,3.));
#67950=DIRECTION('',(0.,0.,1.));
#67960=VECTOR('',#67950,1.);
#67970=LINE('',#67940,#67960);
#67980=EDGE_CURVE('',#16480,#41530,#67970,.T.);
#67990=ORIENTED_EDGE('',*,*,#67980,.F.);
#68000=ORIENTED_EDGE('',*,*,#41540,.F.);
#68010=CARTESIAN_POINT('',(-4.5,113.5,3.));
#68020=DIRECTION('',(0.,0.,1.));
#68030=VECTOR('',#68020,1.);
#68040=LINE('',#68010,#68030);
#68050=EDGE_CURVE('',#16560,#41450,#68040,.T.);
#68060=ORIENTED_EDGE('',*,*,#68050,.T.);
#68070=ORIENTED_EDGE('',*,*,#16570,.T.);
#68080=EDGE_LOOP('',(#68070,#68060,#68000,#67990));
#68090=FACE_OUTER_BOUND('',#68080,.T.);
#68100=ADVANCED_FACE('',(#68090),#67930,.T.);
#68110=CARTESIAN_POINT('',(52.75,113.5,3.));
#68120=DIRECTION('',(0.,-1.,0.));
#68130=DIRECTION('',(-1.,-0.,0.));
#68140=AXIS2_PLACEMENT_3D('',#68110,#68120,#68130);
#68150=PLANE('',#68140);
#68160=ORIENTED_EDGE('',*,*,#68050,.F.);
#68170=ORIENTED_EDGE('',*,*,#41460,.F.);
#68180=CARTESIAN_POINT('',(52.75,113.5,3.));
#68190=DIRECTION('',(0.,0.,1.));
#68200=VECTOR('',#68190,1.);
#68210=LINE('',#68180,#68200);
#68220=EDGE_CURVE('',#16640,#41370,#68210,.T.);
#68230=ORIENTED_EDGE('',*,*,#68220,.T.);
#68240=ORIENTED_EDGE('',*,*,#16650,.T.);
#68250=EDGE_LOOP('',(#68240,#68230,#68170,#68160));
#68260=FACE_OUTER_BOUND('',#68250,.T.);
#68270=ADVANCED_FACE('',(#68260),#68150,.T.);
#68280=CARTESIAN_POINT('',(52.75,79.7282505861521,3.));
#68290=DIRECTION('',(-1.,0.,0.));
#68300=DIRECTION('',(0.,1.,0.));
#68310=AXIS2_PLACEMENT_3D('',#68280,#68290,#68300);
#68320=PLANE('',#68310);
#68330=ORIENTED_EDGE('',*,*,#68220,.F.);
#68340=ORIENTED_EDGE('',*,*,#41380,.F.);
#68350=CARTESIAN_POINT('',(52.75,79.7282505861521,3.));
#68360=DIRECTION('',(0.,0.,1.));
#68370=VECTOR('',#68360,1.);
#68380=LINE('',#68350,#68370);
#68390=EDGE_CURVE('',#16380,#41270,#68380,.T.);
#68400=ORIENTED_EDGE('',*,*,#68390,.T.);
#68410=ORIENTED_EDGE('',*,*,#16710,.T.);
#68420=EDGE_LOOP('',(#68410,#68400,#68340,#68330));
#68430=FACE_OUTER_BOUND('',#68420,.T.);
#68440=ADVANCED_FACE('',(#68430),#68320,.T.);
#68450=CARTESIAN_POINT('',(53.75,56.75,3.));
#68460=DIRECTION('',(0.,0.,1.));
#68470=DIRECTION('',(1.,0.,0.));
#68480=AXIS2_PLACEMENT_3D('',#68450,#68460,#68470);
#68490=CYLINDRICAL_SURFACE('',#68480,23.);
#68500=ORIENTED_EDGE('',*,*,#68390,.F.);
#68510=ORIENTED_EDGE('',*,*,#41300,.F.);
#68520=CARTESIAN_POINT('',(30.7717494138479,57.75,3.));
#68530=DIRECTION('',(0.,0.,1.));
#68540=VECTOR('',#68530,1.);
#68550=LINE('',#68520,#68540);
#68560=EDGE_CURVE('',#16400,#41290,#68550,.T.);
#68570=ORIENTED_EDGE('',*,*,#68560,.T.);
#68580=ORIENTED_EDGE('',*,*,#16410,.T.);
#68590=EDGE_LOOP('',(#68580,#68570,#68510,#68500));
#68600=FACE_OUTER_BOUND('',#68590,.T.);
#68610=ADVANCED_FACE('',(#68600),#68490,.T.);
#68620=CARTESIAN_POINT('',(-4.5,57.75,3.));
#68630=DIRECTION('',(-2.01448112885815E-16,1.,0.));
#68640=DIRECTION('',(1.,2.01448112885815E-16,0.));
#68650=AXIS2_PLACEMENT_3D('',#68620,#68630,#68640);
#68660=PLANE('',#68650);
#68670=ORIENTED_EDGE('',*,*,#68560,.F.);
#68680=ORIENTED_EDGE('',*,*,#41600,.F.);
#68690=ORIENTED_EDGE('',*,*,#67980,.T.);
#68700=ORIENTED_EDGE('',*,*,#16490,.T.);
#68710=EDGE_LOOP('',(#68700,#68690,#68680,#68670));
#68720=FACE_OUTER_BOUND('',#68710,.T.);
#68730=ADVANCED_FACE('',(#68720),#68660,.T.);
#68740=CARTESIAN_POINT('',(3.375,66.125,0.));
#68750=DIRECTION('',(0.,0.,1.));
#68760=DIRECTION('',(1.,0.,0.));
#68770=AXIS2_PLACEMENT_3D('',#68740,#68750,#68760);
#68780=CYLINDRICAL_SURFACE('',#68770,5.);
#68790=ORIENTED_EDGE('',*,*,#11630,.F.);
#68800=ORIENTED_EDGE('',*,*,#67760,.F.);
#68810=ORIENTED_EDGE('',*,*,#17370,.T.);
#68820=ORIENTED_EDGE('',*,*,#67830,.T.);
#68830=EDGE_LOOP('',(#68820,#68810,#68800,#68790));
#68840=FACE_OUTER_BOUND('',#68830,.T.);
#68850=ADVANCED_FACE('',(#68840),#68780,.F.);
#68860=CARTESIAN_POINT('',(44.375,6.375,0.));
#68870=DIRECTION('',(0.,0.,1.));
#68880=DIRECTION('',(1.,0.,0.));
#68890=AXIS2_PLACEMENT_3D('',#68860,#68870,#68880);
#68900=CYLINDRICAL_SURFACE('',#68890,5.);
#68910=CARTESIAN_POINT('',(39.375,6.375,0.));
#68920=DIRECTION('',(0.,0.,1.));
#68930=VECTOR('',#68920,1.);
#68940=LINE('',#68910,#68930);
#68950=EDGE_CURVE('',#11770,#24080,#68940,.T.);
#68960=ORIENTED_EDGE('',*,*,#68950,.T.);
#68970=ORIENTED_EDGE('',*,*,#11800,.F.);
#68980=CARTESIAN_POINT('',(49.375,6.375,0.));
#68990=DIRECTION('',(0.,0.,1.));
#69000=VECTOR('',#68990,1.);
#69010=LINE('',#68980,#69000);
#69020=EDGE_CURVE('',#11750,#24060,#69010,.T.);
#69030=ORIENTED_EDGE('',*,*,#69020,.F.);
#69040=ORIENTED_EDGE('',*,*,#24110,.T.);
#69050=EDGE_LOOP('',(#69040,#69030,#68970,#68960));
#69060=FACE_OUTER_BOUND('',#69050,.T.);
#69070=ADVANCED_FACE('',(#69060),#68900,.F.);
#69080=CARTESIAN_POINT('',(-4.5,55.75,3.));
#69090=DIRECTION('',(1.,0.,0.));
#69100=DIRECTION('',(0.,-1.,0.));
#69110=AXIS2_PLACEMENT_3D('',#69080,#69090,#69100);
#69120=PLANE('',#69110);
#69130=CARTESIAN_POINT('',(-4.5,-1.5,3.));
#69140=DIRECTION('',(0.,0.,1.));
#69150=VECTOR('',#69140,1.);
#69160=LINE('',#69130,#69150);
#69170=EDGE_CURVE('',#23190,#40670,#69160,.T.);
#69180=ORIENTED_EDGE('',*,*,#69170,.F.);
#69190=ORIENTED_EDGE('',*,*,#40680,.F.);
#69200=CARTESIAN_POINT('',(-4.5,55.75,3.));
#69210=DIRECTION('',(0.,0.,1.));
#69220=VECTOR('',#69210,1.);
#69230=LINE('',#69200,#69220);
#69240=EDGE_CURVE('',#23270,#40590,#69230,.T.);
#69250=ORIENTED_EDGE('',*,*,#69240,.T.);
#69260=ORIENTED_EDGE('',*,*,#23280,.T.);
#69270=EDGE_LOOP('',(#69260,#69250,#69190,#69180));
#69280=FACE_OUTER_BOUND('',#69270,.T.);
#69290=ADVANCED_FACE('',(#69280),#69120,.T.);
#69300=CARTESIAN_POINT('',(30.7717494138479,55.75,3.));
#69310=DIRECTION('',(2.01448112885815E-16,-1.,0.));
#69320=DIRECTION('',(-1.,-2.01448112885815E-16,0.));
#69330=AXIS2_PLACEMENT_3D('',#69300,#69310,#69320);
#69340=PLANE('',#69330);
#69350=ORIENTED_EDGE('',*,*,#69240,.F.);
#69360=ORIENTED_EDGE('',*,*,#40600,.F.);
#69370=CARTESIAN_POINT('',(30.7717494138479,55.75,3.));
#69380=DIRECTION('',(0.,0.,1.));
#69390=VECTOR('',#69380,1.);
#69400=LINE('',#69370,#69390);
#69410=EDGE_CURVE('',#23350,#40510,#69400,.T.);
#69420=ORIENTED_EDGE('',*,*,#69410,.T.);
#69430=ORIENTED_EDGE('',*,*,#23360,.T.);
#69440=EDGE_LOOP('',(#69430,#69420,#69360,#69350));
#69450=FACE_OUTER_BOUND('',#69440,.T.);
#69460=ADVANCED_FACE('',(#69450),#69340,.T.);
#69470=CARTESIAN_POINT('',(53.75,56.75,3.));
#69480=DIRECTION('',(0.,0.,1.));
#69490=DIRECTION('',(1.,0.,0.));
#69500=AXIS2_PLACEMENT_3D('',#69470,#69480,#69490);
#69510=CYLINDRICAL_SURFACE('',#69500,23.);
#69520=ORIENTED_EDGE('',*,*,#69410,.F.);
#69530=ORIENTED_EDGE('',*,*,#40520,.F.);
#69540=CARTESIAN_POINT('',(52.75,33.7717494138479,3.));
#69550=DIRECTION('',(0.,0.,1.));
#69560=VECTOR('',#69550,1.);
#69570=LINE('',#69540,#69560);
#69580=EDGE_CURVE('',#23090,#40400,#69570,.T.);
#69590=ORIENTED_EDGE('',*,*,#69580,.T.);
#69600=ORIENTED_EDGE('',*,*,#23430,.T.);
#69610=EDGE_LOOP('',(#69600,#69590,#69530,#69520));
#69620=FACE_OUTER_BOUND('',#69610,.T.);
#69630=ADVANCED_FACE('',(#69620),#69510,.T.);
#69640=CARTESIAN_POINT('',(52.75,-1.5,3.));
#69650=DIRECTION('',(-1.,0.,0.));
#69660=DIRECTION('',(0.,1.,0.));
#69670=AXIS2_PLACEMENT_3D('',#69640,#69650,#69660);
#69680=PLANE('',#69670);
#69690=ORIENTED_EDGE('',*,*,#69580,.F.);
#69700=ORIENTED_EDGE('',*,*,#40430,.F.);
#69710=CARTESIAN_POINT('',(52.75,-1.5,3.));
#69720=DIRECTION('',(0.,0.,1.));
#69730=VECTOR('',#69720,1.);
#69740=LINE('',#69710,#69730);
#69750=EDGE_CURVE('',#23110,#40420,#69740,.T.);
#69760=ORIENTED_EDGE('',*,*,#69750,.T.);
#69770=ORIENTED_EDGE('',*,*,#23120,.T.);
#69780=EDGE_LOOP('',(#69770,#69760,#69700,#69690));
#69790=FACE_OUTER_BOUND('',#69780,.T.);
#69800=ADVANCED_FACE('',(#69790),#69680,.T.);
#69810=CARTESIAN_POINT('',(-4.5,-1.5,3.));
#69820=DIRECTION('',(0.,1.,0.));
#69830=DIRECTION('',(1.,-0.,0.));
#69840=AXIS2_PLACEMENT_3D('',#69810,#69820,#69830);
#69850=PLANE('',#69840);
#69860=ORIENTED_EDGE('',*,*,#69750,.F.);
#69870=ORIENTED_EDGE('',*,*,#40740,.F.);
#69880=ORIENTED_EDGE('',*,*,#69170,.T.);
#69890=ORIENTED_EDGE('',*,*,#23200,.T.);
#69900=EDGE_LOOP('',(#69890,#69880,#69870,#69860));
#69910=FACE_OUTER_BOUND('',#69900,.T.);
#69920=ADVANCED_FACE('',(#69910),#69850,.T.);
#69930=CARTESIAN_POINT('',(44.375,6.375,0.));
#69940=DIRECTION('',(0.,0.,1.));
#69950=DIRECTION('',(1.,0.,0.));
#69960=AXIS2_PLACEMENT_3D('',#69930,#69940,#69950);
#69970=CYLINDRICAL_SURFACE('',#69960,5.);
#69980=ORIENTED_EDGE('',*,*,#11780,.F.);
#69990=ORIENTED_EDGE('',*,*,#68950,.F.);
#70000=ORIENTED_EDGE('',*,*,#24090,.T.);
#70010=ORIENTED_EDGE('',*,*,#69020,.T.);
#70020=EDGE_LOOP('',(#70010,#70000,#69990,#69980));
#70030=FACE_OUTER_BOUND('',#70020,.T.);
#70040=ADVANCED_FACE('',(#70030),#69970,.F.);
#70050=CARTESIAN_POINT('',(63.125,6.375,0.));
#70060=DIRECTION('',(0.,0.,1.));
#70070=DIRECTION('',(1.,0.,0.));
#70080=AXIS2_PLACEMENT_3D('',#70050,#70060,#70070);
#70090=CYLINDRICAL_SURFACE('',#70080,5.);
#70100=CARTESIAN_POINT('',(58.125,6.375,0.));
#70110=DIRECTION('',(0.,0.,1.));
#70120=VECTOR('',#70110,1.);
#70130=LINE('',#70100,#70120);
#70140=EDGE_CURVE('',#11920,#31920,#70130,.T.);
#70150=ORIENTED_EDGE('',*,*,#70140,.T.);
#70160=ORIENTED_EDGE('',*,*,#11950,.F.);
#70170=CARTESIAN_POINT('',(68.125,6.375,0.));
#70180=DIRECTION('',(0.,0.,1.));
#70190=VECTOR('',#70180,1.);
#70200=LINE('',#70170,#70190);
#70210=EDGE_CURVE('',#11900,#31900,#70200,.T.);
#70220=ORIENTED_EDGE('',*,*,#70210,.F.);
#70230=ORIENTED_EDGE('',*,*,#31950,.T.);
#70240=EDGE_LOOP('',(#70230,#70220,#70160,#70150));
#70250=FACE_OUTER_BOUND('',#70240,.T.);
#70260=ADVANCED_FACE('',(#70250),#70090,.F.);
#70270=CARTESIAN_POINT('',(53.75,56.75,3.));
#70280=DIRECTION('',(0.,0.,1.));
#70290=DIRECTION('',(1.,0.,0.));
#70300=AXIS2_PLACEMENT_3D('',#70270,#70280,#70290);
#70310=CYLINDRICAL_SURFACE('',#70300,23.);
#70320=CARTESIAN_POINT('',(54.75,33.7717494138479,3.));
#70330=DIRECTION('',(0.,0.,1.));
#70340=VECTOR('',#70330,1.);
#70350=LINE('',#70320,#70340);
#70360=EDGE_CURVE('',#30940,#40240,#70350,.T.);
#70370=ORIENTED_EDGE('',*,*,#70360,.F.);
#70380=ORIENTED_EDGE('',*,*,#40250,.F.);
#70390=CARTESIAN_POINT('',(76.7282505861521,55.75,3.));
#70400=DIRECTION('',(0.,0.,1.));
#70410=VECTOR('',#70400,1.);
#70420=LINE('',#70390,#70410);
#70430=EDGE_CURVE('',#30960,#40150,#70420,.T.);
#70440=ORIENTED_EDGE('',*,*,#70430,.T.);
#70450=ORIENTED_EDGE('',*,*,#30970,.T.);
#70460=EDGE_LOOP('',(#70450,#70440,#70380,#70370));
#70470=FACE_OUTER_BOUND('',#70460,.T.);
#70480=ADVANCED_FACE('',(#70470),#70310,.T.);
#70490=CARTESIAN_POINT('',(110.5,55.75,3.));
#70500=DIRECTION('',(0.,-1.,0.));
#70510=DIRECTION('',(-1.,-0.,0.));
#70520=AXIS2_PLACEMENT_3D('',#70490,#70500,#70510);
#70530=PLANE('',#70520);
#70540=ORIENTED_EDGE('',*,*,#70430,.F.);
#70550=ORIENTED_EDGE('',*,*,#40160,.F.);
#70560=CARTESIAN_POINT('',(110.5,55.75,3.));
#70570=DIRECTION('',(0.,0.,1.));
#70580=VECTOR('',#70570,1.);
#70590=LINE('',#70560,#70580);
#70600=EDGE_CURVE('',#31040,#40070,#70590,.T.);
#70610=ORIENTED_EDGE('',*,*,#70600,.T.);
#70620=ORIENTED_EDGE('',*,*,#31050,.T.);
#70630=EDGE_LOOP('',(#70620,#70610,#70550,#70540));
#70640=FACE_OUTER_BOUND('',#70630,.T.);
#70650=ADVANCED_FACE('',(#70640),#70530,.T.);
#70660=CARTESIAN_POINT('',(110.5,-1.5,3.));
#70670=DIRECTION('',(-1.,0.,0.));
#70680=DIRECTION('',(0.,1.,0.));
#70690=AXIS2_PLACEMENT_3D('',#70660,#70670,#70680);
#70700=PLANE('',#70690);
#70710=ORIENTED_EDGE('',*,*,#70600,.F.);
#70720=ORIENTED_EDGE('',*,*,#40080,.F.);
#70730=CARTESIAN_POINT('',(110.5,-1.5,3.));
#70740=DIRECTION('',(0.,0.,1.));
#70750=VECTOR('',#70740,1.);
#70760=LINE('',#70730,#70750);
#70770=EDGE_CURVE('',#31120,#39970,#70760,.T.);
#70780=ORIENTED_EDGE('',*,*,#70770,.T.);
#70790=ORIENTED_EDGE('',*,*,#31130,.T.);
#70800=EDGE_LOOP('',(#70790,#70780,#70720,#70710));
#70810=FACE_OUTER_BOUND('',#70800,.T.);
#70820=ADVANCED_FACE('',(#70810),#70700,.T.);
#70830=CARTESIAN_POINT('',(54.75,-1.5,3.));
#70840=DIRECTION('',(0.,1.,0.));
#70850=DIRECTION('',(1.,-0.,0.));
#70860=AXIS2_PLACEMENT_3D('',#70830,#70840,#70850);
#70870=PLANE('',#70860);
#70880=ORIENTED_EDGE('',*,*,#70770,.F.);
#70890=ORIENTED_EDGE('',*,*,#40000,.F.);
#70900=CARTESIAN_POINT('',(54.75,-1.5,3.));
#70910=DIRECTION('',(0.,0.,1.));
#70920=VECTOR('',#70910,1.);
#70930=LINE('',#70900,#70920);
#70940=EDGE_CURVE('',#31200,#39990,#70930,.T.);
#70950=ORIENTED_EDGE('',*,*,#70940,.T.);
#70960=ORIENTED_EDGE('',*,*,#31210,.T.);
#70970=EDGE_LOOP('',(#70960,#70950,#70890,#70880));
#70980=FACE_OUTER_BOUND('',#70970,.T.);
#70990=ADVANCED_FACE('',(#70980),#70870,.T.);
#71000=CARTESIAN_POINT('',(54.75,33.7717494138479,3.));
#71010=DIRECTION('',(1.,0.,0.));
#71020=DIRECTION('',(0.,-1.,0.));
#71030=AXIS2_PLACEMENT_3D('',#71000,#71010,#71020);
#71040=PLANE('',#71030);
#71050=ORIENTED_EDGE('',*,*,#70940,.F.);
#71060=ORIENTED_EDGE('',*,*,#40310,.F.);
#71070=ORIENTED_EDGE('',*,*,#70360,.T.);
#71080=ORIENTED_EDGE('',*,*,#31270,.T.);
#71090=EDGE_LOOP('',(#71080,#71070,#71060,#71050));
#71100=FACE_OUTER_BOUND('',#71090,.T.);
#71110=ADVANCED_FACE('',(#71100),#71040,.T.);
#71120=CARTESIAN_POINT('',(63.125,6.375,0.));
#71130=DIRECTION('',(0.,0.,1.));
#71140=DIRECTION('',(1.,0.,0.));
#71150=AXIS2_PLACEMENT_3D('',#71120,#71130,#71140);
#71160=CYLINDRICAL_SURFACE('',#71150,5.);
#71170=ORIENTED_EDGE('',*,*,#11930,.F.);
#71180=ORIENTED_EDGE('',*,*,#70140,.F.);
#71190=ORIENTED_EDGE('',*,*,#31930,.T.);
#71200=ORIENTED_EDGE('',*,*,#70210,.T.);
#71210=EDGE_LOOP('',(#71200,#71190,#71180,#71170));
#71220=FACE_OUTER_BOUND('',#71210,.T.);
#71230=ADVANCED_FACE('',(#71220),#71160,.F.);
#71240=CARTESIAN_POINT('',(44.375,-12.375,0.));
#71250=DIRECTION('',(0.,0.,1.));
#71260=DIRECTION('',(1.,0.,0.));
#71270=AXIS2_PLACEMENT_3D('',#71240,#71250,#71260);
#71280=CYLINDRICAL_SURFACE('',#71270,5.);
#71290=CARTESIAN_POINT('',(39.375,-12.375,0.));
#71300=DIRECTION('',(0.,0.,1.));
#71310=VECTOR('',#71300,1.);
#71320=LINE('',#71290,#71310);
#71330=EDGE_CURVE('',#12070,#30800,#71320,.T.);
#71340=ORIENTED_EDGE('',*,*,#71330,.T.);
#71350=ORIENTED_EDGE('',*,*,#12100,.F.);
#71360=CARTESIAN_POINT('',(49.375,-12.375,0.));
#71370=DIRECTION('',(0.,0.,1.));
#71380=VECTOR('',#71370,1.);
#71390=LINE('',#71360,#71380);
#71400=EDGE_CURVE('',#12050,#30780,#71390,.T.);
#71410=ORIENTED_EDGE('',*,*,#71400,.F.);
#71420=ORIENTED_EDGE('',*,*,#30830,.T.);
#71430=EDGE_LOOP('',(#71420,#71410,#71350,#71340));
#71440=FACE_OUTER_BOUND('',#71430,.T.);
#71450=ADVANCED_FACE('',(#71440),#71280,.F.);
#71460=CARTESIAN_POINT('',(-4.5,-4.5,3.));
#71470=DIRECTION('',(1.,0.,0.));
#71480=DIRECTION('',(0.,-1.,0.));
#71490=AXIS2_PLACEMENT_3D('',#71460,#71470,#71480);
#71500=PLANE('',#71490);
#71510=CARTESIAN_POINT('',(-4.5,-61.75,3.));
#71520=DIRECTION('',(0.,0.,1.));
#71530=VECTOR('',#71520,1.);
#71540=LINE('',#71510,#71530);
#71550=EDGE_CURVE('',#30080,#43250,#71540,.T.);
#71560=ORIENTED_EDGE('',*,*,#71550,.F.);
#71570=ORIENTED_EDGE('',*,*,#43260,.F.);
#71580=CARTESIAN_POINT('',(-4.5,-4.5,3.));
#71590=DIRECTION('',(0.,0.,1.));
#71600=VECTOR('',#71590,1.);
#71610=LINE('',#71580,#71600);
#71620=EDGE_CURVE('',#29810,#43170,#71610,.T.);
#71630=ORIENTED_EDGE('',*,*,#71620,.T.);
#71640=ORIENTED_EDGE('',*,*,#30150,.T.);
#71650=EDGE_LOOP('',(#71640,#71630,#71570,#71560));
#71660=FACE_OUTER_BOUND('',#71650,.T.);
#71670=ADVANCED_FACE('',(#71660),#71500,.T.);
#71680=CARTESIAN_POINT('',(52.75,-4.5,3.));
#71690=DIRECTION('',(0.,-1.,0.));
#71700=DIRECTION('',(-1.,-0.,0.));
#71710=AXIS2_PLACEMENT_3D('',#71680,#71690,#71700);
#71720=PLANE('',#71710);
#71730=ORIENTED_EDGE('',*,*,#71620,.F.);
#71740=ORIENTED_EDGE('',*,*,#43180,.F.);
#71750=CARTESIAN_POINT('',(52.75,-4.5,3.));
#71760=DIRECTION('',(0.,0.,1.));
#71770=VECTOR('',#71760,1.);
#71780=LINE('',#71750,#71770);
#71790=EDGE_CURVE('',#29830,#43090,#71780,.T.);
#71800=ORIENTED_EDGE('',*,*,#71790,.T.);
#71810=ORIENTED_EDGE('',*,*,#29840,.T.);
#71820=EDGE_LOOP('',(#71810,#71800,#71740,#71730));
#71830=FACE_OUTER_BOUND('',#71820,.T.);
#71840=ADVANCED_FACE('',(#71830),#71720,.T.);
#71850=CARTESIAN_POINT('',(52.75,-39.7717494138479,3.));
#71860=DIRECTION('',(-1.,0.,0.));
#71870=DIRECTION('',(0.,1.,0.));
#71880=AXIS2_PLACEMENT_3D('',#71850,#71860,#71870);
#71890=PLANE('',#71880);
#71900=ORIENTED_EDGE('',*,*,#71790,.F.);
#71910=ORIENTED_EDGE('',*,*,#43100,.F.);
#71920=CARTESIAN_POINT('',(52.75,-39.7717494138479,3.));
#71930=DIRECTION('',(0.,0.,1.));
#71940=VECTOR('',#71930,1.);
#71950=LINE('',#71920,#71940);
#71960=EDGE_CURVE('',#29910,#42990,#71950,.T.);
#71970=ORIENTED_EDGE('',*,*,#71960,.T.);
#71980=ORIENTED_EDGE('',*,*,#29920,.T.);
#71990=EDGE_LOOP('',(#71980,#71970,#71910,#71900));
#72000=FACE_OUTER_BOUND('',#71990,.T.);
#72010=ADVANCED_FACE('',(#72000),#71890,.T.);
#72020=CARTESIAN_POINT('',(53.75,-62.75,3.));
#72030=DIRECTION('',(0.,0.,1.));
#72040=DIRECTION('',(1.,0.,0.));
#72050=AXIS2_PLACEMENT_3D('',#72020,#72030,#72040);
#72060=CYLINDRICAL_SURFACE('',#72050,23.);
#72070=ORIENTED_EDGE('',*,*,#71960,.F.);
#72080=ORIENTED_EDGE('',*,*,#43020,.F.);
#72090=CARTESIAN_POINT('',(30.7717494138479,-61.75,3.));
#72100=DIRECTION('',(0.,0.,1.));
#72110=VECTOR('',#72100,1.);
#72120=LINE('',#72090,#72110);
#72130=EDGE_CURVE('',#30000,#43010,#72120,.T.);
#72140=ORIENTED_EDGE('',*,*,#72130,.T.);
#72150=ORIENTED_EDGE('',*,*,#30010,.T.);
#72160=EDGE_LOOP('',(#72150,#72140,#72080,#72070));
#72170=FACE_OUTER_BOUND('',#72160,.T.);
#72180=ADVANCED_FACE('',(#72170),#72060,.T.);
#72190=CARTESIAN_POINT('',(-4.5,-61.75,3.));
#72200=DIRECTION('',(0.,1.,0.));
#72210=DIRECTION('',(1.,-0.,0.));
#72220=AXIS2_PLACEMENT_3D('',#72190,#72200,#72210);
#72230=PLANE('',#72220);
#72240=ORIENTED_EDGE('',*,*,#72130,.F.);
#72250=ORIENTED_EDGE('',*,*,#43320,.F.);
#72260=ORIENTED_EDGE('',*,*,#71550,.T.);
#72270=ORIENTED_EDGE('',*,*,#30090,.T.);
#72280=EDGE_LOOP('',(#72270,#72260,#72250,#72240));
#72290=FACE_OUTER_BOUND('',#72280,.T.);
#72300=ADVANCED_FACE('',(#72290),#72230,.T.);
#72310=CARTESIAN_POINT('',(44.375,-12.375,0.));
#72320=DIRECTION('',(0.,0.,1.));
#72330=DIRECTION('',(1.,0.,0.));
#72340=AXIS2_PLACEMENT_3D('',#72310,#72320,#72330);
#72350=CYLINDRICAL_SURFACE('',#72340,5.);
#72360=ORIENTED_EDGE('',*,*,#12080,.F.);
#72370=ORIENTED_EDGE('',*,*,#71330,.F.);
#72380=ORIENTED_EDGE('',*,*,#30810,.T.);
#72390=ORIENTED_EDGE('',*,*,#71400,.T.);
#72400=EDGE_LOOP('',(#72390,#72380,#72370,#72360));
#72410=FACE_OUTER_BOUND('',#72400,.T.);
#72420=ADVANCED_FACE('',(#72410),#72350,.F.);
#72430=CARTESIAN_POINT('',(63.125,-12.375,0.));
#72440=DIRECTION('',(0.,0.,1.));
#72450=DIRECTION('',(1.,0.,0.));
#72460=AXIS2_PLACEMENT_3D('',#72430,#72440,#72450);
#72470=CYLINDRICAL_SURFACE('',#72460,5.);
#72480=CARTESIAN_POINT('',(58.125,-12.375,0.));
#72490=DIRECTION('',(0.,0.,1.));
#72500=VECTOR('',#72490,1.);
#72510=LINE('',#72480,#72500);
#72520=EDGE_CURVE('',#12220,#22960,#72510,.T.);
#72530=ORIENTED_EDGE('',*,*,#72520,.T.);
#72540=ORIENTED_EDGE('',*,*,#12250,.F.);
#72550=CARTESIAN_POINT('',(68.125,-12.375,0.));
#72560=DIRECTION('',(0.,0.,1.));
#72570=VECTOR('',#72560,1.);
#72580=LINE('',#72550,#72570);
#72590=EDGE_CURVE('',#12200,#22940,#72580,.T.);
#72600=ORIENTED_EDGE('',*,*,#72590,.F.);
#72610=ORIENTED_EDGE('',*,*,#22990,.T.);
#72620=EDGE_LOOP('',(#72610,#72600,#72540,#72530));
#72630=FACE_OUTER_BOUND('',#72620,.T.);
#72640=ADVANCED_FACE('',(#72630),#72470,.F.);
#72650=CARTESIAN_POINT('',(54.75,-4.5,3.));
#72660=DIRECTION('',(1.,-2.01448112885815E-16,0.));
#72670=DIRECTION('',(-2.01448112885815E-16,-1.,0.));
#72680=AXIS2_PLACEMENT_3D('',#72650,#72660,#72670);
#72690=PLANE('',#72680);
#72700=CARTESIAN_POINT('',(54.75,-39.7717494138479,3.));
#72710=DIRECTION('',(0.,0.,1.));
#72720=VECTOR('',#72710,1.);
#72730=LINE('',#72700,#72720);
#72740=EDGE_CURVE('',#22160,#44100,#72730,.T.);
#72750=ORIENTED_EDGE('',*,*,#72740,.F.);
#72760=ORIENTED_EDGE('',*,*,#44110,.F.);
#72770=CARTESIAN_POINT('',(54.75,-4.5,3.));
#72780=DIRECTION('',(0.,0.,1.));
#72790=VECTOR('',#72780,1.);
#72800=LINE('',#72770,#72790);
#72810=EDGE_CURVE('',#22240,#44020,#72800,.T.);
#72820=ORIENTED_EDGE('',*,*,#72810,.T.);
#72830=ORIENTED_EDGE('',*,*,#22250,.T.);
#72840=EDGE_LOOP('',(#72830,#72820,#72760,#72750));
#72850=FACE_OUTER_BOUND('',#72840,.T.);
#72860=ADVANCED_FACE('',(#72850),#72690,.T.);
#72870=CARTESIAN_POINT('',(110.5,-4.5,3.));
#72880=DIRECTION('',(0.,-1.,0.));
#72890=DIRECTION('',(-1.,-0.,0.));
#72900=AXIS2_PLACEMENT_3D('',#72870,#72880,#72890);
#72910=PLANE('',#72900);
#72920=ORIENTED_EDGE('',*,*,#72810,.F.);
#72930=ORIENTED_EDGE('',*,*,#44030,.F.);
#72940=CARTESIAN_POINT('',(110.5,-4.5,3.));
#72950=DIRECTION('',(0.,0.,1.));
#72960=VECTOR('',#72950,1.);
#72970=LINE('',#72940,#72960);
#72980=EDGE_CURVE('',#21970,#43940,#72970,.T.);
#72990=ORIENTED_EDGE('',*,*,#72980,.T.);
#73000=ORIENTED_EDGE('',*,*,#22310,.T.);
#73010=EDGE_LOOP('',(#73000,#72990,#72930,#72920));
#73020=FACE_OUTER_BOUND('',#73010,.T.);
#73030=ADVANCED_FACE('',(#73020),#72910,.T.);
#73040=CARTESIAN_POINT('',(110.5,-61.75,3.));
#73050=DIRECTION('',(-1.,0.,0.));
#73060=DIRECTION('',(0.,1.,0.));
#73070=AXIS2_PLACEMENT_3D('',#73040,#73050,#73060);
#73080=PLANE('',#73070);
#73090=ORIENTED_EDGE('',*,*,#72980,.F.);
#73100=ORIENTED_EDGE('',*,*,#43950,.F.);
#73110=CARTESIAN_POINT('',(110.5,-61.75,3.));
#73120=DIRECTION('',(0.,0.,1.));
#73130=VECTOR('',#73120,1.);
#73140=LINE('',#73110,#73130);
#73150=EDGE_CURVE('',#21990,#43840,#73140,.T.);
#73160=ORIENTED_EDGE('',*,*,#73150,.T.);
#73170=ORIENTED_EDGE('',*,*,#22000,.T.);
#73180=EDGE_LOOP('',(#73170,#73160,#73100,#73090));
#73190=FACE_OUTER_BOUND('',#73180,.T.);
#73200=ADVANCED_FACE('',(#73190),#73080,.T.);
#73210=CARTESIAN_POINT('',(76.7282505861521,-61.75,3.));
#73220=DIRECTION('',(0.,1.,0.));
#73230=DIRECTION('',(1.,-0.,0.));
#73240=AXIS2_PLACEMENT_3D('',#73210,#73220,#73230);
#73250=PLANE('',#73240);
#73260=ORIENTED_EDGE('',*,*,#73150,.F.);
#73270=ORIENTED_EDGE('',*,*,#43870,.F.);
#73280=CARTESIAN_POINT('',(76.7282505861521,-61.75,3.));
#73290=DIRECTION('',(0.,0.,1.));
#73300=VECTOR('',#73290,1.);
#73310=LINE('',#73280,#73300);
#73320=EDGE_CURVE('',#22070,#43860,#73310,.T.);
#73330=ORIENTED_EDGE('',*,*,#73320,.T.);
#73340=ORIENTED_EDGE('',*,*,#22080,.T.);
#73350=EDGE_LOOP('',(#73340,#73330,#73270,#73260));
#73360=FACE_OUTER_BOUND('',#73350,.T.);
#73370=ADVANCED_FACE('',(#73360),#73250,.T.);
#73380=CARTESIAN_POINT('',(53.75,-62.75,3.));
#73390=DIRECTION('',(0.,0.,1.));
#73400=DIRECTION('',(1.,0.,0.));
#73410=AXIS2_PLACEMENT_3D('',#73380,#73390,#73400);
#73420=CYLINDRICAL_SURFACE('',#73410,23.);
#73430=ORIENTED_EDGE('',*,*,#73320,.F.);
#73440=ORIENTED_EDGE('',*,*,#44180,.F.);
#73450=ORIENTED_EDGE('',*,*,#72740,.T.);
#73460=ORIENTED_EDGE('',*,*,#22170,.T.);
#73470=EDGE_LOOP('',(#73460,#73450,#73440,#73430));
#73480=FACE_OUTER_BOUND('',#73470,.T.);
#73490=ADVANCED_FACE('',(#73480),#73420,.T.);
#73500=CARTESIAN_POINT('',(63.125,-12.375,0.));
#73510=DIRECTION('',(0.,0.,1.));
#73520=DIRECTION('',(1.,0.,0.));
#73530=AXIS2_PLACEMENT_3D('',#73500,#73510,#73520);
#73540=CYLINDRICAL_SURFACE('',#73530,5.);
#73550=ORIENTED_EDGE('',*,*,#12230,.F.);
#73560=ORIENTED_EDGE('',*,*,#72520,.F.);
#73570=ORIENTED_EDGE('',*,*,#22970,.T.);
#73580=ORIENTED_EDGE('',*,*,#72590,.T.);
#73590=EDGE_LOOP('',(#73580,#73570,#73560,#73550));
#73600=FACE_OUTER_BOUND('',#73590,.T.);
#73610=ADVANCED_FACE('',(#73600),#73540,.F.);
#73620=CARTESIAN_POINT('',(63.125,-113.125,0.));
#73630=DIRECTION('',(0.,0.,1.));
#73640=DIRECTION('',(1.,0.,0.));
#73650=AXIS2_PLACEMENT_3D('',#73620,#73630,#73640);
#73660=CYLINDRICAL_SURFACE('',#73650,5.);
#73670=CARTESIAN_POINT('',(58.125,-113.125,0.));
#73680=DIRECTION('',(0.,0.,1.));
#73690=VECTOR('',#73680,1.);
#73700=LINE('',#73670,#73690);
#73710=EDGE_CURVE('',#12370,#26320,#73700,.T.);
#73720=ORIENTED_EDGE('',*,*,#73710,.T.);
#73730=ORIENTED_EDGE('',*,*,#12400,.F.);
#73740=CARTESIAN_POINT('',(68.125,-113.125,0.));
#73750=DIRECTION('',(0.,0.,1.));
#73760=VECTOR('',#73750,1.);
#73770=LINE('',#73740,#73760);
#73780=EDGE_CURVE('',#12350,#26300,#73770,.T.);
#73790=ORIENTED_EDGE('',*,*,#73780,.F.);
#73800=ORIENTED_EDGE('',*,*,#26350,.T.);
#73810=EDGE_LOOP('',(#73800,#73790,#73730,#73720));
#73820=FACE_OUTER_BOUND('',#73810,.T.);
#73830=ADVANCED_FACE('',(#73820),#73660,.F.);
#73840=CARTESIAN_POINT('',(54.75,-85.7282505861521,3.));
#73850=DIRECTION('',(1.,0.,0.));
#73860=DIRECTION('',(0.,-1.,0.));
#73870=AXIS2_PLACEMENT_3D('',#73840,#73850,#73860);
#73880=PLANE('',#73870);
#73890=CARTESIAN_POINT('',(54.75,-119.5,3.));
#73900=DIRECTION('',(0.,0.,1.));
#73910=VECTOR('',#73900,1.);
#73920=LINE('',#73890,#73910);
#73930=EDGE_CURVE('',#25330,#43680,#73920,.T.);
#73940=ORIENTED_EDGE('',*,*,#73930,.F.);
#73950=ORIENTED_EDGE('',*,*,#43690,.F.);
#73960=CARTESIAN_POINT('',(54.75,-85.7282505861521,3.));
#73970=DIRECTION('',(0.,0.,1.));
#73980=VECTOR('',#73970,1.);
#73990=LINE('',#73960,#73980);
#74000=EDGE_CURVE('',#25350,#43600,#73990,.T.);
#74010=ORIENTED_EDGE('',*,*,#74000,.T.);
#74020=ORIENTED_EDGE('',*,*,#25360,.T.);
#74030=EDGE_LOOP('',(#74020,#74010,#73950,#73940));
#74040=FACE_OUTER_BOUND('',#74030,.T.);
#74050=ADVANCED_FACE('',(#74040),#73880,.T.);
#74060=CARTESIAN_POINT('',(53.75,-62.75,3.));
#74070=DIRECTION('',(0.,0.,1.));
#74080=DIRECTION('',(1.,0.,0.));
#74090=AXIS2_PLACEMENT_3D('',#74060,#74070,#74080);
#74100=CYLINDRICAL_SURFACE('',#74090,23.);
#74110=ORIENTED_EDGE('',*,*,#74000,.F.);
#74120=ORIENTED_EDGE('',*,*,#43610,.F.);
#74130=CARTESIAN_POINT('',(76.7282505861521,-63.75,3.));
#74140=DIRECTION('',(0.,0.,1.));
#74150=VECTOR('',#74140,1.);
#74160=LINE('',#74130,#74150);
#74170=EDGE_CURVE('',#25440,#43510,#74160,.T.);
#74180=ORIENTED_EDGE('',*,*,#74170,.T.);
#74190=ORIENTED_EDGE('',*,*,#25450,.T.);
#74200=EDGE_LOOP('',(#74190,#74180,#74120,#74110));
#74210=FACE_OUTER_BOUND('',#74200,.T.);
#74220=ADVANCED_FACE('',(#74210),#74100,.T.);
#74230=CARTESIAN_POINT('',(110.5,-63.75,3.));
#74240=DIRECTION('',(0.,-1.,0.));
#74250=DIRECTION('',(-1.,-0.,0.));
#74260=AXIS2_PLACEMENT_3D('',#74230,#74240,#74250);
#74270=PLANE('',#74260);
#74280=ORIENTED_EDGE('',*,*,#74170,.F.);
#74290=ORIENTED_EDGE('',*,*,#43520,.F.);
#74300=CARTESIAN_POINT('',(110.5,-63.75,3.));
#74310=DIRECTION('',(0.,0.,1.));
#74320=VECTOR('',#74310,1.);
#74330=LINE('',#74300,#74320);
#74340=EDGE_CURVE('',#25520,#43410,#74330,.T.);
#74350=ORIENTED_EDGE('',*,*,#74340,.T.);
#74360=ORIENTED_EDGE('',*,*,#25530,.T.);
#74370=EDGE_LOOP('',(#74360,#74350,#74290,#74280));
#74380=FACE_OUTER_BOUND('',#74370,.T.);
#74390=ADVANCED_FACE('',(#74380),#74270,.T.);
#74400=CARTESIAN_POINT('',(110.5,-119.5,3.));
#74410=DIRECTION('',(-1.,0.,0.));
#74420=DIRECTION('',(0.,1.,0.));
#74430=AXIS2_PLACEMENT_3D('',#74400,#74410,#74420);
#74440=PLANE('',#74430);
#74450=ORIENTED_EDGE('',*,*,#74340,.F.);
#74460=ORIENTED_EDGE('',*,*,#43440,.F.);
#74470=CARTESIAN_POINT('',(110.5,-119.5,3.));
#74480=DIRECTION('',(0.,0.,1.));
#74490=VECTOR('',#74480,1.);
#74500=LINE('',#74470,#74490);
#74510=EDGE_CURVE('',#25600,#43430,#74500,.T.);
#74520=ORIENTED_EDGE('',*,*,#74510,.T.);
#74530=ORIENTED_EDGE('',*,*,#25610,.T.);
#74540=EDGE_LOOP('',(#74530,#74520,#74460,#74450));
#74550=FACE_OUTER_BOUND('',#74540,.T.);
#74560=ADVANCED_FACE('',(#74550),#74440,.T.);
#74570=CARTESIAN_POINT('',(54.75,-119.5,3.));
#74580=DIRECTION('',(-2.54903223591067E-16,1.,0.));
#74590=DIRECTION('',(1.,2.54903223591067E-16,0.));
#74600=AXIS2_PLACEMENT_3D('',#74570,#74580,#74590);
#74610=PLANE('',#74600);
#74620=ORIENTED_EDGE('',*,*,#74510,.F.);
#74630=ORIENTED_EDGE('',*,*,#43750,.F.);
#74640=ORIENTED_EDGE('',*,*,#73930,.T.);
#74650=ORIENTED_EDGE('',*,*,#25670,.T.);
#74660=EDGE_LOOP('',(#74650,#74640,#74630,#74620));
#74670=FACE_OUTER_BOUND('',#74660,.T.);
#74680=ADVANCED_FACE('',(#74670),#74610,.T.);
#74690=CARTESIAN_POINT('',(63.125,-113.125,0.));
#74700=DIRECTION('',(0.,0.,1.));
#74710=DIRECTION('',(1.,0.,0.));
#74720=AXIS2_PLACEMENT_3D('',#74690,#74700,#74710);
#74730=CYLINDRICAL_SURFACE('',#74720,5.);
#74740=ORIENTED_EDGE('',*,*,#12380,.F.);
#74750=ORIENTED_EDGE('',*,*,#73710,.F.);
#74760=ORIENTED_EDGE('',*,*,#26330,.T.);
#74770=ORIENTED_EDGE('',*,*,#73780,.T.);
#74780=EDGE_LOOP('',(#74770,#74760,#74750,#74740));
#74790=FACE_OUTER_BOUND('',#74780,.T.);
#74800=ADVANCED_FACE('',(#74790),#74730,.F.);
#74810=CARTESIAN_POINT('',(44.375,-113.125,0.));
#74820=DIRECTION('',(0.,0.,1.));
#74830=DIRECTION('',(1.,0.,0.));
#74840=AXIS2_PLACEMENT_3D('',#74810,#74820,#74830);
#74850=CYLINDRICAL_SURFACE('',#74840,5.);
#74860=CARTESIAN_POINT('',(39.375,-113.125,0.));
#74870=DIRECTION('',(0.,0.,1.));
#74880=VECTOR('',#74870,1.);
#74890=LINE('',#74860,#74880);
#74900=EDGE_CURVE('',#12520,#16240,#74890,.T.);
#74910=ORIENTED_EDGE('',*,*,#74900,.T.);
#74920=ORIENTED_EDGE('',*,*,#12550,.F.);
#74930=CARTESIAN_POINT('',(49.375,-113.125,0.));
#74940=DIRECTION('',(0.,0.,1.));
#74950=VECTOR('',#74940,1.);
#74960=LINE('',#74930,#74950);
#74970=EDGE_CURVE('',#12500,#16220,#74960,.T.);
#74980=ORIENTED_EDGE('',*,*,#74970,.F.);
#74990=ORIENTED_EDGE('',*,*,#16270,.T.);
#75000=EDGE_LOOP('',(#74990,#74980,#74920,#74910));
#75010=FACE_OUTER_BOUND('',#75000,.T.);
#75020=ADVANCED_FACE('',(#75010),#74850,.F.);
#75030=CARTESIAN_POINT('',(30.7717494138479,-63.75,3.));
#75040=DIRECTION('',(0.,-1.,0.));
#75050=DIRECTION('',(-1.,-0.,0.));
#75060=AXIS2_PLACEMENT_3D('',#75030,#75040,#75050);
#75070=PLANE('',#75060);
#75080=CARTESIAN_POINT('',(-4.5,-63.75,3.));
#75090=DIRECTION('',(0.,0.,1.));
#75100=VECTOR('',#75090,1.);
#75110=LINE('',#75080,#75100);
#75120=EDGE_CURVE('',#15430,#42390,#75110,.T.);
#75130=ORIENTED_EDGE('',*,*,#75120,.F.);
#75140=ORIENTED_EDGE('',*,*,#42400,.F.);
#75150=CARTESIAN_POINT('',(30.7717494138479,-63.75,3.));
#75160=DIRECTION('',(0.,0.,1.));
#75170=VECTOR('',#75160,1.);
#75180=LINE('',#75150,#75170);
#75190=EDGE_CURVE('',#15510,#42310,#75180,.T.);
#75200=ORIENTED_EDGE('',*,*,#75190,.T.);
#75210=ORIENTED_EDGE('',*,*,#15520,.T.);
#75220=EDGE_LOOP('',(#75210,#75200,#75140,#75130));
#75230=FACE_OUTER_BOUND('',#75220,.T.);
#75240=ADVANCED_FACE('',(#75230),#75070,.T.);
#75250=CARTESIAN_POINT('',(53.75,-62.75,3.));
#75260=DIRECTION('',(0.,0.,1.));
#75270=DIRECTION('',(1.,0.,0.));
#75280=AXIS2_PLACEMENT_3D('',#75250,#75260,#75270);
#75290=CYLINDRICAL_SURFACE('',#75280,23.);
#75300=ORIENTED_EDGE('',*,*,#75190,.F.);
#75310=ORIENTED_EDGE('',*,*,#42320,.F.);
#75320=CARTESIAN_POINT('',(52.75,-85.7282505861521,3.));
#75330=DIRECTION('',(0.,0.,1.));
#75340=VECTOR('',#75330,1.);
#75350=LINE('',#75320,#75340);
#75360=EDGE_CURVE('',#15250,#42220,#75350,.T.);
#75370=ORIENTED_EDGE('',*,*,#75360,.T.);
#75380=ORIENTED_EDGE('',*,*,#15590,.T.);
#75390=EDGE_LOOP('',(#75380,#75370,#75310,#75300));
#75400=FACE_OUTER_BOUND('',#75390,.T.);
#75410=ADVANCED_FACE('',(#75400),#75290,.T.);
#75420=CARTESIAN_POINT('',(52.75,-119.5,3.));
#75430=DIRECTION('',(-1.,0.,0.));
#75440=DIRECTION('',(0.,1.,0.));
#75450=AXIS2_PLACEMENT_3D('',#75420,#75430,#75440);
#75460=PLANE('',#75450);
#75470=ORIENTED_EDGE('',*,*,#75360,.F.);
#75480=ORIENTED_EDGE('',*,*,#42230,.F.);
#75490=CARTESIAN_POINT('',(52.75,-119.5,3.));
#75500=DIRECTION('',(0.,0.,1.));
#75510=VECTOR('',#75500,1.);
#75520=LINE('',#75490,#75510);
#75530=EDGE_CURVE('',#15270,#42120,#75520,.T.);
#75540=ORIENTED_EDGE('',*,*,#75530,.T.);
#75550=ORIENTED_EDGE('',*,*,#15280,.T.);
#75560=EDGE_LOOP('',(#75550,#75540,#75480,#75470));
#75570=FACE_OUTER_BOUND('',#75560,.T.);
#75580=ADVANCED_FACE('',(#75570),#75460,.T.);
#75590=CARTESIAN_POINT('',(-4.5,-119.5,3.));
#75600=DIRECTION('',(0.,1.,0.));
#75610=DIRECTION('',(1.,-0.,0.));
#75620=AXIS2_PLACEMENT_3D('',#75590,#75600,#75610);
#75630=PLANE('',#75620);
#75640=ORIENTED_EDGE('',*,*,#75530,.F.);
#75650=ORIENTED_EDGE('',*,*,#42150,.F.);
#75660=CARTESIAN_POINT('',(-4.5,-119.5,3.));
#75670=DIRECTION('',(0.,0.,1.));
#75680=VECTOR('',#75670,1.);
#75690=LINE('',#75660,#75680);
#75700=EDGE_CURVE('',#15350,#42140,#75690,.T.);
#75710=ORIENTED_EDGE('',*,*,#75700,.T.);
#75720=ORIENTED_EDGE('',*,*,#15360,.T.);
#75730=EDGE_LOOP('',(#75720,#75710,#75650,#75640));
#75740=FACE_OUTER_BOUND('',#75730,.T.);
#75750=ADVANCED_FACE('',(#75740),#75630,.T.);
#75760=CARTESIAN_POINT('',(-4.5,-63.75,3.));
#75770=DIRECTION('',(1.,0.,0.));
#75780=DIRECTION('',(0.,-1.,0.));
#75790=AXIS2_PLACEMENT_3D('',#75760,#75770,#75780);
#75800=PLANE('',#75790);
#75810=ORIENTED_EDGE('',*,*,#75700,.F.);
#75820=ORIENTED_EDGE('',*,*,#42460,.F.);
#75830=ORIENTED_EDGE('',*,*,#75120,.T.);
#75840=ORIENTED_EDGE('',*,*,#15440,.T.);
#75850=EDGE_LOOP('',(#75840,#75830,#75820,#75810));
#75860=FACE_OUTER_BOUND('',#75850,.T.);
#75870=ADVANCED_FACE('',(#75860),#75800,.T.);
#75880=CARTESIAN_POINT('',(44.375,-113.125,0.));
#75890=DIRECTION('',(0.,0.,1.));
#75900=DIRECTION('',(1.,0.,0.));
#75910=AXIS2_PLACEMENT_3D('',#75880,#75890,#75900);
#75920=CYLINDRICAL_SURFACE('',#75910,5.);
#75930=ORIENTED_EDGE('',*,*,#12530,.F.);
#75940=ORIENTED_EDGE('',*,*,#74900,.F.);
#75950=ORIENTED_EDGE('',*,*,#16250,.T.);
#75960=ORIENTED_EDGE('',*,*,#74970,.T.);
#75970=EDGE_LOOP('',(#75960,#75950,#75940,#75930));
#75980=FACE_OUTER_BOUND('',#75970,.T.);
#75990=ADVANCED_FACE('',(#75980),#75920,.F.);
#76000=CARTESIAN_POINT('',(-56.375,-113.125,0.));
#76010=DIRECTION('',(0.,0.,1.));
#76020=DIRECTION('',(1.,0.,0.));
#76030=AXIS2_PLACEMENT_3D('',#76000,#76010,#76020);
#76040=CYLINDRICAL_SURFACE('',#76030,5.);
#76050=CARTESIAN_POINT('',(-61.375,-113.125,0.));
#76060=DIRECTION('',(0.,0.,1.));
#76070=VECTOR('',#76060,1.);
#76080=LINE('',#76050,#76070);
#76090=EDGE_CURVE('',#12670,#28560,#76080,.T.);
#76100=ORIENTED_EDGE('',*,*,#76090,.T.);
#76110=ORIENTED_EDGE('',*,*,#12700,.F.);
#76120=CARTESIAN_POINT('',(-51.375,-113.125,0.));
#76130=DIRECTION('',(0.,0.,1.));
#76140=VECTOR('',#76130,1.);
#76150=LINE('',#76120,#76140);
#76160=EDGE_CURVE('',#12650,#28540,#76150,.T.);
#76170=ORIENTED_EDGE('',*,*,#76160,.F.);
#76180=ORIENTED_EDGE('',*,*,#28590,.T.);
#76190=EDGE_LOOP('',(#76180,#76170,#76110,#76100));
#76200=FACE_OUTER_BOUND('',#76190,.T.);
#76210=ADVANCED_FACE('',(#76200),#76040,.F.);
#76220=CARTESIAN_POINT('',(-65.75,-62.75,3.));
#76230=DIRECTION('',(0.,0.,1.));
#76240=DIRECTION('',(1.,0.,0.));
#76250=AXIS2_PLACEMENT_3D('',#76220,#76230,#76240);
#76260=CYLINDRICAL_SURFACE('',#76250,23.);
#76270=CARTESIAN_POINT('',(-64.75,-85.7282505861521,3.));
#76280=DIRECTION('',(0.,0.,1.));
#76290=VECTOR('',#76280,1.);
#76300=LINE('',#76270,#76290);
#76310=EDGE_CURVE('',#27750,#42820,#76300,.T.);
#76320=ORIENTED_EDGE('',*,*,#76310,.F.);
#76330=ORIENTED_EDGE('',*,*,#42830,.F.);
#76340=CARTESIAN_POINT('',(-42.7717494138479,-63.75,3.));
#76350=DIRECTION('',(0.,0.,1.));
#76360=VECTOR('',#76350,1.);
#76370=LINE('',#76340,#76360);
#76380=EDGE_CURVE('',#27840,#42730,#76370,.T.);
#76390=ORIENTED_EDGE('',*,*,#76380,.T.);
#76400=ORIENTED_EDGE('',*,*,#27850,.T.);
#76410=EDGE_LOOP('',(#76400,#76390,#76330,#76320));
#76420=FACE_OUTER_BOUND('',#76410,.T.);
#76430=ADVANCED_FACE('',(#76420),#76260,.T.);
#76440=CARTESIAN_POINT('',(-7.5,-63.75,3.));
#76450=DIRECTION('',(0.,-1.,0.));
#76460=DIRECTION('',(-1.,-0.,0.));
#76470=AXIS2_PLACEMENT_3D('',#76440,#76450,#76460);
#76480=PLANE('',#76470);
#76490=ORIENTED_EDGE('',*,*,#76380,.F.);
#76500=ORIENTED_EDGE('',*,*,#42740,.F.);
#76510=CARTESIAN_POINT('',(-7.5,-63.75,3.));
#76520=DIRECTION('',(0.,0.,1.));
#76530=VECTOR('',#76520,1.);
#76540=LINE('',#76510,#76530);
#76550=EDGE_CURVE('',#27570,#42650,#76540,.T.);
#76560=ORIENTED_EDGE('',*,*,#76550,.T.);
#76570=ORIENTED_EDGE('',*,*,#27910,.T.);
#76580=EDGE_LOOP('',(#76570,#76560,#76500,#76490));
#76590=FACE_OUTER_BOUND('',#76580,.T.);
#76600=ADVANCED_FACE('',(#76590),#76480,.T.);
#76610=CARTESIAN_POINT('',(-7.5,-119.5,3.));
#76620=DIRECTION('',(-1.,0.,0.));
#76630=DIRECTION('',(0.,1.,0.));
#76640=AXIS2_PLACEMENT_3D('',#76610,#76620,#76630);
#76650=PLANE('',#76640);
#76660=ORIENTED_EDGE('',*,*,#76550,.F.);
#76670=ORIENTED_EDGE('',*,*,#42660,.F.);
#76680=CARTESIAN_POINT('',(-7.5,-119.5,3.));
#76690=DIRECTION('',(0.,0.,1.));
#76700=VECTOR('',#76690,1.);
#76710=LINE('',#76680,#76700);
#76720=EDGE_CURVE('',#27590,#42550,#76710,.T.);
#76730=ORIENTED_EDGE('',*,*,#76720,.T.);
#76740=ORIENTED_EDGE('',*,*,#27600,.T.);
#76750=EDGE_LOOP('',(#76740,#76730,#76670,#76660));
#76760=FACE_OUTER_BOUND('',#76750,.T.);
#76770=ADVANCED_FACE('',(#76760),#76650,.T.);
#76780=CARTESIAN_POINT('',(-64.75,-119.5,3.));
#76790=DIRECTION('',(0.,1.,0.));
#76800=DIRECTION('',(1.,-0.,0.));
#76810=AXIS2_PLACEMENT_3D('',#76780,#76790,#76800);
#76820=PLANE('',#76810);
#76830=ORIENTED_EDGE('',*,*,#76720,.F.);
#76840=ORIENTED_EDGE('',*,*,#42580,.F.);
#76850=CARTESIAN_POINT('',(-64.75,-119.5,3.));
#76860=DIRECTION('',(0.,0.,1.));
#76870=VECTOR('',#76860,1.);
#76880=LINE('',#76850,#76870);
#76890=EDGE_CURVE('',#27670,#42570,#76880,.T.);
#76900=ORIENTED_EDGE('',*,*,#76890,.T.);
#76910=ORIENTED_EDGE('',*,*,#27680,.T.);
#76920=EDGE_LOOP('',(#76910,#76900,#76840,#76830));
#76930=FACE_OUTER_BOUND('',#76920,.T.);
#76940=ADVANCED_FACE('',(#76930),#76820,.T.);
#76950=CARTESIAN_POINT('',(-64.75,-85.7282505861521,3.));
#76960=DIRECTION('',(1.,2.10395596346794E-16,0.));
#76970=DIRECTION('',(2.10395596346794E-16,-1.,0.));
#76980=AXIS2_PLACEMENT_3D('',#76950,#76960,#76970);
#76990=PLANE('',#76980);
#77000=ORIENTED_EDGE('',*,*,#76890,.F.);
#77010=ORIENTED_EDGE('',*,*,#42890,.F.);
#77020=ORIENTED_EDGE('',*,*,#76310,.T.);
#77030=ORIENTED_EDGE('',*,*,#27760,.T.);
#77040=EDGE_LOOP('',(#77030,#77020,#77010,#77000));
#77050=FACE_OUTER_BOUND('',#77040,.T.);
#77060=ADVANCED_FACE('',(#77050),#76990,.T.);
#77070=CARTESIAN_POINT('',(-56.375,-113.125,0.));
#77080=DIRECTION('',(0.,0.,1.));
#77090=DIRECTION('',(1.,0.,0.));
#77100=AXIS2_PLACEMENT_3D('',#77070,#77080,#77090);
#77110=CYLINDRICAL_SURFACE('',#77100,5.);
#77120=ORIENTED_EDGE('',*,*,#12680,.F.);
#77130=ORIENTED_EDGE('',*,*,#76090,.F.);
#77140=ORIENTED_EDGE('',*,*,#28570,.T.);
#77150=ORIENTED_EDGE('',*,*,#76160,.T.);
#77160=EDGE_LOOP('',(#77150,#77140,#77130,#77120));
#77170=FACE_OUTER_BOUND('',#77160,.T.);
#77180=ADVANCED_FACE('',(#77170),#77110,.F.);
#77190=CARTESIAN_POINT('',(-75.125,-113.125,0.));
#77200=DIRECTION('',(0.,0.,1.));
#77210=DIRECTION('',(1.,0.,0.));
#77220=AXIS2_PLACEMENT_3D('',#77190,#77200,#77210);
#77230=CYLINDRICAL_SURFACE('',#77220,5.);
#77240=CARTESIAN_POINT('',(-80.125,-113.125,0.));
#77250=DIRECTION('',(0.,0.,1.));
#77260=VECTOR('',#77250,1.);
#77270=LINE('',#77240,#77260);
#77280=EDGE_CURVE('',#12820,#19450,#77270,.T.);
#77290=ORIENTED_EDGE('',*,*,#77280,.T.);
#77300=ORIENTED_EDGE('',*,*,#12850,.F.);
#77310=CARTESIAN_POINT('',(-70.125,-113.125,0.));
#77320=DIRECTION('',(0.,0.,1.));
#77330=VECTOR('',#77320,1.);
#77340=LINE('',#77310,#77330);
#77350=EDGE_CURVE('',#12800,#19430,#77340,.T.);
#77360=ORIENTED_EDGE('',*,*,#77350,.F.);
#77370=ORIENTED_EDGE('',*,*,#19480,.T.);
#77380=EDGE_LOOP('',(#77370,#77360,#77300,#77290));
#77390=FACE_OUTER_BOUND('',#77380,.T.);
#77400=ADVANCED_FACE('',(#77390),#77230,.F.);
#77410=CARTESIAN_POINT('',(-75.125,-113.125,0.));
#77420=DIRECTION('',(0.,0.,1.));
#77430=DIRECTION('',(1.,0.,0.));
#77440=AXIS2_PLACEMENT_3D('',#77410,#77420,#77430);
#77450=CYLINDRICAL_SURFACE('',#77440,5.);
#77460=ORIENTED_EDGE('',*,*,#12830,.F.);
#77470=ORIENTED_EDGE('',*,*,#77280,.F.);
#77480=ORIENTED_EDGE('',*,*,#19460,.T.);
#77490=ORIENTED_EDGE('',*,*,#77350,.T.);
#77500=EDGE_LOOP('',(#77490,#77480,#77470,#77460));
#77510=FACE_OUTER_BOUND('',#77500,.T.);
#77520=ADVANCED_FACE('',(#77510),#77450,.F.);
#77530=CARTESIAN_POINT('',(-75.125,107.125,0.));
#77540=DIRECTION('',(0.,0.,1.));
#77550=DIRECTION('',(1.,0.,0.));
#77560=AXIS2_PLACEMENT_3D('',#77530,#77540,#77550);
#77570=CYLINDRICAL_SURFACE('',#77560,5.);
#77580=CARTESIAN_POINT('',(-80.125,107.125,0.));
#77590=DIRECTION('',(0.,0.,1.));
#77600=VECTOR('',#77590,1.);
#77610=LINE('',#77580,#77600);
#77620=EDGE_CURVE('',#12970,#27440,#77610,.T.);
#77630=ORIENTED_EDGE('',*,*,#77620,.T.);
#77640=ORIENTED_EDGE('',*,*,#13000,.F.);
#77650=CARTESIAN_POINT('',(-70.125,107.125,0.));
#77660=DIRECTION('',(0.,0.,1.));
#77670=VECTOR('',#77660,1.);
#77680=LINE('',#77650,#77670);
#77690=EDGE_CURVE('',#12950,#27420,#77680,.T.);
#77700=ORIENTED_EDGE('',*,*,#77690,.F.);
#77710=ORIENTED_EDGE('',*,*,#27470,.T.);
#77720=EDGE_LOOP('',(#77710,#77700,#77640,#77630));
#77730=FACE_OUTER_BOUND('',#77720,.T.);
#77740=ADVANCED_FACE('',(#77730),#77570,.F.);
#77750=CARTESIAN_POINT('',(-122.5,113.5,3.));
#77760=DIRECTION('',(1.,0.,0.));
#77770=DIRECTION('',(0.,-1.,0.));
#77780=AXIS2_PLACEMENT_3D('',#77750,#77760,#77770);
#77790=PLANE('',#77780);
#77800=CARTESIAN_POINT('',(-122.5,57.75,3.));
#77810=DIRECTION('',(0.,0.,1.));
#77820=VECTOR('',#77810,1.);
#77830=LINE('',#77800,#77820);
#77840=EDGE_CURVE('',#26640,#37210,#77830,.T.);
#77850=ORIENTED_EDGE('',*,*,#77840,.F.);
#77860=ORIENTED_EDGE('',*,*,#37220,.F.);
#77870=CARTESIAN_POINT('',(-122.5,113.5,3.));
#77880=DIRECTION('',(0.,0.,1.));
#77890=VECTOR('',#77880,1.);
#77900=LINE('',#77870,#77890);
#77910=EDGE_CURVE('',#26720,#37130,#77900,.T.);
#77920=ORIENTED_EDGE('',*,*,#77910,.T.);
#77930=ORIENTED_EDGE('',*,*,#26730,.T.);
#77940=EDGE_LOOP('',(#77930,#77920,#77860,#77850));
#77950=FACE_OUTER_BOUND('',#77940,.T.);
#77960=ADVANCED_FACE('',(#77950),#77790,.T.);
#77970=CARTESIAN_POINT('',(-66.75,113.5,3.));
#77980=DIRECTION('',(2.54903223591067E-16,-1.,0.));
#77990=DIRECTION('',(-1.,-2.54903223591067E-16,0.));
#78000=AXIS2_PLACEMENT_3D('',#77970,#77980,#77990);
#78010=PLANE('',#78000);
#78020=ORIENTED_EDGE('',*,*,#77910,.F.);
#78030=ORIENTED_EDGE('',*,*,#37140,.F.);
#78040=CARTESIAN_POINT('',(-66.75,113.5,3.));
#78050=DIRECTION('',(0.,0.,1.));
#78060=VECTOR('',#78050,1.);
#78070=LINE('',#78040,#78060);
#78080=EDGE_CURVE('',#26450,#37050,#78070,.T.);
#78090=ORIENTED_EDGE('',*,*,#78080,.T.);
#78100=ORIENTED_EDGE('',*,*,#26790,.T.);
#78110=EDGE_LOOP('',(#78100,#78090,#78030,#78020));
#78120=FACE_OUTER_BOUND('',#78110,.T.);
#78130=ADVANCED_FACE('',(#78120),#78010,.T.);
#78140=CARTESIAN_POINT('',(-66.75,79.7282505861521,3.));
#78150=DIRECTION('',(-1.,0.,0.));
#78160=DIRECTION('',(0.,1.,0.));
#78170=AXIS2_PLACEMENT_3D('',#78140,#78150,#78160);
#78180=PLANE('',#78170);
#78190=ORIENTED_EDGE('',*,*,#78080,.F.);
#78200=ORIENTED_EDGE('',*,*,#37060,.F.);
#78210=CARTESIAN_POINT('',(-66.75,79.7282505861521,3.));
#78220=DIRECTION('',(0.,0.,1.));
#78230=VECTOR('',#78220,1.);
#78240=LINE('',#78210,#78230);
#78250=EDGE_CURVE('',#26470,#36950,#78240,.T.);
#78260=ORIENTED_EDGE('',*,*,#78250,.T.);
#78270=ORIENTED_EDGE('',*,*,#26480,.T.);
#78280=EDGE_LOOP('',(#78270,#78260,#78200,#78190));
#78290=FACE_OUTER_BOUND('',#78280,.T.);
#78300=ADVANCED_FACE('',(#78290),#78180,.T.);
#78310=CARTESIAN_POINT('',(-65.7500000000001,56.7500000000001,3.));
#78320=DIRECTION('',(0.,0.,1.));
#78330=DIRECTION('',(1.,0.,0.));
#78340=AXIS2_PLACEMENT_3D('',#78310,#78320,#78330);
#78350=CYLINDRICAL_SURFACE('',#78340,22.9999999999999);
#78360=ORIENTED_EDGE('',*,*,#78250,.F.);
#78370=ORIENTED_EDGE('',*,*,#36980,.F.);
#78380=CARTESIAN_POINT('',(-88.7282505861521,57.75,3.));
#78390=DIRECTION('',(0.,0.,1.));
#78400=VECTOR('',#78390,1.);
#78410=LINE('',#78380,#78400);
#78420=EDGE_CURVE('',#26560,#36970,#78410,.T.);
#78430=ORIENTED_EDGE('',*,*,#78420,.T.);
#78440=ORIENTED_EDGE('',*,*,#26570,.T.);
#78450=EDGE_LOOP('',(#78440,#78430,#78370,#78360));
#78460=FACE_OUTER_BOUND('',#78450,.T.);
#78470=ADVANCED_FACE('',(#78460),#78350,.T.);
#78480=CARTESIAN_POINT('',(-122.5,57.75,3.));
#78490=DIRECTION('',(-2.10395596346794E-16,1.,0.));
#78500=DIRECTION('',(1.,2.10395596346794E-16,0.));
#78510=AXIS2_PLACEMENT_3D('',#78480,#78490,#78500);
#78520=PLANE('',#78510);
#78530=ORIENTED_EDGE('',*,*,#78420,.F.);
#78540=ORIENTED_EDGE('',*,*,#37280,.F.);
#78550=ORIENTED_EDGE('',*,*,#77840,.T.);
#78560=ORIENTED_EDGE('',*,*,#26650,.T.);
#78570=EDGE_LOOP('',(#78560,#78550,#78540,#78530));
#78580=FACE_OUTER_BOUND('',#78570,.T.);
#78590=ADVANCED_FACE('',(#78580),#78520,.T.);
#78600=CARTESIAN_POINT('',(-75.125,107.125,0.));
#78610=DIRECTION('',(0.,0.,1.));
#78620=DIRECTION('',(1.,0.,0.));
#78630=AXIS2_PLACEMENT_3D('',#78600,#78610,#78620);
#78640=CYLINDRICAL_SURFACE('',#78630,5.);
#78650=ORIENTED_EDGE('',*,*,#12980,.F.);
#78660=ORIENTED_EDGE('',*,*,#77620,.F.);
#78670=ORIENTED_EDGE('',*,*,#27450,.T.);
#78680=ORIENTED_EDGE('',*,*,#77690,.T.);
#78690=EDGE_LOOP('',(#78680,#78670,#78660,#78650));
#78700=FACE_OUTER_BOUND('',#78690,.T.);
#78710=ADVANCED_FACE('',(#78700),#78640,.F.);
#78720=CARTESIAN_POINT('',(-75.125,6.375,0.));
#78730=DIRECTION('',(0.,0.,1.));
#78740=DIRECTION('',(1.,0.,0.));
#78750=AXIS2_PLACEMENT_3D('',#78720,#78730,#78740);
#78760=CYLINDRICAL_SURFACE('',#78750,5.);
#78770=CARTESIAN_POINT('',(-80.125,6.375,0.));
#78780=DIRECTION('',(0.,0.,1.));
#78790=VECTOR('',#78780,1.);
#78800=LINE('',#78770,#78790);
#78810=EDGE_CURVE('',#13120,#20570,#78800,.T.);
#78820=ORIENTED_EDGE('',*,*,#78810,.T.);
#78830=ORIENTED_EDGE('',*,*,#13150,.F.);
#78840=CARTESIAN_POINT('',(-70.125,6.375,0.));
#78850=DIRECTION('',(0.,0.,1.));
#78860=VECTOR('',#78850,1.);
#78870=LINE('',#78840,#78860);
#78880=EDGE_CURVE('',#13100,#20550,#78870,.T.);
#78890=ORIENTED_EDGE('',*,*,#78880,.F.);
#78900=ORIENTED_EDGE('',*,*,#20600,.T.);
#78910=EDGE_LOOP('',(#78900,#78890,#78830,#78820));
#78920=FACE_OUTER_BOUND('',#78910,.T.);
#78930=ADVANCED_FACE('',(#78920),#78760,.F.);
#78940=CARTESIAN_POINT('',(-75.125,6.375,0.));
#78950=DIRECTION('',(0.,0.,1.));
#78960=DIRECTION('',(1.,0.,0.));
#78970=AXIS2_PLACEMENT_3D('',#78940,#78950,#78960);
#78980=CYLINDRICAL_SURFACE('',#78970,5.);
#78990=ORIENTED_EDGE('',*,*,#13130,.F.);
#79000=ORIENTED_EDGE('',*,*,#78810,.F.);
#79010=ORIENTED_EDGE('',*,*,#20580,.T.);
#79020=ORIENTED_EDGE('',*,*,#78880,.T.);
#79030=EDGE_LOOP('',(#79020,#79010,#79000,#78990));
#79040=FACE_OUTER_BOUND('',#79030,.T.);
#79050=ADVANCED_FACE('',(#79040),#78980,.F.);
#79060=CARTESIAN_POINT('',(-75.125,-12.375,0.));
#79070=DIRECTION('',(0.,0.,1.));
#79080=DIRECTION('',(1.,0.,0.));
#79090=AXIS2_PLACEMENT_3D('',#79060,#79070,#79080);
#79100=CYLINDRICAL_SURFACE('',#79090,5.);
#79110=CARTESIAN_POINT('',(-80.125,-12.375,0.));
#79120=DIRECTION('',(0.,0.,1.));
#79130=VECTOR('',#79120,1.);
#79140=LINE('',#79110,#79130);
#79150=EDGE_CURVE('',#13270,#21690,#79140,.T.);
#79160=ORIENTED_EDGE('',*,*,#79150,.T.);
#79170=ORIENTED_EDGE('',*,*,#13300,.F.);
#79180=CARTESIAN_POINT('',(-70.125,-12.375,0.));
#79190=DIRECTION('',(0.,0.,1.));
#79200=VECTOR('',#79190,1.);
#79210=LINE('',#79180,#79200);
#79220=EDGE_CURVE('',#13250,#21670,#79210,.T.);
#79230=ORIENTED_EDGE('',*,*,#79220,.F.);
#79240=ORIENTED_EDGE('',*,*,#21720,.T.);
#79250=EDGE_LOOP('',(#79240,#79230,#79170,#79160));
#79260=FACE_OUTER_BOUND('',#79250,.T.);
#79270=ADVANCED_FACE('',(#79260),#79100,.F.);
#79280=CARTESIAN_POINT('',(-75.125,-12.375,0.));
#79290=DIRECTION('',(0.,0.,1.));
#79300=DIRECTION('',(1.,0.,0.));
#79310=AXIS2_PLACEMENT_3D('',#79280,#79290,#79300);
#79320=CYLINDRICAL_SURFACE('',#79310,5.);
#79330=ORIENTED_EDGE('',*,*,#13280,.F.);
#79340=ORIENTED_EDGE('',*,*,#79150,.F.);
#79350=ORIENTED_EDGE('',*,*,#21700,.T.);
#79360=ORIENTED_EDGE('',*,*,#79220,.T.);
#79370=EDGE_LOOP('',(#79360,#79350,#79340,#79330));
#79380=FACE_OUTER_BOUND('',#79370,.T.);
#79390=ADVANCED_FACE('',(#79380),#79320,.F.);
#79400=CARTESIAN_POINT('',(-56.375,107.125,0.));
#79410=DIRECTION('',(0.,0.,1.));
#79420=DIRECTION('',(1.,0.,0.));
#79430=AXIS2_PLACEMENT_3D('',#79400,#79410,#79420);
#79440=CYLINDRICAL_SURFACE('',#79430,5.);
#79450=CARTESIAN_POINT('',(-61.375,107.125,0.));
#79460=DIRECTION('',(0.,0.,1.));
#79470=VECTOR('',#79460,1.);
#79480=LINE('',#79450,#79470);
#79490=EDGE_CURVE('',#13420,#33940,#79480,.T.);
#79500=ORIENTED_EDGE('',*,*,#79490,.T.);
#79510=ORIENTED_EDGE('',*,*,#13450,.F.);
#79520=CARTESIAN_POINT('',(-51.375,107.125,0.));
#79530=DIRECTION('',(0.,0.,1.));
#79540=VECTOR('',#79530,1.);
#79550=LINE('',#79520,#79540);
#79560=EDGE_CURVE('',#13400,#33920,#79550,.T.);
#79570=ORIENTED_EDGE('',*,*,#79560,.F.);
#79580=ORIENTED_EDGE('',*,*,#33970,.T.);
#79590=EDGE_LOOP('',(#79580,#79570,#79510,#79500));
#79600=FACE_OUTER_BOUND('',#79590,.T.);
#79610=ADVANCED_FACE('',(#79600),#79440,.F.);
#79620=CARTESIAN_POINT('',(-65.75,56.75,3.));
#79630=DIRECTION('',(-0.,-0.,-1.));
#79640=DIRECTION('',(1.,0.,0.));
#79650=AXIS2_PLACEMENT_3D('',#79620,#79630,#79640);
#79660=CYLINDRICAL_SURFACE('',#79650,23.);
#79670=CARTESIAN_POINT('',(-42.7717494138479,57.75,3.));
#79680=DIRECTION('',(0.,0.,1.));
#79690=VECTOR('',#79680,1.);
#79700=LINE('',#79670,#79690);
#79710=EDGE_CURVE('',#32970,#39140,#79700,.T.);
#79720=ORIENTED_EDGE('',*,*,#79710,.F.);
#79730=ORIENTED_EDGE('',*,*,#39150,.T.);
#79740=CARTESIAN_POINT('',(-64.75,79.7282505861521,3.));
#79750=DIRECTION('',(0.,0.,1.));
#79760=VECTOR('',#79750,1.);
#79770=LINE('',#79740,#79760);
#79780=EDGE_CURVE('',#33060,#39120,#79770,.T.);
#79790=ORIENTED_EDGE('',*,*,#79780,.T.);
#79800=ORIENTED_EDGE('',*,*,#33070,.F.);
#79810=EDGE_LOOP('',(#79800,#79790,#79730,#79720));
#79820=FACE_OUTER_BOUND('',#79810,.T.);
#79830=ADVANCED_FACE('',(#79820),#79660,.T.);
#79840=CARTESIAN_POINT('',(-42.7717494138479,57.75,3.));
#79850=DIRECTION('',(2.01448112885815E-16,1.,0.));
#79860=DIRECTION('',(1.,-2.01448112885815E-16,0.));
#79870=AXIS2_PLACEMENT_3D('',#79840,#79850,#79860);
#79880=PLANE('',#79870);
#79890=CARTESIAN_POINT('',(-7.5,57.75,3.));
#79900=DIRECTION('',(0.,0.,1.));
#79910=VECTOR('',#79900,1.);
#79920=LINE('',#79890,#79910);
#79930=EDGE_CURVE('',#32950,#39220,#79920,.T.);
#79940=ORIENTED_EDGE('',*,*,#79930,.F.);
#79950=ORIENTED_EDGE('',*,*,#39230,.T.);
#79960=ORIENTED_EDGE('',*,*,#79710,.T.);
#79970=ORIENTED_EDGE('',*,*,#32980,.T.);
#79980=EDGE_LOOP('',(#79970,#79960,#79950,#79940));
#79990=FACE_OUTER_BOUND('',#79980,.T.);
#80000=ADVANCED_FACE('',(#79990),#79880,.T.);
#80010=CARTESIAN_POINT('',(-7.5,57.75,3.));
#80020=DIRECTION('',(-1.,0.,0.));
#80030=DIRECTION('',(0.,1.,0.));
#80040=AXIS2_PLACEMENT_3D('',#80010,#80020,#80030);
#80050=PLANE('',#80040);
#80060=CARTESIAN_POINT('',(-7.5,113.5,3.));
#80070=DIRECTION('',(0.,0.,1.));
#80080=VECTOR('',#80070,1.);
#80090=LINE('',#80060,#80080);
#80100=EDGE_CURVE('',#33220,#39300,#80090,.T.);
#80110=ORIENTED_EDGE('',*,*,#80100,.F.);
#80120=ORIENTED_EDGE('',*,*,#39310,.T.);
#80130=ORIENTED_EDGE('',*,*,#79930,.T.);
#80140=ORIENTED_EDGE('',*,*,#33290,.T.);
#80150=EDGE_LOOP('',(#80140,#80130,#80120,#80110));
#80160=FACE_OUTER_BOUND('',#80150,.T.);
#80170=ADVANCED_FACE('',(#80160),#80050,.T.);
#80180=CARTESIAN_POINT('',(-7.5,113.5,3.));
#80190=DIRECTION('',(-2.48224536510079E-16,-1.,0.));
#80200=DIRECTION('',(-1.,2.48224536510079E-16,0.));
#80210=AXIS2_PLACEMENT_3D('',#80180,#80190,#80200);
#80220=PLANE('',#80210);
#80230=CARTESIAN_POINT('',(-64.75,113.5,3.));
#80240=DIRECTION('',(0.,0.,1.));
#80250=VECTOR('',#80240,1.);
#80260=LINE('',#80230,#80250);
#80270=EDGE_CURVE('',#33140,#39380,#80260,.T.);
#80280=ORIENTED_EDGE('',*,*,#80270,.F.);
#80290=ORIENTED_EDGE('',*,*,#39390,.T.);
#80300=ORIENTED_EDGE('',*,*,#80100,.T.);
#80310=ORIENTED_EDGE('',*,*,#33230,.T.);
#80320=EDGE_LOOP('',(#80310,#80300,#80290,#80280));
#80330=FACE_OUTER_BOUND('',#80320,.T.);
#80340=ADVANCED_FACE('',(#80330),#80220,.T.);
#80350=CARTESIAN_POINT('',(-64.75,113.5,3.));
#80360=DIRECTION('',(1.,0.,0.));
#80370=DIRECTION('',(0.,-1.,0.));
#80380=AXIS2_PLACEMENT_3D('',#80350,#80360,#80370);
#80390=PLANE('',#80380);
#80400=ORIENTED_EDGE('',*,*,#79780,.F.);
#80410=ORIENTED_EDGE('',*,*,#39450,.T.);
#80420=ORIENTED_EDGE('',*,*,#80270,.T.);
#80430=ORIENTED_EDGE('',*,*,#33150,.T.);
#80440=EDGE_LOOP('',(#80430,#80420,#80410,#80400));
#80450=FACE_OUTER_BOUND('',#80440,.T.);
#80460=ADVANCED_FACE('',(#80450),#80390,.T.);
#80470=CARTESIAN_POINT('',(-56.375,107.125,0.));
#80480=DIRECTION('',(0.,0.,1.));
#80490=DIRECTION('',(1.,0.,0.));
#80500=AXIS2_PLACEMENT_3D('',#80470,#80480,#80490);
#80510=CYLINDRICAL_SURFACE('',#80500,5.);
#80520=ORIENTED_EDGE('',*,*,#13430,.F.);
#80530=ORIENTED_EDGE('',*,*,#79490,.F.);
#80540=ORIENTED_EDGE('',*,*,#33950,.T.);
#80550=ORIENTED_EDGE('',*,*,#79560,.T.);
#80560=EDGE_LOOP('',(#80550,#80540,#80530,#80520));
#80570=FACE_OUTER_BOUND('',#80560,.T.);
#80580=ADVANCED_FACE('',(#80570),#80510,.F.);
#80590=CARTESIAN_POINT('',(-56.375,-12.375,0.));
#80600=DIRECTION('',(0.,0.,1.));
#80610=DIRECTION('',(1.,0.,0.));
#80620=AXIS2_PLACEMENT_3D('',#80590,#80600,#80610);
#80630=CYLINDRICAL_SURFACE('',#80620,5.);
#80640=CARTESIAN_POINT('',(-61.375,-12.375,0.));
#80650=DIRECTION('',(0.,0.,1.));
#80660=VECTOR('',#80650,1.);
#80670=LINE('',#80640,#80660);
#80680=EDGE_CURVE('',#13570,#18480,#80670,.T.);
#80690=ORIENTED_EDGE('',*,*,#80680,.T.);
#80700=ORIENTED_EDGE('',*,*,#13600,.F.);
#80710=CARTESIAN_POINT('',(-51.375,-12.375,0.));
#80720=DIRECTION('',(0.,0.,1.));
#80730=VECTOR('',#80720,1.);
#80740=LINE('',#80710,#80730);
#80750=EDGE_CURVE('',#13550,#18460,#80740,.T.);
#80760=ORIENTED_EDGE('',*,*,#80750,.F.);
#80770=ORIENTED_EDGE('',*,*,#18510,.T.);
#80780=EDGE_LOOP('',(#80770,#80760,#80700,#80690));
#80790=FACE_OUTER_BOUND('',#80780,.T.);
#80800=ADVANCED_FACE('',(#80790),#80630,.F.);
#80810=CARTESIAN_POINT('',(-64.75,-4.5,3.));
#80820=DIRECTION('',(1.,-2.01448112885815E-16,0.));
#80830=DIRECTION('',(-2.01448112885815E-16,-1.,0.));
#80840=AXIS2_PLACEMENT_3D('',#80810,#80820,#80830);
#80850=PLANE('',#80840);
#80860=CARTESIAN_POINT('',(-64.75,-39.7717494138479,3.));
#80870=DIRECTION('',(0.,0.,1.));
#80880=VECTOR('',#80870,1.);
#80890=LINE('',#80860,#80880);
#80900=EDGE_CURVE('',#17490,#38640,#80890,.T.);
#80910=ORIENTED_EDGE('',*,*,#80900,.F.);
#80920=ORIENTED_EDGE('',*,*,#38650,.F.);
#80930=CARTESIAN_POINT('',(-64.75,-4.5,3.));
#80940=DIRECTION('',(0.,0.,1.));
#80950=VECTOR('',#80940,1.);
#80960=LINE('',#80930,#80950);
#80970=EDGE_CURVE('',#17510,#38560,#80960,.T.);
#80980=ORIENTED_EDGE('',*,*,#80970,.T.);
#80990=ORIENTED_EDGE('',*,*,#17520,.T.);
#81000=EDGE_LOOP('',(#80990,#80980,#80920,#80910));
#81010=FACE_OUTER_BOUND('',#81000,.T.);
#81020=ADVANCED_FACE('',(#81010),#80850,.T.);
#81030=CARTESIAN_POINT('',(-7.5,-4.5,3.));
#81040=DIRECTION('',(0.,-1.,0.));
#81050=DIRECTION('',(-1.,-0.,0.));
#81060=AXIS2_PLACEMENT_3D('',#81030,#81040,#81050);
#81070=PLANE('',#81060);
#81080=ORIENTED_EDGE('',*,*,#80970,.F.);
#81090=ORIENTED_EDGE('',*,*,#38570,.F.);
#81100=CARTESIAN_POINT('',(-7.5,-4.5,3.));
#81110=DIRECTION('',(0.,0.,1.));
#81120=VECTOR('',#81110,1.);
#81130=LINE('',#81100,#81120);
#81140=EDGE_CURVE('',#17590,#38480,#81130,.T.);
#81150=ORIENTED_EDGE('',*,*,#81140,.T.);
#81160=ORIENTED_EDGE('',*,*,#17600,.T.);
#81170=EDGE_LOOP('',(#81160,#81150,#81090,#81080));
#81180=FACE_OUTER_BOUND('',#81170,.T.);
#81190=ADVANCED_FACE('',(#81180),#81070,.T.);
#81200=CARTESIAN_POINT('',(-7.5,-61.75,3.));
#81210=DIRECTION('',(-1.,0.,0.));
#81220=DIRECTION('',(0.,1.,0.));
#81230=AXIS2_PLACEMENT_3D('',#81200,#81210,#81220);
#81240=PLANE('',#81230);
#81250=ORIENTED_EDGE('',*,*,#81140,.F.);
#81260=ORIENTED_EDGE('',*,*,#38490,.F.);
#81270=CARTESIAN_POINT('',(-7.5,-61.75,3.));
#81280=DIRECTION('',(0.,0.,1.));
#81290=VECTOR('',#81280,1.);
#81300=LINE('',#81270,#81290);
#81310=EDGE_CURVE('',#17670,#38380,#81300,.T.);
#81320=ORIENTED_EDGE('',*,*,#81310,.T.);
#81330=ORIENTED_EDGE('',*,*,#17680,.T.);
#81340=EDGE_LOOP('',(#81330,#81320,#81260,#81250));
#81350=FACE_OUTER_BOUND('',#81340,.T.);
#81360=ADVANCED_FACE('',(#81350),#81240,.T.);
#81370=CARTESIAN_POINT('',(-42.7717494138479,-61.75,3.));
#81380=DIRECTION('',(0.,1.,0.));
#81390=DIRECTION('',(1.,-0.,0.));
#81400=AXIS2_PLACEMENT_3D('',#81370,#81380,#81390);
#81410=PLANE('',#81400);
#81420=ORIENTED_EDGE('',*,*,#81310,.F.);
#81430=ORIENTED_EDGE('',*,*,#38410,.F.);
#81440=CARTESIAN_POINT('',(-42.7717494138479,-61.75,3.));
#81450=DIRECTION('',(0.,0.,1.));
#81460=VECTOR('',#81450,1.);
#81470=LINE('',#81440,#81460);
#81480=EDGE_CURVE('',#17750,#38400,#81470,.T.);
#81490=ORIENTED_EDGE('',*,*,#81480,.T.);
#81500=ORIENTED_EDGE('',*,*,#17760,.T.);
#81510=EDGE_LOOP('',(#81500,#81490,#81430,#81420));
#81520=FACE_OUTER_BOUND('',#81510,.T.);
#81530=ADVANCED_FACE('',(#81520),#81410,.T.);
#81540=CARTESIAN_POINT('',(-65.75,-62.75,3.));
#81550=DIRECTION('',(0.,0.,1.));
#81560=DIRECTION('',(1.,0.,0.));
#81570=AXIS2_PLACEMENT_3D('',#81540,#81550,#81560);
#81580=CYLINDRICAL_SURFACE('',#81570,23.);
#81590=ORIENTED_EDGE('',*,*,#81480,.F.);
#81600=ORIENTED_EDGE('',*,*,#38720,.F.);
#81610=ORIENTED_EDGE('',*,*,#80900,.T.);
#81620=ORIENTED_EDGE('',*,*,#17830,.T.);
#81630=EDGE_LOOP('',(#81620,#81610,#81600,#81590));
#81640=FACE_OUTER_BOUND('',#81630,.T.);
#81650=ADVANCED_FACE('',(#81640),#81580,.T.);
#81660=CARTESIAN_POINT('',(-56.375,-12.375,0.));
#81670=DIRECTION('',(0.,0.,1.));
#81680=DIRECTION('',(1.,0.,0.));
#81690=AXIS2_PLACEMENT_3D('',#81660,#81670,#81680);
#81700=CYLINDRICAL_SURFACE('',#81690,5.);
#81710=ORIENTED_EDGE('',*,*,#13580,.F.);
#81720=ORIENTED_EDGE('',*,*,#80680,.F.);
#81730=ORIENTED_EDGE('',*,*,#18490,.T.);
#81740=ORIENTED_EDGE('',*,*,#80750,.T.);
#81750=EDGE_LOOP('',(#81740,#81730,#81720,#81710));
#81760=FACE_OUTER_BOUND('',#81750,.T.);
#81770=ADVANCED_FACE('',(#81760),#81700,.F.);
#81780=CARTESIAN_POINT('',(-56.375,6.375,0.));
#81790=DIRECTION('',(0.,0.,1.));
#81800=DIRECTION('',(1.,0.,0.));
#81810=AXIS2_PLACEMENT_3D('',#81780,#81790,#81800);
#81820=CYLINDRICAL_SURFACE('',#81810,5.);
#81830=CARTESIAN_POINT('',(-61.375,6.375,0.));
#81840=DIRECTION('',(0.,0.,1.));
#81850=VECTOR('',#81840,1.);
#81860=LINE('',#81830,#81850);
#81870=EDGE_CURVE('',#13720,#29680,#81860,.T.);
#81880=ORIENTED_EDGE('',*,*,#81870,.T.);
#81890=ORIENTED_EDGE('',*,*,#13750,.F.);
#81900=CARTESIAN_POINT('',(-51.375,6.375,0.));
#81910=DIRECTION('',(0.,0.,1.));
#81920=VECTOR('',#81910,1.);
#81930=LINE('',#81900,#81920);
#81940=EDGE_CURVE('',#13700,#29660,#81930,.T.);
#81950=ORIENTED_EDGE('',*,*,#81940,.F.);
#81960=ORIENTED_EDGE('',*,*,#29710,.T.);
#81970=EDGE_LOOP('',(#81960,#81950,#81890,#81880));
#81980=FACE_OUTER_BOUND('',#81970,.T.);
#81990=ADVANCED_FACE('',(#81980),#81820,.F.);
#82000=CARTESIAN_POINT('',(-65.75,56.75,3.));
#82010=DIRECTION('',(0.,0.,1.));
#82020=DIRECTION('',(1.,0.,0.));
#82030=AXIS2_PLACEMENT_3D('',#82000,#82010,#82020);
#82040=CYLINDRICAL_SURFACE('',#82030,23.);
#82050=CARTESIAN_POINT('',(-64.75,33.7717494138479,3.));
#82060=DIRECTION('',(0.,0.,1.));
#82070=VECTOR('',#82060,1.);
#82080=LINE('',#82050,#82070);
#82090=EDGE_CURVE('',#28700,#41100,#82080,.T.);
#82100=ORIENTED_EDGE('',*,*,#82090,.F.);
#82110=ORIENTED_EDGE('',*,*,#41110,.F.);
#82120=CARTESIAN_POINT('',(-42.7717494138479,55.75,3.));
#82130=DIRECTION('',(0.,0.,1.));
#82140=VECTOR('',#82130,1.);
#82150=LINE('',#82120,#82140);
#82160=EDGE_CURVE('',#28720,#41010,#82150,.T.);
#82170=ORIENTED_EDGE('',*,*,#82160,.T.);
#82180=ORIENTED_EDGE('',*,*,#28730,.T.);
#82190=EDGE_LOOP('',(#82180,#82170,#82110,#82100));
#82200=FACE_OUTER_BOUND('',#82190,.T.);
#82210=ADVANCED_FACE('',(#82200),#82040,.T.);
#82220=CARTESIAN_POINT('',(-7.5,55.75,3.));
#82230=DIRECTION('',(0.,-1.,0.));
#82240=DIRECTION('',(-1.,-0.,0.));
#82250=AXIS2_PLACEMENT_3D('',#82220,#82230,#82240);
#82260=PLANE('',#82250);
#82270=ORIENTED_EDGE('',*,*,#82160,.F.);
#82280=ORIENTED_EDGE('',*,*,#41020,.F.);
#82290=CARTESIAN_POINT('',(-7.5,55.75,3.));
#82300=DIRECTION('',(0.,0.,1.));
#82310=VECTOR('',#82300,1.);
#82320=LINE('',#82290,#82310);
#82330=EDGE_CURVE('',#28800,#40930,#82320,.T.);
#82340=ORIENTED_EDGE('',*,*,#82330,.T.);
#82350=ORIENTED_EDGE('',*,*,#28810,.T.);
#82360=EDGE_LOOP('',(#82350,#82340,#82280,#82270));
#82370=FACE_OUTER_BOUND('',#82360,.T.);
#82380=ADVANCED_FACE('',(#82370),#82260,.T.);
#82390=CARTESIAN_POINT('',(-7.5,-1.5,3.));
#82400=DIRECTION('',(-1.,0.,0.));
#82410=DIRECTION('',(0.,1.,0.));
#82420=AXIS2_PLACEMENT_3D('',#82390,#82400,#82410);
#82430=PLANE('',#82420);
#82440=ORIENTED_EDGE('',*,*,#82330,.F.);
#82450=ORIENTED_EDGE('',*,*,#40940,.F.);
#82460=CARTESIAN_POINT('',(-7.5,-1.5,3.));
#82470=DIRECTION('',(0.,0.,1.));
#82480=VECTOR('',#82470,1.);
#82490=LINE('',#82460,#82480);
#82500=EDGE_CURVE('',#28880,#40830,#82490,.T.);
#82510=ORIENTED_EDGE('',*,*,#82500,.T.);
#82520=ORIENTED_EDGE('',*,*,#28890,.T.);
#82530=EDGE_LOOP('',(#82520,#82510,#82450,#82440));
#82540=FACE_OUTER_BOUND('',#82530,.T.);
#82550=ADVANCED_FACE('',(#82540),#82430,.T.);
#82560=CARTESIAN_POINT('',(-64.75,-1.5,3.));
#82570=DIRECTION('',(0.,1.,0.));
#82580=DIRECTION('',(1.,-0.,0.));
#82590=AXIS2_PLACEMENT_3D('',#82560,#82570,#82580);
#82600=PLANE('',#82590);
#82610=ORIENTED_EDGE('',*,*,#82500,.F.);
#82620=ORIENTED_EDGE('',*,*,#40860,.F.);
#82630=CARTESIAN_POINT('',(-64.75,-1.5,3.));
#82640=DIRECTION('',(0.,0.,1.));
#82650=VECTOR('',#82640,1.);
#82660=LINE('',#82630,#82650);
#82670=EDGE_CURVE('',#28960,#40850,#82660,.T.);
#82680=ORIENTED_EDGE('',*,*,#82670,.T.);
#82690=ORIENTED_EDGE('',*,*,#28970,.T.);
#82700=EDGE_LOOP('',(#82690,#82680,#82620,#82610));
#82710=FACE_OUTER_BOUND('',#82700,.T.);
#82720=ADVANCED_FACE('',(#82710),#82600,.T.);
#82730=CARTESIAN_POINT('',(-64.75,33.7717494138479,3.));
#82740=DIRECTION('',(1.,2.01448112885815E-16,0.));
#82750=DIRECTION('',(2.01448112885815E-16,-1.,0.));
#82760=AXIS2_PLACEMENT_3D('',#82730,#82740,#82750);
#82770=PLANE('',#82760);
#82780=ORIENTED_EDGE('',*,*,#82670,.F.);
#82790=ORIENTED_EDGE('',*,*,#41170,.F.);
#82800=ORIENTED_EDGE('',*,*,#82090,.T.);
#82810=ORIENTED_EDGE('',*,*,#29030,.T.);
#82820=EDGE_LOOP('',(#82810,#82800,#82790,#82780));
#82830=FACE_OUTER_BOUND('',#82820,.T.);
#82840=ADVANCED_FACE('',(#82830),#82770,.T.);
#82850=CARTESIAN_POINT('',(-56.375,6.375,0.));
#82860=DIRECTION('',(0.,0.,1.));
#82870=DIRECTION('',(1.,0.,0.));
#82880=AXIS2_PLACEMENT_3D('',#82850,#82860,#82870);
#82890=CYLINDRICAL_SURFACE('',#82880,5.);
#82900=ORIENTED_EDGE('',*,*,#13730,.F.);
#82910=ORIENTED_EDGE('',*,*,#81870,.F.);
#82920=ORIENTED_EDGE('',*,*,#29690,.T.);
#82930=ORIENTED_EDGE('',*,*,#81940,.T.);
#82940=EDGE_LOOP('',(#82930,#82920,#82910,#82900));
#82950=FACE_OUTER_BOUND('',#82940,.T.);
#82960=ADVANCED_FACE('',(#82950),#82890,.F.);
#82970=CARTESIAN_POINT('',(-116.125,47.375,0.));
#82980=DIRECTION('',(0.,0.,1.));
#82990=DIRECTION('',(1.,0.,0.));
#83000=AXIS2_PLACEMENT_3D('',#82970,#82980,#82990);
#83010=CYLINDRICAL_SURFACE('',#83000,5.);
#83020=CARTESIAN_POINT('',(-121.125,47.375,0.));
#83030=DIRECTION('',(0.,0.,1.));
#83040=VECTOR('',#83030,1.);
#83050=LINE('',#83020,#83040);
#83060=EDGE_CURVE('',#13870,#20720,#83050,.T.);
#83070=ORIENTED_EDGE('',*,*,#83060,.T.);
#83080=ORIENTED_EDGE('',*,*,#13900,.F.);
#83090=CARTESIAN_POINT('',(-111.125,47.375,0.));
#83100=DIRECTION('',(0.,0.,1.));
#83110=VECTOR('',#83100,1.);
#83120=LINE('',#83090,#83110);
#83130=EDGE_CURVE('',#13850,#20700,#83120,.T.);
#83140=ORIENTED_EDGE('',*,*,#83130,.F.);
#83150=ORIENTED_EDGE('',*,*,#20750,.T.);
#83160=EDGE_LOOP('',(#83150,#83140,#83080,#83070));
#83170=FACE_OUTER_BOUND('',#83160,.T.);
#83180=ADVANCED_FACE('',(#83170),#83010,.F.);
#83190=CARTESIAN_POINT('',(-88.7282505861521,55.75,3.));
#83200=DIRECTION('',(2.10395596346794E-16,-1.,0.));
#83210=DIRECTION('',(-1.,-2.10395596346794E-16,0.));
#83220=AXIS2_PLACEMENT_3D('',#83190,#83200,#83210);
#83230=PLANE('',#83220);
#83240=CARTESIAN_POINT('',(-122.5,55.75,3.));
#83250=DIRECTION('',(0.,0.,1.));
#83260=VECTOR('',#83250,1.);
#83270=LINE('',#83240,#83260);
#83280=EDGE_CURVE('',#19910,#41960,#83270,.T.);
#83290=ORIENTED_EDGE('',*,*,#83280,.F.);
#83300=ORIENTED_EDGE('',*,*,#41970,.F.);
#83310=CARTESIAN_POINT('',(-88.7282505861521,55.75,3.));
#83320=DIRECTION('',(0.,0.,1.));
#83330=VECTOR('',#83320,1.);
#83340=LINE('',#83310,#83330);
#83350=EDGE_CURVE('',#19990,#41880,#83340,.T.);
#83360=ORIENTED_EDGE('',*,*,#83350,.T.);
#83370=ORIENTED_EDGE('',*,*,#20000,.T.);
#83380=EDGE_LOOP('',(#83370,#83360,#83300,#83290));
#83390=FACE_OUTER_BOUND('',#83380,.T.);
#83400=ADVANCED_FACE('',(#83390),#83230,.T.);
#83410=CARTESIAN_POINT('',(-65.75,56.75,3.));
#83420=DIRECTION('',(0.,0.,1.));
#83430=DIRECTION('',(1.,0.,0.));
#83440=AXIS2_PLACEMENT_3D('',#83410,#83420,#83430);
#83450=CYLINDRICAL_SURFACE('',#83440,23.);
#83460=ORIENTED_EDGE('',*,*,#83350,.F.);
#83470=ORIENTED_EDGE('',*,*,#41890,.F.);
#83480=CARTESIAN_POINT('',(-66.75,33.7717494138479,3.));
#83490=DIRECTION('',(0.,0.,1.));
#83500=VECTOR('',#83490,1.);
#83510=LINE('',#83480,#83500);
#83520=EDGE_CURVE('',#19730,#41790,#83510,.T.);
#83530=ORIENTED_EDGE('',*,*,#83520,.T.);
#83540=ORIENTED_EDGE('',*,*,#20070,.T.);
#83550=EDGE_LOOP('',(#83540,#83530,#83470,#83460));
#83560=FACE_OUTER_BOUND('',#83550,.T.);
#83570=ADVANCED_FACE('',(#83560),#83450,.T.);
#83580=CARTESIAN_POINT('',(-66.75,-1.5,3.));
#83590=DIRECTION('',(-1.,-2.01448112885815E-16,0.));
#83600=DIRECTION('',(-2.01448112885815E-16,1.,0.));
#83610=AXIS2_PLACEMENT_3D('',#83580,#83590,#83600);
#83620=PLANE('',#83610);
#83630=ORIENTED_EDGE('',*,*,#83520,.F.);
#83640=ORIENTED_EDGE('',*,*,#41800,.F.);
#83650=CARTESIAN_POINT('',(-66.75,-1.5,3.));
#83660=DIRECTION('',(0.,0.,1.));
#83670=VECTOR('',#83660,1.);
#83680=LINE('',#83650,#83670);
#83690=EDGE_CURVE('',#19750,#41690,#83680,.T.);
#83700=ORIENTED_EDGE('',*,*,#83690,.T.);
#83710=ORIENTED_EDGE('',*,*,#19760,.T.);
#83720=EDGE_LOOP('',(#83710,#83700,#83640,#83630));
#83730=FACE_OUTER_BOUND('',#83720,.T.);
#83740=ADVANCED_FACE('',(#83730),#83620,.T.);
#83750=CARTESIAN_POINT('',(-122.5,-1.5,3.));
#83760=DIRECTION('',(0.,1.,0.));
#83770=DIRECTION('',(1.,-0.,0.));
#83780=AXIS2_PLACEMENT_3D('',#83750,#83760,#83770);
#83790=PLANE('',#83780);
#83800=ORIENTED_EDGE('',*,*,#83690,.F.);
#83810=ORIENTED_EDGE('',*,*,#41720,.F.);
#83820=CARTESIAN_POINT('',(-122.5,-1.5,3.));
#83830=DIRECTION('',(0.,0.,1.));
#83840=VECTOR('',#83830,1.);
#83850=LINE('',#83820,#83840);
#83860=EDGE_CURVE('',#19830,#41710,#83850,.T.);
#83870=ORIENTED_EDGE('',*,*,#83860,.T.);
#83880=ORIENTED_EDGE('',*,*,#19840,.T.);
#83890=EDGE_LOOP('',(#83880,#83870,#83810,#83800));
#83900=FACE_OUTER_BOUND('',#83890,.T.);
#83910=ADVANCED_FACE('',(#83900),#83790,.T.);
#83920=CARTESIAN_POINT('',(-122.5,55.75,3.));
#83930=DIRECTION('',(1.,2.48224536510079E-16,0.));
#83940=DIRECTION('',(2.48224536510079E-16,-1.,0.));
#83950=AXIS2_PLACEMENT_3D('',#83920,#83930,#83940);
#83960=PLANE('',#83950);
#83970=ORIENTED_EDGE('',*,*,#83860,.F.);
#83980=ORIENTED_EDGE('',*,*,#42030,.F.);
#83990=ORIENTED_EDGE('',*,*,#83280,.T.);
#84000=ORIENTED_EDGE('',*,*,#19920,.T.);
#84010=EDGE_LOOP('',(#84000,#83990,#83980,#83970));
#84020=FACE_OUTER_BOUND('',#84010,.T.);
#84030=ADVANCED_FACE('',(#84020),#83960,.T.);
#84040=CARTESIAN_POINT('',(-116.125,47.375,0.));
#84050=DIRECTION('',(0.,0.,1.));
#84060=DIRECTION('',(1.,0.,0.));
#84070=AXIS2_PLACEMENT_3D('',#84040,#84050,#84060);
#84080=CYLINDRICAL_SURFACE('',#84070,5.);
#84090=ORIENTED_EDGE('',*,*,#13880,.F.);
#84100=ORIENTED_EDGE('',*,*,#83060,.F.);
#84110=ORIENTED_EDGE('',*,*,#20730,.T.);
#84120=ORIENTED_EDGE('',*,*,#83130,.T.);
#84130=EDGE_LOOP('',(#84120,#84110,#84100,#84090));
#84140=FACE_OUTER_BOUND('',#84130,.T.);
#84150=ADVANCED_FACE('',(#84140),#84080,.F.);
#84160=CARTESIAN_POINT('',(-116.125,-72.125,0.));
#84170=DIRECTION('',(0.,0.,1.));
#84180=DIRECTION('',(1.,0.,0.));
#84190=AXIS2_PLACEMENT_3D('',#84160,#84170,#84180);
#84200=CYLINDRICAL_SURFACE('',#84190,5.);
#84210=CARTESIAN_POINT('',(-121.125,-72.125,0.));
#84220=DIRECTION('',(0.,0.,1.));
#84230=VECTOR('',#84220,1.);
#84240=LINE('',#84210,#84230);
#84250=EDGE_CURVE('',#14020,#19600,#84240,.T.);
#84260=ORIENTED_EDGE('',*,*,#84250,.T.);
#84270=ORIENTED_EDGE('',*,*,#14050,.F.);
#84280=CARTESIAN_POINT('',(-111.125,-72.125,0.));
#84290=DIRECTION('',(0.,0.,1.));
#84300=VECTOR('',#84290,1.);
#84310=LINE('',#84280,#84300);
#84320=EDGE_CURVE('',#14000,#19580,#84310,.T.);
#84330=ORIENTED_EDGE('',*,*,#84320,.F.);
#84340=ORIENTED_EDGE('',*,*,#19630,.T.);
#84350=EDGE_LOOP('',(#84340,#84330,#84270,#84260));
#84360=FACE_OUTER_BOUND('',#84350,.T.);
#84370=ADVANCED_FACE('',(#84360),#84200,.F.);
#84380=CARTESIAN_POINT('',(-122.5,-63.75,3.));
#84390=DIRECTION('',(1.,0.,0.));
#84400=DIRECTION('',(0.,-1.,0.));
#84410=AXIS2_PLACEMENT_3D('',#84380,#84390,#84400);
#84420=PLANE('',#84410);
#84430=CARTESIAN_POINT('',(-122.5,-119.5,3.));
#84440=DIRECTION('',(0.,0.,1.));
#84450=VECTOR('',#84440,1.);
#84460=LINE('',#84430,#84450);
#84470=EDGE_CURVE('',#18610,#37790,#84460,.T.);
#84480=ORIENTED_EDGE('',*,*,#84470,.F.);
#84490=ORIENTED_EDGE('',*,*,#37800,.F.);
#84500=CARTESIAN_POINT('',(-122.5,-63.75,3.));
#84510=DIRECTION('',(0.,0.,1.));
#84520=VECTOR('',#84510,1.);
#84530=LINE('',#84500,#84520);
#84540=EDGE_CURVE('',#18630,#37710,#84530,.T.);
#84550=ORIENTED_EDGE('',*,*,#84540,.T.);
#84560=ORIENTED_EDGE('',*,*,#18640,.T.);
#84570=EDGE_LOOP('',(#84560,#84550,#84490,#84480));
#84580=FACE_OUTER_BOUND('',#84570,.T.);
#84590=ADVANCED_FACE('',(#84580),#84420,.T.);
#84600=CARTESIAN_POINT('',(-88.7282505861521,-63.75,3.));
#84610=DIRECTION('',(0.,-1.,0.));
#84620=DIRECTION('',(-1.,-0.,0.));
#84630=AXIS2_PLACEMENT_3D('',#84600,#84610,#84620);
#84640=PLANE('',#84630);
#84650=ORIENTED_EDGE('',*,*,#84540,.F.);
#84660=ORIENTED_EDGE('',*,*,#37720,.F.);
#84670=CARTESIAN_POINT('',(-88.7282505861521,-63.75,3.));
#84680=DIRECTION('',(0.,0.,1.));
#84690=VECTOR('',#84680,1.);
#84700=LINE('',#84670,#84690);
#84710=EDGE_CURVE('',#18710,#37630,#84700,.T.);
#84720=ORIENTED_EDGE('',*,*,#84710,.T.);
#84730=ORIENTED_EDGE('',*,*,#18720,.T.);
#84740=EDGE_LOOP('',(#84730,#84720,#84660,#84650));
#84750=FACE_OUTER_BOUND('',#84740,.T.);
#84760=ADVANCED_FACE('',(#84750),#84640,.T.);
#84770=CARTESIAN_POINT('',(-65.75,-62.75,3.));
#84780=DIRECTION('',(0.,0.,1.));
#84790=DIRECTION('',(1.,0.,0.));
#84800=AXIS2_PLACEMENT_3D('',#84770,#84780,#84790);
#84810=CYLINDRICAL_SURFACE('',#84800,23.);
#84820=ORIENTED_EDGE('',*,*,#84710,.F.);
#84830=ORIENTED_EDGE('',*,*,#37640,.F.);
#84840=CARTESIAN_POINT('',(-66.75,-85.7282505861521,3.));
#84850=DIRECTION('',(0.,0.,1.));
#84860=VECTOR('',#84850,1.);
#84870=LINE('',#84840,#84860);
#84880=EDGE_CURVE('',#18800,#37520,#84870,.T.);
#84890=ORIENTED_EDGE('',*,*,#84880,.T.);
#84900=ORIENTED_EDGE('',*,*,#18810,.T.);
#84910=EDGE_LOOP('',(#84900,#84890,#84830,#84820));
#84920=FACE_OUTER_BOUND('',#84910,.T.);
#84930=ADVANCED_FACE('',(#84920),#84810,.T.);
#84940=CARTESIAN_POINT('',(-66.75,-119.5,3.));
#84950=DIRECTION('',(-1.,-2.10395596346794E-16,0.));
#84960=DIRECTION('',(-2.10395596346794E-16,1.,0.));
#84970=AXIS2_PLACEMENT_3D('',#84940,#84950,#84960);
#84980=PLANE('',#84970);
#84990=ORIENTED_EDGE('',*,*,#84880,.F.);
#85000=ORIENTED_EDGE('',*,*,#37550,.F.);
#85010=CARTESIAN_POINT('',(-66.75,-119.5,3.));
#85020=DIRECTION('',(0.,0.,1.));
#85030=VECTOR('',#85020,1.);
#85040=LINE('',#85010,#85030);
#85050=EDGE_CURVE('',#18880,#37540,#85040,.T.);
#85060=ORIENTED_EDGE('',*,*,#85050,.T.);
#85070=ORIENTED_EDGE('',*,*,#18890,.T.);
#85080=EDGE_LOOP('',(#85070,#85060,#85000,#84990));
#85090=FACE_OUTER_BOUND('',#85080,.T.);
#85100=ADVANCED_FACE('',(#85090),#84980,.T.);
#85110=CARTESIAN_POINT('',(-122.5,-119.5,3.));
#85120=DIRECTION('',(0.,1.,0.));
#85130=DIRECTION('',(1.,-0.,0.));
#85140=AXIS2_PLACEMENT_3D('',#85110,#85120,#85130);
#85150=PLANE('',#85140);
#85160=ORIENTED_EDGE('',*,*,#85050,.F.);
#85170=ORIENTED_EDGE('',*,*,#37860,.F.);
#85180=ORIENTED_EDGE('',*,*,#84470,.T.);
#85190=ORIENTED_EDGE('',*,*,#18950,.T.);
#85200=EDGE_LOOP('',(#85190,#85180,#85170,#85160));
#85210=FACE_OUTER_BOUND('',#85200,.T.);
#85220=ADVANCED_FACE('',(#85210),#85150,.T.);
#85230=CARTESIAN_POINT('',(-116.125,-72.125,0.));
#85240=DIRECTION('',(0.,0.,1.));
#85250=DIRECTION('',(1.,0.,0.));
#85260=AXIS2_PLACEMENT_3D('',#85230,#85240,#85250);
#85270=CYLINDRICAL_SURFACE('',#85260,5.);
#85280=ORIENTED_EDGE('',*,*,#14030,.F.);
#85290=ORIENTED_EDGE('',*,*,#84250,.F.);
#85300=ORIENTED_EDGE('',*,*,#19610,.T.);
#85310=ORIENTED_EDGE('',*,*,#84320,.T.);
#85320=EDGE_LOOP('',(#85310,#85300,#85290,#85280));
#85330=FACE_OUTER_BOUND('',#85320,.T.);
#85340=ADVANCED_FACE('',(#85330),#85270,.F.);
#85350=CARTESIAN_POINT('',(-116.125,-53.375,0.));
#85360=DIRECTION('',(0.,0.,1.));
#85370=DIRECTION('',(1.,0.,0.));
#85380=AXIS2_PLACEMENT_3D('',#85350,#85360,#85370);
#85390=CYLINDRICAL_SURFACE('',#85380,5.);
#85400=CARTESIAN_POINT('',(-121.125,-53.375,0.));
#85410=DIRECTION('',(0.,0.,1.));
#85420=VECTOR('',#85410,1.);
#85430=LINE('',#85400,#85420);
#85440=EDGE_CURVE('',#14170,#21840,#85430,.T.);
#85450=ORIENTED_EDGE('',*,*,#85440,.T.);
#85460=ORIENTED_EDGE('',*,*,#14200,.F.);
#85470=CARTESIAN_POINT('',(-111.125,-53.375,0.));
#85480=DIRECTION('',(0.,0.,1.));
#85490=VECTOR('',#85480,1.);
#85500=LINE('',#85470,#85490);
#85510=EDGE_CURVE('',#14150,#21820,#85500,.T.);
#85520=ORIENTED_EDGE('',*,*,#85510,.F.);
#85530=ORIENTED_EDGE('',*,*,#21870,.T.);
#85540=EDGE_LOOP('',(#85530,#85520,#85460,#85450));
#85550=FACE_OUTER_BOUND('',#85540,.T.);
#85560=ADVANCED_FACE('',(#85550),#85390,.F.);
#85570=CARTESIAN_POINT('',(-65.75,-62.75,3.));
#85580=DIRECTION('',(-0.,-0.,-1.));
#85590=DIRECTION('',(1.,0.,0.));
#85600=AXIS2_PLACEMENT_3D('',#85570,#85580,#85590);
#85610=CYLINDRICAL_SURFACE('',#85600,23.);
#85620=CARTESIAN_POINT('',(-66.75,-39.7717494138479,3.));
#85630=DIRECTION('',(0.,0.,1.));
#85640=VECTOR('',#85630,1.);
#85650=LINE('',#85620,#85640);
#85660=EDGE_CURVE('',#20950,#37980,#85650,.T.);
#85670=ORIENTED_EDGE('',*,*,#85660,.F.);
#85680=ORIENTED_EDGE('',*,*,#37990,.T.);
#85690=CARTESIAN_POINT('',(-88.7282505861521,-61.75,3.));
#85700=DIRECTION('',(0.,0.,1.));
#85710=VECTOR('',#85700,1.);
#85720=LINE('',#85690,#85710);
#85730=EDGE_CURVE('',#21040,#37960,#85720,.T.);
#85740=ORIENTED_EDGE('',*,*,#85730,.T.);
#85750=ORIENTED_EDGE('',*,*,#21050,.F.);
#85760=EDGE_LOOP('',(#85750,#85740,#85680,#85670));
#85770=FACE_OUTER_BOUND('',#85760,.T.);
#85780=ADVANCED_FACE('',(#85770),#85610,.T.);
#85790=CARTESIAN_POINT('',(-66.75,-39.7717494138479,3.));
#85800=DIRECTION('',(-1.,4.0289622577163E-16,0.));
#85810=DIRECTION('',(4.0289622577163E-16,1.,0.));
#85820=AXIS2_PLACEMENT_3D('',#85790,#85800,#85810);
#85830=PLANE('',#85820);
#85840=CARTESIAN_POINT('',(-66.75,-4.5,3.));
#85850=DIRECTION('',(0.,0.,1.));
#85860=VECTOR('',#85850,1.);
#85870=LINE('',#85840,#85860);
#85880=EDGE_CURVE('',#20870,#38060,#85870,.T.);
#85890=ORIENTED_EDGE('',*,*,#85880,.F.);
#85900=ORIENTED_EDGE('',*,*,#38070,.T.);
#85910=ORIENTED_EDGE('',*,*,#85660,.T.);
#85920=ORIENTED_EDGE('',*,*,#20960,.T.);
#85930=EDGE_LOOP('',(#85920,#85910,#85900,#85890));
#85940=FACE_OUTER_BOUND('',#85930,.T.);
#85950=ADVANCED_FACE('',(#85940),#85830,.T.);
#85960=CARTESIAN_POINT('',(-66.75,-4.5,3.));
#85970=DIRECTION('',(0.,-1.,0.));
#85980=DIRECTION('',(-1.,-0.,0.));
#85990=AXIS2_PLACEMENT_3D('',#85960,#85970,#85980);
#86000=PLANE('',#85990);
#86010=CARTESIAN_POINT('',(-122.5,-4.5,3.));
#86020=DIRECTION('',(0.,0.,1.));
#86030=VECTOR('',#86020,1.);
#86040=LINE('',#86010,#86030);
#86050=EDGE_CURVE('',#20850,#38140,#86040,.T.);
#86060=ORIENTED_EDGE('',*,*,#86050,.F.);
#86070=ORIENTED_EDGE('',*,*,#38150,.T.);
#86080=ORIENTED_EDGE('',*,*,#85880,.T.);
#86090=ORIENTED_EDGE('',*,*,#20880,.T.);
#86100=EDGE_LOOP('',(#86090,#86080,#86070,#86060));
#86110=FACE_OUTER_BOUND('',#86100,.T.);
#86120=ADVANCED_FACE('',(#86110),#86000,.T.);
#86130=CARTESIAN_POINT('',(-122.5,-4.5,3.));
#86140=DIRECTION('',(1.,-2.48224536510079E-16,0.));
#86150=DIRECTION('',(-2.48224536510079E-16,-1.,0.));
#86160=AXIS2_PLACEMENT_3D('',#86130,#86140,#86150);
#86170=PLANE('',#86160);
#86180=CARTESIAN_POINT('',(-122.5,-61.75,3.));
#86190=DIRECTION('',(0.,0.,1.));
#86200=VECTOR('',#86190,1.);
#86210=LINE('',#86180,#86200);
#86220=EDGE_CURVE('',#21120,#38220,#86210,.T.);
#86230=ORIENTED_EDGE('',*,*,#86220,.F.);
#86240=ORIENTED_EDGE('',*,*,#38230,.T.);
#86250=ORIENTED_EDGE('',*,*,#86050,.T.);
#86260=ORIENTED_EDGE('',*,*,#21190,.T.);
#86270=EDGE_LOOP('',(#86260,#86250,#86240,#86230));
#86280=FACE_OUTER_BOUND('',#86270,.T.);
#86290=ADVANCED_FACE('',(#86280),#86170,.T.);
#86300=CARTESIAN_POINT('',(-122.5,-61.75,3.));
#86310=DIRECTION('',(0.,1.,0.));
#86320=DIRECTION('',(1.,-0.,0.));
#86330=AXIS2_PLACEMENT_3D('',#86300,#86310,#86320);
#86340=PLANE('',#86330);
#86350=ORIENTED_EDGE('',*,*,#85730,.F.);
#86360=ORIENTED_EDGE('',*,*,#38290,.T.);
#86370=ORIENTED_EDGE('',*,*,#86220,.T.);
#86380=ORIENTED_EDGE('',*,*,#21130,.T.);
#86390=EDGE_LOOP('',(#86380,#86370,#86360,#86350));
#86400=FACE_OUTER_BOUND('',#86390,.T.);
#86410=ADVANCED_FACE('',(#86400),#86340,.T.);
#86420=CARTESIAN_POINT('',(-116.125,-53.375,0.));
#86430=DIRECTION('',(0.,0.,1.));
#86440=DIRECTION('',(1.,0.,0.));
#86450=AXIS2_PLACEMENT_3D('',#86420,#86430,#86440);
#86460=CYLINDRICAL_SURFACE('',#86450,5.);
#86470=ORIENTED_EDGE('',*,*,#14180,.F.);
#86480=ORIENTED_EDGE('',*,*,#85440,.F.);
#86490=ORIENTED_EDGE('',*,*,#21850,.T.);
#86500=ORIENTED_EDGE('',*,*,#85510,.T.);
#86510=EDGE_LOOP('',(#86500,#86490,#86480,#86470));
#86520=FACE_OUTER_BOUND('',#86510,.T.);
#86530=ADVANCED_FACE('',(#86520),#86460,.F.);
#86540=CLOSED_SHELL('',(#36120,#36360,#36600,#36770,#44370,#44590,#44710
,#44930,#45100,#45270,#45440,#45610,#45780,#45950,#46070,#46290,#46410,
#46630,#46800,#46970,#47090,#47310,#47480,#47650,#47770,#47990,#48160,
#48330,#48450,#48670,#48840,#49010,#49130,#49350,#49520,#49690,#49810,
#50030,#50200,#50370,#50490,#50710,#50880,#51050,#51220,#51390,#51560,
#51730,#51850,#52070,#52190,#52410,#52580,#52750,#52870,#53090,#53260,
#53430,#53550,#53770,#53940,#54110,#54230,#54450,#54620,#54790,#54910,
#55130,#55300,#55470,#55590,#55810,#55980,#56150,#56320,#56490,#56660,
#56830,#56950,#57170,#57290,#57510,#57680,#57850,#58020,#58190,#58360,
#58530,#58650,#58870,#58990,#59210,#59380,#59550,#59670,#59890,#60060,
#60230,#60350,#60570,#60740,#60910,#61030,#61250,#61420,#61590,#61710,
#61930,#62100,#62270,#62390,#62610,#62730,#62950,#63070,#63290,#63410,
#63630,#63750,#63970,#64090,#64310,#64530,#64700,#64870,#65040,#65160,
#65280,#65500,#65620,#65840,#65960,#66180,#66300,#66520,#66640,#66860,
#66980,#67200,#67320,#67540,#67660,#67880,#68100,#68270,#68440,#68610,
#68730,#68850,#69070,#69290,#69460,#69630,#69800,#69920,#70040,#70260,
#70480,#70650,#70820,#70990,#71110,#71230,#71450,#71670,#71840,#72010,
#72180,#72300,#72420,#72640,#72860,#73030,#73200,#73370,#73490,#73610,
#73830,#74050,#74220,#74390,#74560,#74680,#74800,#75020,#75240,#75410,
#75580,#75750,#75870,#75990,#76210,#76430,#76600,#76770,#76940,#77060,
#77180,#77400,#77520,#77740,#77960,#78130,#78300,#78470,#78590,#78710,
#78930,#79050,#79270,#79390,#79610,#79830,#80000,#80170,#80340,#80460,
#80580,#80800,#81020,#81190,#81360,#81530,#81650,#81770,#81990,#82210,
#82380,#82550,#82720,#82840,#82960,#83180,#83400,#83570,#83740,#83910,
#84030,#84150,#84370,#84590,#84760,#84930,#85100,#85220,#85340,#85560,
#85780,#85950,#86120,#86290,#86410,#86530,#15190,#16310,#17430,#18550,
#19670,#20790,#21910,#23030,#24150,#25270,#26390,#27510,#28630,#29750,
#30870,#31990,#32890,#34010,#34910,#35810,#14240));
#86550=MANIFOLD_SOLID_BREP('',#86540);
#86560=CARTESIAN_POINT('',(0.,0.,0.));
#86570=DIRECTION('',(0.,0.,1.));
#86580=DIRECTION('',(1.,0.,0.));
#86590=AXIS2_PLACEMENT_3D('',#86560,#86570,#86580);
#86600=APPLICATION_CONTEXT(' ');
#86610=APPLICATION_PROTOCOL_DEFINITION(' ','automotive_design',1998,
#86600);
#86620=PRODUCT_CONTEXT('',#86600,'mechanical');
#86630=PRODUCT_DEFINITION_CONTEXT('part definition',#86600,'design');
#86640=PRODUCT('p1','p1','',(#86620));
#86650=PRODUCT_RELATED_PRODUCT_CATEGORY('part',' ',(#86640));
#86660=PRODUCT_DEFINITION_FORMATION_WITH_SPECIFIED_SOURCE('','',#86640,
.BOUGHT.);
#86670=PRODUCT_DEFINITION('',' ',#86660,#86630);
#86680=PRODUCT_DEFINITION_SHAPE('','',#86670);
#86690=DIMENSIONAL_EXPONENTS(1.,0.,0.,0.,0.,0.,0.);
#86700=DIMENSIONAL_EXPONENTS(0.,0.,0.,0.,0.,0.,0.);
#86710=DIMENSIONAL_EXPONENTS(0.,0.,0.,0.,0.,0.,0.);
#86720=(LENGTH_UNIT() NAMED_UNIT(*) SI_UNIT(.MILLI.,.METRE.));
#86730=(NAMED_UNIT(*) PLANE_ANGLE_UNIT() SI_UNIT($,.RADIAN.));
#86740=(NAMED_UNIT(*) SI_UNIT($,.STERADIAN.) SOLID_ANGLE_UNIT());
#86750=(GEOMETRIC_REPRESENTATION_CONTEXT(3) 
GLOBAL_UNCERTAINTY_ASSIGNED_CONTEXT((#86760)) 
GLOBAL_UNIT_ASSIGNED_CONTEXT((#86720,#86730,#86740)) 
REPRESENTATION_CONTEXT('',''));
#86760=UNCERTAINTY_MEASURE_WITH_UNIT(LENGTH_MEASURE(1.E-6),#86720,
'distance_accuracy_value','maximum gap value');
#86770=ADVANCED_BREP_SHAPE_REPRESENTATION('',(#86590,#86550),#86750);
#86780=SHAPE_DEFINITION_REPRESENTATION(#86680,#86770);
#86790=COLOUR_RGB('',0.600000023841858,0.600000023841858,
0.600000023841858);
#86800=FILL_AREA_STYLE_COLOUR('',#86790);
#86810=FILL_AREA_STYLE('',(#86800));
#86820=SURFACE_STYLE_FILL_AREA(#86810);
#86830=SURFACE_SIDE_STYLE('',(#86820));
#86840=SURFACE_STYLE_USAGE(.BOTH.,#86830);
#86850=PRESENTATION_STYLE_ASSIGNMENT((#86840));
#86860=STYLED_ITEM('',(#86850),#86550);
#86870=DRAUGHTING_MODEL('',(#86860),#86750);
ENDSEC;
END-ISO-10303-21;
